report_date,player_name,current_status,reason,raw_snippet
2025-10-20,"Butler III, Jimmy",Probable,Injury/Illness -,"Butler III, Jimmy Probable Injury/Illness - "
2025-10-20,"Kuminga, Jonathan",Probable,Injury/Illness -,"Kuminga, Jonathan Probable Injury/Illness - "
2025-10-20,"Melton, De'Anthony",Out,Injury/Illness -,"Melton, De'Anthony Out Injury/Illness - "
2025-10-20,"Moody, Moses",Out,Injury/Illness -,"Moody, Moses Out Injury/Illness - "
2025-10-20,"Toohey, Alex",Out,Injury/Illness -,"Toohey, Alex Out Injury/Illness - "
2025-10-21,"Crawford, Isaiah",Questionable,Injury/Illness -,"Crawford, Isaiah Questionable Injury/Illness - "
2025-10-21,"Smith, Dorian",Out,Injury/Illness -,"Smith, Dorian Out Injury/Illness - "
2025-10-21,"Tate, Jae'Sean",Out,Injury/Illness -,"Tate, Jae'Sean Out Injury/Illness - "
2025-10-21,"VanVleet, Fred",Out,Injury/Illness -,"VanVleet, Fred Out Injury/Illness - "
2025-10-21,"Joe, Isaiah",Out,Injury/Illness -,"Joe, Isaiah Out Injury/Illness - "
2025-10-21,"Sorber, Thomas",Out,Injury/Illness -,"Sorber, Thomas Out Injury/Illness - "
2025-10-21,"Topic, Nikola",Out,Injury/Illness -,"Topic, Nikola Out Injury/Illness - "
2025-10-21,"Williams, Jalen",Out,Injury/Illness -,"Williams, Jalen Out Injury/Illness - "
2025-10-21,"Williams, Kenrich",Out,Injury/Illness -,"Williams, Kenrich Out Injury/Illness - "
2025-10-21,"Butler III, Jimmy",Probable,Injury/Illness -,"Butler III, Jimmy Probable Injury/Illness - "
2025-10-21,"Kuminga, Jonathan",Probable,Injury/Illness -,"Kuminga, Jonathan Probable Injury/Illness - "
2025-10-21,"Melton, De'Anthony",Out,Injury/Illness -,"Melton, De'Anthony Out Injury/Illness - "
2025-10-21,"Moody, Moses",Out,Injury/Illness -,"Moody, Moses Out Injury/Illness - "
2025-10-21,"Toohey, Alex",Out,Injury/Illness -,"Toohey, Alex Out Injury/Illness - "
2025-10-21,"James, LeBron",Out,Injury/Illness -,"James, LeBron Out Injury/Illness - "
2025-10-21,"Kleber, Maxi",Out,Injury/Illness -,"Kleber, Maxi Out Injury/Illness - "
2025-10-21,"Thiero, Adou",Out,Injury/Illness -,"Thiero, Adou Out Injury/Illness - "
2025-10-21,"Highsmith, Haywood",Out,Injury/Illness -,"Highsmith, Haywood Out Injury/Illness - "
2025-10-21,"Green, Josh",Out,Injury/Illness -,"Green, Josh Out Injury/Illness - "
2025-10-21,"Williams, Grant",Out,Injury/Illness -,"Williams, Grant Out Injury/Illness - "
2025-10-21,"Garland, Darius",Out,Injury/Illness -,"Garland, Darius Out Injury/Illness - "
2025-10-21,"Hunter, De'Andre",Questionable,Injury/Illness -,"Hunter, De'Andre Questionable Injury/Illness - "
2025-10-21,"Strus, Max",Out,Injury/Illness -,"Strus, Max Out Injury/Illness - "
2025-10-21,"Anunoby, OG",Probable,Injury/Illness -,"Anunoby, OG Probable Injury/Illness - "
2025-10-21,"Hart, Josh",Out,Injury/Illness -,"Hart, Josh Out Injury/Illness - "
2025-10-21,"Robinson, Mitchell",Out,Injury/Illness -,"Robinson, Mitchell Out Injury/Illness - "
2025-10-21,"Towns, Karl- Anthony",Questionable,Injury/Illness -,"Towns, Karl- Anthony Questionable Injury/Illness - "
2025-10-21,"Herro, Tyler",Out,Injury/Illness -,"Herro, Tyler Out Injury/Illness - "
2025-10-21,"Jakucionis, Kasparas",Out,Injury/Illness -,"Jakucionis, Kasparas Out Injury/Illness - "
2025-10-21,"Jovic, Nikola",Available,Injury/Illness -,"Jovic, Nikola Available Injury/Illness - "
2025-10-21,"Rozier, Terry",Available,Injury/Illness -,"Rozier, Terry Available Injury/Illness - "
2025-10-21,"Ware, Kel'el",Questionable,Injury/Illness -,"Ware, Kel'el Questionable Injury/Illness - "
2025-10-21,"Suggs, Jalen",Questionable,Injury/Illness -,"Suggs, Jalen Questionable Injury/Illness - "
2025-10-21,"Wagner, Moritz",Out,Injury/Illness -,"Wagner, Moritz Out Injury/Illness - "
2025-10-21,"George, Paul",Out,Injury/Illness -,"George, Paul Out Injury/Illness - "
2025-10-21,"McCain, Jared",Out,Injury/Illness -,"McCain, Jared Out Injury/Illness - "
2025-10-21,"Watford, Trendon",Out,Injury/Illness -,"Watford, Trendon Out Injury/Illness - "
2025-10-21,"Brown, Jaylen",Questionable,Injury/Illness -,"Brown, Jaylen Questionable Injury/Illness - "
2025-10-21,"Tatum, Jayson",Out,Injury/Illness -,"Tatum, Jayson Out Injury/Illness - "
2025-10-21,"Boyles, Collin",Out,Injury/Illness -,"Boyles, Collin Out Injury/Illness - "
2025-10-21,"Walter, Ja'Kobe",Out,Injury/Illness -,"Walter, Ja'Kobe Out Injury/Illness - "
2025-10-21,"Ivey, Jaden",Out,Injury/Illness -,"Ivey, Jaden Out Injury/Illness - "
2025-10-21,"LeVert, Caris",Probable,Injury/Illness -,"LeVert, Caris Probable Injury/Illness - "
2025-10-21,"Sasser, Marcus",Doubtful,Injury/Illness -,"Sasser, Marcus Doubtful Injury/Illness - "
2025-10-21,"Collins, Zach",Out,Injury/Illness -,"Collins, Zach Out Injury/Illness - "
2025-10-21,"White, Coby",Out,Injury/Illness -,"White, Coby Out Injury/Illness - "
2025-10-21,"Looney, Kevon",Out,Injury/Illness -,"Looney, Kevon Out Injury/Illness - "
2025-10-21,"Matkovic, Karlo",Doubtful,Injury/Illness -,"Matkovic, Karlo Doubtful Injury/Illness - "
2025-10-21,"Murray, Dejounte",Out,Injury/Illness -,"Murray, Dejounte Out Injury/Illness - "
2025-10-21,"Coulibaly, Bilal",Out,Injury/Illness -,"Coulibaly, Bilal Out Injury/Illness - "
2025-10-21,"Riley, Will",Questionable,Injury/Illness -,"Riley, Will Questionable Injury/Illness - "
2025-10-21,"Exum, Dante",Out,Injury/Illness -,"Exum, Dante Out Injury/Illness - "
2025-10-21,"Gafford, Daniel",Doubtful,Injury/Illness -,"Gafford, Daniel Doubtful Injury/Illness - "
2025-10-21,"Irving, Kyrie",Out,Injury/Illness -,"Irving, Kyrie Out Injury/Illness - "
2025-10-22,"Highsmith, Haywood",Out,Injury/Illness -,"Highsmith, Haywood Out Injury/Illness - "
2025-10-22,"Wolf, Danny",Out,Injury/Illness -,"Wolf, Danny Out Injury/Illness - "
2025-10-22,"Green, Josh",Out,Injury/Illness -,"Green, Josh Out Injury/Illness - "
2025-10-22,"Williams, Grant",Out,Injury/Illness -,"Williams, Grant Out Injury/Illness - "
2025-10-22,"Garland, Darius",Out,Injury/Illness -,"Garland, Darius Out Injury/Illness - "
2025-10-22,"Hunter, De'Andre",Questionable,Injury/Illness -,"Hunter, De'Andre Questionable Injury/Illness - "
2025-10-22,"Strus, Max",Out,Injury/Illness -,"Strus, Max Out Injury/Illness - "
2025-10-22,"Anunoby, OG",Probable,Injury/Illness -,"Anunoby, OG Probable Injury/Illness - "
2025-10-22,"Hart, Josh",Out,Injury/Illness -,"Hart, Josh Out Injury/Illness - "
2025-10-22,"Robinson, Mitchell",Out,Injury/Illness -,"Robinson, Mitchell Out Injury/Illness - "
2025-10-22,"Towns, Karl- Anthony",Questionable,Injury/Illness -,"Towns, Karl- Anthony Questionable Injury/Illness - "
2025-10-22,"Herro, Tyler",Out,Injury/Illness -,"Herro, Tyler Out Injury/Illness - "
2025-10-22,"Jakucionis, Kasparas",Out,Injury/Illness -,"Jakucionis, Kasparas Out Injury/Illness - "
2025-10-22,"Jovic, Nikola",Available,Injury/Illness -,"Jovic, Nikola Available Injury/Illness - "
2025-10-22,"Rozier, Terry",Available,Injury/Illness -,"Rozier, Terry Available Injury/Illness - "
2025-10-22,"Ware, Kel'el",Available,Injury/Illness -,"Ware, Kel'el Available Injury/Illness - "
2025-10-22,"Suggs, Jalen",Available,Injury/Illness -,"Suggs, Jalen Available Injury/Illness - "
2025-10-22,"Wagner, Moritz",Out,Injury/Illness -,"Wagner, Moritz Out Injury/Illness - "
2025-10-22,"George, Paul",Out,Injury/Illness -,"George, Paul Out Injury/Illness - "
2025-10-22,"McCain, Jared",Out,Injury/Illness -,"McCain, Jared Out Injury/Illness - "
2025-10-22,"Watford, Trendon",Out,Injury/Illness -,"Watford, Trendon Out Injury/Illness - "
2025-10-22,"Brown, Jaylen",Questionable,Injury/Illness -,"Brown, Jaylen Questionable Injury/Illness - "
2025-10-22,"Tatum, Jayson",Out,Injury/Illness -,"Tatum, Jayson Out Injury/Illness - "
2025-10-22,"Boyles, Collin",Out,Injury/Illness -,"Boyles, Collin Out Injury/Illness - "
2025-10-22,"Walter, Ja'Kobe",Out,Injury/Illness -,"Walter, Ja'Kobe Out Injury/Illness - "
2025-10-22,"Ivey, Jaden",Out,Injury/Illness -,"Ivey, Jaden Out Injury/Illness - "
2025-10-22,"LeVert, Caris",Probable,Injury/Illness -,"LeVert, Caris Probable Injury/Illness - "
2025-10-22,"Sasser, Marcus",Doubtful,Injury/Illness -,"Sasser, Marcus Doubtful Injury/Illness - "
2025-10-22,"Collins, Zach",Out,Injury/Illness -,"Collins, Zach Out Injury/Illness - "
2025-10-22,"White, Coby",Out,Injury/Illness -,"White, Coby Out Injury/Illness - "
2025-10-22,"Looney, Kevon",Out,Injury/Illness -,"Looney, Kevon Out Injury/Illness - "
2025-10-22,"Matkovic, Karlo",Out,Injury/Illness -,"Matkovic, Karlo Out Injury/Illness - "
2025-10-22,"Murray, Dejounte",Out,Injury/Illness -,"Murray, Dejounte Out Injury/Illness - "
2025-10-22,"Clarke, Brandon",Out,Injury/Illness -,"Clarke, Brandon Out Injury/Illness - "
2025-10-22,"Edey, Zach",Out,Injury/Illness -,"Edey, Zach Out Injury/Illness - "
2025-10-22,"Jerome, Ty",Out,Injury/Illness -,"Jerome, Ty Out Injury/Illness - "
2025-10-22,"Pippen Jr., Scotty",Out,Injury/Illness -,"Pippen Jr., Scotty Out Injury/Illness - "
2025-10-22,"Williams Jr., Vince",Out,Injury/Illness -,"Williams Jr., Vince Out Injury/Illness - "
2025-10-22,"Coulibaly, Bilal",Out,Injury/Illness -,"Coulibaly, Bilal Out Injury/Illness - "
2025-10-22,"Riley, Will",Available,Injury/Illness -,"Riley, Will Available Injury/Illness - "
2025-10-22,"Antetokounmpo, Giannis",Probable,Injury/Illness -,"Antetokounmpo, Giannis Probable Injury/Illness - "
2025-10-22,"Miller, Jordan",Out,Injury/Illness -,"Miller, Jordan Out Injury/Illness - "
2025-10-22,"Sanders, Kobe",Available,G,"Sanders, Kobe Available G "
2025-10-22,"Telfort, Jahmyl",Out,G,"Telfort, Jahmyl Out G "
2025-10-22,"Bailey, Ace",Available,Injury/Illness -,"Bailey, Ace Available Injury/Illness - "
2025-10-22,"Collier, Isaiah",Out,Injury/Illness -,"Collier, Isaiah Out Injury/Illness - "
2025-10-22,"Niang, Georges",Out,Injury/Illness -,"Niang, Georges Out Injury/Illness - "
2025-10-22,"Fox, De'Aaron",Out,Injury/Illness -,"Fox, De'Aaron Out Injury/Illness - "
2025-10-22,"Olynyk, Kelly",Out,Injury/Illness -,"Olynyk, Kelly Out Injury/Illness - "
2025-10-22,"Sochan, Jeremy",Out,Injury/Illness -,"Sochan, Jeremy Out Injury/Illness - "
2025-10-22,"Waters III, Lindy",Out,Injury/Illness -,"Waters III, Lindy Out Injury/Illness - "
2025-10-22,"Exum, Dante",Out,Injury/Illness -,"Exum, Dante Out Injury/Illness - "
2025-10-22,"Gafford, Daniel",Doubtful,Injury/Illness -,"Gafford, Daniel Doubtful Injury/Illness - "
2025-10-22,"Irving, Kyrie",Out,Injury/Illness -,"Irving, Kyrie Out Injury/Illness - "
2025-10-22,"Edwards, Anthony",Questionable,Injury/Illness -,"Edwards, Anthony Questionable Injury/Illness - "
2025-10-22,"Zikarsky, Rocco",Available,Injury/Illness -,"Zikarsky, Rocco Available Injury/Illness - "
2025-10-22,"Henderson, Scoot",Out,Injury/Illness -,"Henderson, Scoot Out Injury/Illness - "
2025-10-22,"Lillard, Damian",Out,Injury/Illness -,"Lillard, Damian Out Injury/Illness - "
2025-10-22,"Williams III, Robert",Out,Return to,"Williams III, Robert Out Return to "
2025-10-22,"Jones, Isaac",Out,Injury/Illness -,"Jones, Isaac Out Injury/Illness - "
2025-10-22,"Murray, Keegan",Out,Injury/Illness -,"Murray, Keegan Out Injury/Illness - "
2025-10-22,"Sabonis, Domantas",Out,Injury/Illness -,"Sabonis, Domantas Out Injury/Illness - "
2025-10-22,"Allen, Grayson",Probable,Injury/Illness -,"Allen, Grayson Probable Injury/Illness - "
2025-10-22,"Green, Jalen",Out,Injury/Illness -,"Green, Jalen Out Injury/Illness - "
2025-10-22,"Caruso, Alex",Out,Injury/Illness -,"Caruso, Alex Out Injury/Illness - "
2025-10-22,"Dort, Luguentz",Questionable,Injury/Illness -,"Dort, Luguentz Questionable Injury/Illness - "
2025-10-22,"Joe, Isaiah",Out,Injury/Illness -,"Joe, Isaiah Out Injury/Illness - "
2025-10-22,"Sorber, Thomas",Out,Injury/Illness -,"Sorber, Thomas Out Injury/Illness - "
2025-10-22,"Topic, Nikola",Out,Injury/Illness -,"Topic, Nikola Out Injury/Illness - "
2025-10-22,"Wallace, Cason",Questionable,Injury/Illness -,"Wallace, Cason Questionable Injury/Illness - "
2025-10-22,"Williams, Jalen",Out,Injury/Illness -,"Williams, Jalen Out Injury/Illness - "
2025-10-22,"Williams, Kenrich",Out,Injury/Illness -,"Williams, Kenrich Out Injury/Illness - "
2025-10-22,"Haliburton, Tyrese",Out,Injury/Illness -,"Haliburton, Tyrese Out Injury/Illness - "
2025-10-22,"Jackson, Quenton",Out,Injury/Illness -,"Jackson, Quenton Out Injury/Illness - "
2025-10-22,"Jones, Kam",Out,Injury/Illness -,"Jones, Kam Out Injury/Illness - "
2025-10-23,"Caruso, Alex",Out,Injury/Illness -,"Caruso, Alex Out Injury/Illness - "
2025-10-23,"Dort, Luguentz",Available,Injury/Illness -,"Dort, Luguentz Available Injury/Illness - "
2025-10-23,"Joe, Isaiah",Out,Injury/Illness -,"Joe, Isaiah Out Injury/Illness - "
2025-10-23,"Sorber, Thomas",Out,Injury/Illness -,"Sorber, Thomas Out Injury/Illness - "
2025-10-23,"Topic, Nikola",Out,Injury/Illness -,"Topic, Nikola Out Injury/Illness - "
2025-10-23,"Wallace, Cason",Out,Injury/Illness -,"Wallace, Cason Out Injury/Illness - "
2025-10-23,"Williams, Jalen",Out,Injury/Illness -,"Williams, Jalen Out Injury/Illness - "
2025-10-23,"Williams, Kenrich",Out,Injury/Illness -,"Williams, Kenrich Out Injury/Illness - "
2025-10-23,"Haliburton, Tyrese",Out,Injury/Illness -,"Haliburton, Tyrese Out Injury/Illness - "
2025-10-23,"Jackson, Quenton",Out,Injury/Illness -,"Jackson, Quenton Out Injury/Illness - "
2025-10-23,"Jones, Kam",Out,Injury/Illness -,"Jones, Kam Out Injury/Illness - "
2025-10-23,"Melton, De'Anthony",Out,Injury/Illness -,"Melton, De'Anthony Out Injury/Illness - "
2025-10-23,"Moody, Moses",Out,Injury/Illness -,"Moody, Moses Out Injury/Illness - "
2025-10-23,"Toohey, Alex",Out,Injury/Illness -,"Toohey, Alex Out Injury/Illness - "
2025-10-23,"Antetokounmpo, Giannis",Probable,Injury/Illness -,"Antetokounmpo, Giannis Probable Injury/Illness - "
2025-10-23,"Porter Jr., Kevin",Out,Injury/Illness -,"Porter Jr., Kevin Out Injury/Illness - "
2025-10-23,"Boyles, Collin",Questionable,Injury/Illness -,"Boyles, Collin Questionable Injury/Illness - "
2025-10-23,"Walter, Ja'Kobe",Questionable,Injury/Illness -,"Walter, Ja'Kobe Questionable Injury/Illness - "
2025-10-23,"Djurisic, Nikola",Out,Not,"Djurisic, Nikola Out Not "
2025-10-23,"Ndiaye, Eli John",Out,Not,"Ndiaye, Eli John Out Not "
2025-10-23,"Risacher, Zaccharie",Questionable,Injury/Illness -,"Risacher, Zaccharie Questionable Injury/Illness - "
2025-10-23,"Wagner, Moritz",Out,Injury/Illness -,"Wagner, Moritz Out Injury/Illness - "
2025-10-23,"Garza, Luka",Out,Injury/Illness -,"Garza, Luka Out Injury/Illness - "
2025-10-23,"Tatum, Jayson",Out,Injury/Illness -,"Tatum, Jayson Out Injury/Illness - "
2025-10-23,"Anunoby, OG",Probable,Injury/Illness -,"Anunoby, OG Probable Injury/Illness - "
2025-10-23,"Hart, Josh",Questionable,Injury/Illness -,"Hart, Josh Questionable Injury/Illness - "
2025-10-23,"Robinson, Mitchell",Out,Injury/Illness -,"Robinson, Mitchell Out Injury/Illness - "
2025-10-23,"Towns, Karl- Anthony",Questionable,Injury/Illness -,"Towns, Karl- Anthony Questionable Injury/Illness - "
2025-10-23,"Garland, Darius",Out,Injury/Illness -,"Garland, Darius Out Injury/Illness - "
2025-10-23,"Hunter, De'Andre",Questionable,Injury/Illness -,"Hunter, De'Andre Questionable Injury/Illness - "
2025-10-23,"Strus, Max",Out,Injury/Illness -,"Strus, Max Out Injury/Illness - "
2025-10-23,"Highsmith, Haywood",Out,Injury/Illness -,"Highsmith, Haywood Out Injury/Illness - "
2025-10-23,"Powell, Drake",Out,Injury/Illness -,"Powell, Drake Out Injury/Illness - "
2025-10-23,"Wolf, Danny",Out,Injury/Illness -,"Wolf, Danny Out Injury/Illness - "
2025-10-23,"Crawford, Isaiah",Questionable,Injury/Illness -,"Crawford, Isaiah Questionable Injury/Illness - "
2025-10-23,"Smith, Dorian",Out,Injury/Illness -,"Smith, Dorian Out Injury/Illness - "
2025-10-23,"Tate, Jae'Sean",Questionable,Injury/Illness -,"Tate, Jae'Sean Questionable Injury/Illness - "
2025-10-23,"VanVleet, Fred",Out,Injury/Illness -,"VanVleet, Fred Out Injury/Illness - "
2025-10-23,"Fox, De'Aaron",Out,Injury/Illness -,"Fox, De'Aaron Out Injury/Illness - "
2025-10-23,"Olynyk, Kelly",Out,Injury/Illness -,"Olynyk, Kelly Out Injury/Illness - "
2025-10-23,"Sochan, Jeremy",Out,Injury/Illness -,"Sochan, Jeremy Out Injury/Illness - "
2025-10-23,"Waters III, Lindy",Out,Injury/Illness -,"Waters III, Lindy Out Injury/Illness - "
2025-10-23,"Looney, Kevon",Out,Injury/Illness -,"Looney, Kevon Out Injury/Illness - "
2025-10-23,"Matkovic, Karlo",Questionable,Injury/Illness -,"Matkovic, Karlo Questionable Injury/Illness - "
2025-10-23,"Missi, Yves",Questionable,Injury/Illness -,"Missi, Yves Questionable Injury/Illness - "
2025-10-23,"Murray, Dejounte",Out,Injury/Illness -,"Murray, Dejounte Out Injury/Illness - "
2025-10-23,"Springer, Jaden",Out,Not,"Springer, Jaden Out Not "
2025-10-23,"Coulibaly, Bilal",Out,Injury/Illness -,"Coulibaly, Bilal Out Injury/Illness - "
2025-10-23,"Exum, Dante",Out,Injury/Illness -,"Exum, Dante Out Injury/Illness - "
2025-10-23,"Gafford, Daniel",Questionable,Injury/Illness -,"Gafford, Daniel Questionable Injury/Illness - "
2025-10-23,"Irving, Kyrie",Out,Injury/Illness -,"Irving, Kyrie Out Injury/Illness - "
2025-10-24,"Antetokounmpo, Giannis",Available,Injury/Illness -,"Antetokounmpo, Giannis Available Injury/Illness - "
2025-10-24,"Porter Jr., Kevin",Out,Injury/Illness -,"Porter Jr., Kevin Out Injury/Illness - "
2025-10-24,"Boyles, Collin",Out,Injury/Illness -,"Boyles, Collin Out Injury/Illness - "
2025-10-24,"Walter, Ja'Kobe",Available,Injury/Illness -,"Walter, Ja'Kobe Available Injury/Illness - "
2025-10-24,"Djurisic, Nikola",Out,Not,"Djurisic, Nikola Out Not "
2025-10-24,"Ndiaye, Eli John",Out,Not,"Ndiaye, Eli John Out Not "
2025-10-24,"Porzingis, Kristaps",Out,Injury/Illness -,"Porzingis, Kristaps Out Injury/Illness - "
2025-10-24,"Risacher, Zaccharie",Out,Injury/Illness -,"Risacher, Zaccharie Out Injury/Illness - "
2025-10-24,"Wagner, Moritz",Out,Injury/Illness -,"Wagner, Moritz Out Injury/Illness - "
2025-10-24,"Garza, Luka",Out,Injury/Illness -,"Garza, Luka Out Injury/Illness - "
2025-10-24,"Tatum, Jayson",Out,Injury/Illness -,"Tatum, Jayson Out Injury/Illness - "
2025-10-24,"Anunoby, OG",Probable,Injury/Illness -,"Anunoby, OG Probable Injury/Illness - "
2025-10-24,"Hart, Josh",Questionable,Injury/Illness -,"Hart, Josh Questionable Injury/Illness - "
2025-10-24,"Robinson, Mitchell",Out,Injury/Illness -,"Robinson, Mitchell Out Injury/Illness - "
2025-10-24,"Towns, Karl- Anthony",Questionable,Injury/Illness -,"Towns, Karl- Anthony Questionable Injury/Illness - "
2025-10-24,"Garland, Darius",Out,Injury/Illness -,"Garland, Darius Out Injury/Illness - "
2025-10-24,"Hunter, De'Andre",Questionable,Injury/Illness -,"Hunter, De'Andre Questionable Injury/Illness - "
2025-10-24,"Strus, Max",Out,Injury/Illness -,"Strus, Max Out Injury/Illness - "
2025-10-24,"Highsmith, Haywood",Out,Injury/Illness -,"Highsmith, Haywood Out Injury/Illness - "
2025-10-24,"Powell, Drake",Out,Injury/Illness -,"Powell, Drake Out Injury/Illness - "
2025-10-24,"Wolf, Danny",Out,Injury/Illness -,"Wolf, Danny Out Injury/Illness - "
2025-10-24,"Ivey, Jaden",Out,Injury/Illness -,"Ivey, Jaden Out Injury/Illness - "
2025-10-24,"LeVert, Caris",Questionable,Injury/Illness -,"LeVert, Caris Questionable Injury/Illness - "
2025-10-24,"Sasser, Marcus",Doubtful,Injury/Illness -,"Sasser, Marcus Doubtful Injury/Illness - "
2025-10-24,"Crawford, Isaiah",Questionable,Injury/Illness -,"Crawford, Isaiah Questionable Injury/Illness - "
2025-10-24,"Smith, Dorian",Out,Injury/Illness -,"Smith, Dorian Out Injury/Illness - "
2025-10-24,"Tate, Jae'Sean",Questionable,Injury/Illness -,"Tate, Jae'Sean Questionable Injury/Illness - "
2025-10-24,"VanVleet, Fred",Out,Injury/Illness -,"VanVleet, Fred Out Injury/Illness - "
2025-10-24,"Herro, Tyler",Out,Injury/Illness -,"Herro, Tyler Out Injury/Illness - "
2025-10-24,"Jakucionis, Kasparas",Out,Injury/Illness -,"Jakucionis, Kasparas Out Injury/Illness - "
2025-10-24,"Rozier, Terry",Out,Not,"Rozier, Terry Out Not "
2025-10-24,"Ware, Kel'el",Available,Injury/Illness -,"Ware, Kel'el Available Injury/Illness - "
2025-10-24,"Pope, Kentavious",Questionable,Injury/Illness -,"Pope, Kentavious Questionable Injury/Illness - "
2025-10-24,"Clarke, Brandon",Out,Injury/Illness -,"Clarke, Brandon Out Injury/Illness - "
2025-10-24,"Edey, Zach",Out,Injury/Illness -,"Edey, Zach Out Injury/Illness - "
2025-10-24,"Jerome, Ty",Out,Injury/Illness -,"Jerome, Ty Out Injury/Illness - "
2025-10-24,"Morant, Ja",Questionable,Injury/Illness -,"Morant, Ja Questionable Injury/Illness - "
2025-10-24,"Pippen Jr., Scotty",Out,Injury/Illness -,"Pippen Jr., Scotty Out Injury/Illness - "
2025-10-24,"Williams Jr., Vince",Out,Injury/Illness -,"Williams Jr., Vince Out Injury/Illness - "
2025-10-24,"Fox, De'Aaron",Out,Injury/Illness -,"Fox, De'Aaron Out Injury/Illness - "
2025-10-24,"Olynyk, Kelly",Out,Injury/Illness -,"Olynyk, Kelly Out Injury/Illness - "
2025-10-24,"Sochan, Jeremy",Out,Injury/Illness -,"Sochan, Jeremy Out Injury/Illness - "
2025-10-24,"Waters III, Lindy",Out,Injury/Illness -,"Waters III, Lindy Out Injury/Illness - "
2025-10-24,"Looney, Kevon",Out,Injury/Illness -,"Looney, Kevon Out Injury/Illness - "
2025-10-24,"Matkovic, Karlo",Questionable,Injury/Illness -,"Matkovic, Karlo Questionable Injury/Illness - "
2025-10-24,"Missi, Yves",Questionable,Injury/Illness -,"Missi, Yves Questionable Injury/Illness - "
2025-10-24,"Murray, Dejounte",Out,Injury/Illness -,"Murray, Dejounte Out Injury/Illness - "
2025-10-24,"Springer, Jaden",Out,Not,"Springer, Jaden Out Not "
2025-10-24,"Coulibaly, Bilal",Out,Injury/Illness -,"Coulibaly, Bilal Out Injury/Illness - "
2025-10-24,"Exum, Dante",Out,Injury/Illness -,"Exum, Dante Out Injury/Illness - "
2025-10-24,"Gafford, Daniel",Out,Injury/Illness -,"Gafford, Daniel Out Injury/Illness - "
2025-10-24,"Irving, Kyrie",Out,Injury/Illness -,"Irving, Kyrie Out Injury/Illness - "
2025-10-24,"Horford, Al",Out,Injury/Illness -,"Horford, Al Out Injury/Illness - "
2025-10-24,"Kuminga, Jonathan",Probable,Injury/Illness -,"Kuminga, Jonathan Probable Injury/Illness - "
2025-10-24,"Melton, De'Anthony",Out,Injury/Illness -,"Melton, De'Anthony Out Injury/Illness - "
2025-10-24,"Toohey, Alex",Out,Injury/Illness -,"Toohey, Alex Out Injury/Illness - "
2025-10-24,"Henderson, Scoot",Out,Injury/Illness -,"Henderson, Scoot Out Injury/Illness - "
2025-10-24,"Lillard, Damian",Out,Injury/Illness -,"Lillard, Damian Out Injury/Illness - "
2025-10-24,"Williams III, Robert",Out,Return to,"Williams III, Robert Out Return to "
2025-10-24,"Zikarsky, Rocco",Available,Injury/Illness -,"Zikarsky, Rocco Available Injury/Illness - "
2025-10-24,"Hayes, Jaxson",Questionable,Injury/Illness -,"Hayes, Jaxson Questionable Injury/Illness - "
2025-10-24,"James, LeBron",Out,Injury/Illness -,"James, LeBron Out Injury/Illness - "
2025-10-24,"Kleber, Maxi",Out,Injury/Illness -,"Kleber, Maxi Out Injury/Illness - "
2025-10-24,"Thiero, Adou",Out,Injury/Illness -,"Thiero, Adou Out Injury/Illness - "
2025-10-24,"Collier, Isaiah",Out,Injury/Illness -,"Collier, Isaiah Out Injury/Illness - "
2025-10-24,"Niang, Georges",Out,Injury/Illness -,"Niang, Georges Out Injury/Illness - "
2025-10-24,"Clifford, Nique",Out,Injury/Illness -,"Clifford, Nique Out Injury/Illness - "
2025-10-24,"Murray, Keegan",Out,Injury/Illness -,"Murray, Keegan Out Injury/Illness - "
2025-10-24,"Green, Jalen",Out,Injury/Illness -,"Green, Jalen Out Injury/Illness - "
2025-10-24,"Miller, Jordan",Out,Injury/Illness -,"Miller, Jordan Out Injury/Illness - "
2025-10-24,"Telfort, Jahmyl",Out,G,"Telfort, Jahmyl Out G "
2025-10-24,"Collins, Zach",Out,Injury/Illness -,"Collins, Zach Out Injury/Illness - "
2025-10-24,"Flowers, Trentyn",Out,G,"Flowers, Trentyn Out G "
2025-10-24,"Miller, Emanuel",Out,G,"Miller, Emanuel Out G "
2025-10-24,"Olbrich, Lachlan",Out,G,"Olbrich, Lachlan Out G "
2025-10-24,"White, Coby",Out,Injury/Illness -,"White, Coby Out Injury/Illness - "
2025-10-24,"Green, Josh",Out,Injury/Illness -,"Green, Josh Out Injury/Illness - "
2025-10-24,"Williams, Grant",Out,Injury/Illness -,"Williams, Grant Out Injury/Illness - "
2025-10-24,"Edwards, Justin",Probable,Injury/Illness -,"Edwards, Justin Probable Injury/Illness - "
2025-10-24,"George, Paul",Out,Injury/Illness -,"George, Paul Out Injury/Illness - "
2025-10-24,"McCain, Jared",Out,Injury/Illness -,"McCain, Jared Out Injury/Illness - "
2025-10-24,"Watford, Trendon",Out,Injury/Illness -,"Watford, Trendon Out Injury/Illness - "
2025-10-24,"Caruso, Alex",Out,Injury/Illness -,"Caruso, Alex Out Injury/Illness - "
2025-10-24,"Holmgren, Chet",Questionable,Injury/Illness -,"Holmgren, Chet Questionable Injury/Illness - "
2025-10-24,"Joe, Isaiah",Out,Injury/Illness -,"Joe, Isaiah Out Injury/Illness - "
2025-10-24,"Sorber, Thomas",Out,Injury/Illness -,"Sorber, Thomas Out Injury/Illness - "
2025-10-24,"Topic, Nikola",Out,Injury/Illness -,"Topic, Nikola Out Injury/Illness - "
2025-10-24,"Wallace, Cason",Questionable,Injury/Illness -,"Wallace, Cason Questionable Injury/Illness - "
2025-10-24,"Williams, Jalen",Out,Injury/Illness -,"Williams, Jalen Out Injury/Illness - "
2025-10-24,"Williams, Kenrich",Out,Injury/Illness -,"Williams, Kenrich Out Injury/Illness - "
2025-10-25,"Collins, Zach",Out,Injury/Illness -,"Collins, Zach Out Injury/Illness - "
2025-10-25,"Flowers, Trentyn",Out,G,"Flowers, Trentyn Out G "
2025-10-25,"Miller, Emanuel",Out,G,"Miller, Emanuel Out G "
2025-10-25,"Olbrich, Lachlan",Out,G,"Olbrich, Lachlan Out G "
2025-10-25,"White, Coby",Out,Injury/Illness -,"White, Coby Out Injury/Illness - "
2025-10-25,"Suggs, Jalen",Out,Injury/Illness -,"Suggs, Jalen Out Injury/Illness - "
2025-10-25,"Wagner, Moritz",Out,Injury/Illness -,"Wagner, Moritz Out Injury/Illness - "
2025-10-25,"Green, Josh",Out,Injury/Illness -,"Green, Josh Out Injury/Illness - "
2025-10-25,"Williams, Grant",Out,Injury/Illness -,"Williams, Grant Out Injury/Illness - "
2025-10-25,"Edwards, Justin",Available,Injury/Illness -,"Edwards, Justin Available Injury/Illness - "
2025-10-25,"George, Paul",Out,Injury/Illness -,"George, Paul Out Injury/Illness - "
2025-10-25,"McCain, Jared",Out,Injury/Illness -,"McCain, Jared Out Injury/Illness - "
2025-10-25,"Watford, Trendon",Out,Injury/Illness -,"Watford, Trendon Out Injury/Illness - "
2025-10-25,"Caruso, Alex",Out,Injury/Illness -,"Caruso, Alex Out Injury/Illness - "
2025-10-25,"Joe, Isaiah",Out,Injury/Illness -,"Joe, Isaiah Out Injury/Illness - "
2025-10-25,"Sorber, Thomas",Out,Injury/Illness -,"Sorber, Thomas Out Injury/Illness - "
2025-10-25,"Topic, Nikola",Out,Injury/Illness -,"Topic, Nikola Out Injury/Illness - "
2025-10-25,"Williams, Jalen",Out,Injury/Illness -,"Williams, Jalen Out Injury/Illness - "
2025-10-25,"Williams, Kenrich",Out,Injury/Illness -,"Williams, Kenrich Out Injury/Illness - "
2025-10-25,"Johnson, Jalen",Out,Injury/Illness -,"Johnson, Jalen Out Injury/Illness - "
2025-10-25,"Porzingis, Kristaps",Out,Injury/Illness -,"Porzingis, Kristaps Out Injury/Illness - "
2025-10-25,"Risacher, Zaccharie",Out,Injury/Illness -,"Risacher, Zaccharie Out Injury/Illness - "
2025-10-25,"Furphy, Johnny",Questionable,Injury/Illness -,"Furphy, Johnny Questionable Injury/Illness - "
2025-10-25,"Haliburton, Tyrese",Out,Injury/Illness -,"Haliburton, Tyrese Out Injury/Illness - "
2025-10-25,"Jackson, Quenton",Out,Injury/Illness -,"Jackson, Quenton Out Injury/Illness - "
2025-10-25,"Jones, Kam",Out,Injury/Illness -,"Jones, Kam Out Injury/Illness - "
2025-10-25,"Nembhard, Andrew",Out,Injury/Illness -,"Nembhard, Andrew Out Injury/Illness - "
2025-10-25,"Aldama, Santi",Questionable,Injury/Illness -,"Aldama, Santi Questionable Injury/Illness - "
2025-10-25,"Clarke, Brandon",Out,Injury/Illness -,"Clarke, Brandon Out Injury/Illness - "
2025-10-25,"Edey, Zach",Out,Injury/Illness -,"Edey, Zach Out Injury/Illness - "
2025-10-25,"Jerome, Ty",Out,Injury/Illness -,"Jerome, Ty Out Injury/Illness - "
2025-10-25,"Pippen Jr., Scotty",Out,Injury/Illness -,"Pippen Jr., Scotty Out Injury/Illness - "
2025-10-25,"Williams Jr., Vince",Out,Injury/Illness -,"Williams Jr., Vince Out Injury/Illness - "
2025-10-25,"Green, Jalen",Out,Injury/Illness -,"Green, Jalen Out Injury/Illness - "
2025-10-25,"Williams, Mark",Out,Injury/Illness -,"Williams, Mark Out Injury/Illness - "
2025-10-25,"Brown, Jaylen",Questionable,Injury/Illness -,"Brown, Jaylen Questionable Injury/Illness - "
2025-10-25,"Garza, Luka",Questionable,Injury/Illness -,"Garza, Luka Questionable Injury/Illness - "
2025-10-25,"Shulga, Max",Out,G,"Shulga, Max Out G "
2025-10-25,"Tatum, Jayson",Out,Injury/Illness -,"Tatum, Jayson Out Injury/Illness - "
2025-10-25,"White, Derrick",Probable,Injury/Illness -,"White, Derrick Probable Injury/Illness - "
2025-10-25,"Ivey, Jaden",Out,Injury/Illness -,"Ivey, Jaden Out Injury/Illness - "
2025-10-25,"LeVert, Caris",Doubtful,Injury/Illness -,"LeVert, Caris Doubtful Injury/Illness - "
2025-10-25,"Sasser, Marcus",Doubtful,Injury/Illness -,"Sasser, Marcus Doubtful Injury/Illness - "
2025-10-25,"Coulibaly, Bilal",Out,Injury/Illness -,"Coulibaly, Bilal Out Injury/Illness - "
2025-10-25,"Antetokounmpo, Giannis",Probable,Injury/Illness -,"Antetokounmpo, Giannis Probable Injury/Illness - "
2025-10-25,"Kuzma, Kyle",Questionable,Injury/Illness -,"Kuzma, Kyle Questionable Injury/Illness - "
2025-10-25,"Porter Jr., Kevin",Out,Injury/Illness -,"Porter Jr., Kevin Out Injury/Illness - "
2025-10-25,"Garland, Darius",Out,Injury/Illness -,"Garland, Darius Out Injury/Illness - "
2025-10-25,"Hunter, De'Andre",Questionable,Injury/Illness -,"Hunter, De'Andre Questionable Injury/Illness - "
2025-10-25,"Strus, Max",Out,Injury/Illness -,"Strus, Max Out Injury/Illness - "
2025-10-25,"Hart, Josh",Probable,Injury/Illness -,"Hart, Josh Probable Injury/Illness - "
2025-10-25,"McBride, Miles",Questionable,Personal,"McBride, Miles Questionable Personal "
2025-10-25,"Robinson, Mitchell",Out,Injury/Illness -,"Robinson, Mitchell Out Injury/Illness - "
2025-10-25,"Towns, Karl- Anthony",Questionable,Injury/Illness -,"Towns, Karl- Anthony Questionable Injury/Illness - "
2025-10-25,"Herro, Tyler",Out,Injury/Illness -,"Herro, Tyler Out Injury/Illness - "
2025-10-25,"Jakucionis, Kasparas",Out,Injury/Illness -,"Jakucionis, Kasparas Out Injury/Illness - "
2025-10-25,"Rozier, Terry",Out,Not,"Rozier, Terry Out Not "
2025-10-25,"Ware, Kel'el",Available,Injury/Illness -,"Ware, Kel'el Available Injury/Illness - "
2025-10-25,"Boyles, Collin",Questionable,Injury/Illness -,"Boyles, Collin Questionable Injury/Illness - "
2025-10-25,"Exum, Dante",Out,Injury/Illness -,"Exum, Dante Out Injury/Illness - "
2025-10-25,"Gafford, Daniel",Doubtful,Injury/Illness -,"Gafford, Daniel Doubtful Injury/Illness - "
2025-10-25,"Irving, Kyrie",Out,Injury/Illness -,"Irving, Kyrie Out Injury/Illness - "
2025-10-25,"Williams, Brandon",Out,Personal,"Williams, Brandon Out Personal "
2025-10-26,"Highsmith, Haywood",Out,Injury/Illness -,"Highsmith, Haywood Out Injury/Illness - "
2025-10-26,"Powell, Drake",Out,Injury/Illness -,"Powell, Drake Out Injury/Illness - "
2025-10-26,"Thomas, Cam",Available,Injury/Illness -,"Thomas, Cam Available Injury/Illness - "
2025-10-26,"Wolf, Danny",Out,Injury/Illness -,"Wolf, Danny Out Injury/Illness - "
2025-10-26,"Fox, De'Aaron",Out,Injury/Illness -,"Fox, De'Aaron Out Injury/Illness - "
2025-10-26,"Kornet, Luke",Out,Injury/Illness -,"Kornet, Luke Out Injury/Illness - "
2025-10-26,"Olynyk, Kelly",Out,Injury/Illness -,"Olynyk, Kelly Out Injury/Illness - "
2025-10-26,"Sochan, Jeremy",Out,Injury/Illness -,"Sochan, Jeremy Out Injury/Illness - "
2025-10-26,"Waters III, Lindy",Out,Injury/Illness -,"Waters III, Lindy Out Injury/Illness - "
2025-10-26,"Brown, Jaylen",Available,Injury/Illness -,"Brown, Jaylen Available Injury/Illness - "
2025-10-26,"Garza, Luka",Available,Injury/Illness -,"Garza, Luka Available Injury/Illness - "
2025-10-26,"Shulga, Max",Out,G,"Shulga, Max Out G "
2025-10-26,"Tatum, Jayson",Out,Injury/Illness -,"Tatum, Jayson Out Injury/Illness - "
2025-10-26,"White, Derrick",Available,Injury/Illness -,"White, Derrick Available Injury/Illness - "
2025-10-26,"Ivey, Jaden",Out,Injury/Illness -,"Ivey, Jaden Out Injury/Illness - "
2025-10-26,"LeVert, Caris",Out,Injury/Illness -,"LeVert, Caris Out Injury/Illness - "
2025-10-26,"Sasser, Marcus",Out,Injury/Illness -,"Sasser, Marcus Out Injury/Illness - "
2025-10-26,"Green, Josh",Out,Injury/Illness -,"Green, Josh Out Injury/Illness - "
2025-10-26,"Miller, Brandon",Out,Injury/Illness -,"Miller, Brandon Out Injury/Illness - "
2025-10-26,"Peterson, Drew",Out,G,"Peterson, Drew Out G "
2025-10-26,"Reeves, Antonio",Out,G,"Reeves, Antonio Out G "
2025-10-26,"Simpson, KJ",Out,G,"Simpson, KJ Out G "
2025-10-26,"Williams, Grant",Out,Injury/Illness -,"Williams, Grant Out Injury/Illness - "
2025-10-26,"Branham, Malaki",Out,Coach's,"Branham, Malaki Out Coach's "
2025-10-26,"Coulibaly, Bilal",Out,Injury/Illness -,"Coulibaly, Bilal Out Injury/Illness - "
2025-10-26,"Watkins, Jamir",Out,G,"Watkins, Jamir Out G "
2025-10-26,"Antetokounmpo, Giannis",Available,Injury/Illness -,"Antetokounmpo, Giannis Available Injury/Illness - "
2025-10-26,"Anthony, Cole",Out,Injury/Illness -,"Anthony, Cole Out Injury/Illness - "
2025-10-26,"Kuzma, Kyle",Out,Injury/Illness -,"Kuzma, Kyle Out Injury/Illness - "
2025-10-26,"Porter Jr., Kevin",Out,Injury/Illness -,"Porter Jr., Kevin Out Injury/Illness - "
2025-10-26,"Garland, Darius",Out,Injury/Illness -,"Garland, Darius Out Injury/Illness - "
2025-10-26,"Hunter, De'Andre",Available,Injury/Illness -,"Hunter, De'Andre Available Injury/Illness - "
2025-10-26,"Strus, Max",Out,Injury/Illness -,"Strus, Max Out Injury/Illness - "
2025-10-26,"Tomlin, Nae'Qwan",Out,G,"Tomlin, Nae'Qwan Out G "
2025-10-26,"Hart, Josh",Probable,Injury/Illness -,"Hart, Josh Probable Injury/Illness - "
2025-10-26,"McBride, Miles",Questionable,Personal,"McBride, Miles Questionable Personal "
2025-10-26,"Robinson, Mitchell",Out,Injury/Illness -,"Robinson, Mitchell Out Injury/Illness - "
2025-10-26,"Towns, Karl- Anthony",Questionable,Injury/Illness -,"Towns, Karl- Anthony Questionable Injury/Illness - "
2025-10-26,"Herro, Tyler",Out,Injury/Illness -,"Herro, Tyler Out Injury/Illness - "
2025-10-26,"Jakucionis, Kasparas",Out,Injury/Illness -,"Jakucionis, Kasparas Out Injury/Illness - "
2025-10-26,"Rozier, Terry",Out,Not,"Rozier, Terry Out Not "
2025-10-26,"Ware, Kel'el",Available,Injury/Illness -,"Ware, Kel'el Available Injury/Illness - "
2025-10-26,"Furphy, Johnny",Out,Injury/Illness -,"Furphy, Johnny Out Injury/Illness - "
2025-10-26,"Haliburton, Tyrese",Out,Injury/Illness -,"Haliburton, Tyrese Out Injury/Illness - "
2025-10-26,"Jackson, Quenton",Probable,Injury/Illness -,"Jackson, Quenton Probable Injury/Illness - "
2025-10-26,"Jones, Kam",Out,Injury/Illness -,"Jones, Kam Out Injury/Illness - "
2025-10-26,"Mathurin, Bennedict",Out,Injury/Illness -,"Mathurin, Bennedict Out Injury/Illness - "
2025-10-26,"Nembhard, Andrew",Out,Injury/Illness -,"Nembhard, Andrew Out Injury/Illness - "
2025-10-26,"Peter, Taelon",Out,Injury/Illness -,"Peter, Taelon Out Injury/Illness - "
2025-10-26,"Dillingham, Rob",Questionable,Injury/Illness -,"Dillingham, Rob Questionable Injury/Illness - "
2025-10-26,"Zikarsky, Rocco",Available,Injury/Illness -,"Zikarsky, Rocco Available Injury/Illness - "
2025-10-26,"Hepburn, Chucky",Out,G,"Hepburn, Chucky Out G "
2025-10-26,"Martin, Alijah",Out,G,"Martin, Alijah Out G "
2025-10-26,"Boyles, Collin",Questionable,Injury/Illness -,"Boyles, Collin Questionable Injury/Illness - "
2025-10-26,"Exum, Dante",Out,Injury/Illness -,"Exum, Dante Out Injury/Illness - "
2025-10-26,"Gafford, Daniel",Out,Injury/Illness -,"Gafford, Daniel Out Injury/Illness - "
2025-10-26,"Irving, Kyrie",Out,Injury/Illness -,"Irving, Kyrie Out Injury/Illness - "
2025-10-26,"Williams, Brandon",Out,Personal,"Williams, Brandon Out Personal "
2025-10-26,"Doncic, Luka",Out,Injury/Illness -,"Doncic, Luka Out Injury/Illness - "
2025-10-26,"Hayes, Jaxson",Out,Injury/Illness -,"Hayes, Jaxson Out Injury/Illness - "
2025-10-26,"James, LeBron",Out,Injury/Illness -,"James, LeBron Out Injury/Illness - "
2025-10-26,"Kleber, Maxi",Out,Injury/Illness -,"Kleber, Maxi Out Injury/Illness - "
2025-10-26,"Thiero, Adou",Out,Injury/Illness -,"Thiero, Adou Out Injury/Illness - "
2025-10-26,"Clifford, Nique",Out,Injury/Illness -,"Clifford, Nique Out Injury/Illness - "
2025-10-26,"LaVine, Zach",Questionable,Injury/Illness -,"LaVine, Zach Questionable Injury/Illness - "
2025-10-26,"Murray, Keegan",Out,Injury/Illness -,"Murray, Keegan Out Injury/Illness - "
2025-10-26,"Henderson, Scoot",Out,Injury/Illness -,"Henderson, Scoot Out Injury/Illness - "
2025-10-26,"Lillard, Damian",Out,Injury/Illness -,"Lillard, Damian Out Injury/Illness - "
2025-10-26,"Williams III, Robert",Out,Return to,"Williams III, Robert Out Return to "
2025-10-26,"Beal, Bradley",Questionable,Injury/Illness -,"Beal, Bradley Questionable Injury/Illness - "
2025-10-26,"Miller, Jordan",Out,Injury/Illness -,"Miller, Jordan Out Injury/Illness - "
2025-10-26,"Telfort, Jahmyl",Out,G,"Telfort, Jahmyl Out G "
2025-10-26,"Cain, Jamal",Out,Not,"Cain, Jamal Out Not "
2025-10-26,"Castleton, Colin",Out,Not,"Castleton, Colin Out Not "
2025-10-26,"Wagner, Moritz",Out,Injury/Illness -,"Wagner, Moritz Out Injury/Illness - "
2025-10-26,"Barlow, Dominick",Out,Injury/Illness -,"Barlow, Dominick Out Injury/Illness - "
2025-10-26,"Embiid, Joel",Out,Injury/Illness -,"Embiid, Joel Out Injury/Illness - "
2025-10-26,"George, Paul",Out,Injury/Illness -,"George, Paul Out Injury/Illness - "
2025-10-26,"McCain, Jared",Out,Injury/Illness -,"McCain, Jared Out Injury/Illness - "
2025-10-26,"Watford, Trendon",Out,Injury/Illness -,"Watford, Trendon Out Injury/Illness - "
2025-10-26,"Collins, Zach",Out,Injury/Illness -,"Collins, Zach Out Injury/Illness - "
2025-10-26,"Flowers, Trentyn",Out,G,"Flowers, Trentyn Out G "
2025-10-26,"Giddey, Josh",Questionable,Injury/Illness -,"Giddey, Josh Questionable Injury/Illness - "
2025-10-26,"Miller, Emanuel",Out,G,"Miller, Emanuel Out G "
2025-10-26,"Olbrich, Lachlan",Out,G,"Olbrich, Lachlan Out G "
2025-10-26,"White, Coby",Out,Injury/Illness -,"White, Coby Out Injury/Illness - "
2025-10-26,"Smith, Dorian",Out,Injury/Illness -,"Smith, Dorian Out Injury/Illness - "
2025-10-26,"VanVleet, Fred",Out,Injury/Illness -,"VanVleet, Fred Out Injury/Illness - "
2025-10-26,"Looney, Kevon",Out,Injury/Illness -,"Looney, Kevon Out Injury/Illness - "
2025-10-26,"Matkovic, Karlo",Questionable,Injury/Illness -,"Matkovic, Karlo Questionable Injury/Illness - "
2025-10-26,"Missi, Yves",Questionable,Injury/Illness -,"Missi, Yves Questionable Injury/Illness - "
2025-10-26,"Murray, Dejounte",Out,Injury/Illness -,"Murray, Dejounte Out Injury/Illness - "
2025-10-26,"Horford, Al",Out,Injury/Illness -,"Horford, Al Out Injury/Illness - "
2025-10-26,"Melton, De'Anthony",Out,Injury/Illness -,"Melton, De'Anthony Out Injury/Illness - "
2025-10-26,"Toohey, Alex",Out,Injury/Illness -,"Toohey, Alex Out Injury/Illness - "
2025-10-27,"Ball, Lonzo",Out,Rest -,"Ball, Lonzo Out Rest - "
2025-10-27,"Garland, Darius",Out,Injury/Illness -,"Garland, Darius Out Injury/Illness - "
2025-10-27,"Strus, Max",Out,Injury/Illness -,"Strus, Max Out Injury/Illness - "
2025-10-27,"Tomlin, Nae'Qwan",Out,G,"Tomlin, Nae'Qwan Out G "
2025-10-27,"Cunningham, Cade",Probable,Injury/Illness -,"Cunningham, Cade Probable Injury/Illness - "
2025-10-27,"Ivey, Jaden",Out,Injury/Illness -,"Ivey, Jaden Out Injury/Illness - "
2025-10-27,"LeVert, Caris",Out,Injury/Illness -,"LeVert, Caris Out Injury/Illness - "
2025-10-27,"Sasser, Marcus",Out,Injury/Illness -,"Sasser, Marcus Out Injury/Illness - "
2025-10-27,"Cain, Jamal",Out,Not,"Cain, Jamal Out Not "
2025-10-27,"Castleton, Colin",Out,Not,"Castleton, Colin Out Not "
2025-10-27,"Wagner, Moritz",Out,Injury/Illness -,"Wagner, Moritz Out Injury/Illness - "
2025-10-27,"Barlow, Dominick",Out,Injury/Illness -,"Barlow, Dominick Out Injury/Illness - "
2025-10-27,"Embiid, Joel",Out,Injury/Illness -,"Embiid, Joel Out Injury/Illness - "
2025-10-27,"George, Paul",Out,Injury/Illness -,"George, Paul Out Injury/Illness - "
2025-10-27,"McCain, Jared",Out,Injury/Illness -,"McCain, Jared Out Injury/Illness - "
2025-10-27,"Watford, Trendon",Out,Injury/Illness -,"Watford, Trendon Out Injury/Illness - "
2025-10-27,"Djurisic, Nikola",Out,G,"Djurisic, Nikola Out G "
2025-10-27,"Johnson, Jalen",Questionable,Injury/Illness -,"Johnson, Jalen Questionable Injury/Illness - "
2025-10-27,"Ndiaye, Eli John",Out,G,"Ndiaye, Eli John Out G "
2025-10-27,"Porzingis, Kristaps",Questionable,Injury/Illness -,"Porzingis, Kristaps Questionable Injury/Illness - "
2025-10-27,"Risacher, Zaccharie",Questionable,Injury/Illness -,"Risacher, Zaccharie Questionable Injury/Illness - "
2025-10-27,"Collins, Zach",Out,Injury/Illness -,"Collins, Zach Out Injury/Illness - "
2025-10-27,"Flowers, Trentyn",Out,G,"Flowers, Trentyn Out G "
2025-10-27,"Giddey, Josh",Questionable,Injury/Illness -,"Giddey, Josh Questionable Injury/Illness - "
2025-10-27,"Miller, Emanuel",Out,G,"Miller, Emanuel Out G "
2025-10-27,"Olbrich, Lachlan",Out,G,"Olbrich, Lachlan Out G "
2025-10-27,"White, Coby",Out,Injury/Illness -,"White, Coby Out Injury/Illness - "
2025-10-27,"Demin, Egor",Out,Injury/Illness -,"Demin, Egor Out Injury/Illness - "
2025-10-27,"Highsmith, Haywood",Out,Injury/Illness -,"Highsmith, Haywood Out Injury/Illness - "
2025-10-27,"Powell, Drake",Out,G,"Powell, Drake Out G "
2025-10-27,"Williams, Ziaire",Out,Injury/Illness -,"Williams, Ziaire Out Injury/Illness - "
2025-10-27,"Wolf, Danny",Out,G,"Wolf, Danny Out G "
2025-10-27,"Smith, Dorian",Out,Injury/Illness -,"Smith, Dorian Out Injury/Illness - "
2025-10-27,"VanVleet, Fred",Out,Injury/Illness -,"VanVleet, Fred Out Injury/Illness - "
2025-10-27,"Brown, Jaylen",Questionable,Injury/Illness -,"Brown, Jaylen Questionable Injury/Illness - "
2025-10-27,"Shulga, Max",Out,G,"Shulga, Max Out G "
2025-10-27,"Tatum, Jayson",Out,Injury/Illness -,"Tatum, Jayson Out Injury/Illness - "
2025-10-27,"Looney, Kevon",Out,Injury/Illness -,"Looney, Kevon Out Injury/Illness - "
2025-10-27,"Matkovic, Karlo",Available,Injury/Illness -,"Matkovic, Karlo Available Injury/Illness - "
2025-10-27,"Missi, Yves",Available,Injury/Illness -,"Missi, Yves Available Injury/Illness - "
2025-10-27,"Murray, Dejounte",Out,Injury/Illness -,"Murray, Dejounte Out Injury/Illness - "
2025-10-27,"Williamson, Zion",Questionable,Injury/Illness -,"Williamson, Zion Questionable Injury/Illness - "
2025-10-27,"Hepburn, Chucky",Out,G,"Hepburn, Chucky Out G "
2025-10-27,"Martin, Alijah",Out,G,"Martin, Alijah Out G "
2025-10-27,"Poeltl, Jakob",Available,Injury/Illness -,"Poeltl, Jakob Available Injury/Illness - "
2025-10-27,"Fox, De'Aaron",Out,Injury/Illness -,"Fox, De'Aaron Out Injury/Illness - "
2025-10-27,"Kornet, Luke",Out,Injury/Illness -,"Kornet, Luke Out Injury/Illness - "
2025-10-27,"Olynyk, Kelly",Out,Injury/Illness -,"Olynyk, Kelly Out Injury/Illness - "
2025-10-27,"Sochan, Jeremy",Out,Injury/Illness -,"Sochan, Jeremy Out Injury/Illness - "
2025-10-27,"Waters III, Lindy",Out,Injury/Illness -,"Waters III, Lindy Out Injury/Illness - "
2025-10-27,"Caruso, Alex",Out,Injury/Illness -,"Caruso, Alex Out Injury/Illness - "
2025-10-27,"Joe, Isaiah",Out,Injury/Illness -,"Joe, Isaiah Out Injury/Illness - "
2025-10-27,"Sorber, Thomas",Out,Injury/Illness -,"Sorber, Thomas Out Injury/Illness - "
2025-10-27,"Topic, Nikola",Out,Injury/Illness -,"Topic, Nikola Out Injury/Illness - "
2025-10-27,"Williams, Jalen",Out,Injury/Illness -,"Williams, Jalen Out Injury/Illness - "
2025-10-27,"Williams, Kenrich",Out,Injury/Illness -,"Williams, Kenrich Out Injury/Illness - "
2025-10-27,"Exum, Dante",Out,Injury/Illness -,"Exum, Dante Out Injury/Illness - "
2025-10-27,"Gafford, Daniel",Doubtful,Injury/Illness -,"Gafford, Daniel Doubtful Injury/Illness - "
2025-10-27,"Irving, Kyrie",Out,Injury/Illness -,"Irving, Kyrie Out Injury/Illness - "
2025-10-27,"Lively II, Dereck",Doubtful,Injury/Illness -,"Lively II, Dereck Doubtful Injury/Illness - "
2025-10-27,"Williams, Brandon",Questionable,Personal,"Williams, Brandon Questionable Personal "
2025-10-27,"Brooks, Dillon",Questionable,Injury/Illness -,"Brooks, Dillon Questionable Injury/Illness - "
2025-10-27,"Green, Jalen",Out,Injury/Illness -,"Green, Jalen Out Injury/Illness - "
2025-10-27,"Huntley, CJ",Out,G,"Huntley, CJ Out G "
2025-10-27,"Collier, Isaiah",Out,Injury/Illness -,"Collier, Isaiah Out Injury/Illness - "
2025-10-27,"Niang, Georges",Out,Injury/Illness -,"Niang, Georges Out Injury/Illness - "
2025-10-27,"Tonje, John",Out,G,"Tonje, John Out G "
2025-10-27,"Tshiebwe, Oscar",Out,G,"Tshiebwe, Oscar Out G "
2025-10-27,"Dillingham, Rob",Available,Injury/Illness -,"Dillingham, Rob Available Injury/Illness - "
2025-10-27,"Edwards, Anthony",Out,Injury/Illness -,"Edwards, Anthony Out Injury/Illness - "
2025-10-27,"Zikarsky, Rocco",Out,G,"Zikarsky, Rocco Out G "
2025-10-27,"Clarke, Brandon",Out,Injury/Illness -,"Clarke, Brandon Out Injury/Illness - "
2025-10-27,"Edey, Zach",Out,Injury/Illness -,"Edey, Zach Out Injury/Illness - "
2025-10-27,"Jerome, Ty",Out,Injury/Illness -,"Jerome, Ty Out Injury/Illness - "
2025-10-27,"Pippen Jr., Scotty",Out,Injury/Illness -,"Pippen Jr., Scotty Out Injury/Illness - "
2025-10-27,"Williams Jr., Vince",Out,Injury/Illness -,"Williams Jr., Vince Out Injury/Illness - "
2025-10-27,"Horford, Al",Out,Injury/Illness -,"Horford, Al Out Injury/Illness - "
2025-10-27,"Melton, De'Anthony",Out,Injury/Illness -,"Melton, De'Anthony Out Injury/Illness - "
2025-10-27,"Toohey, Alex",Out,Injury/Illness -,"Toohey, Alex Out Injury/Illness - "
2025-10-27,"Henderson, Scoot",Out,Injury/Illness -,"Henderson, Scoot Out Injury/Illness - "
2025-10-27,"Lillard, Damian",Out,Injury/Illness -,"Lillard, Damian Out Injury/Illness - "
2025-10-27,"Thybulle, Matisse",Questionable,Injury/Illness -,"Thybulle, Matisse Questionable Injury/Illness - "
2025-10-27,"Williams III, Robert",Out,G,"Williams III, Robert Out G "
2025-10-27,"Doncic, Luka",Out,Injury/Illness -,"Doncic, Luka Out Injury/Illness - "
2025-10-27,"Hayes, Jaxson",Out,Injury/Illness -,"Hayes, Jaxson Out Injury/Illness - "
2025-10-27,"James, LeBron",Out,Injury/Illness -,"James, LeBron Out Injury/Illness - "
2025-10-27,"Kleber, Maxi",Out,Injury/Illness -,"Kleber, Maxi Out Injury/Illness - "
2025-10-27,"Smart, Marcus",Out,Injury/Illness -,"Smart, Marcus Out Injury/Illness - "
2025-10-27,"Thiero, Adou",Out,Injury/Illness -,"Thiero, Adou Out Injury/Illness - "
2025-10-27,"Vincent, Gabe",Out,Injury/Illness -,"Vincent, Gabe Out Injury/Illness - "
2025-10-27,"Coulibaly, Bilal",Out,Injury/Illness -,"Coulibaly, Bilal Out Injury/Illness - "
2025-10-27,"Johnson, Tre",Questionable,Injury/Illness -,"Johnson, Tre Questionable Injury/Illness - "
2025-10-27,"Green, Josh",Out,Injury/Illness -,"Green, Josh Out Injury/Illness - "
2025-10-27,"Mann, Tre",Questionable,Injury/Illness -,"Mann, Tre Questionable Injury/Illness - "
2025-10-27,"Miller, Brandon",Out,Injury/Illness -,"Miller, Brandon Out Injury/Illness - "
2025-10-27,"Peterson, Drew",Out,G,"Peterson, Drew Out G "
2025-10-27,"Reeves, Antonio",Out,G,"Reeves, Antonio Out G "
2025-10-27,"Simpson, KJ",Out,G,"Simpson, KJ Out G "
2025-10-27,"Williams, Grant",Out,Injury/Illness -,"Williams, Grant Out Injury/Illness - "
2025-10-27,"Fontecchio, Simone",Questionable,Injury/Illness -,"Fontecchio, Simone Questionable Injury/Illness - "
2025-10-27,"Herro, Tyler",Out,Injury/Illness -,"Herro, Tyler Out Injury/Illness - "
2025-10-27,"Jakucionis, Kasparas",Out,Injury/Illness -,"Jakucionis, Kasparas Out Injury/Illness - "
2025-10-27,"Rozier, Terry",Out,Not,"Rozier, Terry Out Not "
2025-10-27,"Clifford, Nique",Out,Injury/Illness -,"Clifford, Nique Out Injury/Illness - "
2025-10-27,"Murray, Keegan",Out,Injury/Illness -,"Murray, Keegan Out Injury/Illness - "
2025-10-27,"Plowden, Daeqwon",Out,G,"Plowden, Daeqwon Out G "
2025-10-27,"Stevens, Isaiah",Out,G,"Stevens, Isaiah Out G "
2025-10-28,"Barlow, Dominick",Out,Injury/Illness -,"Barlow, Dominick Out Injury/Illness - "
2025-10-28,"George, Paul",Out,Injury/Illness -,"George, Paul Out Injury/Illness - "
2025-10-28,"McCain, Jared",Out,Injury/Illness -,"McCain, Jared Out Injury/Illness - "
2025-10-28,"Coulibaly, Bilal",Out,Injury/Illness -,"Coulibaly, Bilal Out Injury/Illness - "
2025-10-28,"Johnson, Tre",Available,Injury/Illness -,"Johnson, Tre Available Injury/Illness - "
2025-10-28,"Green, Josh",Out,Injury/Illness -,"Green, Josh Out Injury/Illness - "
2025-10-28,"Mann, Tre",Questionable,Injury/Illness -,"Mann, Tre Questionable Injury/Illness - "
2025-10-28,"Miller, Brandon",Out,Injury/Illness -,"Miller, Brandon Out Injury/Illness - "
2025-10-28,"Peterson, Drew",Out,G,"Peterson, Drew Out G "
2025-10-28,"Reeves, Antonio",Out,G,"Reeves, Antonio Out G "
2025-10-28,"Simpson, KJ",Out,G,"Simpson, KJ Out G "
2025-10-28,"Williams, Grant",Out,Injury/Illness -,"Williams, Grant Out Injury/Illness - "
2025-10-28,"Fontecchio, Simone",Probable,Injury/Illness -,"Fontecchio, Simone Probable Injury/Illness - "
2025-10-28,"Herro, Tyler",Out,Injury/Illness -,"Herro, Tyler Out Injury/Illness - "
2025-10-28,"Jakucionis, Kasparas",Out,Injury/Illness -,"Jakucionis, Kasparas Out Injury/Illness - "
2025-10-28,"Powell, Norman",Questionable,Injury/Illness -,"Powell, Norman Questionable Injury/Illness - "
2025-10-28,"Rozier, Terry",Out,Not,"Rozier, Terry Out Not "
2025-10-28,"McBride, Miles",Out,Personal,"McBride, Miles Out Personal "
2025-10-28,"Robinson, Mitchell",Out,Injury/Illness -,"Robinson, Mitchell Out Injury/Illness - "
2025-10-28,"Towns, Karl- Anthony",Probable,Injury/Illness -,"Towns, Karl- Anthony Probable Injury/Illness - "
2025-10-28,"Yabusele, Guerschon",Questionable,Injury/Illness -,"Yabusele, Guerschon Questionable Injury/Illness - "
2025-10-28,"Anthony, Cole",Probable,Injury/Illness -,"Anthony, Cole Probable Injury/Illness - "
2025-10-28,"Kuzma, Kyle",Available,Injury/Illness -,"Kuzma, Kyle Available Injury/Illness - "
2025-10-28,"Porter Jr., Kevin",Out,Injury/Illness -,"Porter Jr., Kevin Out Injury/Illness - "
2025-10-28,"Trent Jr., Gary",Probable,Injury/Illness -,"Trent Jr., Gary Probable Injury/Illness - "
2025-10-28,"Clifford, Nique",Out,Injury/Illness -,"Clifford, Nique Out Injury/Illness - "
2025-10-28,"Murray, Keegan",Out,Injury/Illness -,"Murray, Keegan Out Injury/Illness - "
2025-10-28,"Plowden, Daeqwon",Out,G,"Plowden, Daeqwon Out G "
2025-10-28,"Stevens, Isaiah",Out,G,"Stevens, Isaiah Out G "
2025-10-28,"Holmgren, Chet",Out,Injury/Illness -,"Holmgren, Chet Out Injury/Illness - "
2025-10-28,"Joe, Isaiah",Out,Injury/Illness -,"Joe, Isaiah Out Injury/Illness - "
2025-10-28,"Sorber, Thomas",Out,Injury/Illness -,"Sorber, Thomas Out Injury/Illness - "
2025-10-28,"Topic, Nikola",Out,Injury/Illness -,"Topic, Nikola Out Injury/Illness - "
2025-10-28,"Williams, Jalen",Out,Injury/Illness -,"Williams, Jalen Out Injury/Illness - "
2025-10-28,"Williams, Kenrich",Out,Injury/Illness -,"Williams, Kenrich Out Injury/Illness - "
2025-10-28,"Beal, Bradley",Out,Injury/Illness -,"Beal, Bradley Out Injury/Illness - "
2025-10-28,"Miller, Jordan",Out,Injury/Illness -,"Miller, Jordan Out Injury/Illness - "
2025-10-28,"Sanders, Kobe",Out,Injury/Illness -,"Sanders, Kobe Out Injury/Illness - "
2025-10-28,"Melton, De'Anthony",Out,Injury/Illness -,"Melton, De'Anthony Out Injury/Illness - "
2025-10-28,"Toohey, Alex",Out,Injury/Illness -,"Toohey, Alex Out Injury/Illness - "
2025-10-28,"Smith, Dorian",Out,Injury/Illness -,"Smith, Dorian Out Injury/Illness - "
2025-10-28,"VanVleet, Fred",Out,Injury/Illness -,"VanVleet, Fred Out Injury/Illness - "
2025-10-28,"Hepburn, Chucky",Out,G,"Hepburn, Chucky Out G "
2025-10-28,"Martin, Alijah",Out,G,"Martin, Alijah Out G "
2025-10-28,"Poeltl, Jakob",Doubtful,Injury/Illness -,"Poeltl, Jakob Doubtful Injury/Illness - "
2025-10-28,"Garland, Darius",Out,Injury/Illness -,"Garland, Darius Out Injury/Illness - "
2025-10-28,"Merrill, Sam",Out,Injury/Illness -,"Merrill, Sam Out Injury/Illness - "
2025-10-28,"Strus, Max",Out,Injury/Illness -,"Strus, Max Out Injury/Illness - "
2025-10-28,"Tomlin, Nae'Qwan",Out,G,"Tomlin, Nae'Qwan Out G "
2025-10-28,"Brown, Jaylen",Probable,Injury/Illness -,"Brown, Jaylen Probable Injury/Illness - "
2025-10-28,"Harper Jr., Ron",Out,G,"Harper Jr., Ron Out G "
2025-10-28,"Shulga, Max",Out,G,"Shulga, Max Out G "
2025-10-28,"Tatum, Jayson",Out,Injury/Illness -,"Tatum, Jayson Out Injury/Illness - "
2025-10-28,"Williams, Amari",Out,G,"Williams, Amari Out G "
2025-10-28,"Cain, Jamal",Out,Not,"Cain, Jamal Out Not "
2025-10-28,"Castleton, Colin",Out,Not,"Castleton, Colin Out Not "
2025-10-28,"Wagner, Moritz",Out,Injury/Illness -,"Wagner, Moritz Out Injury/Illness - "
2025-10-28,"Ivey, Jaden",Out,Injury/Illness -,"Ivey, Jaden Out Injury/Illness - "
2025-10-28,"LeVert, Caris",Questionable,Injury/Illness -,"LeVert, Caris Questionable Injury/Illness - "
2025-10-28,"Sasser, Marcus",Questionable,Injury/Illness -,"Sasser, Marcus Questionable Injury/Illness - "
2025-10-28,"Thompson, Ausar",Questionable,Injury/Illness -,"Thompson, Ausar Questionable Injury/Illness - "
2025-10-28,"Djurisic, Nikola",Out,G,"Djurisic, Nikola Out G "
2025-10-28,"Johnson, Jalen",Probable,Injury/Illness -,"Johnson, Jalen Probable Injury/Illness - "
2025-10-28,"Ndiaye, Eli John",Out,G,"Ndiaye, Eli John Out G "
2025-10-28,"Risacher, Zaccharie",Probable,Injury/Illness -,"Risacher, Zaccharie Probable Injury/Illness - "
2025-10-28,"Highsmith, Haywood",Out,Injury/Illness -,"Highsmith, Haywood Out Injury/Illness - "
2025-10-28,"Williams, Ziaire",Questionable,Injury/Illness -,"Williams, Ziaire Questionable Injury/Illness - "
2025-10-28,"Alexander, Trey",Out,G,"Alexander, Trey Out G "
2025-10-28,"Dickinson, Hunter",Out,G,"Dickinson, Hunter Out G "
2025-10-28,"Looney, Kevon",Out,Injury/Illness -,"Looney, Kevon Out Injury/Illness - "
2025-10-28,"Murray, Dejounte",Out,Injury/Illness -,"Murray, Dejounte Out Injury/Illness - "
2025-10-28,"Williamson, Zion",Questionable,Injury/Illness -,"Williamson, Zion Questionable Injury/Illness - "
2025-10-28,"Bates, Tamar",Out,G,"Bates, Tamar Out G "
2025-10-28,"Holmes II, DaRon",Out,G,"Holmes II, DaRon Out G "
2025-10-28,"Johnson, Cameron",Questionable,Injury/Illness -,"Johnson, Cameron Questionable Injury/Illness - "
2025-10-28,"Jones, Curtis",Out,G,"Jones, Curtis Out G "
2025-10-29,"Smith, Dorian",Out,Injury/Illness -,"Smith, Dorian Out Injury/Illness - "
2025-10-29,"VanVleet, Fred",Out,Injury/Illness -,"VanVleet, Fred Out Injury/Illness - "
2025-10-29,"Hepburn, Chucky",Out,G,"Hepburn, Chucky Out G "
2025-10-29,"Martin, Alijah",Out,G,"Martin, Alijah Out G "
2025-10-29,"Poeltl, Jakob",Out,Injury/Illness -,"Poeltl, Jakob Out Injury/Illness - "
2025-10-29,"Garland, Darius",Out,Injury/Illness -,"Garland, Darius Out Injury/Illness - "
2025-10-29,"Merrill, Sam",Out,Injury/Illness -,"Merrill, Sam Out Injury/Illness - "
2025-10-29,"Mitchell, Donovan",Questionable,Injury/Illness -,"Mitchell, Donovan Questionable Injury/Illness - "
2025-10-29,"Strus, Max",Out,Injury/Illness -,"Strus, Max Out Injury/Illness - "
2025-10-29,"Tomlin, Nae'Qwan",Out,G,"Tomlin, Nae'Qwan Out G "
2025-10-29,"Brown, Jaylen",Probable,Injury/Illness -,"Brown, Jaylen Probable Injury/Illness - "
2025-10-29,"Harper Jr., Ron",Out,G,"Harper Jr., Ron Out G "
2025-10-29,"Shulga, Max",Out,G,"Shulga, Max Out G "
2025-10-29,"Tatum, Jayson",Out,Injury/Illness -,"Tatum, Jayson Out Injury/Illness - "
2025-10-29,"Williams, Amari",Out,G,"Williams, Amari Out G "
2025-10-29,"Cain, Jamal",Out,Not,"Cain, Jamal Out Not "
2025-10-29,"Castleton, Colin",Out,Not,"Castleton, Colin Out Not "
2025-10-29,"Wagner, Moritz",Out,Injury/Illness -,"Wagner, Moritz Out Injury/Illness - "
2025-10-29,"Ivey, Jaden",Out,Injury/Illness -,"Ivey, Jaden Out Injury/Illness - "
2025-10-29,"LeVert, Caris",Questionable,Injury/Illness -,"LeVert, Caris Questionable Injury/Illness - "
2025-10-29,"Sasser, Marcus",Questionable,Injury/Illness -,"Sasser, Marcus Questionable Injury/Illness - "
2025-10-29,"Thompson, Ausar",Questionable,Injury/Illness -,"Thompson, Ausar Questionable Injury/Illness - "
2025-10-29,"Djurisic, Nikola",Out,G,"Djurisic, Nikola Out G "
2025-10-29,"Johnson, Jalen",Probable,Injury/Illness -,"Johnson, Jalen Probable Injury/Illness - "
2025-10-29,"Ndiaye, Eli John",Out,G,"Ndiaye, Eli John Out G "
2025-10-29,"Risacher, Zaccharie",Probable,Injury/Illness -,"Risacher, Zaccharie Probable Injury/Illness - "
2025-10-29,"Highsmith, Haywood",Out,Injury/Illness -,"Highsmith, Haywood Out Injury/Illness - "
2025-10-29,"Williams, Ziaire",Out,Injury/Illness -,"Williams, Ziaire Out Injury/Illness - "
2025-10-29,"Clifford, Nique",Out,Injury/Illness -,"Clifford, Nique Out Injury/Illness - "
2025-10-29,"Ellis, Keon",Questionable,Injury/Illness -,"Ellis, Keon Questionable Injury/Illness - "
2025-10-29,"Murray, Keegan",Out,Injury/Illness -,"Murray, Keegan Out Injury/Illness - "
2025-10-29,"Plowden, Daeqwon",Out,G,"Plowden, Daeqwon Out G "
2025-10-29,"Stevens, Isaiah",Out,G,"Stevens, Isaiah Out G "
2025-10-29,"Collins, Zach",Out,Injury/Illness -,"Collins, Zach Out Injury/Illness - "
2025-10-29,"White, Coby",Out,Injury/Illness -,"White, Coby Out Injury/Illness - "
2025-10-29,"Furphy, Johnny",Out,Injury/Illness -,"Furphy, Johnny Out Injury/Illness - "
2025-10-29,"Haliburton, Tyrese",Out,Injury/Illness -,"Haliburton, Tyrese Out Injury/Illness - "
2025-10-29,"Jones, Kam",Out,Injury/Illness -,"Jones, Kam Out Injury/Illness - "
2025-10-29,"Mathurin, Bennedict",Out,Injury/Illness -,"Mathurin, Bennedict Out Injury/Illness - "
2025-10-29,"Nembhard, Andrew",Out,Injury/Illness -,"Nembhard, Andrew Out Injury/Illness - "
2025-10-29,"Peter, Taelon",Doubtful,Injury/Illness -,"Peter, Taelon Doubtful Injury/Illness - "
2025-10-29,"Toppin, Obi",Out,Injury/Illness -,"Toppin, Obi Out Injury/Illness - "
2025-10-29,"Davis, Anthony",Probable,Injury/Illness -,"Davis, Anthony Probable Injury/Illness - "
2025-10-29,"Exum, Dante",Out,Injury/Illness -,"Exum, Dante Out Injury/Illness - "
2025-10-29,"Gafford, Daniel",Doubtful,Injury/Illness -,"Gafford, Daniel Doubtful Injury/Illness - "
2025-10-29,"Irving, Kyrie",Out,Injury/Illness -,"Irving, Kyrie Out Injury/Illness - "
2025-10-29,"Lively II, Dereck",Doubtful,Injury/Illness -,"Lively II, Dereck Doubtful Injury/Illness - "
2025-10-29,"Williams, Brandon",Questionable,Personal,"Williams, Brandon Questionable Personal "
2025-10-29,"Alexander, Trey",Out,G,"Alexander, Trey Out G "
2025-10-29,"Dickinson, Hunter",Out,G,"Dickinson, Hunter Out G "
2025-10-29,"Looney, Kevon",Out,Injury/Illness -,"Looney, Kevon Out Injury/Illness - "
2025-10-29,"Murray, Dejounte",Out,Injury/Illness -,"Murray, Dejounte Out Injury/Illness - "
2025-10-29,"Williamson, Zion",Questionable,Injury/Illness -,"Williamson, Zion Questionable Injury/Illness - "
2025-10-29,"Bates, Tamar",Out,G,"Bates, Tamar Out G "
2025-10-29,"Holmes II, DaRon",Out,G,"Holmes II, DaRon Out G "
2025-10-29,"Johnson, Cameron",Questionable,Injury/Illness -,"Johnson, Cameron Questionable Injury/Illness - "
2025-10-29,"Jones, Curtis",Out,G,"Jones, Curtis Out G "
2025-10-29,"Henderson, Scoot",Out,Injury/Illness -,"Henderson, Scoot Out Injury/Illness - "
2025-10-29,"Lillard, Damian",Out,Injury/Illness -,"Lillard, Damian Out Injury/Illness - "
2025-10-29,"Murray, Kris",Questionable,Injury/Illness -,"Murray, Kris Questionable Injury/Illness - "
2025-10-29,"Thybulle, Matisse",Questionable,Injury/Illness -,"Thybulle, Matisse Questionable Injury/Illness - "
2025-10-29,"Williams III, Robert",Out,G,"Williams III, Robert Out G "
2025-10-29,"Collier, Isaiah",Out,Injury/Illness -,"Collier, Isaiah Out Injury/Illness - "
2025-10-29,"Niang, Georges",Out,Injury/Illness -,"Niang, Georges Out Injury/Illness - "
2025-10-29,"Nurkic, Jusuf",Available,Injury/Illness -,"Nurkic, Jusuf Available Injury/Illness - "
2025-10-29,"Tonje, John",Out,G,"Tonje, John Out G "
2025-10-29,"Tshiebwe, Oscar",Out,G,"Tshiebwe, Oscar Out G "
2025-10-29,"Doncic, Luka",Out,Injury/Illness -,"Doncic, Luka Out Injury/Illness - "
2025-10-29,"Hayes, Jaxson",Available,Injury/Illness -,"Hayes, Jaxson Available Injury/Illness - "
2025-10-29,"James, LeBron",Out,Injury/Illness -,"James, LeBron Out Injury/Illness - "
2025-10-29,"Kleber, Maxi",Out,Injury/Illness -,"Kleber, Maxi Out Injury/Illness - "
2025-10-29,"Smart, Marcus",Out,Injury/Illness -,"Smart, Marcus Out Injury/Illness - "
2025-10-29,"Thiero, Adou",Out,Injury/Illness -,"Thiero, Adou Out Injury/Illness - "
2025-10-29,"Vincent, Gabe",Out,Injury/Illness -,"Vincent, Gabe Out Injury/Illness - "
2025-10-29,"Clark, Jaylen",Questionable,Injury/Illness -,"Clark, Jaylen Questionable Injury/Illness - "
2025-10-29,"Dillingham, Rob",Available,Injury/Illness -,"Dillingham, Rob Available Injury/Illness - "
2025-10-29,"Edwards, Anthony",Out,Injury/Illness -,"Edwards, Anthony Out Injury/Illness - "
2025-10-29,"Freeman, Enrique",Out,G,"Freeman, Enrique Out G "
2025-10-29,"Zikarsky, Rocco",Out,G,"Zikarsky, Rocco Out G "
2025-10-29,"Aldama, Santi",Questionable,Injury/Illness -,"Aldama, Santi Questionable Injury/Illness - "
2025-10-29,"Clarke, Brandon",Out,Injury/Illness -,"Clarke, Brandon Out Injury/Illness - "
2025-10-29,"Edey, Zach",Out,Injury/Illness -,"Edey, Zach Out Injury/Illness - "
2025-10-29,"Jerome, Ty",Out,Injury/Illness -,"Jerome, Ty Out Injury/Illness - "
2025-10-29,"Pippen Jr., Scotty",Out,Injury/Illness -,"Pippen Jr., Scotty Out Injury/Illness - "
2025-10-29,"Williams Jr., Vince",Questionable,Injury/Illness -,"Williams Jr., Vince Questionable Injury/Illness - "
2025-10-29,"Brea, Koby",Out,G,"Brea, Koby Out G "
2025-10-29,"Brooks, Dillon",Out,Injury/Illness -,"Brooks, Dillon Out Injury/Illness - "
2025-10-29,"Green, Jalen",Questionable,Injury/Illness -,"Green, Jalen Questionable Injury/Illness - "
2025-10-29,"Huntley, CJ",Out,G,"Huntley, CJ Out G "
2025-10-29,"Green, Josh",Out,Injury/Illness -,"Green, Josh Out Injury/Illness - "
2025-10-29,"Miller, Brandon",Out,Injury/Illness -,"Miller, Brandon Out Injury/Illness - "
2025-10-29,"Peterson, Drew",Out,G,"Peterson, Drew Out G "
2025-10-29,"Reeves, Antonio",Out,G,"Reeves, Antonio Out G "
2025-10-29,"Simpson, KJ",Out,G,"Simpson, KJ Out G "
2025-10-29,"Williams, Grant",Out,Injury/Illness -,"Williams, Grant Out Injury/Illness - "
2025-10-29,"Melton, De'Anthony",Out,Injury/Illness -,"Melton, De'Anthony Out Injury/Illness - "
2025-10-29,"Moody, Moses",Questionable,Injury/Illness -,"Moody, Moses Questionable Injury/Illness - "
2025-10-29,"Toohey, Alex",Out,Injury/Illness -,"Toohey, Alex Out Injury/Illness - "
2025-10-29,"Antetokounmpo, Giannis",Probable,Injury/Illness -,"Antetokounmpo, Giannis Probable Injury/Illness - "
2025-10-29,"Porter Jr., Kevin",Out,Injury/Illness -,"Porter Jr., Kevin Out Injury/Illness - "
2025-10-29,"Bagley III, Marvin",Questionable,Injury/Illness -,"Bagley III, Marvin Questionable Injury/Illness - "
2025-10-29,"Herro, Tyler",Out,Injury/Illness -,"Herro, Tyler Out Injury/Illness - "
2025-10-29,"Jakucionis, Kasparas",Out,Injury/Illness -,"Jakucionis, Kasparas Out Injury/Illness - "
2025-10-29,"Jovic, Nikola",Questionable,Injury/Illness -,"Jovic, Nikola Questionable Injury/Illness - "
2025-10-29,"Powell, Norman",Doubtful,Injury/Illness -,"Powell, Norman Doubtful Injury/Illness - "
2025-10-29,"Rozier, Terry",Out,Not,"Rozier, Terry Out Not "
2025-10-29,"Fox, De'Aaron",Out,Injury/Illness -,"Fox, De'Aaron Out Injury/Illness - "
2025-10-29,"Kornet, Luke",Out,Injury/Illness -,"Kornet, Luke Out Injury/Illness - "
2025-10-29,"Olynyk, Kelly",Out,Injury/Illness -,"Olynyk, Kelly Out Injury/Illness - "
2025-10-29,"Sochan, Jeremy",Out,Injury/Illness -,"Sochan, Jeremy Out Injury/Illness - "
2025-10-29,"Waters III, Lindy",Out,Injury/Illness -,"Waters III, Lindy Out Injury/Illness - "
2025-10-30,"Cain, Jamal",Out,Not,"Cain, Jamal Out Not "
2025-10-30,"Castleton, Colin",Out,Not,"Castleton, Colin Out Not "
2025-10-30,"Suggs, Jalen",Out,Injury/Illness -,"Suggs, Jalen Out Injury/Illness - "
2025-10-30,"Wagner, Franz",Questionable,Injury/Illness -,"Wagner, Franz Questionable Injury/Illness - "
2025-10-30,"Wagner, Moritz",Out,Injury/Illness -,"Wagner, Moritz Out Injury/Illness - "
2025-10-30,"Green, Josh",Out,Injury/Illness -,"Green, Josh Out Injury/Illness - "
2025-10-30,"Miller, Brandon",Out,Injury/Illness -,"Miller, Brandon Out Injury/Illness - "
2025-10-30,"Peterson, Drew",Out,G,"Peterson, Drew Out G "
2025-10-30,"Reeves, Antonio",Out,G,"Reeves, Antonio Out G "
2025-10-30,"Simpson, KJ",Out,G,"Simpson, KJ Out G "
2025-10-30,"Williams, Grant",Out,Injury/Illness -,"Williams, Grant Out Injury/Illness - "
2025-10-30,"Melton, De'Anthony",Out,Injury/Illness -,"Melton, De'Anthony Out Injury/Illness - "
2025-10-30,"Moody, Moses",Available,Injury/Illness -,"Moody, Moses Available Injury/Illness - "
2025-10-30,"Toohey, Alex",Out,Injury/Illness -,"Toohey, Alex Out Injury/Illness - "
2025-10-30,"Antetokounmpo, Giannis",Probable,Injury/Illness -,"Antetokounmpo, Giannis Probable Injury/Illness - "
2025-10-30,"Porter Jr., Kevin",Out,Injury/Illness -,"Porter Jr., Kevin Out Injury/Illness - "
2025-10-30,"Bagley III, Marvin",Available,Injury/Illness -,"Bagley III, Marvin Available Injury/Illness - "
2025-10-30,"Holmgren, Chet",Out,Injury/Illness -,"Holmgren, Chet Out Injury/Illness - "
2025-10-30,"Sorber, Thomas",Out,Injury/Illness -,"Sorber, Thomas Out Injury/Illness - "
2025-10-30,"Topic, Nikola",Out,Injury/Illness -,"Topic, Nikola Out Injury/Illness - "
2025-10-30,"Williams, Jalen",Out,Injury/Illness -,"Williams, Jalen Out Injury/Illness - "
2025-10-30,"Williams, Kenrich",Out,Injury/Illness -,"Williams, Kenrich Out Injury/Illness - "
2025-10-30,"Herro, Tyler",Out,Injury/Illness -,"Herro, Tyler Out Injury/Illness - "
2025-10-30,"Jakucionis, Kasparas",Out,Injury/Illness -,"Jakucionis, Kasparas Out Injury/Illness - "
2025-10-30,"Jovic, Nikola",Probable,Injury/Illness -,"Jovic, Nikola Probable Injury/Illness - "
2025-10-30,"Powell, Norman",Doubtful,Injury/Illness -,"Powell, Norman Doubtful Injury/Illness - "
2025-10-30,"Rozier, Terry",Out,Not,"Rozier, Terry Out Not "
2025-10-30,"Fox, De'Aaron",Out,Injury/Illness -,"Fox, De'Aaron Out Injury/Illness - "
2025-10-30,"Kornet, Luke",Out,Injury/Illness -,"Kornet, Luke Out Injury/Illness - "
2025-10-30,"Olynyk, Kelly",Out,Injury/Illness -,"Olynyk, Kelly Out Injury/Illness - "
2025-10-30,"Sochan, Jeremy",Out,Injury/Illness -,"Sochan, Jeremy Out Injury/Illness - "
2025-10-30,"Waters III, Lindy",Out,Injury/Illness -,"Waters III, Lindy Out Injury/Illness - "
2025-10-30,"Djurisic, Nikola",Out,G,"Djurisic, Nikola Out G "
2025-10-30,"Ndiaye, Eli John",Out,G,"Ndiaye, Eli John Out G "
2025-10-30,"Young, Trae",Out,Injury/Illness -,"Young, Trae Out Injury/Illness - "
2025-10-30,"Furphy, Johnny",Questionable,Injury/Illness -,"Furphy, Johnny Questionable Injury/Illness - "
2025-10-30,"Haliburton, Tyrese",Out,Injury/Illness -,"Haliburton, Tyrese Out Injury/Illness - "
2025-10-30,"Jones, Kam",Out,Injury/Illness -,"Jones, Kam Out Injury/Illness - "
2025-10-30,"Mathurin, Bennedict",Out,Injury/Illness -,"Mathurin, Bennedict Out Injury/Illness - "
2025-10-30,"Nembhard, Andrew",Out,Injury/Illness -,"Nembhard, Andrew Out Injury/Illness - "
2025-10-30,"Peter, Taelon",Questionable,Injury/Illness -,"Peter, Taelon Questionable Injury/Illness - "
2025-10-30,"Toppin, Obi",Out,Injury/Illness -,"Toppin, Obi Out Injury/Illness - "
2025-10-30,"Harper Jr., Ron",Out,G,"Harper Jr., Ron Out G "
2025-10-30,"Shulga, Max",Out,G,"Shulga, Max Out G "
2025-10-30,"Tatum, Jayson",Out,Injury/Illness -,"Tatum, Jayson Out Injury/Illness - "
2025-10-30,"Williams, Amari",Out,G,"Williams, Amari Out G "
2025-10-30,"Barlow, Dominick",Out,Injury/Illness -,"Barlow, Dominick Out Injury/Illness - "
2025-10-30,"George, Paul",Out,Injury/Illness -,"George, Paul Out Injury/Illness - "
2025-10-30,"McCain, Jared",Out,Injury/Illness -,"McCain, Jared Out Injury/Illness - "
2025-10-30,"Hepburn, Chucky",Out,G,"Hepburn, Chucky Out G "
2025-10-30,"Martin, Alijah",Out,G,"Martin, Alijah Out G "
2025-10-30,"Poeltl, Jakob",Out,Injury/Illness -,"Poeltl, Jakob Out Injury/Illness - "
2025-10-30,"Allen, Jarrett",Questionable,Injury/Illness -,"Allen, Jarrett Questionable Injury/Illness - "
2025-10-30,"Garland, Darius",Out,Injury/Illness -,"Garland, Darius Out Injury/Illness - "
2025-10-30,"Merrill, Sam",Out,Injury/Illness -,"Merrill, Sam Out Injury/Illness - "
2025-10-30,"Mitchell, Donovan",Questionable,Injury/Illness -,"Mitchell, Donovan Questionable Injury/Illness - "
2025-10-30,"Strus, Max",Out,Injury/Illness -,"Strus, Max Out Injury/Illness - "
2025-10-30,"Collins, Zach",Out,Injury/Illness -,"Collins, Zach Out Injury/Illness - "
2025-10-30,"White, Coby",Out,Injury/Illness -,"White, Coby Out Injury/Illness - "
2025-10-30,"Alexander, Trey",Out,G,"Alexander, Trey Out G "
2025-10-30,"Dickinson, Hunter",Out,G,"Dickinson, Hunter Out G "
2025-10-30,"Looney, Kevon",Doubtful,Injury/Illness -,"Looney, Kevon Doubtful Injury/Illness - "
2025-10-30,"Murray, Dejounte",Out,Injury/Illness -,"Murray, Dejounte Out Injury/Illness - "
2025-10-31,"Djurisic, Nikola",Out,G,"Djurisic, Nikola Out G "
2025-10-31,"Ndiaye, Eli John",Out,G,"Ndiaye, Eli John Out G "
2025-10-31,"Young, Trae",Out,Injury/Illness -,"Young, Trae Out Injury/Illness - "
2025-10-31,"Furphy, Johnny",Out,Injury/Illness -,"Furphy, Johnny Out Injury/Illness - "
2025-10-31,"Haliburton, Tyrese",Out,Injury/Illness -,"Haliburton, Tyrese Out Injury/Illness - "
2025-10-31,"Jones, Kam",Out,Injury/Illness -,"Jones, Kam Out Injury/Illness - "
2025-10-31,"Mathurin, Bennedict",Out,Injury/Illness -,"Mathurin, Bennedict Out Injury/Illness - "
2025-10-31,"Nembhard, Andrew",Out,Injury/Illness -,"Nembhard, Andrew Out Injury/Illness - "
2025-10-31,"Peter, Taelon",Available,Injury/Illness -,"Peter, Taelon Available Injury/Illness - "
2025-10-31,"Toppin, Obi",Out,Injury/Illness -,"Toppin, Obi Out Injury/Illness - "
2025-10-31,"Harper Jr., Ron",Out,G,"Harper Jr., Ron Out G "
2025-10-31,"Shulga, Max",Out,G,"Shulga, Max Out G "
2025-10-31,"Tatum, Jayson",Out,Injury/Illness -,"Tatum, Jayson Out Injury/Illness - "
2025-10-31,"Williams, Amari",Out,G,"Williams, Amari Out G "
2025-10-31,"Barlow, Dominick",Out,Injury/Illness -,"Barlow, Dominick Out Injury/Illness - "
2025-10-31,"George, Paul",Out,Injury/Illness -,"George, Paul Out Injury/Illness - "
2025-10-31,"McCain, Jared",Out,Injury/Illness -,"McCain, Jared Out Injury/Illness - "
2025-10-31,"Hepburn, Chucky",Out,G,"Hepburn, Chucky Out G "
2025-10-31,"Martin, Alijah",Out,G,"Martin, Alijah Out G "
2025-10-31,"Poeltl, Jakob",Out,Injury/Illness -,"Poeltl, Jakob Out Injury/Illness - "
2025-10-31,"Allen, Jarrett",Questionable,Injury/Illness -,"Allen, Jarrett Questionable Injury/Illness - "
2025-10-31,"Garland, Darius",Out,Injury/Illness -,"Garland, Darius Out Injury/Illness - "
2025-10-31,"Merrill, Sam",Out,Injury/Illness -,"Merrill, Sam Out Injury/Illness - "
2025-10-31,"Mitchell, Donovan",Questionable,Injury/Illness -,"Mitchell, Donovan Questionable Injury/Illness - "
2025-10-31,"Strus, Max",Out,Injury/Illness -,"Strus, Max Out Injury/Illness - "
2025-10-31,"Robinson, Mitchell",Questionable,Injury/Illness -,"Robinson, Mitchell Questionable Injury/Illness - "
2025-10-31,"Towns, Karl- Anthony",Probable,Injury/Illness -,"Towns, Karl- Anthony Probable Injury/Illness - "
2025-10-31,"Yabusele, Guerschon",Probable,Injury/Illness -,"Yabusele, Guerschon Probable Injury/Illness - "
2025-10-31,"Collins, Zach",Out,Injury/Illness -,"Collins, Zach Out Injury/Illness - "
2025-10-31,"White, Coby",Out,Injury/Illness -,"White, Coby Out Injury/Illness - "
2025-10-31,"Doncic, Luka",Probable,Injury/Illness -,"Doncic, Luka Probable Injury/Illness - "
2025-10-31,"James, LeBron",Out,Injury/Illness -,"James, LeBron Out Injury/Illness - "
2025-10-31,"Kleber, Maxi",Out,Injury/Illness -,"Kleber, Maxi Out Injury/Illness - "
2025-10-31,"Smart, Marcus",Probable,Injury/Illness -,"Smart, Marcus Probable Injury/Illness - "
2025-10-31,"Thiero, Adou",Out,Injury/Illness -,"Thiero, Adou Out Injury/Illness - "
2025-10-31,"Vincent, Gabe",Out,Injury/Illness -,"Vincent, Gabe Out Injury/Illness - "
2025-10-31,"Clarke, Brandon",Out,Injury/Illness -,"Clarke, Brandon Out Injury/Illness - "
2025-10-31,"Edey, Zach",Out,Injury/Illness -,"Edey, Zach Out Injury/Illness - "
2025-10-31,"Jackson, GG",Questionable,Injury/Illness -,"Jackson, GG Questionable Injury/Illness - "
2025-10-31,"Jerome, Ty",Out,Injury/Illness -,"Jerome, Ty Out Injury/Illness - "
2025-10-31,"Pippen Jr., Scotty",Out,Injury/Illness -,"Pippen Jr., Scotty Out Injury/Illness - "
2025-10-31,"Bates, Tamar",Out,G,"Bates, Tamar Out G "
2025-10-31,"Holmes II, DaRon",Out,G,"Holmes II, DaRon Out G "
2025-10-31,"Johnson, Cameron",Probable,Injury/Illness -,"Johnson, Cameron Probable Injury/Illness - "
2025-10-31,"Jones, Curtis",Out,G,"Jones, Curtis Out G "
2025-10-31,"Murray, Jamal",Questionable,Injury/Illness -,"Murray, Jamal Questionable Injury/Illness - "
2025-10-31,"Henderson, Scoot",Out,Injury/Illness -,"Henderson, Scoot Out Injury/Illness - "
2025-10-31,"Lillard, Damian",Out,Injury/Illness -,"Lillard, Damian Out Injury/Illness - "
2025-10-31,"Murray, Kris",Questionable,Injury/Illness -,"Murray, Kris Questionable Injury/Illness - "
2025-10-31,"Sharpe, Shaedon",Probable,Injury/Illness -,"Sharpe, Shaedon Probable Injury/Illness - "
2025-10-31,"Thybulle, Matisse",Out,Injury/Illness -,"Thybulle, Matisse Out Injury/Illness - "
2025-10-31,"Williams III, Robert",Questionable,G,"Williams III, Robert Questionable G "
2025-10-31,"Collier, Isaiah",Out,G,"Collier, Isaiah Out G "
2025-10-31,"Niang, Georges",Out,Injury/Illness -,"Niang, Georges Out Injury/Illness - "
2025-10-31,"Tonje, John",Out,G,"Tonje, John Out G "
2025-10-31,"Tshiebwe, Oscar",Out,G,"Tshiebwe, Oscar Out G "
2025-10-31,"Brea, Koby",Out,G,"Brea, Koby Out G "
2025-10-31,"Brooks, Dillon",Out,Injury/Illness -,"Brooks, Dillon Out Injury/Illness - "
2025-10-31,"Green, Jalen",Out,Injury/Illness -,"Green, Jalen Out Injury/Illness - "
2025-10-31,"Huntley, CJ",Out,G,"Huntley, CJ Out G "
2025-10-31,"Alexander, Trey",Out,G,"Alexander, Trey Out G "
2025-10-31,"Dickinson, Hunter",Out,G,"Dickinson, Hunter Out G "
2025-10-31,"Looney, Kevon",Out,Injury/Illness -,"Looney, Kevon Out Injury/Illness - "
2025-10-31,"Murray, Dejounte",Out,Injury/Illness -,"Murray, Dejounte Out Injury/Illness - "
2025-10-31,"Miller, Jordan",Out,Injury/Illness -,"Miller, Jordan Out Injury/Illness - "
2025-10-31,"Niederhauser, Yanic Konan",Out,Injury/Illness -,"Niederhauser, Yanic Konan Out Injury/Illness - "
2025-10-31,"Sanders, Kobe",Out,Injury/Illness -,"Sanders, Kobe Out Injury/Illness - "
2025-10-31,"Clifford, Nique",Questionable,Injury/Illness -,"Clifford, Nique Questionable Injury/Illness - "
2025-10-31,"Monk, Malik",Out,Personal,"Monk, Malik Out Personal "
2025-10-31,"Murray, Keegan",Out,Injury/Illness -,"Murray, Keegan Out Injury/Illness - "
2025-10-31,"Plowden, Daeqwon",Available,G,"Plowden, Daeqwon Available G "
2025-10-31,"Stevens, Isaiah",Out,G,"Stevens, Isaiah Out G "
2025-10-31,"Clark, Jaylen",Questionable,Injury/Illness -,"Clark, Jaylen Questionable Injury/Illness - "
2025-10-31,"Dillingham, Rob",Available,Injury/Illness -,"Dillingham, Rob Available Injury/Illness - "
2025-10-31,"Edwards, Anthony",Out,Injury/Illness -,"Edwards, Anthony Out Injury/Illness - "
2025-10-31,"Freeman, Enrique",Out,G,"Freeman, Enrique Out G "
2025-10-31,"Zikarsky, Rocco",Out,G,"Zikarsky, Rocco Out G "
2025-10-31,"Ball, LaMelo",Questionable,Injury/Illness -,"Ball, LaMelo Questionable Injury/Illness - "
2025-10-31,"Green, Josh",Out,Injury/Illness -,"Green, Josh Out Injury/Illness - "
2025-10-31,"Miller, Brandon",Out,Injury/Illness -,"Miller, Brandon Out Injury/Illness - "
2025-10-31,"Peterson, Drew",Out,G,"Peterson, Drew Out G "
2025-10-31,"Reeves, Antonio",Out,G,"Reeves, Antonio Out G "
2025-10-31,"Williams, Grant",Out,Injury/Illness -,"Williams, Grant Out Injury/Illness - "
2025-10-31,"Melton, De'Anthony",Out,Injury/Illness -,"Melton, De'Anthony Out Injury/Illness - "
2025-10-31,"Toohey, Alex",Out,Injury/Illness -,"Toohey, Alex Out Injury/Illness - "
2025-10-31,"Cain, Jamal",Out,Not,"Cain, Jamal Out Not "
2025-10-31,"Castleton, Colin",Out,Not,"Castleton, Colin Out Not "
2025-10-31,"Wagner, Moritz",Out,Injury/Illness -,"Wagner, Moritz Out Injury/Illness - "
2025-10-31,"Smith, Dorian",Out,Injury/Illness -,"Smith, Dorian Out Injury/Illness - "
2025-10-31,"VanVleet, Fred",Out,Injury/Illness -,"VanVleet, Fred Out Injury/Illness - "
2025-11-01,"Monk, Malik",Out,Personal,"Monk, Malik Out Personal "
2025-11-01,"Murray, Keegan",Out,Injury/Illness -,"Murray, Keegan Out Injury/Illness - "
2025-11-01,"Plowden, Daeqwon",Available,G,"Plowden, Daeqwon Available G "
2025-11-01,"Stevens, Isaiah",Out,G,"Stevens, Isaiah Out G "
2025-11-01,"Antetokounmpo, Alex",Out,G,"Antetokounmpo, Alex Out G "
2025-11-01,"Antetokounmpo, Giannis",Available,Injury/Illness -,"Antetokounmpo, Giannis Available Injury/Illness - "
2025-11-01,"Nance, Pete",Out,G,"Nance, Pete Out G "
2025-11-01,"Porter Jr., Kevin",Out,Injury/Illness -,"Porter Jr., Kevin Out Injury/Illness - "
2025-11-01,"Sears, Mark",Out,G,"Sears, Mark Out G "
2025-11-01,"Clark, Jaylen",Available,Injury/Illness -,"Clark, Jaylen Available Injury/Illness - "
2025-11-01,"Dillingham, Rob",Available,Injury/Illness -,"Dillingham, Rob Available Injury/Illness - "
2025-11-01,"Edwards, Anthony",Out,Injury/Illness -,"Edwards, Anthony Out Injury/Illness - "
2025-11-01,"Freeman, Enrique",Out,G,"Freeman, Enrique Out G "
2025-11-01,"Zikarsky, Rocco",Out,G,"Zikarsky, Rocco Out G "
2025-11-01,"Ball, LaMelo",Available,Injury/Illness -,"Ball, LaMelo Available Injury/Illness - "
2025-11-01,"Green, Josh",Out,Injury/Illness -,"Green, Josh Out Injury/Illness - "
2025-11-01,"Miller, Brandon",Out,Injury/Illness -,"Miller, Brandon Out Injury/Illness - "
2025-11-01,"Peterson, Drew",Out,G,"Peterson, Drew Out G "
2025-11-01,"Reeves, Antonio",Out,G,"Reeves, Antonio Out G "
2025-11-01,"Williams, Grant",Out,Injury/Illness -,"Williams, Grant Out Injury/Illness - "
2025-11-01,"Melton, De'Anthony",Out,Injury/Illness -,"Melton, De'Anthony Out Injury/Illness - "
2025-11-01,"Toohey, Alex",Out,Injury/Illness -,"Toohey, Alex Out Injury/Illness - "
2025-11-01,"Furphy, Johnny",Probable,Injury/Illness -,"Furphy, Johnny Probable Injury/Illness - "
2025-11-01,"Haliburton, Tyrese",Out,Injury/Illness -,"Haliburton, Tyrese Out Injury/Illness - "
2025-11-01,"Jones, Kam",Out,Injury/Illness -,"Jones, Kam Out Injury/Illness - "
2025-11-01,"Mathurin, Bennedict",Out,Injury/Illness -,"Mathurin, Bennedict Out Injury/Illness - "
2025-11-01,"Nembhard, Andrew",Out,Injury/Illness -,"Nembhard, Andrew Out Injury/Illness - "
2025-11-01,"Peter, Taelon",Probable,Injury/Illness -,"Peter, Taelon Probable Injury/Illness - "
2025-11-01,"Toppin, Obi",Out,Injury/Illness -,"Toppin, Obi Out Injury/Illness - "
2025-11-01,"Cain, Jamal",Out,Not,"Cain, Jamal Out Not "
2025-11-01,"Castleton, Colin",Out,Not,"Castleton, Colin Out Not "
2025-11-01,"Wagner, Moritz",Out,Injury/Illness -,"Wagner, Moritz Out Injury/Illness - "
2025-11-01,"Smith, Dorian",Out,Injury/Illness -,"Smith, Dorian Out Injury/Illness - "
2025-11-01,"VanVleet, Fred",Out,Injury/Illness -,"VanVleet, Fred Out Injury/Illness - "
2025-11-01,"Pritchard, Payton",Probable,Injury/Illness -,"Pritchard, Payton Probable Injury/Illness - "
2025-11-01,"Tatum, Jayson",Out,Injury/Illness -,"Tatum, Jayson Out Injury/Illness - "
2025-11-01,"White, Derrick",Probable,Injury/Illness -,"White, Derrick Probable Injury/Illness - "
2025-11-01,"Davis, Anthony",Out,Injury/Illness -,"Davis, Anthony Out Injury/Illness - "
2025-11-01,"Exum, Dante",Out,Injury/Illness -,"Exum, Dante Out Injury/Illness - "
2025-11-01,"Gafford, Daniel",Questionable,Injury/Illness -,"Gafford, Daniel Questionable Injury/Illness - "
2025-11-01,"Irving, Kyrie",Out,Injury/Illness -,"Irving, Kyrie Out Injury/Illness - "
2025-11-01,"Lively II, Dereck",Out,Injury/Illness -,"Lively II, Dereck Out Injury/Illness - "
2025-11-01,"Russell, D'Angelo",Questionable,Injury/Illness -,"Russell, D'Angelo Questionable Injury/Illness - "
2025-11-01,"Ivey, Jaden",Out,Injury/Illness -,"Ivey, Jaden Out Injury/Illness - "
2025-11-01,"Sasser, Marcus",Questionable,Injury/Illness -,"Sasser, Marcus Questionable Injury/Illness - "
2025-11-01,"Alexander, Trey",Out,G,"Alexander, Trey Out G "
2025-11-01,"Dickinson, Hunter",Out,G,"Dickinson, Hunter Out G "
2025-11-01,"Looney, Kevon",Questionable,Injury/Illness -,"Looney, Kevon Questionable Injury/Illness - "
2025-11-01,"Murray, Dejounte",Out,Injury/Illness -,"Murray, Dejounte Out Injury/Illness - "
2025-11-01,"Djurisic, Nikola",Out,G,"Djurisic, Nikola Out G "
2025-11-01,"Ndiaye, Eli John",Out,G,"Ndiaye, Eli John Out G "
2025-11-01,"Young, Trae",Out,Injury/Illness -,"Young, Trae Out Injury/Illness - "
2025-11-01,"Allen, Jarrett",Questionable,Injury/Illness -,"Allen, Jarrett Questionable Injury/Illness - "
2025-11-01,"Garland, Darius",Out,Injury/Illness -,"Garland, Darius Out Injury/Illness - "
2025-11-01,"Merrill, Sam",Questionable,Injury/Illness -,"Merrill, Sam Questionable Injury/Illness - "
2025-11-01,"Mitchell, Donovan",Questionable,Injury/Illness -,"Mitchell, Donovan Questionable Injury/Illness - "
2025-11-01,"Strus, Max",Out,Injury/Illness -,"Strus, Max Out Injury/Illness - "
2025-11-01,"Clarke, Brandon",Out,Injury/Illness -,"Clarke, Brandon Out Injury/Illness - "
2025-11-01,"Edey, Zach",Out,Injury/Illness -,"Edey, Zach Out Injury/Illness - "
2025-11-01,"Jerome, Ty",Out,Injury/Illness -,"Jerome, Ty Out Injury/Illness - "
2025-11-01,"Morant, Ja",Out,Team,"Morant, Ja Out Team "
2025-11-01,"Pippen Jr., Scotty",Out,Injury/Illness -,"Pippen Jr., Scotty Out Injury/Illness - "
2025-11-01,"Poeltl, Jakob",Out,Injury/Illness -,"Poeltl, Jakob Out Injury/Illness - "
2025-11-01,"Shead, Jamal",Questionable,Injury/Illness -,"Shead, Jamal Questionable Injury/Illness - "
2025-11-01,"Barlow, Dominick",Out,Injury/Illness -,"Barlow, Dominick Out Injury/Illness - "
2025-11-01,"Broome, Johni",Out,G,"Broome, Johni Out G "
2025-11-01,"Embiid, Joel",Out,Injury/Illness -,"Embiid, Joel Out Injury/Illness - "
2025-11-01,"George, Paul",Out,Injury/Illness -,"George, Paul Out Injury/Illness - "
2025-11-01,"McCain, Jared",Out,Injury/Illness -,"McCain, Jared Out Injury/Illness - "
2025-11-01,"Highsmith, Haywood",Out,Injury/Illness -,"Highsmith, Haywood Out Injury/Illness - "
2025-11-01,"Wolf, Danny",Out,Injury/Illness -,"Wolf, Danny Out Injury/Illness - "
2025-11-01,"Collier, Isaiah",Out,G,"Collier, Isaiah Out G "
2025-11-01,"Kessler, Walker",Out,Injury/Illness -,"Kessler, Walker Out Injury/Illness - "
2025-11-01,"Niang, Georges",Out,Injury/Illness -,"Niang, Georges Out Injury/Illness - "
2025-11-01,"Tonje, John",Out,G,"Tonje, John Out G "
2025-11-01,"Tshiebwe, Oscar",Out,G,"Tshiebwe, Oscar Out G "
2025-11-01,"Collins, Zach",Out,Injury/Illness -,"Collins, Zach Out Injury/Illness - "
2025-11-01,"Dosunmu, Ayo",Questionable,Injury/Illness -,"Dosunmu, Ayo Questionable Injury/Illness - "
2025-11-01,"Essengue, Noa",Out,G,"Essengue, Noa Out G "
2025-11-01,"Phillips, Julian",Probable,Injury/Illness -,"Phillips, Julian Probable Injury/Illness - "
2025-11-01,"White, Coby",Out,Injury/Illness -,"White, Coby Out Injury/Illness - "
2025-11-01,"Robinson, Mitchell",Questionable,Injury/Illness -,"Robinson, Mitchell Questionable Injury/Illness - "
2025-11-01,"Goldin, Vladislav",Out,G,"Goldin, Vladislav Out G "
2025-11-01,"Herro, Tyler",Out,Injury/Illness -,"Herro, Tyler Out Injury/Illness - "
2025-11-01,"Jakucionis, Kasparas",Out,Injury/Illness -,"Jakucionis, Kasparas Out Injury/Illness - "
2025-11-01,"Jovic, Nikola",Available,Injury/Illness -,"Jovic, Nikola Available Injury/Illness - "
2025-11-01,"Powell, Norman",Questionable,Injury/Illness -,"Powell, Norman Questionable Injury/Illness - "
2025-11-01,"Rozier, Terry",Out,Not,"Rozier, Terry Out Not "
2025-11-02,"Alexander, Trey",Out,G,"Alexander, Trey Out G "
2025-11-02,"Dickinson, Hunter",Out,G,"Dickinson, Hunter Out G "
2025-11-02,"Looney, Kevon",Available,Injury/Illness -,"Looney, Kevon Available Injury/Illness - "
2025-11-02,"Murray, Dejounte",Out,Injury/Illness -,"Murray, Dejounte Out Injury/Illness - "
2025-11-02,"Dort, Luguentz",Out,Injury/Illness -,"Dort, Luguentz Out Injury/Illness - "
2025-11-02,"Holmgren, Chet",Out,Injury/Illness -,"Holmgren, Chet Out Injury/Illness - "
2025-11-02,"Sorber, Thomas",Out,Injury/Illness -,"Sorber, Thomas Out Injury/Illness - "
2025-11-02,"Topic, Nikola",Out,Injury/Illness -,"Topic, Nikola Out Injury/Illness - "
2025-11-02,"Williams, Jalen",Out,Injury/Illness -,"Williams, Jalen Out Injury/Illness - "
2025-11-02,"Williams, Kenrich",Out,Injury/Illness -,"Williams, Kenrich Out Injury/Illness - "
2025-11-02,"Djurisic, Nikola",Out,G,"Djurisic, Nikola Out G "
2025-11-02,"Ndiaye, Eli John",Out,G,"Ndiaye, Eli John Out G "
2025-11-02,"Wallace, Keaton",Out,Injury/Illness -,"Wallace, Keaton Out Injury/Illness - "
2025-11-02,"Young, Trae",Out,Injury/Illness -,"Young, Trae Out Injury/Illness - "
2025-11-02,"Allen, Jarrett",Out,Injury/Illness -,"Allen, Jarrett Out Injury/Illness - "
2025-11-02,"Garland, Darius",Out,Injury/Illness -,"Garland, Darius Out Injury/Illness - "
2025-11-02,"Livingston, Chris",Out,Coach's,"Livingston, Chris Out Coach's "
2025-11-02,"Merrill, Sam",Out,Injury/Illness -,"Merrill, Sam Out Injury/Illness - "
2025-11-02,"Mitchell, Donovan",Available,Injury/Illness -,"Mitchell, Donovan Available Injury/Illness - "
2025-11-02,"Strus, Max",Out,Injury/Illness -,"Strus, Max Out Injury/Illness - "
2025-11-02,"Clarke, Brandon",Out,Injury/Illness -,"Clarke, Brandon Out Injury/Illness - "
2025-11-02,"Edey, Zach",Out,Injury/Illness -,"Edey, Zach Out Injury/Illness - "
2025-11-02,"Jerome, Ty",Out,Injury/Illness -,"Jerome, Ty Out Injury/Illness - "
2025-11-02,"Morant, Ja",Out,Team,"Morant, Ja Out Team "
2025-11-02,"Pippen Jr., Scotty",Out,Injury/Illness -,"Pippen Jr., Scotty Out Injury/Illness - "
2025-11-02,"Martin, Alijah",Out,G,"Martin, Alijah Out G "
2025-11-02,"Poeltl, Jakob",Out,Injury/Illness -,"Poeltl, Jakob Out Injury/Illness - "
2025-11-02,"Shead, Jamal",Available,Injury/Illness -,"Shead, Jamal Available Injury/Illness - "
2025-11-02,"Barlow, Dominick",Out,Injury/Illness -,"Barlow, Dominick Out Injury/Illness - "
2025-11-02,"Embiid, Joel",Out,Injury/Illness -,"Embiid, Joel Out Injury/Illness - "
2025-11-02,"George, Paul",Out,Injury/Illness -,"George, Paul Out Injury/Illness - "
2025-11-02,"McCain, Jared",Out,Injury/Illness -,"McCain, Jared Out Injury/Illness - "
2025-11-02,"Highsmith, Haywood",Out,Injury/Illness -,"Highsmith, Haywood Out Injury/Illness - "
2025-11-02,"Mann, Terance",Available,Injury/Illness -,"Mann, Terance Available Injury/Illness - "
2025-11-02,"Wolf, Danny",Out,Injury/Illness -,"Wolf, Danny Out Injury/Illness - "
2025-11-02,"Collier, Isaiah",Out,G,"Collier, Isaiah Out G "
2025-11-02,"Kessler, Walker",Out,Injury/Illness -,"Kessler, Walker Out Injury/Illness - "
2025-11-02,"Niang, Georges",Out,Injury/Illness -,"Niang, Georges Out Injury/Illness - "
2025-11-02,"Tonje, John",Out,G,"Tonje, John Out G "
2025-11-02,"Tshiebwe, Oscar",Out,G,"Tshiebwe, Oscar Out G "
2025-11-02,"Ball, LaMelo",Out,Injury/Illness -,"Ball, LaMelo Out Injury/Illness - "
2025-11-02,"Green, Josh",Out,Injury/Illness -,"Green, Josh Out Injury/Illness - "
2025-11-02,"Kalkbrenner, Ryan",Available,Personal,"Kalkbrenner, Ryan Available Personal "
2025-11-02,"Miller, Brandon",Out,Injury/Illness -,"Miller, Brandon Out Injury/Illness - "
2025-11-02,"Peterson, Drew",Out,G,"Peterson, Drew Out G "
2025-11-02,"Reeves, Antonio",Out,G,"Reeves, Antonio Out G "
2025-11-02,"Williams, Grant",Out,Injury/Illness -,"Williams, Grant Out Injury/Illness - "
2025-11-02,"Collins, Zach",Out,Injury/Illness -,"Collins, Zach Out Injury/Illness - "
2025-11-02,"Dosunmu, Ayo",Out,Injury/Illness -,"Dosunmu, Ayo Out Injury/Illness - "
2025-11-02,"Essengue, Noa",Out,G,"Essengue, Noa Out G "
2025-11-02,"White, Coby",Out,Injury/Illness -,"White, Coby Out Injury/Illness - "
2025-11-02,"Robinson, Mitchell",Questionable,Injury/Illness -,"Robinson, Mitchell Questionable Injury/Illness - "
2025-11-02,"Fox, De'Aaron",Out,Injury/Illness -,"Fox, De'Aaron Out Injury/Illness - "
2025-11-02,"Ingram, Harrison",Out,G,"Ingram, Harrison Out G "
2025-11-02,"Kornet, Luke",Out,Injury/Illness -,"Kornet, Luke Out Injury/Illness - "
2025-11-02,"Minix, Riley",Out,G,"Minix, Riley Out G "
2025-11-02,"Olynyk, Kelly",Out,Injury/Illness -,"Olynyk, Kelly Out Injury/Illness - "
2025-11-02,"Sochan, Jeremy",Out,Injury/Illness -,"Sochan, Jeremy Out Injury/Illness - "
2025-11-02,"Waters III, Lindy",Out,Injury/Illness -,"Waters III, Lindy Out Injury/Illness - "
2025-11-02,"Brooks, Dillon",Out,Injury/Illness -,"Brooks, Dillon Out Injury/Illness - "
2025-11-02,"Green, Jalen",Out,Injury/Illness -,"Green, Jalen Out Injury/Illness - "
2025-11-02,"Livers, Isaiah",Doubtful,Injury/Illness -,"Livers, Isaiah Doubtful Injury/Illness - "
2025-11-02,"Goldin, Vladislav",Out,G,"Goldin, Vladislav Out G "
2025-11-02,"Herro, Tyler",Out,Injury/Illness -,"Herro, Tyler Out Injury/Illness - "
2025-11-02,"Jakucionis, Kasparas",Out,Injury/Illness -,"Jakucionis, Kasparas Out Injury/Illness - "
2025-11-02,"Jovic, Nikola",Available,Injury/Illness -,"Jovic, Nikola Available Injury/Illness - "
2025-11-02,"Powell, Norman",Questionable,Injury/Illness -,"Powell, Norman Questionable Injury/Illness - "
2025-11-02,"Rozier, Terry",Out,Not,"Rozier, Terry Out Not "
2025-11-02,"Ayton, Deandre",Probable,Injury/Illness -,"Ayton, Deandre Probable Injury/Illness - "
2025-11-02,"James, LeBron",Out,Injury/Illness -,"James, LeBron Out Injury/Illness - "
2025-11-02,"Kleber, Maxi",Out,Injury/Illness -,"Kleber, Maxi Out Injury/Illness - "
2025-11-02,"Thiero, Adou",Out,Injury/Illness -,"Thiero, Adou Out Injury/Illness - "
2025-11-02,"Vincent, Gabe",Out,Injury/Illness -,"Vincent, Gabe Out Injury/Illness - "
2025-11-02,"Antetokounmpo, Alex",Out,G,"Antetokounmpo, Alex Out G "
2025-11-02,"Antetokounmpo, Giannis",Probable,Injury/Illness -,"Antetokounmpo, Giannis Probable Injury/Illness - "
2025-11-02,"Nance, Pete",Out,G,"Nance, Pete Out G "
2025-11-02,"Porter Jr., Kevin",Out,Injury/Illness -,"Porter Jr., Kevin Out Injury/Illness - "
2025-11-02,"Dennis, RayJ",Questionable,Injury/Illness -,"Dennis, RayJ Questionable Injury/Illness - "
2025-11-02,"Furphy, Johnny",Probable,Injury/Illness -,"Furphy, Johnny Probable Injury/Illness - "
2025-11-02,"Haliburton, Tyrese",Out,Injury/Illness -,"Haliburton, Tyrese Out Injury/Illness - "
2025-11-02,"Jones, Kam",Out,Injury/Illness -,"Jones, Kam Out Injury/Illness - "
2025-11-02,"Mathurin, Bennedict",Out,Injury/Illness -,"Mathurin, Bennedict Out Injury/Illness - "
2025-11-02,"Nembhard, Andrew",Out,Injury/Illness -,"Nembhard, Andrew Out Injury/Illness - "
2025-11-02,"Toppin, Obi",Out,Injury/Illness -,"Toppin, Obi Out Injury/Illness - "
2025-11-02,"Dillingham, Rob",Available,Injury/Illness -,"Dillingham, Rob Available Injury/Illness - "
2025-11-02,"DiVincenzo, Donte",Available,Injury/Illness -,"DiVincenzo, Donte Available Injury/Illness - "
2025-11-02,"Edwards, Anthony",Out,Injury/Illness -,"Edwards, Anthony Out Injury/Illness - "
2025-11-02,"Freeman, Enrique",Out,G,"Freeman, Enrique Out G "
2025-11-02,"Zikarsky, Rocco",Out,G,"Zikarsky, Rocco Out G "
2025-11-02,"Harper Jr., Ron",Out,G,"Harper Jr., Ron Out G "
2025-11-02,"Shulga, Max",Out,G,"Shulga, Max Out G "
2025-11-02,"Tatum, Jayson",Out,Injury/Illness -,"Tatum, Jayson Out Injury/Illness - "
2025-11-02,"Williams, Amari",Out,G,"Williams, Amari Out G "
2025-11-02,"Middleton, Khris",Questionable,Injury/Illness -,"Middleton, Khris Questionable Injury/Illness - "
2025-11-02,"Davis, Anthony",Out,Injury/Illness -,"Davis, Anthony Out Injury/Illness - "
2025-11-02,"Exum, Dante",Out,Injury/Illness -,"Exum, Dante Out Injury/Illness - "
2025-11-02,"Irving, Kyrie",Out,Injury/Illness -,"Irving, Kyrie Out Injury/Illness - "
2025-11-02,"Lively II, Dereck",Out,Injury/Illness -,"Lively II, Dereck Out Injury/Illness - "
2025-11-02,"Crawford, Isaiah",Out,G,"Crawford, Isaiah Out G "
2025-11-02,"Smith, Dorian",Out,Injury/Illness -,"Smith, Dorian Out Injury/Illness - "
2025-11-02,"Harris, Kevon",Out,G,"Harris, Kevon Out G "
2025-11-02,"Smith Jr., Jabari",Questionable,Injury/Illness -,"Smith Jr., Jabari Questionable Injury/Illness - "
2025-11-02,"VanVleet, Fred",Out,Injury/Illness -,"VanVleet, Fred Out Injury/Illness - "
2025-11-02,"Bates, Tamar",Out,G,"Bates, Tamar Out G "
2025-11-02,"Holmes II, DaRon",Out,G,"Holmes II, DaRon Out G "
2025-11-02,"Johnson, Cameron",Probable,Injury/Illness -,"Johnson, Cameron Probable Injury/Illness - "
2025-11-02,"Jones, Curtis",Out,G,"Jones, Curtis Out G "
2025-11-02,"Murray, Jamal",Probable,Injury/Illness -,"Murray, Jamal Probable Injury/Illness - "
2025-11-03,"Antetokounmpo, Alex",Out,G,"Antetokounmpo, Alex Out G "
2025-11-03,"Antetokounmpo, Giannis",Probable,Injury/Illness -,"Antetokounmpo, Giannis Probable Injury/Illness - "
2025-11-03,"Nance, Pete",Out,G,"Nance, Pete Out G "
2025-11-03,"Porter Jr., Kevin",Out,Injury/Illness -,"Porter Jr., Kevin Out Injury/Illness - "
2025-11-03,"Dennis, RayJ",Questionable,Injury/Illness -,"Dennis, RayJ Questionable Injury/Illness - "
2025-11-03,"Furphy, Johnny",Probable,Injury/Illness -,"Furphy, Johnny Probable Injury/Illness - "
2025-11-03,"Haliburton, Tyrese",Out,Injury/Illness -,"Haliburton, Tyrese Out Injury/Illness - "
2025-11-03,"Jones, Kam",Out,Injury/Illness -,"Jones, Kam Out Injury/Illness - "
2025-11-03,"Mathurin, Bennedict",Out,Injury/Illness -,"Mathurin, Bennedict Out Injury/Illness - "
2025-11-03,"Nembhard, Andrew",Out,Injury/Illness -,"Nembhard, Andrew Out Injury/Illness - "
2025-11-03,"Toppin, Obi",Out,Injury/Illness -,"Toppin, Obi Out Injury/Illness - "
2025-11-03,"Dillingham, Rob",Available,Injury/Illness -,"Dillingham, Rob Available Injury/Illness - "
2025-11-03,"DiVincenzo, Donte",Available,Injury/Illness -,"DiVincenzo, Donte Available Injury/Illness - "
2025-11-03,"Edwards, Anthony",Out,Injury/Illness -,"Edwards, Anthony Out Injury/Illness - "
2025-11-03,"Freeman, Enrique",Out,G,"Freeman, Enrique Out G "
2025-11-03,"Zikarsky, Rocco",Out,G,"Zikarsky, Rocco Out G "
2025-11-03,"Highsmith, Haywood",Out,Injury/Illness -,"Highsmith, Haywood Out Injury/Illness - "
2025-11-03,"Porter Jr., Michael",Out,Personal,"Porter Jr., Michael Out Personal "
2025-11-03,"Powell, Drake",Out,Injury/Illness -,"Powell, Drake Out Injury/Illness - "
2025-11-03,"Wolf, Danny",Available,Injury/Illness -,"Wolf, Danny Available Injury/Illness - "
2025-11-03,"Kessler, Walker",Out,Injury/Illness -,"Kessler, Walker Out Injury/Illness - "
2025-11-03,"Niang, Georges",Out,Injury/Illness -,"Niang, Georges Out Injury/Illness - "
2025-11-03,"Tonje, John",Out,G,"Tonje, John Out G "
2025-11-03,"Tshiebwe, Oscar",Out,G,"Tshiebwe, Oscar Out G "
2025-11-03,"Harper Jr., Ron",Out,G,"Harper Jr., Ron Out G "
2025-11-03,"Shulga, Max",Out,G,"Shulga, Max Out G "
2025-11-03,"Tatum, Jayson",Out,Injury/Illness -,"Tatum, Jayson Out Injury/Illness - "
2025-11-03,"Williams, Amari",Out,G,"Williams, Amari Out G "
2025-11-03,"Middleton, Khris",Questionable,Injury/Illness -,"Middleton, Khris Questionable Injury/Illness - "
2025-11-03,"Hart, Josh",Questionable,Injury/Illness -,"Hart, Josh Questionable Injury/Illness - "
2025-11-03,"Robinson, Mitchell",Out,Injury/Illness -,"Robinson, Mitchell Out Injury/Illness - "
2025-11-03,"Davis, Anthony",Out,Injury/Illness -,"Davis, Anthony Out Injury/Illness - "
2025-11-03,"Exum, Dante",Out,Injury/Illness -,"Exum, Dante Out Injury/Illness - "
2025-11-03,"Irving, Kyrie",Out,Injury/Illness -,"Irving, Kyrie Out Injury/Illness - "
2025-11-03,"Lively II, Dereck",Out,Injury/Illness -,"Lively II, Dereck Out Injury/Illness - "
2025-11-03,"Crawford, Isaiah",Out,G,"Crawford, Isaiah Out G "
2025-11-03,"Davison, JD",Out,Personal,"Davison, JD Out Personal "
2025-11-03,"Smith, Dorian",Out,Injury/Illness -,"Smith, Dorian Out Injury/Illness - "
2025-11-03,"Harris, Kevon",Available,G,"Harris, Kevon Available G "
2025-11-03,"Smith Jr., Jabari",Questionable,Injury/Illness -,"Smith Jr., Jabari Questionable Injury/Illness - "
2025-11-03,"VanVleet, Fred",Out,Injury/Illness -,"VanVleet, Fred Out Injury/Illness - "
2025-11-03,"Harris, Tobias",Questionable,Injury/Illness -,"Harris, Tobias Questionable Injury/Illness - "
2025-11-03,"Ivey, Jaden",Out,Injury/Illness -,"Ivey, Jaden Out Injury/Illness - "
2025-11-03,"Sasser, Marcus",Out,Injury/Illness -,"Sasser, Marcus Out Injury/Illness - "
2025-11-03,"Clarke, Brandon",Out,Injury/Illness -,"Clarke, Brandon Out Injury/Illness - "
2025-11-03,"Edey, Zach",Out,G,"Edey, Zach Out G "
2025-11-03,"Hall, PJ",Out,G,"Hall, PJ Out G "
2025-11-03,"Jackson, GG",Out,G,"Jackson, GG Out G "
2025-11-03,"Jerome, Ty",Out,Injury/Illness -,"Jerome, Ty Out Injury/Illness - "
2025-11-03,"Pippen Jr., Scotty",Out,Injury/Illness -,"Pippen Jr., Scotty Out Injury/Illness - "
2025-11-03,"Small, Javon",Out,G,"Small, Javon Out G "
2025-11-03,"Monk, Malik",Out,Personal,"Monk, Malik Out Personal "
2025-11-03,"Murray, Keegan",Out,Injury/Illness -,"Murray, Keegan Out Injury/Illness - "
2025-11-03,"Stevens, Isaiah",Out,G,"Stevens, Isaiah Out G "
2025-11-03,"Bates, Tamar",Out,G,"Bates, Tamar Out G "
2025-11-03,"Holmes II, DaRon",Out,G,"Holmes II, DaRon Out G "
2025-11-03,"Johnson, Cameron",Probable,Injury/Illness -,"Johnson, Cameron Probable Injury/Illness - "
2025-11-03,"Jones, Curtis",Out,G,"Jones, Curtis Out G "
2025-11-03,"Murray, Jamal",Probable,Injury/Illness -,"Murray, Jamal Probable Injury/Illness - "
2025-11-03,"Ayton, Deandre",Questionable,Injury/Illness -,"Ayton, Deandre Questionable Injury/Illness - "
2025-11-03,"Doncic, Luka",Out,Injury/Illness -,"Doncic, Luka Out Injury/Illness - "
2025-11-03,"James, LeBron",Out,Injury/Illness -,"James, LeBron Out Injury/Illness - "
2025-11-03,"Kleber, Maxi",Questionable,Injury/Illness -,"Kleber, Maxi Questionable Injury/Illness - "
2025-11-03,"Reaves, Austin",Out,Injury/Illness -,"Reaves, Austin Out Injury/Illness - "
2025-11-03,"Thiero, Adou",Out,Injury/Illness -,"Thiero, Adou Out Injury/Illness - "
2025-11-03,"Vincent, Gabe",Out,Injury/Illness -,"Vincent, Gabe Out Injury/Illness - "
2025-11-03,"Henderson, Scoot",Out,Injury/Illness -,"Henderson, Scoot Out Injury/Illness - "
2025-11-03,"Lillard, Damian",Out,Injury/Illness -,"Lillard, Damian Out Injury/Illness - "
2025-11-03,"Sharpe, Shaedon",Probable,Injury/Illness -,"Sharpe, Shaedon Probable Injury/Illness - "
2025-11-03,"Thybulle, Matisse",Out,Injury/Illness -,"Thybulle, Matisse Out Injury/Illness - "
2025-11-03,"Wesley, Blake",Out,Injury/Illness -,"Wesley, Blake Out Injury/Illness - "
2025-11-03,"Goldin, Vladislav",Out,G,"Goldin, Vladislav Out G "
2025-11-03,"Herro, Tyler",Out,Injury/Illness -,"Herro, Tyler Out Injury/Illness - "
2025-11-03,"Jakucionis, Kasparas",Out,Injury/Illness -,"Jakucionis, Kasparas Out Injury/Illness - "
2025-11-03,"Jovic, Nikola",Available,Injury/Illness -,"Jovic, Nikola Available Injury/Illness - "
2025-11-03,"Powell, Norman",Questionable,Injury/Illness -,"Powell, Norman Questionable Injury/Illness - "
2025-11-03,"Rozier, Terry",Out,Not,"Rozier, Terry Out Not "
2025-11-03,"Miller, Jordan",Out,Injury/Illness -,"Miller, Jordan Out Injury/Illness - "
2025-11-03,"Sanders, Kobe",Out,Injury/Illness -,"Sanders, Kobe Out Injury/Illness - "
2025-11-03,"Hepburn, Chucky",Out,G,"Hepburn, Chucky Out G "
2025-11-03,"Martin, Alijah",Out,G,"Martin, Alijah Out G "
2025-11-03,"Poeltl, Jakob",Questionable,Injury/Illness -,"Poeltl, Jakob Questionable Injury/Illness - "
2025-11-03,"Alexander, Trey",Out,G,"Alexander, Trey Out G "
2025-11-03,"Dickinson, Hunter",Out,G,"Dickinson, Hunter Out G "
2025-11-03,"McGowens, Bryce",Out,G,"McGowens, Bryce Out G "
2025-11-03,"Missi, Yves",Questionable,Injury/Illness -,"Missi, Yves Questionable Injury/Illness - "
2025-11-03,"Murray, Dejounte",Out,Injury/Illness -,"Murray, Dejounte Out Injury/Illness - "
2025-11-03,"Williamson, Zion",Questionable,Injury/Illness -,"Williamson, Zion Questionable Injury/Illness - "
2025-11-03,"Cain, Jamal",Out,Not,"Cain, Jamal Out Not "
2025-11-03,"Castleton, Colin",Out,Not,"Castleton, Colin Out Not "
2025-11-03,"Wagner, Moritz",Out,Injury/Illness -,"Wagner, Moritz Out Injury/Illness - "
2025-11-03,"Dante, N'Faly",Questionable,G,"Dante, N'Faly Questionable G "
2025-11-03,"Djurisic, Nikola",Questionable,G,"Djurisic, Nikola Questionable G "
2025-11-03,"Ndiaye, Eli John",Questionable,G,"Ndiaye, Eli John Questionable G "
2025-11-03,"Toppin, Jacob",Questionable,G,"Toppin, Jacob Questionable G "
2025-11-03,"Young, Trae",Out,Injury/Illness -,"Young, Trae Out Injury/Illness - "
2025-11-03,"Collins, Zach",Out,Injury/Illness -,"Collins, Zach Out Injury/Illness - "
2025-11-03,"Dosunmu, Ayo",Questionable,Injury/Illness -,"Dosunmu, Ayo Questionable Injury/Illness - "
2025-11-03,"Essengue, Noa",Out,G,"Essengue, Noa Out G "
2025-11-03,"White, Coby",Out,Injury/Illness -,"White, Coby Out Injury/Illness - "
2025-11-03,"Horford, Al",Out,Injury/Illness -,"Horford, Al Out Injury/Illness - "
2025-11-03,"Melton, De'Anthony",Out,Injury/Illness -,"Melton, De'Anthony Out Injury/Illness - "
2025-11-03,"Toohey, Alex",Out,Injury/Illness -,"Toohey, Alex Out Injury/Illness - "
2025-11-04,"Antetokounmpo, Alex",Out,G,"Antetokounmpo, Alex Out G "
2025-11-04,"Antetokounmpo, Giannis",Probable,Injury/Illness -,"Antetokounmpo, Giannis Probable Injury/Illness - "
2025-11-04,"Nance, Pete",Out,G,"Nance, Pete Out G "
2025-11-04,"Porter Jr., Kevin",Out,Injury/Illness -,"Porter Jr., Kevin Out Injury/Illness - "
2025-11-04,"Hepburn, Chucky",Out,G,"Hepburn, Chucky Out G "
2025-11-04,"Martin, Alijah",Out,G,"Martin, Alijah Out G "
2025-11-04,"Poeltl, Jakob",Questionable,Injury/Illness -,"Poeltl, Jakob Questionable Injury/Illness - "
2025-11-04,"Ball, LaMelo",Out,Injury/Illness -,"Ball, LaMelo Out Injury/Illness - "
2025-11-04,"Green, Josh",Out,Injury/Illness -,"Green, Josh Out Injury/Illness - "
2025-11-04,"Miller, Brandon",Out,Injury/Illness -,"Miller, Brandon Out Injury/Illness - "
2025-11-04,"Peterson, Drew",Out,G,"Peterson, Drew Out G "
2025-11-04,"Reeves, Antonio",Out,G,"Reeves, Antonio Out G "
2025-11-04,"Salaun, Tidjane",Out,G,"Salaun, Tidjane Out G "
2025-11-04,"Williams, Grant",Out,Injury/Illness -,"Williams, Grant Out Injury/Illness - "
2025-11-04,"Alexander, Trey",Out,G,"Alexander, Trey Out G "
2025-11-04,"Dickinson, Hunter",Out,G,"Dickinson, Hunter Out G "
2025-11-04,"McGowens, Bryce",Out,G,"McGowens, Bryce Out G "
2025-11-04,"Missi, Yves",Out,Injury/Illness -,"Missi, Yves Out Injury/Illness - "
2025-11-04,"Murray, Dejounte",Out,Injury/Illness -,"Murray, Dejounte Out Injury/Illness - "
2025-11-04,"Williamson, Zion",Out,Injury/Illness -,"Williamson, Zion Out Injury/Illness - "
2025-11-04,"Cain, Jamal",Out,Not,"Cain, Jamal Out Not "
2025-11-04,"Castleton, Colin",Out,Not,"Castleton, Colin Out Not "
2025-11-04,"Wagner, Moritz",Out,Injury/Illness -,"Wagner, Moritz Out Injury/Illness - "
2025-11-04,"Dante, N'Faly",Questionable,G,"Dante, N'Faly Questionable G "
2025-11-04,"Djurisic, Nikola",Questionable,G,"Djurisic, Nikola Questionable G "
2025-11-04,"Ndiaye, Eli John",Questionable,G,"Ndiaye, Eli John Questionable G "
2025-11-04,"Toppin, Jacob",Questionable,G,"Toppin, Jacob Questionable G "
2025-11-04,"Young, Trae",Out,Injury/Illness -,"Young, Trae Out Injury/Illness - "
2025-11-04,"Barlow, Dominick",Out,Injury/Illness -,"Barlow, Dominick Out Injury/Illness - "
2025-11-04,"George, Paul",Out,Injury/Illness -,"George, Paul Out Injury/Illness - "
2025-11-04,"McCain, Jared",Available,Injury/Illness -,"McCain, Jared Available Injury/Illness - "
2025-11-04,"Collins, Zach",Out,Injury/Illness -,"Collins, Zach Out Injury/Illness - "
2025-11-04,"Dosunmu, Ayo",Questionable,Injury/Illness -,"Dosunmu, Ayo Questionable Injury/Illness - "
2025-11-04,"Essengue, Noa",Out,G,"Essengue, Noa Out G "
2025-11-04,"White, Coby",Out,Injury/Illness -,"White, Coby Out Injury/Illness - "
2025-11-04,"Brooks, Dillon",Out,Injury/Illness -,"Brooks, Dillon Out Injury/Illness - "
2025-11-04,"Dunn, Ryan",Available,Injury/Illness -,"Dunn, Ryan Available Injury/Illness - "
2025-11-04,"Green, Jalen",Out,Injury/Illness -,"Green, Jalen Out Injury/Illness - "
2025-11-04,"Livers, Isaiah",Available,Injury/Illness -,"Livers, Isaiah Available Injury/Illness - "
2025-11-04,"Butler III, Jimmy",Questionable,Injury/Illness -,"Butler III, Jimmy Questionable Injury/Illness - "
2025-11-04,"Horford, Al",Out,Injury/Illness -,"Horford, Al Out Injury/Illness - "
2025-11-04,"Melton, De'Anthony",Out,Injury/Illness -,"Melton, De'Anthony Out Injury/Illness - "
2025-11-04,"Toohey, Alex",Out,Injury/Illness -,"Toohey, Alex Out Injury/Illness - "
2025-11-04,"Mitchell, Ajay",Questionable,Injury/Illness -,"Mitchell, Ajay Questionable Injury/Illness - "
2025-11-04,"Sorber, Thomas",Out,Injury/Illness -,"Sorber, Thomas Out Injury/Illness - "
2025-11-04,"Topic, Nikola",Out,Injury/Illness -,"Topic, Nikola Out Injury/Illness - "
2025-11-04,"Williams, Jalen",Out,Injury/Illness -,"Williams, Jalen Out Injury/Illness - "
2025-11-04,"Williams, Kenrich",Out,Injury/Illness -,"Williams, Kenrich Out Injury/Illness - "
2025-11-04,"Beal, Bradley",Out,Injury/Illness -,"Beal, Bradley Out Injury/Illness - "
2025-11-04,"Leonard, Kawhi",Out,Injury/Illness -,"Leonard, Kawhi Out Injury/Illness - "
2025-11-04,"Miller, Jordan",Out,Injury/Illness -,"Miller, Jordan Out Injury/Illness - "
2025-11-04,"Sanders, Kobe",Out,Injury/Illness -,"Sanders, Kobe Out Injury/Illness - "
2025-11-04,"Highsmith, Haywood",Out,Injury/Illness -,"Highsmith, Haywood Out Injury/Illness - "
2025-11-04,"Powell, Drake",Out,Injury/Illness -,"Powell, Drake Out Injury/Illness - "
2025-11-04,"Saraf, Ben",Out,G,"Saraf, Ben Out G "
2025-11-04,"Traore, Nolan",Out,G,"Traore, Nolan Out G "
2025-11-04,"Wolf, Danny",Out,G,"Wolf, Danny Out G "
2025-11-04,"Dennis, RayJ",Probable,Injury/Illness -,"Dennis, RayJ Probable Injury/Illness - "
2025-11-04,"Furphy, Johnny",Out,Injury/Illness -,"Furphy, Johnny Out Injury/Illness - "
2025-11-04,"Haliburton, Tyrese",Out,Injury/Illness -,"Haliburton, Tyrese Out Injury/Illness - "
2025-11-04,"Jackson, Quenton",Out,Injury/Illness -,"Jackson, Quenton Out Injury/Illness - "
2025-11-04,"Jones, Kam",Out,Injury/Illness -,"Jones, Kam Out Injury/Illness - "
2025-11-04,"Mathurin, Bennedict",Out,Injury/Illness -,"Mathurin, Bennedict Out Injury/Illness - "
2025-11-04,"Nembhard, Andrew",Out,Injury/Illness -,"Nembhard, Andrew Out Injury/Illness - "
2025-11-04,"Toppin, Obi",Out,Injury/Illness -,"Toppin, Obi Out Injury/Illness - "
2025-11-04,"Allen, Jarrett",Questionable,Injury/Illness -,"Allen, Jarrett Questionable Injury/Illness - "
2025-11-04,"Garland, Darius",Questionable,Injury/Illness -,"Garland, Darius Questionable Injury/Illness - "
2025-11-04,"Livingston, Chris",Out,G,"Livingston, Chris Out G "
2025-11-04,"Merrill, Sam",Questionable,Injury/Illness -,"Merrill, Sam Questionable Injury/Illness - "
2025-11-04,"Strus, Max",Out,Injury/Illness -,"Strus, Max Out Injury/Illness - "
2025-11-04,"Kessler, Walker",Out,Injury/Illness -,"Kessler, Walker Out Injury/Illness - "
2025-11-04,"Niang, Georges",Out,Injury/Illness -,"Niang, Georges Out Injury/Illness - "
2025-11-04,"Tonje, John",Out,G,"Tonje, John Out G "
2025-11-04,"Tshiebwe, Oscar",Out,G,"Tshiebwe, Oscar Out G "
2025-11-04,"Harris, Tobias",Out,Injury/Illness -,"Harris, Tobias Out Injury/Illness - "
2025-11-04,"Ivey, Jaden",Out,Injury/Illness -,"Ivey, Jaden Out Injury/Illness - "
2025-11-04,"Sasser, Marcus",Out,Injury/Illness -,"Sasser, Marcus Out Injury/Illness - "
2025-11-04,"Dillingham, Rob",Available,Injury/Illness -,"Dillingham, Rob Available Injury/Illness - "
2025-11-04,"DiVincenzo, Donte",Available,Injury/Illness -,"DiVincenzo, Donte Available Injury/Illness - "
2025-11-04,"Edwards, Anthony",Questionable,Injury/Illness -,"Edwards, Anthony Questionable Injury/Illness - "
2025-11-04,"Freeman, Enrique",Out,G,"Freeman, Enrique Out G "
2025-11-04,"Zikarsky, Rocco",Out,G,"Zikarsky, Rocco Out G "
2025-11-04,"Middleton, Khris",Out,Injury/Illness -,"Middleton, Khris Out Injury/Illness - "
2025-11-04,"Harper Jr., Ron",Out,G,"Harper Jr., Ron Out G "
2025-11-04,"Shulga, Max",Out,G,"Shulga, Max Out G "
2025-11-04,"Tatum, Jayson",Out,Injury/Illness -,"Tatum, Jayson Out Injury/Illness - "
2025-11-04,"Williams, Amari",Out,G,"Williams, Amari Out G "
2025-11-04,"Adams, Steven",Questionable,Injury/Illness -,"Adams, Steven Questionable Injury/Illness - "
2025-11-04,"Crawford, Isaiah",Out,G,"Crawford, Isaiah Out G "
2025-11-04,"Smith, Dorian",Out,Injury/Illness -,"Smith, Dorian Out Injury/Illness - "
2025-11-04,"Harris, Kevon",Out,G,"Harris, Kevon Out G "
2025-11-04,"Smith Jr., Jabari",Questionable,Injury/Illness -,"Smith Jr., Jabari Questionable Injury/Illness - "
2025-11-04,"VanVleet, Fred",Out,Injury/Illness -,"VanVleet, Fred Out Injury/Illness - "
2025-11-04,"Davis, Anthony",Out,Injury/Illness -,"Davis, Anthony Out Injury/Illness - "
2025-11-04,"Exum, Dante",Out,Injury/Illness -,"Exum, Dante Out Injury/Illness - "
2025-11-04,"Irving, Kyrie",Out,Injury/Illness -,"Irving, Kyrie Out Injury/Illness - "
2025-11-04,"Lively II, Dereck",Out,Injury/Illness -,"Lively II, Dereck Out Injury/Illness - "
2025-11-05,"Highsmith, Haywood",Out,Injury/Illness -,"Highsmith, Haywood Out Injury/Illness - "
2025-11-05,"Powell, Drake",Out,Injury/Illness -,"Powell, Drake Out Injury/Illness - "
2025-11-05,"Saraf, Ben",Out,G,"Saraf, Ben Out G "
2025-11-05,"Traore, Nolan",Out,G,"Traore, Nolan Out G "
2025-11-05,"Wolf, Danny",Out,G,"Wolf, Danny Out G "
2025-11-05,"Dennis, RayJ",Probable,Injury/Illness -,"Dennis, RayJ Probable Injury/Illness - "
2025-11-05,"Furphy, Johnny",Out,Injury/Illness -,"Furphy, Johnny Out Injury/Illness - "
2025-11-05,"Haliburton, Tyrese",Out,Injury/Illness -,"Haliburton, Tyrese Out Injury/Illness - "
2025-11-05,"Jackson, Quenton",Out,Injury/Illness -,"Jackson, Quenton Out Injury/Illness - "
2025-11-05,"Jones, Kam",Out,Injury/Illness -,"Jones, Kam Out Injury/Illness - "
2025-11-05,"Mathurin, Bennedict",Out,Injury/Illness -,"Mathurin, Bennedict Out Injury/Illness - "
2025-11-05,"Nembhard, Andrew",Out,Injury/Illness -,"Nembhard, Andrew Out Injury/Illness - "
2025-11-05,"Toppin, Obi",Out,Injury/Illness -,"Toppin, Obi Out Injury/Illness - "
2025-11-05,"Barlow, Dominick",Out,Injury/Illness -,"Barlow, Dominick Out Injury/Illness - "
2025-11-05,"Embiid, Joel",Out,Injury/Illness -,"Embiid, Joel Out Injury/Illness - "
2025-11-05,"George, Paul",Out,Injury/Illness -,"George, Paul Out Injury/Illness - "
2025-11-05,"McCain, Jared",Out,Injury/Illness -,"McCain, Jared Out Injury/Illness - "
2025-11-05,"Allen, Jarrett",Questionable,Injury/Illness -,"Allen, Jarrett Questionable Injury/Illness - "
2025-11-05,"Garland, Darius",Questionable,Injury/Illness -,"Garland, Darius Questionable Injury/Illness - "
2025-11-05,"Hunter, De'Andre",Questionable,Injury/Illness -,"Hunter, De'Andre Questionable Injury/Illness - "
2025-11-05,"Livingston, Chris",Out,G,"Livingston, Chris Out G "
2025-11-05,"Merrill, Sam",Questionable,Injury/Illness -,"Merrill, Sam Questionable Injury/Illness - "
2025-11-05,"Strus, Max",Out,Injury/Illness -,"Strus, Max Out Injury/Illness - "
2025-11-05,"Kessler, Walker",Out,Injury/Illness -,"Kessler, Walker Out Injury/Illness - "
2025-11-05,"Niang, Georges",Out,Injury/Illness -,"Niang, Georges Out Injury/Illness - "
2025-11-05,"Tonje, John",Out,G,"Tonje, John Out G "
2025-11-05,"Tshiebwe, Oscar",Out,G,"Tshiebwe, Oscar Out G "
2025-11-05,"Harris, Tobias",Out,Injury/Illness -,"Harris, Tobias Out Injury/Illness - "
2025-11-05,"Ivey, Jaden",Out,Injury/Illness -,"Ivey, Jaden Out Injury/Illness - "
2025-11-05,"Sasser, Marcus",Out,Injury/Illness -,"Sasser, Marcus Out Injury/Illness - "
2025-11-05,"Dillingham, Rob",Available,Injury/Illness -,"Dillingham, Rob Available Injury/Illness - "
2025-11-05,"DiVincenzo, Donte",Available,Injury/Illness -,"DiVincenzo, Donte Available Injury/Illness - "
2025-11-05,"Edwards, Anthony",Questionable,Injury/Illness -,"Edwards, Anthony Questionable Injury/Illness - "
2025-11-05,"Freeman, Enrique",Out,G,"Freeman, Enrique Out G "
2025-11-05,"Shannon Jr., Terrence",Questionable,Injury/Illness -,"Shannon Jr., Terrence Questionable Injury/Illness - "
2025-11-05,"Zikarsky, Rocco",Out,G,"Zikarsky, Rocco Out G "
2025-11-05,"Towns, Karl- Anthony",Questionable,Injury/Illness -,"Towns, Karl- Anthony Questionable Injury/Illness - "
2025-11-05,"Middleton, Khris",Out,Injury/Illness -,"Middleton, Khris Out Injury/Illness - "
2025-11-05,"Harper Jr., Ron",Out,G,"Harper Jr., Ron Out G "
2025-11-05,"Shulga, Max",Out,G,"Shulga, Max Out G "
2025-11-05,"Tatum, Jayson",Out,Injury/Illness -,"Tatum, Jayson Out Injury/Illness - "
2025-11-05,"Williams, Amari",Out,G,"Williams, Amari Out G "
2025-11-05,"Adams, Steven",Questionable,Injury/Illness -,"Adams, Steven Questionable Injury/Illness - "
2025-11-05,"Crawford, Isaiah",Out,G,"Crawford, Isaiah Out G "
2025-11-05,"Smith, Dorian",Out,Injury/Illness -,"Smith, Dorian Out Injury/Illness - "
2025-11-05,"Harris, Kevon",Out,G,"Harris, Kevon Out G "
2025-11-05,"Smith Jr., Jabari",Questionable,Injury/Illness -,"Smith Jr., Jabari Questionable Injury/Illness - "
2025-11-05,"VanVleet, Fred",Out,Injury/Illness -,"VanVleet, Fred Out Injury/Illness - "
2025-11-05,"Clarke, Brandon",Out,Injury/Illness -,"Clarke, Brandon Out Injury/Illness - "
2025-11-05,"Edey, Zach",Out,Injury/Illness -,"Edey, Zach Out Injury/Illness - "
2025-11-05,"Jerome, Ty",Out,Injury/Illness -,"Jerome, Ty Out Injury/Illness - "
2025-11-05,"Pippen Jr., Scotty",Out,Injury/Illness -,"Pippen Jr., Scotty Out Injury/Illness - "
2025-11-05,"Alexander, Trey",Out,G,"Alexander, Trey Out G "
2025-11-05,"Dickinson, Hunter",Out,G,"Dickinson, Hunter Out G "
2025-11-05,"Missi, Yves",Out,Injury/Illness -,"Missi, Yves Out Injury/Illness - "
2025-11-05,"Murray, Dejounte",Out,Injury/Illness -,"Murray, Dejounte Out Injury/Illness - "
2025-11-05,"Poole, Jordan",Questionable,Injury/Illness -,"Poole, Jordan Questionable Injury/Illness - "
2025-11-05,"Williamson, Zion",Out,Injury/Illness -,"Williamson, Zion Out Injury/Illness - "
2025-11-05,"Davis, Anthony",Out,Injury/Illness -,"Davis, Anthony Out Injury/Illness - "
2025-11-05,"Exum, Dante",Out,Injury/Illness -,"Exum, Dante Out Injury/Illness - "
2025-11-05,"Irving, Kyrie",Out,Injury/Illness -,"Irving, Kyrie Out Injury/Illness - "
2025-11-05,"Lively II, Dereck",Out,Injury/Illness -,"Lively II, Dereck Out Injury/Illness - "
2025-11-05,"Gardner, Myron",Out,G,"Gardner, Myron Out G "
2025-11-05,"Goldin, Vladislav",Out,G,"Goldin, Vladislav Out G "
2025-11-05,"Herro, Tyler",Out,Injury/Illness -,"Herro, Tyler Out Injury/Illness - "
2025-11-05,"Jakucionis, Kasparas",Questionable,Injury/Illness -,"Jakucionis, Kasparas Questionable Injury/Illness - "
2025-11-05,"Jovic, Nikola",Available,Injury/Illness -,"Jovic, Nikola Available Injury/Illness - "
2025-11-05,"Powell, Norman",Available,Injury/Illness -,"Powell, Norman Available Injury/Illness - "
2025-11-05,"Rozier, Terry",Out,Not,"Rozier, Terry Out Not "
2025-11-05,"Young, Jahmir",Out,G,"Young, Jahmir Out G "
2025-11-05,"Bates, Tamar",Out,G,"Bates, Tamar Out G "
2025-11-05,"Holmes II, DaRon",Out,G,"Holmes II, DaRon Out G "
2025-11-05,"Jones, Curtis",Out,G,"Jones, Curtis Out G "
2025-11-05,"Murray, Jamal",Probable,Injury/Illness -,"Murray, Jamal Probable Injury/Illness - "
2025-11-05,"Strawther, Julian",Probable,Injury/Illness -,"Strawther, Julian Probable Injury/Illness - "
2025-11-05,"Butler III, Jimmy",Out,Injury/Illness -,"Butler III, Jimmy Out Injury/Illness - "
2025-11-05,"Curry, Stephen",Out,Injury/Illness -,"Curry, Stephen Out Injury/Illness - "
2025-11-05,"Green, Draymond",Questionable,Injury/Illness -,"Green, Draymond Questionable Injury/Illness - "
2025-11-05,"Melton, De'Anthony",Out,Injury/Illness -,"Melton, De'Anthony Out Injury/Illness - "
2025-11-05,"Podziemski, Brandin",Questionable,Injury/Illness -,"Podziemski, Brandin Questionable Injury/Illness - "
2025-11-05,"Toohey, Alex",Out,Injury/Illness -,"Toohey, Alex Out Injury/Illness - "
2025-11-05,"LaVine, Zach",Out,Injury/Illness -,"LaVine, Zach Out Injury/Illness - "
2025-11-05,"Murray, Keegan",Out,Injury/Illness -,"Murray, Keegan Out Injury/Illness - "
2025-11-05,"Plowden, Daeqwon",Out,G,"Plowden, Daeqwon Out G "
2025-11-05,"Sabonis, Domantas",Out,Injury/Illness -,"Sabonis, Domantas Out Injury/Illness - "
2025-11-05,"Stevens, Isaiah",Out,G,"Stevens, Isaiah Out G "
2025-11-05,"Caruso, Alex",Out,Rest,"Caruso, Alex Out Rest "
2025-11-05,"Dort, Luguentz",Out,Injury/Illness -,"Dort, Luguentz Out Injury/Illness - "
2025-11-05,"Holmgren, Chet",Out,Injury/Illness -,"Holmgren, Chet Out Injury/Illness - "
2025-11-05,"Sorber, Thomas",Out,Injury/Illness -,"Sorber, Thomas Out Injury/Illness - "
2025-11-05,"Topic, Nikola",Out,Injury/Illness -,"Topic, Nikola Out Injury/Illness - "
2025-11-05,"Williams, Jalen",Out,Injury/Illness -,"Williams, Jalen Out Injury/Illness - "
2025-11-05,"Williams, Kenrich",Out,Injury/Illness -,"Williams, Kenrich Out Injury/Illness - "
2025-11-05,"Henderson, Scoot",Out,Injury/Illness -,"Henderson, Scoot Out Injury/Illness - "
2025-11-05,"Lillard, Damian",Out,Injury/Illness -,"Lillard, Damian Out Injury/Illness - "
2025-11-05,"Sharpe, Shaedon",Probable,Injury/Illness -,"Sharpe, Shaedon Probable Injury/Illness - "
2025-11-05,"Thybulle, Matisse",Out,Injury/Illness -,"Thybulle, Matisse Out Injury/Illness - "
2025-11-05,"Wesley, Blake",Out,Injury/Illness -,"Wesley, Blake Out Injury/Illness - "
2025-11-05,"Fox, De'Aaron",Out,Injury/Illness -,"Fox, De'Aaron Out Injury/Illness - "
2025-11-05,"Harper, Dylan",Out,Injury/Illness -,"Harper, Dylan Out Injury/Illness - "
2025-11-05,"Ingram, Harrison",Questionable,G,"Ingram, Harrison Questionable G "
2025-11-05,"Kornet, Luke",Out,Injury/Illness -,"Kornet, Luke Out Injury/Illness - "
2025-11-05,"Minix, Riley",Questionable,G,"Minix, Riley Questionable G "
2025-11-05,"Olynyk, Kelly",Questionable,Injury/Illness -,"Olynyk, Kelly Questionable Injury/Illness - "
2025-11-05,"Sochan, Jeremy",Questionable,Injury/Illness -,"Sochan, Jeremy Questionable Injury/Illness - "
2025-11-05,"Waters III, Lindy",Questionable,Injury/Illness -,"Waters III, Lindy Questionable Injury/Illness - "
2025-11-05,"Hayes, Jaxson",Available,Injury/Illness -,"Hayes, Jaxson Available Injury/Illness - "
2025-11-05,"James, LeBron",Out,Injury/Illness -,"James, LeBron Out Injury/Illness - "
2025-11-05,"Kleber, Maxi",Out,Injury/Illness -,"Kleber, Maxi Out Injury/Illness - "
2025-11-05,"Reaves, Austin",Out,Injury/Illness -,"Reaves, Austin Out Injury/Illness - "
2025-11-05,"Thiero, Adou",Out,Injury/Illness -,"Thiero, Adou Out Injury/Illness - "
2025-11-05,"Vincent, Gabe",Out,Injury/Illness -,"Vincent, Gabe Out Injury/Illness - "
2025-11-06,"Harden, James",Out,Personal,"Harden, James Out Personal "
2025-11-06,"Leonard, Kawhi",Out,Injury/Illness -,"Leonard, Kawhi Out Injury/Illness - "
2025-11-06,"Miller, Jordan",Out,Injury/Illness -,"Miller, Jordan Out Injury/Illness - "
2025-11-06,"Sanders, Kobe",Out,Injury/Illness -,"Sanders, Kobe Out Injury/Illness - "
2025-11-06,"Allen, Grayson",Questionable,Injury/Illness -,"Allen, Grayson Questionable Injury/Illness - "
2025-11-06,"Brooks, Dillon",Out,Injury/Illness -,"Brooks, Dillon Out Injury/Illness - "
2025-11-06,"Green, Jalen",Probable,Injury/Illness -,"Green, Jalen Probable Injury/Illness - "
2025-11-06,"Shulga, Max",Out,G,"Shulga, Max Out G "
2025-11-06,"Tatum, Jayson",Out,Injury/Illness -,"Tatum, Jayson Out Injury/Illness - "
2025-11-06,"Tillman, Xavier",Out,Personal,"Tillman, Xavier Out Personal "
2025-11-06,"Williams, Amari",Out,G,"Williams, Amari Out G "
2025-11-06,"Wagner, Moritz",Out,Injury/Illness -,"Wagner, Moritz Out Injury/Illness - "
2025-11-06,"Ball, Lonzo",Out,Rest -,"Ball, Lonzo Out Rest - "
2025-11-06,"Hunter, De'Andre",Probable,Injury/Illness -,"Hunter, De'Andre Probable Injury/Illness - "
2025-11-06,"Livingston, Chris",Out,G,"Livingston, Chris Out G "
2025-11-06,"Strus, Max",Out,Injury/Illness -,"Strus, Max Out Injury/Illness - "
2025-11-06,"Wade, Dean",Out,Injury/Illness -,"Wade, Dean Out Injury/Illness - "
2025-11-06,"Coulibaly, Bilal",Out,Injury/Illness -,"Coulibaly, Bilal Out Injury/Illness - "
2025-11-06,"Harris, Tobias",Out,Injury/Illness -,"Harris, Tobias Out Injury/Illness - "
2025-11-06,"Ivey, Jaden",Out,Injury/Illness -,"Ivey, Jaden Out Injury/Illness - "
2025-11-06,"Jones, Colby",Out,G,"Jones, Colby Out G "
2025-11-06,"LeVert, Caris",Questionable,Injury/Illness -,"LeVert, Caris Questionable Injury/Illness - "
2025-11-06,"Sasser, Marcus",Out,Injury/Illness -,"Sasser, Marcus Out Injury/Illness - "
2025-11-06,"Smith, Tolu",Out,G,"Smith, Tolu Out G "
2025-11-06,"Highsmith, Haywood",Out,Injury/Illness -,"Highsmith, Haywood Out Injury/Illness - "
2025-11-06,"Mann, Terance",Probable,Injury/Illness -,"Mann, Terance Probable Injury/Illness - "
2025-11-06,"Powell, Drake",Questionable,Injury/Illness -,"Powell, Drake Questionable Injury/Illness - "
2025-11-06,"Saraf, Ben",Out,G,"Saraf, Ben Out G "
2025-11-06,"Thomas, Cam",Out,Injury/Illness -,"Thomas, Cam Out Injury/Illness - "
2025-11-06,"Traore, Nolan",Out,G,"Traore, Nolan Out G "
2025-11-06,"Wolf, Danny",Out,G,"Wolf, Danny Out G "
2025-11-06,"Adams, Steven",Questionable,Injury/Illness -,"Adams, Steven Questionable Injury/Illness - "
2025-11-06,"Crawford, Isaiah",Out,G,"Crawford, Isaiah Out G "
2025-11-06,"Smith, Dorian",Out,Injury/Illness -,"Smith, Dorian Out Injury/Illness - "
2025-11-06,"Harris, Kevon",Out,G,"Harris, Kevon Out G "
2025-11-06,"VanVleet, Fred",Out,Injury/Illness -,"VanVleet, Fred Out Injury/Illness - "
2025-11-06,"Hepburn, Chucky",Out,G,"Hepburn, Chucky Out G "
2025-11-06,"Martin, Alijah",Out,G,"Martin, Alijah Out G "
2025-11-06,"Mogbo, Jonathan",Out,G,"Mogbo, Jonathan Out G "
2025-11-06,"Djurisic, Nikola",Out,Injury/Illness -,"Djurisic, Nikola Out Injury/Illness - "
2025-11-06,"Ndiaye, Eli John",Out,G,"Ndiaye, Eli John Out G "
2025-11-06,"Toppin, Jacob",Out,G,"Toppin, Jacob Out G "
2025-11-06,"Young, Trae",Out,Injury/Illness -,"Young, Trae Out Injury/Illness - "
2025-11-06,"Ball, LaMelo",Questionable,Injury/Illness -,"Ball, LaMelo Questionable Injury/Illness - "
2025-11-06,"Green, Josh",Out,Injury/Illness -,"Green, Josh Out Injury/Illness - "
2025-11-06,"Miller, Brandon",Out,Injury/Illness -,"Miller, Brandon Out Injury/Illness - "
2025-11-06,"Peterson, Drew",Out,G,"Peterson, Drew Out G "
2025-11-06,"Reeves, Antonio",Out,G,"Reeves, Antonio Out G "
2025-11-06,"Salaun, Tidjane",Out,G,"Salaun, Tidjane Out G "
2025-11-06,"Sexton, Collin",Probable,Injury/Illness -,"Sexton, Collin Probable Injury/Illness - "
2025-11-06,"Williams, Grant",Out,Injury/Illness -,"Williams, Grant Out Injury/Illness - "
2025-11-06,"Adebayo, Bam",Out,Injury/Illness -,"Adebayo, Bam Out Injury/Illness - "
2025-11-06,"Gardner, Myron",Out,G,"Gardner, Myron Out G "
2025-11-06,"Goldin, Vladislav",Probable,G,"Goldin, Vladislav Probable G "
2025-11-06,"Herro, Tyler",Out,Injury/Illness -,"Herro, Tyler Out Injury/Illness - "
2025-11-06,"Jakucionis, Kasparas",Available,Injury/Illness -,"Jakucionis, Kasparas Available Injury/Illness - "
2025-11-06,"Jovic, Nikola",Available,Injury/Illness -,"Jovic, Nikola Available Injury/Illness - "
2025-11-06,"Powell, Norman",Available,Injury/Illness -,"Powell, Norman Available Injury/Illness - "
2025-11-06,"Rozier, Terry",Out,Not,"Rozier, Terry Out Not "
2025-11-06,"Young, Jahmir",Out,G,"Young, Jahmir Out G "
2025-11-06,"Collins, Zach",Out,Injury/Illness -,"Collins, Zach Out Injury/Illness - "
2025-11-06,"Dosunmu, Ayo",Questionable,Injury/Illness -,"Dosunmu, Ayo Questionable Injury/Illness - "
2025-11-06,"White, Coby",Out,Injury/Illness -,"White, Coby Out Injury/Illness - "
2025-11-06,"Davis, Anthony",Doubtful,Injury/Illness -,"Davis, Anthony Doubtful Injury/Illness - "
2025-11-06,"Exum, Dante",Out,Injury/Illness -,"Exum, Dante Out Injury/Illness - "
2025-11-06,"Irving, Kyrie",Out,Injury/Illness -,"Irving, Kyrie Out Injury/Illness - "
2025-11-06,"Lively II, Dereck",Out,Injury/Illness -,"Lively II, Dereck Out Injury/Illness - "
2025-11-06,"Butler III, Jimmy",Questionable,Injury/Illness -,"Butler III, Jimmy Questionable Injury/Illness - "
2025-11-06,"Curry, Stephen",Out,Injury/Illness -,"Curry, Stephen Out Injury/Illness - "
2025-11-06,"Green, Draymond",Probable,Injury/Illness -,"Green, Draymond Probable Injury/Illness - "
2025-11-06,"Melton, De'Anthony",Out,Injury/Illness -,"Melton, De'Anthony Out Injury/Illness - "
2025-11-06,"Bates, Tamar",Out,G,"Bates, Tamar Out G "
2025-11-06,"Holmes II, DaRon",Out,G,"Holmes II, DaRon Out G "
2025-11-06,"Jones, Curtis",Out,G,"Jones, Curtis Out G "
2025-11-06,"Nnaji, Zeke",Probable,Injury/Illness -,"Nnaji, Zeke Probable Injury/Illness - "
2025-11-07,"Harper Jr., Ron",Out,G,"Harper Jr., Ron Out G "
2025-11-07,"Shulga, Max",Out,G,"Shulga, Max Out G "
2025-11-07,"Tatum, Jayson",Out,Injury/Illness -,"Tatum, Jayson Out Injury/Illness - "
2025-11-07,"Tillman, Xavier",Out,Personal,"Tillman, Xavier Out Personal "
2025-11-07,"Williams, Amari",Out,G,"Williams, Amari Out G "
2025-11-07,"Cain, Jamal",Out,G,"Cain, Jamal Out G "
2025-11-07,"Castleton, Colin",Out,G,"Castleton, Colin Out G "
2025-11-07,"Wagner, Moritz",Out,Injury/Illness -,"Wagner, Moritz Out Injury/Illness - "
2025-11-07,"Ball, Lonzo",Out,Rest -,"Ball, Lonzo Out Rest - "
2025-11-07,"Hunter, De'Andre",Probable,Injury/Illness -,"Hunter, De'Andre Probable Injury/Illness - "
2025-11-07,"Livingston, Chris",Out,G,"Livingston, Chris Out G "
2025-11-07,"Strus, Max",Out,Injury/Illness -,"Strus, Max Out Injury/Illness - "
2025-11-07,"Wade, Dean",Out,Injury/Illness -,"Wade, Dean Out Injury/Illness - "
2025-11-07,"Coulibaly, Bilal",Out,Injury/Illness -,"Coulibaly, Bilal Out Injury/Illness - "
2025-11-07,"George, Kyshawn",Questionable,Injury/Illness -,"George, Kyshawn Questionable Injury/Illness - "
2025-11-07,"Harris, Tobias",Out,Injury/Illness -,"Harris, Tobias Out Injury/Illness - "
2025-11-07,"Ivey, Jaden",Out,Injury/Illness -,"Ivey, Jaden Out Injury/Illness - "
2025-11-07,"Jones, Colby",Out,G,"Jones, Colby Out G "
2025-11-07,"LeVert, Caris",Questionable,Injury/Illness -,"LeVert, Caris Questionable Injury/Illness - "
2025-11-07,"Sasser, Marcus",Out,Injury/Illness -,"Sasser, Marcus Out Injury/Illness - "
2025-11-07,"Smith, Tolu",Out,G,"Smith, Tolu Out G "
2025-11-07,"Highsmith, Haywood",Out,Injury/Illness -,"Highsmith, Haywood Out Injury/Illness - "
2025-11-07,"Mann, Terance",Available,Injury/Illness -,"Mann, Terance Available Injury/Illness - "
2025-11-07,"Powell, Drake",Available,Injury/Illness -,"Powell, Drake Available Injury/Illness - "
2025-11-07,"Saraf, Ben",Out,G,"Saraf, Ben Out G "
2025-11-07,"Thomas, Cam",Out,Injury/Illness -,"Thomas, Cam Out Injury/Illness - "
2025-11-07,"Traore, Nolan",Out,G,"Traore, Nolan Out G "
2025-11-07,"Wolf, Danny",Out,G,"Wolf, Danny Out G "
2025-11-07,"Adams, Steven",Questionable,Injury/Illness -,"Adams, Steven Questionable Injury/Illness - "
2025-11-07,"Crawford, Isaiah",Out,G,"Crawford, Isaiah Out G "
2025-11-07,"Smith, Dorian",Out,Injury/Illness -,"Smith, Dorian Out Injury/Illness - "
2025-11-07,"Harris, Kevon",Out,G,"Harris, Kevon Out G "
2025-11-07,"VanVleet, Fred",Out,Injury/Illness -,"VanVleet, Fred Out Injury/Illness - "
2025-11-07,"Fox, De'Aaron",Out,Injury/Illness -,"Fox, De'Aaron Out Injury/Illness - "
2025-11-07,"Harper, Dylan",Out,Injury/Illness -,"Harper, Dylan Out Injury/Illness - "
2025-11-07,"Ingram, Harrison",Questionable,G,"Ingram, Harrison Questionable G "
2025-11-07,"Kornet, Luke",Out,Injury/Illness -,"Kornet, Luke Out Injury/Illness - "
2025-11-07,"Minix, Riley",Questionable,G,"Minix, Riley Questionable G "
2025-11-07,"Olynyk, Kelly",Questionable,Injury/Illness -,"Olynyk, Kelly Questionable Injury/Illness - "
2025-11-07,"Sochan, Jeremy",Questionable,Injury/Illness -,"Sochan, Jeremy Questionable Injury/Illness - "
2025-11-07,"Hepburn, Chucky",Out,G,"Hepburn, Chucky Out G "
2025-11-07,"Martin, Alijah",Out,G,"Martin, Alijah Out G "
2025-11-07,"Mogbo, Jonathan",Out,G,"Mogbo, Jonathan Out G "
2025-11-07,"Djurisic, Nikola",Out,Injury/Illness -,"Djurisic, Nikola Out Injury/Illness - "
2025-11-07,"Kennard, Luke",Questionable,Injury/Illness -,"Kennard, Luke Questionable Injury/Illness - "
2025-11-07,"Ndiaye, Eli John",Out,G,"Ndiaye, Eli John Out G "
2025-11-07,"Toppin, Jacob",Out,G,"Toppin, Jacob Out G "
2025-11-07,"Young, Trae",Out,Injury/Illness -,"Young, Trae Out Injury/Illness - "
2025-11-07,"Ball, LaMelo",Doubtful,Injury/Illness -,"Ball, LaMelo Doubtful Injury/Illness - "
2025-11-07,"Green, Josh",Out,Injury/Illness -,"Green, Josh Out Injury/Illness - "
2025-11-07,"Miller, Brandon",Out,Injury/Illness -,"Miller, Brandon Out Injury/Illness - "
2025-11-07,"Peterson, Drew",Out,G,"Peterson, Drew Out G "
2025-11-07,"Reeves, Antonio",Out,G,"Reeves, Antonio Out G "
2025-11-07,"Salaun, Tidjane",Out,G,"Salaun, Tidjane Out G "
2025-11-07,"Sexton, Collin",Doubtful,Injury/Illness -,"Sexton, Collin Doubtful Injury/Illness - "
2025-11-07,"Williams, Grant",Out,Injury/Illness -,"Williams, Grant Out Injury/Illness - "
2025-11-07,"Adebayo, Bam",Out,Injury/Illness -,"Adebayo, Bam Out Injury/Illness - "
2025-11-07,"Gardner, Myron",Out,G,"Gardner, Myron Out G "
2025-11-07,"Goldin, Vladislav",Available,G,"Goldin, Vladislav Available G "
2025-11-07,"Herro, Tyler",Out,Injury/Illness -,"Herro, Tyler Out Injury/Illness - "
2025-11-07,"Jakucionis, Kasparas",Available,Injury/Illness -,"Jakucionis, Kasparas Available Injury/Illness - "
2025-11-07,"Jovic, Nikola",Available,Injury/Illness -,"Jovic, Nikola Available Injury/Illness - "
2025-11-07,"Larsson, Pelle",Questionable,Injury/Illness -,"Larsson, Pelle Questionable Injury/Illness - "
2025-11-07,"Powell, Norman",Available,Injury/Illness -,"Powell, Norman Available Injury/Illness - "
2025-11-07,"Rozier, Terry",Out,Not,"Rozier, Terry Out Not "
2025-11-07,"Young, Jahmir",Out,G,"Young, Jahmir Out G "
2025-11-07,"Collins, Zach",Out,Injury/Illness -,"Collins, Zach Out Injury/Illness - "
2025-11-07,"Dosunmu, Ayo",Questionable,Injury/Illness -,"Dosunmu, Ayo Questionable Injury/Illness - "
2025-11-07,"White, Coby",Out,Injury/Illness -,"White, Coby Out Injury/Illness - "
2025-11-07,"Antetokounmpo, Alex",Out,G,"Antetokounmpo, Alex Out G "
2025-11-07,"Porter Jr., Kevin",Out,Injury/Illness -,"Porter Jr., Kevin Out Injury/Illness - "
2025-11-07,"Prince, Taurean",Out,Injury/Illness -,"Prince, Taurean Out Injury/Illness - "
2025-11-07,"Davis, Anthony",Doubtful,Injury/Illness -,"Davis, Anthony Doubtful Injury/Illness - "
2025-11-07,"Exum, Dante",Out,Injury/Illness -,"Exum, Dante Out Injury/Illness - "
2025-11-07,"Irving, Kyrie",Out,Injury/Illness -,"Irving, Kyrie Out Injury/Illness - "
2025-11-07,"Lively II, Dereck",Out,Injury/Illness -,"Lively II, Dereck Out Injury/Illness - "
2025-11-07,"Clarke, Brandon",Out,Injury/Illness -,"Clarke, Brandon Out Injury/Illness - "
2025-11-07,"Edey, Zach",Out,Injury/Illness -,"Edey, Zach Out Injury/Illness - "
2025-11-07,"Jerome, Ty",Out,Injury/Illness -,"Jerome, Ty Out Injury/Illness - "
2025-11-07,"Pippen Jr., Scotty",Out,Injury/Illness -,"Pippen Jr., Scotty Out Injury/Illness - "
2025-11-07,"Kessler, Walker",Out,Injury/Illness -,"Kessler, Walker Out Injury/Illness - "
2025-11-07,"Niang, Georges",Out,Injury/Illness -,"Niang, Georges Out Injury/Illness - "
2025-11-07,"Tonje, John",Out,G,"Tonje, John Out G "
2025-11-07,"Tshiebwe, Oscar",Out,G,"Tshiebwe, Oscar Out G "
2025-11-07,"Dillingham, Rob",Available,Injury/Illness -,"Dillingham, Rob Available Injury/Illness - "
2025-11-07,"DiVincenzo, Donte",Available,Injury/Illness -,"DiVincenzo, Donte Available Injury/Illness - "
2025-11-07,"Edwards, Anthony",Available,Injury/Illness -,"Edwards, Anthony Available Injury/Illness - "
2025-11-07,"Freeman, Enrique",Out,G,"Freeman, Enrique Out G "
2025-11-07,"Shannon Jr., Terrence",Out,Injury/Illness -,"Shannon Jr., Terrence Out Injury/Illness - "
2025-11-07,"Zikarsky, Rocco",Out,G,"Zikarsky, Rocco Out G "
2025-11-07,"Butler III, Jimmy",Questionable,Injury/Illness -,"Butler III, Jimmy Questionable Injury/Illness - "
2025-11-07,"Curry, Stephen",Out,Injury/Illness -,"Curry, Stephen Out Injury/Illness - "
2025-11-07,"Green, Draymond",Available,Injury/Illness -,"Green, Draymond Available Injury/Illness - "
2025-11-07,"Horford, Al",Questionable,Injury/Illness -,"Horford, Al Questionable Injury/Illness - "
2025-11-07,"Melton, De'Anthony",Out,Injury/Illness -,"Melton, De'Anthony Out Injury/Illness - "
2025-11-07,"Moody, Moses",Questionable,Injury/Illness -,"Moody, Moses Questionable Injury/Illness - "
2025-11-07,"Bates, Tamar",Out,G,"Bates, Tamar Out G "
2025-11-07,"Holmes II, DaRon",Out,G,"Holmes II, DaRon Out G "
2025-11-07,"Jones, Curtis",Out,G,"Jones, Curtis Out G "
2025-11-07,"Nnaji, Zeke",Probable,Injury/Illness -,"Nnaji, Zeke Probable Injury/Illness - "
2025-11-07,"Dort, Luguentz",Out,Injury/Illness -,"Dort, Luguentz Out Injury/Illness - "
2025-11-07,"Sorber, Thomas",Out,Injury/Illness -,"Sorber, Thomas Out Injury/Illness - "
2025-11-07,"Topic, Nikola",Out,Injury/Illness -,"Topic, Nikola Out Injury/Illness - "
2025-11-07,"Wiggins, Aaron",Out,Injury/Illness -,"Wiggins, Aaron Out Injury/Illness - "
2025-11-07,"Williams, Jalen",Out,Injury/Illness -,"Williams, Jalen Out Injury/Illness - "
2025-11-07,"Williams, Kenrich",Out,Injury/Illness -,"Williams, Kenrich Out Injury/Illness - "
2025-11-07,"Cardwell, Dylan",Out,G,"Cardwell, Dylan Out G "
2025-11-07,"Murray, Keegan",Out,Injury/Illness -,"Murray, Keegan Out Injury/Illness - "
2025-11-07,"Plowden, Daeqwon",Out,G,"Plowden, Daeqwon Out G "
2025-11-07,"Sabonis, Domantas",Out,Injury/Illness -,"Sabonis, Domantas Out Injury/Illness - "
2025-11-07,"Stevens, Isaiah",Out,G,"Stevens, Isaiah Out G "
2025-11-07,"Barlow, Dominick",Out,Injury/Illness -,"Barlow, Dominick Out Injury/Illness - "
2025-11-07,"George, Paul",Out,Injury/Illness -,"George, Paul Out Injury/Illness - "
2025-11-07,"McCain, Jared",Available,Injury/Illness -,"McCain, Jared Available Injury/Illness - "
2025-11-07,"James, LeBron",Out,Injury/Illness -,"James, LeBron Out Injury/Illness - "
2025-11-07,"Kleber, Maxi",Questionable,Injury/Illness -,"Kleber, Maxi Questionable Injury/Illness - "
2025-11-07,"Reaves, Austin",Out,Injury/Illness -,"Reaves, Austin Out Injury/Illness - "
2025-11-07,"Thiero, Adou",Out,Injury/Illness -,"Thiero, Adou Out Injury/Illness - "
2025-11-07,"Vincent, Gabe",Out,Injury/Illness -,"Vincent, Gabe Out Injury/Illness - "
2025-11-07,"Alexander, Trey",Out,G,"Alexander, Trey Out G "
2025-11-07,"Dickinson, Hunter",Out,G,"Dickinson, Hunter Out G "
2025-11-07,"Missi, Yves",Out,Injury/Illness -,"Missi, Yves Out Injury/Illness - "
2025-11-07,"Murray, Dejounte",Out,Injury/Illness -,"Murray, Dejounte Out Injury/Illness - "
2025-11-07,"Poole, Jordan",Out,Injury/Illness -,"Poole, Jordan Out Injury/Illness - "
2025-11-07,"Williamson, Zion",Out,Injury/Illness -,"Williamson, Zion Out Injury/Illness - "
2025-11-07,"Cooke, Javonte",Out,G,"Cooke, Javonte Out G "
2025-11-07,"Henderson, Scoot",Out,Injury/Illness -,"Henderson, Scoot Out Injury/Illness - "
2025-11-07,"Lillard, Damian",Out,Injury/Illness -,"Lillard, Damian Out Injury/Illness - "
2025-11-07,"Sharpe, Shaedon",Probable,Injury/Illness -,"Sharpe, Shaedon Probable Injury/Illness - "
2025-11-07,"Thybulle, Matisse",Out,Injury/Illness -,"Thybulle, Matisse Out Injury/Illness - "
2025-11-07,"Wesley, Blake",Out,Injury/Illness -,"Wesley, Blake Out Injury/Illness - "
2025-11-08,"Davis, Anthony",Questionable,Injury/Illness -,"Davis, Anthony Questionable Injury/Illness - "
2025-11-08,"Exum, Dante",Out,Injury/Illness -,"Exum, Dante Out Injury/Illness - "
2025-11-08,"Gafford, Daniel",Questionable,Injury/Illness -,"Gafford, Daniel Questionable Injury/Illness - "
2025-11-08,"Irving, Kyrie",Out,Injury/Illness -,"Irving, Kyrie Out Injury/Illness - "
2025-11-08,"Lively II, Dereck",Out,Injury/Illness -,"Lively II, Dereck Out Injury/Illness - "
2025-11-08,"Thompson, Klay",Out,Injury/Illness -,"Thompson, Klay Out Injury/Illness - "
2025-11-08,"Coulibaly, Bilal",Out,Injury/Illness -,"Coulibaly, Bilal Out Injury/Illness - "
2025-11-08,"George, Kyshawn",Questionable,Injury/Illness -,"George, Kyshawn Questionable Injury/Illness - "
2025-11-08,"Middleton, Khris",Out,Injury/Illness -,"Middleton, Khris Out Injury/Illness - "
2025-11-08,"Hepburn, Chucky",Out,G,"Hepburn, Chucky Out G "
2025-11-08,"Martin, Alijah",Out,G,"Martin, Alijah Out G "
2025-11-08,"Poeltl, Jakob",Out,Injury/Illness -,"Poeltl, Jakob Out Injury/Illness - "
2025-11-08,"Barlow, Dominick",Out,Injury/Illness -,"Barlow, Dominick Out Injury/Illness - "
2025-11-08,"Broome, Johni",Doubtful,Injury/Illness -,"Broome, Johni Doubtful Injury/Illness - "
2025-11-08,"George, Paul",Out,Injury/Illness -,"George, Paul Out Injury/Illness - "
2025-11-08,"McCain, Jared",Available,Injury/Illness -,"McCain, Jared Available Injury/Illness - "
2025-11-08,"Collins, Zach",Out,Injury/Illness -,"Collins, Zach Out Injury/Illness - "
2025-11-08,"Dosunmu, Ayo",Probable,Injury/Illness -,"Dosunmu, Ayo Probable Injury/Illness - "
2025-11-08,"White, Coby",Out,Injury/Illness -,"White, Coby Out Injury/Illness - "
2025-11-08,"Garland, Darius",Out,Injury/Illness -,"Garland, Darius Out Injury/Illness - "
2025-11-08,"Livingston, Chris",Out,G,"Livingston, Chris Out G "
2025-11-08,"Nance Jr., Larry",Questionable,Injury/Illness -,"Nance Jr., Larry Questionable Injury/Illness - "
2025-11-08,"Strus, Max",Out,Injury/Illness -,"Strus, Max Out Injury/Illness - "
2025-11-08,"Wade, Dean",Questionable,Injury/Illness -,"Wade, Dean Questionable Injury/Illness - "
2025-11-08,"James, LeBron",Out,Injury/Illness -,"James, LeBron Out Injury/Illness - "
2025-11-08,"Kleber, Maxi",Available,Injury/Illness -,"Kleber, Maxi Available Injury/Illness - "
2025-11-08,"Reaves, Austin",Out,Injury/Illness -,"Reaves, Austin Out Injury/Illness - "
2025-11-08,"Thiero, Adou",Out,Injury/Illness -,"Thiero, Adou Out Injury/Illness - "
2025-11-08,"Vincent, Gabe",Out,Injury/Illness -,"Vincent, Gabe Out Injury/Illness - "
2025-11-08,"Walker, Nickeil",Questionable,Injury/Illness -,"Walker, Nickeil Questionable Injury/Illness - "
2025-11-08,"Djurisic, Nikola",Out,Injury/Illness -,"Djurisic, Nikola Out Injury/Illness - "
2025-11-08,"Johnson, Jalen",Questionable,Injury/Illness -,"Johnson, Jalen Questionable Injury/Illness - "
2025-11-08,"Kennard, Luke",Out,Injury/Illness -,"Kennard, Luke Out Injury/Illness - "
2025-11-08,"Ndiaye, Eli John",Out,G,"Ndiaye, Eli John Out G "
2025-11-08,"Porzingis, Kristaps",Out,Injury/Illness -,"Porzingis, Kristaps Out Injury/Illness - "
2025-11-08,"Young, Trae",Out,Injury/Illness -,"Young, Trae Out Injury/Illness - "
2025-11-08,"Alexander, Trey",Out,G,"Alexander, Trey Out G "
2025-11-08,"Dickinson, Hunter",Out,G,"Dickinson, Hunter Out G "
2025-11-08,"Missi, Yves",Out,Injury/Illness -,"Missi, Yves Out Injury/Illness - "
2025-11-08,"Murray, Dejounte",Out,Injury/Illness -,"Murray, Dejounte Out Injury/Illness - "
2025-11-08,"Poole, Jordan",Out,Injury/Illness -,"Poole, Jordan Out Injury/Illness - "
2025-11-08,"Williamson, Zion",Out,Injury/Illness -,"Williamson, Zion Out Injury/Illness - "
2025-11-08,"Harper, Dylan",Out,Injury/Illness -,"Harper, Dylan Out Injury/Illness - "
2025-11-08,"Ingram, Harrison",Out,G,"Ingram, Harrison Out G "
2025-11-08,"Kornet, Luke",Questionable,Injury/Illness -,"Kornet, Luke Questionable Injury/Illness - "
2025-11-08,"Minix, Riley",Out,G,"Minix, Riley Out G "
2025-11-08,"Olynyk, Kelly",Questionable,Injury/Illness -,"Olynyk, Kelly Questionable Injury/Illness - "
2025-11-08,"Sochan, Jeremy",Questionable,Injury/Illness -,"Sochan, Jeremy Questionable Injury/Illness - "
2025-11-08,"Cooke, Javonte",Out,G,"Cooke, Javonte Out G "
2025-11-08,"Henderson, Scoot",Out,Injury/Illness -,"Henderson, Scoot Out Injury/Illness - "
2025-11-08,"Lillard, Damian",Out,Injury/Illness -,"Lillard, Damian Out Injury/Illness - "
2025-11-08,"Sharpe, Shaedon",Probable,Injury/Illness -,"Sharpe, Shaedon Probable Injury/Illness - "
2025-11-08,"Thybulle, Matisse",Out,Injury/Illness -,"Thybulle, Matisse Out Injury/Illness - "
2025-11-08,"Wesley, Blake",Out,Injury/Illness -,"Wesley, Blake Out Injury/Illness - "
2025-11-08,"Adebayo, Bam",Out,Injury/Illness -,"Adebayo, Bam Out Injury/Illness - "
2025-11-08,"Gardner, Myron",Out,G,"Gardner, Myron Out G "
2025-11-08,"Herro, Tyler",Out,Injury/Illness -,"Herro, Tyler Out Injury/Illness - "
2025-11-08,"Jakucionis, Kasparas",Available,Injury/Illness -,"Jakucionis, Kasparas Available Injury/Illness - "
2025-11-08,"Jaquez Jr., Jaime",Questionable,Injury/Illness -,"Jaquez Jr., Jaime Questionable Injury/Illness - "
2025-11-08,"Jovic, Nikola",Available,Injury/Illness -,"Jovic, Nikola Available Injury/Illness - "
2025-11-08,"Larsson, Pelle",Probable,Injury/Illness -,"Larsson, Pelle Probable Injury/Illness - "
2025-11-08,"Powell, Norman",Probable,Injury/Illness -,"Powell, Norman Probable Injury/Illness - "
2025-11-08,"Rozier, Terry",Out,Not,"Rozier, Terry Out Not "
2025-11-08,"Young, Jahmir",Out,G,"Young, Jahmir Out G "
2025-11-08,"Furphy, Johnny",Out,Injury/Illness -,"Furphy, Johnny Out Injury/Illness - "
2025-11-08,"Haliburton, Tyrese",Out,Injury/Illness -,"Haliburton, Tyrese Out Injury/Illness - "
2025-11-08,"Jackson, Quenton",Out,Injury/Illness -,"Jackson, Quenton Out Injury/Illness - "
2025-11-08,"Jones, Kam",Out,Injury/Illness -,"Jones, Kam Out Injury/Illness - "
2025-11-08,"Mathurin, Bennedict",Out,Injury/Illness -,"Mathurin, Bennedict Out Injury/Illness - "
2025-11-08,"Nembhard, Andrew",Questionable,Injury/Illness -,"Nembhard, Andrew Questionable Injury/Illness - "
2025-11-08,"Peter, Taelon",Questionable,Injury/Illness -,"Peter, Taelon Questionable Injury/Illness - "
2025-11-08,"Toppin, Obi",Out,Injury/Illness -,"Toppin, Obi Out Injury/Illness - "
2025-11-08,"Bates, Tamar",Out,G,"Bates, Tamar Out G "
2025-11-08,"Gordon, Aaron",Questionable,Injury/Illness -,"Gordon, Aaron Questionable Injury/Illness - "
2025-11-08,"Holmes II, DaRon",Out,G,"Holmes II, DaRon Out G "
2025-11-08,"Jones, Curtis",Out,G,"Jones, Curtis Out G "
2025-11-08,"Murray, Jamal",Questionable,Injury/Illness -,"Murray, Jamal Questionable Injury/Illness - "
2025-11-08,"Nnaji, Zeke",Probable,Injury/Illness -,"Nnaji, Zeke Probable Injury/Illness - "
2025-11-08,"Brea, Koby",Out,G,"Brea, Koby Out G "
2025-11-08,"Brooks, Dillon",Questionable,Injury/Illness -,"Brooks, Dillon Questionable Injury/Illness - "
2025-11-08,"Huntley, CJ",Out,G,"Huntley, CJ Out G "
2025-11-08,"Williams, Mark",Questionable,Injury/Illness -,"Williams, Mark Questionable Injury/Illness - "
2025-11-08,"Leonard, Kawhi",Out,Injury/Illness -,"Leonard, Kawhi Out Injury/Illness - "
2025-11-08,"Miller, Jordan",Out,Injury/Illness -,"Miller, Jordan Out Injury/Illness - "
2025-11-08,"Niederhauser, Yanic Konan",Out,G,"Niederhauser, Yanic Konan Out G "
2025-11-08,"Sanders, Kobe",Out,Injury/Illness -,"Sanders, Kobe Out Injury/Illness - "
2025-11-08,"Telfort, Jahmyl",Out,G,"Telfort, Jahmyl Out G "
2025-11-08,"Crawford, Isaiah",Out,G,"Crawford, Isaiah Out G "
2025-11-08,"Smith, Dorian",Out,Injury/Illness -,"Smith, Dorian Out Injury/Illness - "
2025-11-08,"Harris, Kevon",Out,G,"Harris, Kevon Out G "
2025-11-08,"VanVleet, Fred",Out,Injury/Illness -,"VanVleet, Fred Out Injury/Illness - "
2025-11-08,"Antetokounmpo, Alex",Out,G,"Antetokounmpo, Alex Out G "
2025-11-08,"Antetokounmpo, Giannis",Probable,Injury/Illness -,"Antetokounmpo, Giannis Probable Injury/Illness - "
2025-11-08,"Porter Jr., Kevin",Out,Injury/Illness -,"Porter Jr., Kevin Out Injury/Illness - "
2025-11-08,"Prince, Taurean",Out,Injury/Illness -,"Prince, Taurean Out Injury/Illness - "
2025-11-08,"Highsmith, Haywood",Out,Injury/Illness -,"Highsmith, Haywood Out Injury/Illness - "
2025-11-08,"Saraf, Ben",Out,G,"Saraf, Ben Out G "
2025-11-08,"Thomas, Cam",Out,Injury/Illness -,"Thomas, Cam Out Injury/Illness - "
2025-11-08,"Traore, Nolan",Out,G,"Traore, Nolan Out G "
2025-11-08,"Wolf, Danny",Out,G,"Wolf, Danny Out G "
2025-11-08,"Shulga, Max",Out,G,"Shulga, Max Out G "
2025-11-08,"Tatum, Jayson",Out,Injury/Illness -,"Tatum, Jayson Out Injury/Illness - "
2025-11-08,"Williams, Amari",Out,G,"Williams, Amari Out G "
2025-11-08,"Cain, Jamal",Out,G,"Cain, Jamal Out G "
2025-11-08,"Castleton, Colin",Out,G,"Castleton, Colin Out G "
2025-11-08,"Robinson, Orlando",Out,G,"Robinson, Orlando Out G "
2025-11-08,"Wagner, Moritz",Out,Injury/Illness -,"Wagner, Moritz Out Injury/Illness - "
2025-11-08,"Dort, Luguentz",Questionable,Injury/Illness -,"Dort, Luguentz Questionable Injury/Illness - "
2025-11-08,"Sorber, Thomas",Out,Injury/Illness -,"Sorber, Thomas Out Injury/Illness - "
2025-11-08,"Topic, Nikola",Out,Injury/Illness -,"Topic, Nikola Out Injury/Illness - "
2025-11-08,"Wiggins, Aaron",Out,Injury/Illness -,"Wiggins, Aaron Out Injury/Illness - "
2025-11-08,"Williams, Jalen",Out,Injury/Illness -,"Williams, Jalen Out Injury/Illness - "
2025-11-08,"Williams, Kenrich",Out,Injury/Illness -,"Williams, Kenrich Out Injury/Illness - "
2025-11-08,"Harris, Tobias",Out,Injury/Illness -,"Harris, Tobias Out Injury/Illness - "
2025-11-08,"Ivey, Jaden",Out,Injury/Illness -,"Ivey, Jaden Out Injury/Illness - "
2025-11-08,"Jones, Colby",Out,G,"Jones, Colby Out G "
2025-11-08,"LeVert, Caris",Probable,Injury/Illness -,"LeVert, Caris Probable Injury/Illness - "
2025-11-08,"Sasser, Marcus",Out,Injury/Illness -,"Sasser, Marcus Out Injury/Illness - "
2025-11-08,"Stewart, Isaiah",Doubtful,Injury/Illness -,"Stewart, Isaiah Doubtful Injury/Illness - "
2025-11-09,"Crawford, Isaiah",Out,G,"Crawford, Isaiah Out G "
2025-11-09,"Smith, Dorian",Out,Injury/Illness -,"Smith, Dorian Out Injury/Illness - "
2025-11-09,"Harris, Kevon",Out,G,"Harris, Kevon Out G "
2025-11-09,"VanVleet, Fred",Out,Injury/Illness -,"VanVleet, Fred Out Injury/Illness - "
2025-11-09,"Antetokounmpo, Alex",Out,G,"Antetokounmpo, Alex Out G "
2025-11-09,"Antetokounmpo, Giannis",Available,Injury/Illness -,"Antetokounmpo, Giannis Available Injury/Illness - "
2025-11-09,"Porter Jr., Kevin",Out,Injury/Illness -,"Porter Jr., Kevin Out Injury/Illness - "
2025-11-09,"Prince, Taurean",Out,Injury/Illness -,"Prince, Taurean Out Injury/Illness - "
2025-11-09,"Highsmith, Haywood",Out,Injury/Illness -,"Highsmith, Haywood Out Injury/Illness - "
2025-11-09,"Saraf, Ben",Out,G,"Saraf, Ben Out G "
2025-11-09,"Thomas, Cam",Out,Injury/Illness -,"Thomas, Cam Out Injury/Illness - "
2025-11-09,"Traore, Nolan",Out,G,"Traore, Nolan Out G "
2025-11-09,"Wolf, Danny",Out,G,"Wolf, Danny Out G "
2025-11-09,"Shulga, Max",Out,G,"Shulga, Max Out G "
2025-11-09,"Tatum, Jayson",Out,Injury/Illness -,"Tatum, Jayson Out Injury/Illness - "
2025-11-09,"Williams, Amari",Out,G,"Williams, Amari Out G "
2025-11-09,"Cain, Jamal",Out,G,"Cain, Jamal Out G "
2025-11-09,"Castleton, Colin",Out,G,"Castleton, Colin Out G "
2025-11-09,"Robinson, Orlando",Out,G,"Robinson, Orlando Out G "
2025-11-09,"Wagner, Moritz",Out,Injury/Illness -,"Wagner, Moritz Out Injury/Illness - "
2025-11-09,"Dort, Luguentz",Out,Injury/Illness -,"Dort, Luguentz Out Injury/Illness - "
2025-11-09,"Sorber, Thomas",Out,Injury/Illness -,"Sorber, Thomas Out Injury/Illness - "
2025-11-09,"Topic, Nikola",Out,Injury/Illness -,"Topic, Nikola Out Injury/Illness - "
2025-11-09,"Wiggins, Aaron",Out,Injury/Illness -,"Wiggins, Aaron Out Injury/Illness - "
2025-11-09,"Williams, Jalen",Out,Injury/Illness -,"Williams, Jalen Out Injury/Illness - "
2025-11-09,"Williams, Kenrich",Out,Injury/Illness -,"Williams, Kenrich Out Injury/Illness - "
2025-11-09,"Aldama, Santi",Available,Injury/Illness -,"Aldama, Santi Available Injury/Illness - "
2025-11-09,"Clarke, Brandon",Out,Injury/Illness -,"Clarke, Brandon Out Injury/Illness - "
2025-11-09,"Edey, Zach",Out,Injury/Illness -,"Edey, Zach Out Injury/Illness - "
2025-11-09,"Hall, PJ",Available,G,"Hall, PJ Available G "
2025-11-09,"Jackson, GG",Available,G,"Jackson, GG Available G "
2025-11-09,"Jerome, Ty",Out,Injury/Illness -,"Jerome, Ty Out Injury/Illness - "
2025-11-09,"Pippen Jr., Scotty",Out,Injury/Illness -,"Pippen Jr., Scotty Out Injury/Illness - "
2025-11-09,"Prosper, Olivier- Maxence",Available,G,"Prosper, Olivier- Maxence Available G "
2025-11-09,"Small, Javon",Out,Injury/Illness -,"Small, Javon Out Injury/Illness - "
2025-11-09,"Harris, Tobias",Out,Injury/Illness -,"Harris, Tobias Out Injury/Illness - "
2025-11-09,"Ivey, Jaden",Out,Injury/Illness -,"Ivey, Jaden Out Injury/Illness - "
2025-11-09,"Jones, Colby",Out,G,"Jones, Colby Out G "
2025-11-09,"LeVert, Caris",Available,Injury/Illness -,"LeVert, Caris Available Injury/Illness - "
2025-11-09,"Sasser, Marcus",Out,Injury/Illness -,"Sasser, Marcus Out Injury/Illness - "
2025-11-09,"Stewart, Isaiah",Out,Injury/Illness -,"Stewart, Isaiah Out Injury/Illness - "
2025-11-09,"Barlow, Dominick",Out,Injury/Illness -,"Barlow, Dominick Out Injury/Illness - "
2025-11-09,"Broome, Johni",Out,Injury/Illness -,"Broome, Johni Out Injury/Illness - "
2025-11-09,"Embiid, Joel",Out,Injury/Illness -,"Embiid, Joel Out Injury/Illness - "
2025-11-09,"George, Paul",Out,Injury/Illness -,"George, Paul Out Injury/Illness - "
2025-11-09,"McCain, Jared",Available,Injury/Illness -,"McCain, Jared Available Injury/Illness - "
2025-11-09,"Furphy, Johnny",Out,Injury/Illness -,"Furphy, Johnny Out Injury/Illness - "
2025-11-09,"Haliburton, Tyrese",Out,Injury/Illness -,"Haliburton, Tyrese Out Injury/Illness - "
2025-11-09,"Jackson, Quenton",Out,Injury/Illness -,"Jackson, Quenton Out Injury/Illness - "
2025-11-09,"Jones, Kam",Out,Injury/Illness -,"Jones, Kam Out Injury/Illness - "
2025-11-09,"Mathurin, Bennedict",Out,Injury/Illness -,"Mathurin, Bennedict Out Injury/Illness - "
2025-11-09,"Nesmith, Aaron",Out,Injury/Illness -,"Nesmith, Aaron Out Injury/Illness - "
2025-11-09,"Peter, Taelon",Questionable,Injury/Illness -,"Peter, Taelon Questionable Injury/Illness - "
2025-11-09,"Siakam, Pascal",Out,Rest -,"Siakam, Pascal Out Rest - "
2025-11-09,"Toppin, Obi",Out,Injury/Illness -,"Toppin, Obi Out Injury/Illness - "
2025-11-09,"Curry, Stephen",Questionable,Injury/Illness -,"Curry, Stephen Questionable Injury/Illness - "
2025-11-09,"Horford, Al",Questionable,Injury/Illness -,"Horford, Al Questionable Injury/Illness - "
2025-11-09,"Melton, De'Anthony",Out,Injury/Illness -,"Melton, De'Anthony Out Injury/Illness - "
2025-11-09,"DiVincenzo, Donte",Available,Injury/Illness -,"DiVincenzo, Donte Available Injury/Illness - "
2025-11-09,"Freeman, Enrique",Out,G,"Freeman, Enrique Out G "
2025-11-09,"Shannon Jr., Terrence",Out,Injury/Illness -,"Shannon Jr., Terrence Out Injury/Illness - "
2025-11-09,"Zikarsky, Rocco",Out,G,"Zikarsky, Rocco Out G "
2025-11-09,"Cardwell, Dylan",Out,G,"Cardwell, Dylan Out G "
2025-11-09,"Murray, Keegan",Out,Injury/Illness -,"Murray, Keegan Out Injury/Illness - "
2025-11-09,"Plowden, Daeqwon",Out,G,"Plowden, Daeqwon Out G "
2025-11-09,"Sabonis, Domantas",Questionable,Injury/Illness -,"Sabonis, Domantas Questionable Injury/Illness - "
2025-11-09,"Stevens, Isaiah",Out,G,"Stevens, Isaiah Out G "
2025-11-09,"James, LeBron",Out,Injury/Illness -,"James, LeBron Out Injury/Illness - "
2025-11-09,"Reaves, Austin",Questionable,Injury/Illness -,"Reaves, Austin Questionable Injury/Illness - "
2025-11-09,"Thiero, Adou",Out,Injury/Illness -,"Thiero, Adou Out Injury/Illness - "
2025-11-09,"Vincent, Gabe",Out,Injury/Illness -,"Vincent, Gabe Out Injury/Illness - "
2025-11-09,"Ball, LaMelo",Out,Injury/Illness -,"Ball, LaMelo Out Injury/Illness - "
2025-11-09,"Bridges, Miles",Questionable,Injury/Illness -,"Bridges, Miles Questionable Injury/Illness - "
2025-11-09,"Green, Josh",Out,Injury/Illness -,"Green, Josh Out Injury/Illness - "
2025-11-09,"Miller, Brandon",Out,Injury/Illness -,"Miller, Brandon Out Injury/Illness - "
2025-11-09,"Peterson, Drew",Out,G,"Peterson, Drew Out G "
2025-11-09,"Salaun, Tidjane",Out,G,"Salaun, Tidjane Out G "
2025-11-09,"Williams, Grant",Out,Injury/Illness -,"Williams, Grant Out Injury/Illness - "
2025-11-09,"Cooke, Javonte",Out,G,"Cooke, Javonte Out G "
2025-11-09,"Henderson, Scoot",Out,Injury/Illness -,"Henderson, Scoot Out Injury/Illness - "
2025-11-09,"Lillard, Damian",Out,Injury/Illness -,"Lillard, Damian Out Injury/Illness - "
2025-11-09,"Thybulle, Matisse",Out,Injury/Illness -,"Thybulle, Matisse Out Injury/Illness - "
2025-11-09,"Wesley, Blake",Out,Injury/Illness -,"Wesley, Blake Out Injury/Illness - "
2025-11-09,"Coulibaly, Bilal",Out,Injury/Illness -,"Coulibaly, Bilal Out Injury/Illness - "
2025-11-09,"Livingston, Chris",Out,G,"Livingston, Chris Out G "
2025-11-09,"Nance Jr., Larry",Questionable,Injury/Illness -,"Nance Jr., Larry Questionable Injury/Illness - "
2025-11-09,"Strus, Max",Out,Injury/Illness -,"Strus, Max Out Injury/Illness - "
2025-11-09,"Adebayo, Bam",Out,Injury/Illness -,"Adebayo, Bam Out Injury/Illness - "
2025-11-09,"Gardner, Myron",Out,G,"Gardner, Myron Out G "
2025-11-09,"Herro, Tyler",Out,Injury/Illness -,"Herro, Tyler Out Injury/Illness - "
2025-11-09,"Jakucionis, Kasparas",Available,Injury/Illness -,"Jakucionis, Kasparas Available Injury/Illness - "
2025-11-09,"Jaquez Jr., Jaime",Available,Injury/Illness -,"Jaquez Jr., Jaime Available Injury/Illness - "
2025-11-09,"Jovic, Nikola",Available,Injury/Illness -,"Jovic, Nikola Available Injury/Illness - "
2025-11-09,"Powell, Norman",Available,Injury/Illness -,"Powell, Norman Available Injury/Illness - "
2025-11-09,"Rozier, Terry",Out,Not,"Rozier, Terry Out Not "
2025-11-09,"Smith, Dru",Probable,Injury/Illness -,"Smith, Dru Probable Injury/Illness - "
2025-11-09,"Young, Jahmir",Out,G,"Young, Jahmir Out G "
2025-11-09,"Collins, Zach",Out,Injury/Illness -,"Collins, Zach Out Injury/Illness - "
2025-11-09,"Giddey, Josh",Questionable,Injury/Illness -,"Giddey, Josh Questionable Injury/Illness - "
2025-11-09,"White, Coby",Out,Injury/Illness -,"White, Coby Out Injury/Illness - "
2025-11-09,"Williams, Patrick",Probable,Injury/Illness -,"Williams, Patrick Probable Injury/Illness - "
2025-11-09,"Davis, Anthony",Questionable,Injury/Illness -,"Davis, Anthony Questionable Injury/Illness - "
2025-11-09,"Exum, Dante",Out,Injury/Illness -,"Exum, Dante Out Injury/Illness - "
2025-11-09,"Gafford, Daniel",Questionable,Injury/Illness -,"Gafford, Daniel Questionable Injury/Illness - "
2025-11-09,"Irving, Kyrie",Out,Injury/Illness -,"Irving, Kyrie Out Injury/Illness - "
2025-11-09,"Lively II, Dereck",Doubtful,Injury/Illness -,"Lively II, Dereck Doubtful Injury/Illness - "
2025-11-09,"Alexander, Trey",Out,G,"Alexander, Trey Out G "
2025-11-09,"Dickinson, Hunter",Out,G,"Dickinson, Hunter Out G "
2025-11-09,"Missi, Yves",Questionable,Injury/Illness -,"Missi, Yves Questionable Injury/Illness - "
2025-11-09,"Murray, Dejounte",Out,Injury/Illness -,"Murray, Dejounte Out Injury/Illness - "
2025-11-09,"Poole, Jordan",Out,Injury/Illness -,"Poole, Jordan Out Injury/Illness - "
2025-11-09,"Williamson, Zion",Out,Injury/Illness -,"Williamson, Zion Out Injury/Illness - "
2025-11-10,"James, LeBron",Out,Injury/Illness -,"James, LeBron Out Injury/Illness - "
2025-11-10,"Reaves, Austin",Available,Injury/Illness -,"Reaves, Austin Available Injury/Illness - "
2025-11-10,"Thiero, Adou",Out,Injury/Illness -,"Thiero, Adou Out Injury/Illness - "
2025-11-10,"Vincent, Gabe",Out,Injury/Illness -,"Vincent, Gabe Out Injury/Illness - "
2025-11-10,"Ball, LaMelo",Out,Injury/Illness -,"Ball, LaMelo Out Injury/Illness - "
2025-11-10,"Bridges, Miles",Probable,Injury/Illness -,"Bridges, Miles Probable Injury/Illness - "
2025-11-10,"Green, Josh",Out,Injury/Illness -,"Green, Josh Out Injury/Illness - "
2025-11-10,"Miller, Brandon",Out,Injury/Illness -,"Miller, Brandon Out Injury/Illness - "
2025-11-10,"Peterson, Drew",Out,G,"Peterson, Drew Out G "
2025-11-10,"Salaun, Tidjane",Out,G,"Salaun, Tidjane Out G "
2025-11-10,"Williams, Grant",Out,Injury/Illness -,"Williams, Grant Out Injury/Illness - "
2025-11-10,"Cooke, Javonte",Out,G,"Cooke, Javonte Out G "
2025-11-10,"Henderson, Scoot",Out,Injury/Illness -,"Henderson, Scoot Out Injury/Illness - "
2025-11-10,"Lillard, Damian",Out,Injury/Illness -,"Lillard, Damian Out Injury/Illness - "
2025-11-10,"Thybulle, Matisse",Out,Injury/Illness -,"Thybulle, Matisse Out Injury/Illness - "
2025-11-10,"Wesley, Blake",Out,Injury/Illness -,"Wesley, Blake Out Injury/Illness - "
2025-11-10,"Castleton, Colin",Out,G,"Castleton, Colin Out G "
2025-11-10,"Robinson, Orlando",Out,G,"Robinson, Orlando Out G "
2025-11-10,"Suggs, Jalen",Out,Injury/Illness -,"Suggs, Jalen Out Injury/Illness - "
2025-11-10,"Wagner, Moritz",Out,Injury/Illness -,"Wagner, Moritz Out Injury/Illness - "
2025-11-10,"Coulibaly, Bilal",Out,Injury/Illness -,"Coulibaly, Bilal Out Injury/Illness - "
2025-11-10,"Harris, Tobias",Out,Injury/Illness -,"Harris, Tobias Out Injury/Illness - "
2025-11-10,"Ivey, Jaden",Out,Injury/Illness -,"Ivey, Jaden Out Injury/Illness - "
2025-11-10,"Jones, Colby",Out,Not,"Jones, Colby Out Not "
2025-11-10,"LeVert, Caris",Questionable,Injury/Illness -,"LeVert, Caris Questionable Injury/Illness - "
2025-11-10,"Sasser, Marcus",Out,Injury/Illness -,"Sasser, Marcus Out Injury/Illness - "
2025-11-10,"Stewart, Isaiah",Out,Injury/Illness -,"Stewart, Isaiah Out Injury/Illness - "
2025-11-10,"Thompson, Ausar",Questionable,Injury/Illness -,"Thompson, Ausar Questionable Injury/Illness - "
2025-11-10,"Livingston, Chris",Out,G,"Livingston, Chris Out G "
2025-11-10,"Nance Jr., Larry",Questionable,Injury/Illness -,"Nance Jr., Larry Questionable Injury/Illness - "
2025-11-10,"Strus, Max",Out,Injury/Illness -,"Strus, Max Out Injury/Illness - "
2025-11-10,"Adebayo, Bam",Out,Injury/Illness -,"Adebayo, Bam Out Injury/Illness - "
2025-11-10,"Gardner, Myron",Out,G,"Gardner, Myron Out G "
2025-11-10,"Herro, Tyler",Out,Injury/Illness -,"Herro, Tyler Out Injury/Illness - "
2025-11-10,"Jakucionis, Kasparas",Available,Injury/Illness -,"Jakucionis, Kasparas Available Injury/Illness - "
2025-11-10,"Jaquez Jr., Jaime",Available,Injury/Illness -,"Jaquez Jr., Jaime Available Injury/Illness - "
2025-11-10,"Jovic, Nikola",Available,Injury/Illness -,"Jovic, Nikola Available Injury/Illness - "
2025-11-10,"Powell, Norman",Available,Injury/Illness -,"Powell, Norman Available Injury/Illness - "
2025-11-10,"Rozier, Terry",Out,Not,"Rozier, Terry Out Not "
2025-11-10,"Smith, Dru",Probable,Injury/Illness -,"Smith, Dru Probable Injury/Illness - "
2025-11-10,"Young, Jahmir",Out,G,"Young, Jahmir Out G "
2025-11-10,"Harper, Dylan",Out,Injury/Illness -,"Harper, Dylan Out Injury/Illness - "
2025-11-10,"Ingram, Harrison",Out,G,"Ingram, Harrison Out G "
2025-11-10,"Kornet, Luke",Questionable,Injury/Illness -,"Kornet, Luke Questionable Injury/Illness - "
2025-11-10,"Minix, Riley",Out,G,"Minix, Riley Out G "
2025-11-10,"Collins, Zach",Out,Injury/Illness -,"Collins, Zach Out Injury/Illness - "
2025-11-10,"Giddey, Josh",Questionable,Injury/Illness -,"Giddey, Josh Questionable Injury/Illness - "
2025-11-10,"White, Coby",Out,Injury/Illness -,"White, Coby Out Injury/Illness - "
2025-11-10,"Williams, Patrick",Probable,Injury/Illness -,"Williams, Patrick Probable Injury/Illness - "
2025-11-10,"Antetokounmpo, Alex",Out,G,"Antetokounmpo, Alex Out G "
2025-11-10,"Antetokounmpo, Giannis",Probable,Injury/Illness -,"Antetokounmpo, Giannis Probable Injury/Illness - "
2025-11-10,"Porter Jr., Kevin",Out,Injury/Illness -,"Porter Jr., Kevin Out Injury/Illness - "
2025-11-10,"Prince, Taurean",Out,Injury/Illness -,"Prince, Taurean Out Injury/Illness - "
2025-11-10,"Davis, Anthony",Questionable,Injury/Illness -,"Davis, Anthony Questionable Injury/Illness - "
2025-11-10,"Exum, Dante",Out,Injury/Illness -,"Exum, Dante Out Injury/Illness - "
2025-11-10,"Gafford, Daniel",Questionable,Injury/Illness -,"Gafford, Daniel Questionable Injury/Illness - "
2025-11-10,"Irving, Kyrie",Out,Injury/Illness -,"Irving, Kyrie Out Injury/Illness - "
2025-11-10,"Lively II, Dereck",Doubtful,Injury/Illness -,"Lively II, Dereck Doubtful Injury/Illness - "
2025-11-10,"DiVincenzo, Donte",Available,Injury/Illness -,"DiVincenzo, Donte Available Injury/Illness - "
2025-11-10,"Freeman, Enrique",Out,G,"Freeman, Enrique Out G "
2025-11-10,"Shannon Jr., Terrence",Out,Injury/Illness -,"Shannon Jr., Terrence Out Injury/Illness - "
2025-11-10,"Zikarsky, Rocco",Out,G,"Zikarsky, Rocco Out G "
2025-11-10,"Anderson, Kyle",Questionable,Injury/Illness -,"Anderson, Kyle Questionable Injury/Illness - "
2025-11-10,"Hendricks, Taylor",Questionable,Injury/Illness -,"Hendricks, Taylor Questionable Injury/Illness - "
2025-11-10,"Kessler, Walker",Out,Injury/Illness -,"Kessler, Walker Out Injury/Illness - "
2025-11-10,"Niang, Georges",Out,Injury/Illness -,"Niang, Georges Out Injury/Illness - "
2025-11-10,"Tonje, John",Out,G,"Tonje, John Out G "
2025-11-10,"Tshiebwe, Oscar",Out,G,"Tshiebwe, Oscar Out G "
2025-11-10,"Alexander, Trey",Out,G,"Alexander, Trey Out G "
2025-11-10,"Dickinson, Hunter",Out,G,"Dickinson, Hunter Out G "
2025-11-10,"Missi, Yves",Available,Injury/Illness -,"Missi, Yves Available Injury/Illness - "
2025-11-10,"Murray, Dejounte",Out,Injury/Illness -,"Murray, Dejounte Out Injury/Illness - "
2025-11-10,"Poole, Jordan",Out,Injury/Illness -,"Poole, Jordan Out Injury/Illness - "
2025-11-10,"Williamson, Zion",Out,Injury/Illness -,"Williamson, Zion Out Injury/Illness - "
2025-11-10,"Green, Jalen",Out,Injury/Illness -,"Green, Jalen Out Injury/Illness - "
2025-11-10,"O'Neale, Royce",Probable,Injury/Illness -,"O'Neale, Royce Probable Injury/Illness - "
2025-11-10,"Walker, Nickeil",Questionable,Injury/Illness -,"Walker, Nickeil Questionable Injury/Illness - "
2025-11-10,"Djurisic, Nikola",Out,Injury/Illness -,"Djurisic, Nikola Out Injury/Illness - "
2025-11-10,"Johnson, Jalen",Questionable,Injury/Illness -,"Johnson, Jalen Questionable Injury/Illness - "
2025-11-10,"Ndiaye, Eli John",Out,G,"Ndiaye, Eli John Out G "
2025-11-10,"Young, Trae",Out,Injury/Illness -,"Young, Trae Out Injury/Illness - "
2025-11-10,"Beal, Bradley",Questionable,Injury/Illness -,"Beal, Bradley Questionable Injury/Illness - "
2025-11-10,"Leonard, Kawhi",Out,Injury/Illness -,"Leonard, Kawhi Out Injury/Illness - "
2025-11-10,"Miller, Jordan",Questionable,Injury/Illness -,"Miller, Jordan Questionable Injury/Illness - "
2025-11-10,"Niederhauser, Yanic Konan",Available,G,"Niederhauser, Yanic Konan Available G "
2025-11-10,"Telfort, Jahmyl",Out,G,"Telfort, Jahmyl Out G "
2025-11-10,"Clarke, Brandon",Out,Injury/Illness -,"Clarke, Brandon Out Injury/Illness - "
2025-11-10,"Edey, Zach",Out,Injury/Illness -,"Edey, Zach Out Injury/Illness - "
2025-11-10,"Jerome, Ty",Out,Injury/Illness -,"Jerome, Ty Out Injury/Illness - "
2025-11-10,"Pippen Jr., Scotty",Out,Injury/Illness -,"Pippen Jr., Scotty Out Injury/Illness - "
2025-11-10,"Small, Javon",Out,Injury/Illness -,"Small, Javon Out Injury/Illness - "
2025-11-10,"Robinson, Mitchell",Questionable,Injury/Illness -,"Robinson, Mitchell Questionable Injury/Illness - "
2025-11-10,"Hepburn, Chucky",Out,G,"Hepburn, Chucky Out G "
2025-11-10,"Mamukelashvili, Sandro",Questionable,Injury/Illness -,"Mamukelashvili, Sandro Questionable Injury/Illness - "
2025-11-10,"Martin, Alijah",Out,G,"Martin, Alijah Out G "
2025-11-10,"Highsmith, Haywood",Out,Injury/Illness -,"Highsmith, Haywood Out Injury/Illness - "
2025-11-10,"Sharpe, Day'Ron",Questionable,Injury/Illness -,"Sharpe, Day'Ron Questionable Injury/Illness - "
2025-11-10,"Thomas, Cam",Out,Injury/Illness -,"Thomas, Cam Out Injury/Illness - "
2025-11-10,"Traore, Nolan",Out,G,"Traore, Nolan Out G "
2025-11-10,"Hauser, Sam",Probable,Injury/Illness -,"Hauser, Sam Probable Injury/Illness - "
2025-11-10,"Shulga, Max",Out,G,"Shulga, Max Out G "
2025-11-10,"Tatum, Jayson",Out,Injury/Illness -,"Tatum, Jayson Out Injury/Illness - "
2025-11-10,"Williams, Amari",Out,G,"Williams, Amari Out G "
2025-11-10,"Barlow, Dominick",Out,Injury/Illness -,"Barlow, Dominick Out Injury/Illness - "
2025-11-10,"Broome, Johni",Out,Injury/Illness -,"Broome, Johni Out Injury/Illness - "
2025-11-10,"George, Paul",Out,Injury/Illness -,"George, Paul Out Injury/Illness - "
2025-11-10,"McCain, Jared",Available,Injury/Illness -,"McCain, Jared Available Injury/Illness - "
2025-11-10,"Horford, Al",Questionable,Injury/Illness -,"Horford, Al Questionable Injury/Illness - "
2025-11-10,"Melton, De'Anthony",Out,Injury/Illness -,"Melton, De'Anthony Out Injury/Illness - "
2025-11-11,"Clarke, Brandon",Out,Injury/Illness -,"Clarke, Brandon Out Injury/Illness - "
2025-11-11,"Edey, Zach",Out,Injury/Illness -,"Edey, Zach Out Injury/Illness - "
2025-11-11,"Jerome, Ty",Out,Injury/Illness -,"Jerome, Ty Out Injury/Illness - "
2025-11-11,"Pippen Jr., Scotty",Out,Injury/Illness -,"Pippen Jr., Scotty Out Injury/Illness - "
2025-11-11,"Small, Javon",Out,Injury/Illness -,"Small, Javon Out Injury/Illness - "
2025-11-11,"Robinson, Mitchell",Questionable,Injury/Illness -,"Robinson, Mitchell Questionable Injury/Illness - "
2025-11-11,"Agbaji, Ochai",Out,Injury/Illness -,"Agbaji, Ochai Out Injury/Illness - "
2025-11-11,"Hepburn, Chucky",Out,G,"Hepburn, Chucky Out G "
2025-11-11,"Mamukelashvili, Sandro",Questionable,Injury/Illness -,"Mamukelashvili, Sandro Questionable Injury/Illness - "
2025-11-11,"Martin, Alijah",Out,G,"Martin, Alijah Out G "
2025-11-11,"Highsmith, Haywood",Out,Injury/Illness -,"Highsmith, Haywood Out Injury/Illness - "
2025-11-11,"Sharpe, Day'Ron",Out,Injury/Illness -,"Sharpe, Day'Ron Out Injury/Illness - "
2025-11-11,"Thomas, Cam",Out,Injury/Illness -,"Thomas, Cam Out Injury/Illness - "
2025-11-11,"Traore, Nolan",Out,G,"Traore, Nolan Out G "
2025-11-11,"Hauser, Sam",Available,Injury/Illness -,"Hauser, Sam Available Injury/Illness - "
2025-11-11,"Shulga, Max",Out,G,"Shulga, Max Out G "
2025-11-11,"Tatum, Jayson",Out,Injury/Illness -,"Tatum, Jayson Out Injury/Illness - "
2025-11-11,"Williams, Amari",Out,G,"Williams, Amari Out G "
2025-11-11,"Barlow, Dominick",Out,Injury/Illness -,"Barlow, Dominick Out Injury/Illness - "
2025-11-11,"Broome, Johni",Out,Injury/Illness -,"Broome, Johni Out Injury/Illness - "
2025-11-11,"Embiid, Joel",Out,Injury/Illness -,"Embiid, Joel Out Injury/Illness - "
2025-11-11,"George, Paul",Out,Injury/Illness -,"George, Paul Out Injury/Illness - "
2025-11-11,"McCain, Jared",Available,Injury/Illness -,"McCain, Jared Available Injury/Illness - "
2025-11-11,"Horford, Al",Out,Injury/Illness -,"Horford, Al Out Injury/Illness - "
2025-11-11,"Melton, De'Anthony",Out,Injury/Illness -,"Melton, De'Anthony Out Injury/Illness - "
2025-11-11,"Dort, Luguentz",Out,Injury/Illness -,"Dort, Luguentz Out Injury/Illness - "
2025-11-11,"Sorber, Thomas",Out,Injury/Illness -,"Sorber, Thomas Out Injury/Illness - "
2025-11-11,"Topic, Nikola",Out,Injury/Illness -,"Topic, Nikola Out Injury/Illness - "
2025-11-11,"Wiggins, Aaron",Out,Injury/Illness -,"Wiggins, Aaron Out Injury/Illness - "
2025-11-11,"Williams, Jalen",Out,Injury/Illness -,"Williams, Jalen Out Injury/Illness - "
2025-11-11,"Williams, Kenrich",Out,Injury/Illness -,"Williams, Kenrich Out Injury/Illness - "
2025-11-11,"Furphy, Johnny",Out,Injury/Illness -,"Furphy, Johnny Out Injury/Illness - "
2025-11-11,"Haliburton, Tyrese",Out,Injury/Illness -,"Haliburton, Tyrese Out Injury/Illness - "
2025-11-11,"Jackson, Quenton",Out,Injury/Illness -,"Jackson, Quenton Out Injury/Illness - "
2025-11-11,"Jones, Kam",Out,Injury/Illness -,"Jones, Kam Out Injury/Illness - "
2025-11-11,"Mathurin, Bennedict",Out,Injury/Illness -,"Mathurin, Bennedict Out Injury/Illness - "
2025-11-11,"Peter, Taelon",Questionable,Injury/Illness -,"Peter, Taelon Questionable Injury/Illness - "
2025-11-11,"Toppin, Obi",Out,Injury/Illness -,"Toppin, Obi Out Injury/Illness - "
2025-11-11,"Anderson, Kyle",Out,Injury/Illness -,"Anderson, Kyle Out Injury/Illness - "
2025-11-11,"Hendricks, Taylor",Out,Injury/Illness -,"Hendricks, Taylor Out Injury/Illness - "
2025-11-11,"Kessler, Walker",Out,Injury/Illness -,"Kessler, Walker Out Injury/Illness - "
2025-11-11,"Love, Kevin",Out,Rest,"Love, Kevin Out Rest "
2025-11-11,"Niang, Georges",Out,Injury/Illness -,"Niang, Georges Out Injury/Illness - "
2025-11-11,"Tonje, John",Out,G,"Tonje, John Out G "
2025-11-11,"Tshiebwe, Oscar",Out,G,"Tshiebwe, Oscar Out G "
2025-11-11,"Bates, Tamar",Out,G,"Bates, Tamar Out G "
2025-11-11,"Gordon, Aaron",Probable,Injury/Illness -,"Gordon, Aaron Probable Injury/Illness - "
2025-11-11,"Holmes II, DaRon",Out,G,"Holmes II, DaRon Out G "
2025-11-11,"Jones, Curtis",Out,G,"Jones, Curtis Out G "
2025-11-11,"Murray, Jamal",Probable,Injury/Illness -,"Murray, Jamal Probable Injury/Illness - "
2025-11-11,"Cardwell, Dylan",Out,G,"Cardwell, Dylan Out G "
2025-11-11,"Carter, Devin",Out,Injury/Illness -,"Carter, Devin Out Injury/Illness - "
2025-11-11,"Murray, Keegan",Out,Injury/Illness -,"Murray, Keegan Out Injury/Illness - "
2025-11-11,"Plowden, Daeqwon",Out,G,"Plowden, Daeqwon Out G "
2025-11-11,"Stevens, Isaiah",Out,G,"Stevens, Isaiah Out G "
2025-11-11,"Collins, Zach",Out,Injury/Illness -,"Collins, Zach Out Injury/Illness - "
2025-11-11,"Essengue, Noa",Out,G,"Essengue, Noa Out G "
2025-11-11,"Flowers, Trentyn",Out,G,"Flowers, Trentyn Out G "
2025-11-11,"Giddey, Josh",Questionable,Injury/Illness -,"Giddey, Josh Questionable Injury/Illness - "
2025-11-11,"Miller, Emanuel",Out,G,"Miller, Emanuel Out G "
2025-11-11,"Olbrich, Lachlan",Out,G,"Olbrich, Lachlan Out G "
2025-11-11,"White, Coby",Out,Injury/Illness -,"White, Coby Out Injury/Illness - "
2025-11-11,"Cunningham, Cade",Probable,Injury/Illness -,"Cunningham, Cade Probable Injury/Illness - "
2025-11-11,"Duren, Jalen",Probable,Injury/Illness -,"Duren, Jalen Probable Injury/Illness - "
2025-11-11,"Harris, Tobias",Out,Injury/Illness -,"Harris, Tobias Out Injury/Illness - "
2025-11-11,"Ivey, Jaden",Out,Injury/Illness -,"Ivey, Jaden Out Injury/Illness - "
2025-11-11,"Sasser, Marcus",Out,Injury/Illness -,"Sasser, Marcus Out Injury/Illness - "
2025-11-11,"Stewart, Isaiah",Doubtful,Injury/Illness -,"Stewart, Isaiah Doubtful Injury/Illness - "
2025-11-11,"Thompson, Ausar",Out,Injury/Illness -,"Thompson, Ausar Out Injury/Illness - "
2025-11-11,"Antetokounmpo, Alex",Out,G,"Antetokounmpo, Alex Out G "
2025-11-11,"Antetokounmpo, Giannis",Questionable,Injury/Illness -,"Antetokounmpo, Giannis Questionable Injury/Illness - "
2025-11-11,"Porter Jr., Kevin",Out,Injury/Illness -,"Porter Jr., Kevin Out Injury/Illness - "
2025-11-11,"Prince, Taurean",Out,Injury/Illness -,"Prince, Taurean Out Injury/Illness - "
2025-11-11,"Ball, LaMelo",Out,Injury/Illness -,"Ball, LaMelo Out Injury/Illness - "
2025-11-11,"Connaughton, Pat",Probable,Injury/Illness -,"Connaughton, Pat Probable Injury/Illness - "
2025-11-11,"Green, Josh",Out,Injury/Illness -,"Green, Josh Out Injury/Illness - "
2025-11-11,"Miller, Brandon",Out,Injury/Illness -,"Miller, Brandon Out Injury/Illness - "
2025-11-11,"Peterson, Drew",Out,G,"Peterson, Drew Out G "
2025-11-11,"Salaun, Tidjane",Out,G,"Salaun, Tidjane Out G "
2025-11-11,"Sexton, Collin",Probable,Injury/Illness -,"Sexton, Collin Probable Injury/Illness - "
2025-11-11,"Simpson, KJ",Probable,Injury/Illness -,"Simpson, KJ Probable Injury/Illness - "
2025-11-11,"Williams, Grant",Out,Injury/Illness -,"Williams, Grant Out Injury/Illness - "
2025-11-11,"Cain, Jamal",Out,G,"Cain, Jamal Out G "
2025-11-11,"Castleton, Colin",Out,G,"Castleton, Colin Out G "
2025-11-11,"Wagner, Moritz",Out,Injury/Illness -,"Wagner, Moritz Out Injury/Illness - "
2025-11-11,"Garland, Darius",Out,Injury/Illness -,"Garland, Darius Out Injury/Illness - "
2025-11-11,"Mitchell, Donovan",Out,Rest,"Mitchell, Donovan Out Rest "
2025-11-11,"Mobley, Evan",Out,Rest,"Mobley, Evan Out Rest "
2025-11-11,"Nance Jr., Larry",Questionable,Injury/Illness -,"Nance Jr., Larry Questionable Injury/Illness - "
2025-11-11,"Strus, Max",Out,Injury/Illness -,"Strus, Max Out Injury/Illness - "
2025-11-11,"Tyson, Jaylon",Out,Injury/Illness -,"Tyson, Jaylon Out Injury/Illness - "
2025-11-11,"Adebayo, Bam",Out,Injury/Illness -,"Adebayo, Bam Out Injury/Illness - "
2025-11-11,"Gardner, Myron",Out,G,"Gardner, Myron Out G "
2025-11-11,"Herro, Tyler",Out,Injury/Illness -,"Herro, Tyler Out Injury/Illness - "
2025-11-11,"Jaquez Jr., Jaime",Available,Injury/Illness -,"Jaquez Jr., Jaime Available Injury/Illness - "
2025-11-11,"Mitchell, Davion",Available,Injury/Illness -,"Mitchell, Davion Available Injury/Illness - "
2025-11-11,"Rozier, Terry",Out,Not,"Rozier, Terry Out Not "
2025-11-11,"Smith, Dru",Available,Injury/Illness -,"Smith, Dru Available Injury/Illness - "
2025-11-11,"Ware, Kel'el",Available,Injury/Illness -,"Ware, Kel'el Available Injury/Illness - "
2025-11-11,"Young, Jahmir",Out,G,"Young, Jahmir Out G "
2025-11-11,"Harper, Dylan",Out,Injury/Illness -,"Harper, Dylan Out Injury/Illness - "
2025-11-11,"Ingram, Harrison",Out,G,"Ingram, Harrison Out G "
2025-11-11,"Minix, Riley",Out,G,"Minix, Riley Out G "
2025-11-11,"Alexander, Trey",Out,G,"Alexander, Trey Out G "
2025-11-11,"Dickinson, Hunter",Out,G,"Dickinson, Hunter Out G "
2025-11-11,"Murray, Dejounte",Out,Injury/Illness -,"Murray, Dejounte Out Injury/Illness - "
2025-11-11,"Poole, Jordan",Out,Injury/Illness -,"Poole, Jordan Out Injury/Illness - "
2025-11-11,"Williamson, Zion",Out,Injury/Illness -,"Williamson, Zion Out Injury/Illness - "
2025-11-11,"Cooper, Sharife",Out,G,"Cooper, Sharife Out G "
2025-11-11,"Coulibaly, Bilal",Out,Injury/Illness -,"Coulibaly, Bilal Out Injury/Illness - "
2025-11-11,"Watkins, Jamir",Out,G,"Watkins, Jamir Out G "
2025-11-12,"Collins, Zach",Out,Injury/Illness -,"Collins, Zach Out Injury/Illness - "
2025-11-12,"Essengue, Noa",Out,G,"Essengue, Noa Out G "
2025-11-12,"Flowers, Trentyn",Out,G,"Flowers, Trentyn Out G "
2025-11-12,"Giddey, Josh",Out,Injury/Illness -,"Giddey, Josh Out Injury/Illness - "
2025-11-12,"Miller, Emanuel",Out,G,"Miller, Emanuel Out G "
2025-11-12,"Olbrich, Lachlan",Out,G,"Olbrich, Lachlan Out G "
2025-11-12,"White, Coby",Out,Injury/Illness -,"White, Coby Out Injury/Illness - "
2025-11-12,"Cunningham, Cade",Questionable,Injury/Illness -,"Cunningham, Cade Questionable Injury/Illness - "
2025-11-12,"Duren, Jalen",Questionable,Injury/Illness -,"Duren, Jalen Questionable Injury/Illness - "
2025-11-12,"Harris, Tobias",Out,Injury/Illness -,"Harris, Tobias Out Injury/Illness - "
2025-11-12,"Ivey, Jaden",Out,Injury/Illness -,"Ivey, Jaden Out Injury/Illness - "
2025-11-12,"Sasser, Marcus",Out,Injury/Illness -,"Sasser, Marcus Out Injury/Illness - "
2025-11-12,"Stewart, Isaiah",Doubtful,Injury/Illness -,"Stewart, Isaiah Doubtful Injury/Illness - "
2025-11-12,"Thompson, Ausar",Out,Injury/Illness -,"Thompson, Ausar Out Injury/Illness - "
2025-11-12,"Antetokounmpo, Alex",Out,G,"Antetokounmpo, Alex Out G "
2025-11-12,"Antetokounmpo, Giannis",Out,Injury/Illness -,"Antetokounmpo, Giannis Out Injury/Illness - "
2025-11-12,"Porter Jr., Kevin",Out,Injury/Illness -,"Porter Jr., Kevin Out Injury/Illness - "
2025-11-12,"Prince, Taurean",Out,Injury/Illness -,"Prince, Taurean Out Injury/Illness - "
2025-11-12,"Ball, LaMelo",Out,Injury/Illness -,"Ball, LaMelo Out Injury/Illness - "
2025-11-12,"Connaughton, Pat",Available,Injury/Illness -,"Connaughton, Pat Available Injury/Illness - "
2025-11-12,"Green, Josh",Out,Injury/Illness -,"Green, Josh Out Injury/Illness - "
2025-11-12,"Kalkbrenner, Ryan",Available,Personal,"Kalkbrenner, Ryan Available Personal "
2025-11-12,"Miller, Brandon",Out,Injury/Illness -,"Miller, Brandon Out Injury/Illness - "
2025-11-12,"Peterson, Drew",Out,G,"Peterson, Drew Out G "
2025-11-12,"Salaun, Tidjane",Out,G,"Salaun, Tidjane Out G "
2025-11-12,"Sexton, Collin",Available,Injury/Illness -,"Sexton, Collin Available Injury/Illness - "
2025-11-12,"Simpson, KJ",Available,Injury/Illness -,"Simpson, KJ Available Injury/Illness - "
2025-11-12,"Williams, Grant",Out,Injury/Illness -,"Williams, Grant Out Injury/Illness - "
2025-11-12,"Cain, Jamal",Out,G,"Cain, Jamal Out G "
2025-11-12,"Castleton, Colin",Out,G,"Castleton, Colin Out G "
2025-11-12,"Wagner, Franz",Available,Injury/Illness -,"Wagner, Franz Available Injury/Illness - "
2025-11-12,"Wagner, Moritz",Out,Injury/Illness -,"Wagner, Moritz Out Injury/Illness - "
2025-11-12,"Garland, Darius",Out,Injury/Illness -,"Garland, Darius Out Injury/Illness - "
2025-11-12,"Mitchell, Donovan",Out,Rest,"Mitchell, Donovan Out Rest "
2025-11-12,"Mobley, Evan",Out,Rest,"Mobley, Evan Out Rest "
2025-11-12,"Nance Jr., Larry",Questionable,Injury/Illness -,"Nance Jr., Larry Questionable Injury/Illness - "
2025-11-12,"Strus, Max",Out,Injury/Illness -,"Strus, Max Out Injury/Illness - "
2025-11-12,"Tyson, Jaylon",Out,Injury/Illness -,"Tyson, Jaylon Out Injury/Illness - "
2025-11-12,"Adebayo, Bam",Out,Injury/Illness -,"Adebayo, Bam Out Injury/Illness - "
2025-11-12,"Gardner, Myron",Out,G,"Gardner, Myron Out G "
2025-11-12,"Herro, Tyler",Out,Injury/Illness -,"Herro, Tyler Out Injury/Illness - "
2025-11-12,"Jaquez Jr., Jaime",Available,Injury/Illness -,"Jaquez Jr., Jaime Available Injury/Illness - "
2025-11-12,"Mitchell, Davion",Available,Injury/Illness -,"Mitchell, Davion Available Injury/Illness - "
2025-11-12,"Rozier, Terry",Out,Not,"Rozier, Terry Out Not "
2025-11-12,"Smith, Dru",Available,Injury/Illness -,"Smith, Dru Available Injury/Illness - "
2025-11-12,"Ware, Kel'el",Available,Injury/Illness -,"Ware, Kel'el Available Injury/Illness - "
2025-11-12,"Young, Jahmir",Out,G,"Young, Jahmir Out G "
2025-11-12,"Clarke, Brandon",Out,Injury/Illness -,"Clarke, Brandon Out Injury/Illness - "
2025-11-12,"Edey, Zach",Doubtful,Injury/Illness -,"Edey, Zach Doubtful Injury/Illness - "
2025-11-12,"Jerome, Ty",Out,Injury/Illness -,"Jerome, Ty Out Injury/Illness - "
2025-11-12,"Morant, Ja",Questionable,Injury/Illness -,"Morant, Ja Questionable Injury/Illness - "
2025-11-12,"Pippen Jr., Scotty",Out,Injury/Illness -,"Pippen Jr., Scotty Out Injury/Illness - "
2025-11-12,"Small, Javon",Out,Injury/Illness -,"Small, Javon Out Injury/Illness - "
2025-11-12,"Gonzalez, Hugo",Probable,Injury/Illness -,"Gonzalez, Hugo Probable Injury/Illness - "
2025-11-12,"Shulga, Max",Out,G,"Shulga, Max Out G "
2025-11-12,"Tatum, Jayson",Out,Injury/Illness -,"Tatum, Jayson Out Injury/Illness - "
2025-11-12,"Williams, Amari",Out,G,"Williams, Amari Out G "
2025-11-12,"Kuminga, Jonathan",Questionable,Injury/Illness -,"Kuminga, Jonathan Questionable Injury/Illness - "
2025-11-12,"Melton, De'Anthony",Out,Injury/Illness -,"Melton, De'Anthony Out Injury/Illness - "
2025-11-12,"Post, Quinten",Probable,Injury/Illness -,"Post, Quinten Probable Injury/Illness - "
2025-11-12,"Harper, Dylan",Out,Injury/Illness -,"Harper, Dylan Out Injury/Illness - "
2025-11-12,"Ingram, Harrison",Out,G,"Ingram, Harrison Out G "
2025-11-12,"Garcia, David",Out,G,"Garcia, David Out G "
2025-11-12,"Cooke, Javonte",Out,G,"Cooke, Javonte Out G "
2025-11-12,"Henderson, Scoot",Out,Injury/Illness -,"Henderson, Scoot Out Injury/Illness - "
2025-11-12,"Lillard, Damian",Out,Injury/Illness -,"Lillard, Damian Out Injury/Illness - "
2025-11-12,"Thybulle, Matisse",Out,Injury/Illness -,"Thybulle, Matisse Out Injury/Illness - "
2025-11-12,"Wesley, Blake",Out,Injury/Illness -,"Wesley, Blake Out Injury/Illness - "
2025-11-12,"Alexander, Trey",Out,G,"Alexander, Trey Out G "
2025-11-12,"Dickinson, Hunter",Out,G,"Dickinson, Hunter Out G "
2025-11-12,"Murray, Dejounte",Out,Injury/Illness -,"Murray, Dejounte Out Injury/Illness - "
2025-11-12,"Poole, Jordan",Out,Injury/Illness -,"Poole, Jordan Out Injury/Illness - "
2025-11-12,"Williamson, Zion",Out,Injury/Illness -,"Williamson, Zion Out Injury/Illness - "
2025-11-12,"Cooper, Sharife",Out,G,"Cooper, Sharife Out G "
2025-11-12,"Coulibaly, Bilal",Out,Injury/Illness -,"Coulibaly, Bilal Out Injury/Illness - "
2025-11-12,"Watkins, Jamir",Out,G,"Watkins, Jamir Out G "
2025-11-12,"Crawford, Isaiah",Out,G,"Crawford, Isaiah Out G "
2025-11-12,"Smith, Dorian",Out,Injury/Illness -,"Smith, Dorian Out Injury/Illness - "
2025-11-12,"Harris, Kevon",Out,G,"Harris, Kevon Out G "
2025-11-12,"VanVleet, Fred",Out,Injury/Illness -,"VanVleet, Fred Out Injury/Illness - "
2025-11-12,"Brea, Koby",Out,G,"Brea, Koby Out G "
2025-11-12,"Green, Jalen",Out,Injury/Illness -,"Green, Jalen Out Injury/Illness - "
2025-11-12,"Huntley, CJ",Out,G,"Huntley, CJ Out G "
2025-11-12,"Davis, Anthony",Questionable,Injury/Illness -,"Davis, Anthony Questionable Injury/Illness - "
2025-11-12,"Exum, Dante",Out,Injury/Illness -,"Exum, Dante Out Injury/Illness - "
2025-11-12,"Flagg, Cooper",Available,Injury/Illness -,"Flagg, Cooper Available Injury/Illness - "
2025-11-12,"Irving, Kyrie",Out,Injury/Illness -,"Irving, Kyrie Out Injury/Illness - "
2025-11-12,"Lively II, Dereck",Questionable,Injury/Illness -,"Lively II, Dereck Questionable Injury/Illness - "
2025-11-12,"James, LeBron",Out,Injury/Illness -,"James, LeBron Out Injury/Illness - "
2025-11-12,"Thiero, Adou",Out,Injury/Illness -,"Thiero, Adou Out Injury/Illness - "
2025-11-12,"Vincent, Gabe",Out,Injury/Illness -,"Vincent, Gabe Out Injury/Illness - "
2025-11-12,"Dort, Luguentz",Out,Injury/Illness -,"Dort, Luguentz Out Injury/Illness - "
2025-11-12,"Sorber, Thomas",Out,Injury/Illness -,"Sorber, Thomas Out Injury/Illness - "
2025-11-12,"Topic, Nikola",Out,Injury/Illness -,"Topic, Nikola Out Injury/Illness - "
2025-11-12,"Wiggins, Aaron",Out,Injury/Illness -,"Wiggins, Aaron Out Injury/Illness - "
2025-11-12,"Williams, Jalen",Out,Injury/Illness -,"Williams, Jalen Out Injury/Illness - "
2025-11-12,"Williams, Kenrich",Out,Injury/Illness -,"Williams, Kenrich Out Injury/Illness - "
2025-11-12,"Walker, Nickeil",Questionable,Injury/Illness -,"Walker, Nickeil Questionable Injury/Illness - "
2025-11-12,"Dante, N'Faly",Out,G,"Dante, N'Faly Out G "
2025-11-12,"Djurisic, Nikola",Out,Injury/Illness -,"Djurisic, Nikola Out Injury/Illness - "
2025-11-12,"Ndiaye, Eli John",Out,G,"Ndiaye, Eli John Out G "
2025-11-12,"Toppin, Jacob",Out,G,"Toppin, Jacob Out G "
2025-11-12,"Young, Trae",Out,Injury/Illness -,"Young, Trae Out Injury/Illness - "
2025-11-12,"Cardwell, Dylan",Out,G,"Cardwell, Dylan Out G "
2025-11-12,"LaVine, Zach",Out,Injury/Illness -,"LaVine, Zach Out Injury/Illness - "
2025-11-12,"Monk, Malik",Questionable,Injury/Illness -,"Monk, Malik Questionable Injury/Illness - "
2025-11-12,"Murray, Keegan",Out,Injury/Illness -,"Murray, Keegan Out Injury/Illness - "
2025-11-12,"Sabonis, Domantas",Questionable,Injury/Illness -,"Sabonis, Domantas Questionable Injury/Illness - "
2025-11-12,"Stevens, Isaiah",Out,G,"Stevens, Isaiah Out G "
2025-11-12,"Bates, Tamar",Out,G,"Bates, Tamar Out G "
2025-11-12,"Gordon, Aaron",Probable,Injury/Illness -,"Gordon, Aaron Probable Injury/Illness - "
2025-11-12,"Holmes II, DaRon",Out,G,"Holmes II, DaRon Out G "
2025-11-12,"Jones, Curtis",Out,G,"Jones, Curtis Out G "
2025-11-12,"Murray, Jamal",Probable,Injury/Illness -,"Murray, Jamal Probable Injury/Illness - "
2025-11-12,"Beal, Bradley",Out,Injury/Illness -,"Beal, Bradley Out Injury/Illness - "
2025-11-12,"Leonard, Kawhi",Out,Injury/Illness -,"Leonard, Kawhi Out Injury/Illness - "
2025-11-12,"Niederhauser, Yanic Konan",Out,G,"Niederhauser, Yanic Konan Out G "
2025-11-12,"Telfort, Jahmyl",Out,G,"Telfort, Jahmyl Out G "
2025-11-12,"Agbaji, Ochai",Questionable,Injury/Illness -,"Agbaji, Ochai Questionable Injury/Illness - "
2025-11-12,"Hepburn, Chucky",Out,G,"Hepburn, Chucky Out G "
2025-11-12,"Mamukelashvili, Sandro",Questionable,Injury/Illness -,"Mamukelashvili, Sandro Questionable Injury/Illness - "
2025-11-12,"Martin, Alijah",Out,G,"Martin, Alijah Out G "
2025-11-12,"Mogbo, Jonathan",Out,G,"Mogbo, Jonathan Out G "
2025-11-12,"Boyles, Collin",Questionable,Injury/Illness -,"Boyles, Collin Questionable Injury/Illness - "
2025-11-13,"Agbaji, Ochai",Out,Injury/Illness -,"Agbaji, Ochai Out Injury/Illness - "
2025-11-13,"Hepburn, Chucky",Out,G,"Hepburn, Chucky Out G "
2025-11-13,"Mamukelashvili, Sandro",Questionable,Injury/Illness -,"Mamukelashvili, Sandro Questionable Injury/Illness - "
2025-11-13,"Martin, Alijah",Out,G,"Martin, Alijah Out G "
2025-11-13,"Mogbo, Jonathan",Out,G,"Mogbo, Jonathan Out G "
2025-11-13,"Boyles, Collin",Questionable,Injury/Illness -,"Boyles, Collin Questionable Injury/Illness - "
2025-11-13,"Ball, Lonzo",Out,Rest -,"Ball, Lonzo Out Rest - "
2025-11-13,"Garland, Darius",Out,Injury/Illness -,"Garland, Darius Out Injury/Illness - "
2025-11-13,"Livingston, Chris",Out,G,"Livingston, Chris Out G "
2025-11-13,"Strus, Max",Out,Injury/Illness -,"Strus, Max Out Injury/Illness - "
2025-11-13,"Tyson, Jaylon",Out,Injury/Illness -,"Tyson, Jaylon Out Injury/Illness - "
2025-11-13,"Dante, N'Faly",Out,G,"Dante, N'Faly Out G "
2025-11-13,"Djurisic, Nikola",Out,Injury/Illness -,"Djurisic, Nikola Out Injury/Illness - "
2025-11-13,"Ndiaye, Eli John",Out,G,"Ndiaye, Eli John Out G "
2025-11-13,"Porzingis, Kristaps",Out,Rest,"Porzingis, Kristaps Out Rest "
2025-11-13,"Toppin, Jacob",Out,G,"Toppin, Jacob Out G "
2025-11-13,"Young, Trae",Out,Injury/Illness -,"Young, Trae Out Injury/Illness - "
2025-11-13,"Anderson, Kyle",Out,Injury/Illness -,"Anderson, Kyle Out Injury/Illness - "
2025-11-13,"Hendricks, Taylor",Out,Injury/Illness -,"Hendricks, Taylor Out Injury/Illness - "
2025-11-13,"Kessler, Walker",Out,Injury/Illness -,"Kessler, Walker Out Injury/Illness - "
2025-11-13,"Niang, Georges",Out,Injury/Illness -,"Niang, Georges Out Injury/Illness - "
2025-11-13,"Tonje, John",Out,G,"Tonje, John Out G "
2025-11-13,"Tshiebwe, Oscar",Out,G,"Tshiebwe, Oscar Out G "
2025-11-13,"Furphy, Johnny",Out,Injury/Illness -,"Furphy, Johnny Out Injury/Illness - "
2025-11-13,"Haliburton, Tyrese",Out,Injury/Illness -,"Haliburton, Tyrese Out Injury/Illness - "
2025-11-13,"Jackson, Quenton",Out,Injury/Illness -,"Jackson, Quenton Out Injury/Illness - "
2025-11-13,"Jones, Kam",Out,Injury/Illness -,"Jones, Kam Out Injury/Illness - "
2025-11-13,"Martin, Cody",Out,Injury/Illness -,"Martin, Cody Out Injury/Illness - "
2025-11-13,"Mathurin, Bennedict",Out,Injury/Illness -,"Mathurin, Bennedict Out Injury/Illness - "
2025-11-13,"Toppin, Obi",Out,Injury/Illness -,"Toppin, Obi Out Injury/Illness - "
2025-11-13,"Green, Jalen",Out,Injury/Illness -,"Green, Jalen Out Injury/Illness - "
2025-11-13,"Williams, Mark",Out,Injury/Illness -,"Williams, Mark Out Injury/Illness - "
2025-11-13,"Highsmith, Haywood",Out,Injury/Illness -,"Highsmith, Haywood Out Injury/Illness - "
2025-11-13,"Saraf, Ben",Out,G,"Saraf, Ben Out G "
2025-11-13,"Sharpe, Day'Ron",Probable,Injury/Illness -,"Sharpe, Day'Ron Probable Injury/Illness - "
2025-11-13,"Thomas, Cam",Out,Injury/Illness -,"Thomas, Cam Out Injury/Illness - "
2025-11-13,"Traore, Nolan",Out,G,"Traore, Nolan Out G "
2025-11-13,"Wolf, Danny",Out,G,"Wolf, Danny Out G "
2025-11-13,"Banchero, Paolo",Out,Injury/Illness -,"Banchero, Paolo Out Injury/Illness - "
2025-11-13,"Wagner, Franz",Available,Injury/Illness -,"Wagner, Franz Available Injury/Illness - "
2025-11-13,"Wagner, Moritz",Out,Injury/Illness -,"Wagner, Moritz Out Injury/Illness - "
2025-11-13,"Adebayo, Bam",Out,Injury/Illness -,"Adebayo, Bam Out Injury/Illness - "
2025-11-13,"Gardner, Myron",Out,G,"Gardner, Myron Out G "
2025-11-13,"Herro, Tyler",Out,Injury/Illness -,"Herro, Tyler Out Injury/Illness - "
2025-11-13,"Jaquez Jr., Jaime",Available,Injury/Illness -,"Jaquez Jr., Jaime Available Injury/Illness - "
2025-11-13,"Mitchell, Davion",Available,Injury/Illness -,"Mitchell, Davion Available Injury/Illness - "
2025-11-13,"Powell, Norman",Available,Injury/Illness -,"Powell, Norman Available Injury/Illness - "
2025-11-13,"Rozier, Terry",Out,Not,"Rozier, Terry Out Not "
2025-11-13,"Smith, Dru",Available,Injury/Illness -,"Smith, Dru Available Injury/Illness - "
2025-11-13,"Ware, Kel'el",Available,Injury/Illness -,"Ware, Kel'el Available Injury/Illness - "
2025-11-13,"Young, Jahmir",Out,G,"Young, Jahmir Out G "
2025-11-13,"Brunson, Jalen",Out,Injury/Illness -,"Brunson, Jalen Out Injury/Illness - "
2025-11-13,"Edgecombe, VJ",Questionable,Injury/Illness -,"Edgecombe, VJ Questionable Injury/Illness - "
2025-11-13,"Embiid, Joel",Out,Injury/Illness -,"Embiid, Joel Out Injury/Illness - "
2025-11-13,"George, Paul",Out,Injury/Illness -,"George, Paul Out Injury/Illness - "
2025-11-13,"McCain, Jared",Out,G,"McCain, Jared Out G "
2025-11-13,"Sallis, Hunter",Questionable,G,"Sallis, Hunter Questionable G "
2025-11-13,"Cunningham, Cade",Questionable,Injury/Illness -,"Cunningham, Cade Questionable Injury/Illness - "
2025-11-13,"Duren, Jalen",Questionable,Injury/Illness -,"Duren, Jalen Questionable Injury/Illness - "
2025-11-13,"Harris, Tobias",Out,Injury/Illness -,"Harris, Tobias Out Injury/Illness - "
2025-11-13,"Ivey, Jaden",Out,Injury/Illness -,"Ivey, Jaden Out Injury/Illness - "
2025-11-13,"Sasser, Marcus",Out,Injury/Illness -,"Sasser, Marcus Out Injury/Illness - "
2025-11-13,"Stewart, Isaiah",Questionable,Injury/Illness -,"Stewart, Isaiah Questionable Injury/Illness - "
2025-11-13,"Thompson, Ausar",Out,Injury/Illness -,"Thompson, Ausar Out Injury/Illness - "
2025-11-13,"Alexander, Trey",Out,G,"Alexander, Trey Out G "
2025-11-13,"Dickinson, Hunter",Out,G,"Dickinson, Hunter Out G "
2025-11-13,"Murray, Dejounte",Out,Injury/Illness -,"Murray, Dejounte Out Injury/Illness - "
2025-11-13,"Poole, Jordan",Out,Injury/Illness -,"Poole, Jordan Out Injury/Illness - "
2025-11-13,"Williamson, Zion",Out,Injury/Illness -,"Williamson, Zion Out Injury/Illness - "
2025-11-13,"Crawford, Isaiah",Out,G,"Crawford, Isaiah Out G "
2025-11-13,"Smith, Dorian",Out,Injury/Illness -,"Smith, Dorian Out Injury/Illness - "
2025-11-13,"Harris, Kevon",Out,G,"Harris, Kevon Out G "
2025-11-13,"VanVleet, Fred",Out,Injury/Illness -,"VanVleet, Fred Out Injury/Illness - "
2025-11-13,"Davis, Anthony",Questionable,Injury/Illness -,"Davis, Anthony Questionable Injury/Illness - "
2025-11-13,"Exum, Dante",Out,Injury/Illness -,"Exum, Dante Out Injury/Illness - "
2025-11-13,"Flagg, Cooper",Available,Injury/Illness -,"Flagg, Cooper Available Injury/Illness - "
2025-11-13,"Irving, Kyrie",Out,Injury/Illness -,"Irving, Kyrie Out Injury/Illness - "
2025-11-13,"Lively II, Dereck",Questionable,Injury/Illness -,"Lively II, Dereck Questionable Injury/Illness - "
2025-11-13,"Kuminga, Jonathan",Questionable,Injury/Illness -,"Kuminga, Jonathan Questionable Injury/Illness - "
2025-11-13,"Melton, De'Anthony",Out,Injury/Illness -,"Melton, De'Anthony Out Injury/Illness - "
2025-11-14,"Highsmith, Haywood",Out,Injury/Illness -,"Highsmith, Haywood Out Injury/Illness - "
2025-11-14,"Saraf, Ben",Out,G,"Saraf, Ben Out G "
2025-11-14,"Sharpe, Day'Ron",Available,Injury/Illness -,"Sharpe, Day'Ron Available Injury/Illness - "
2025-11-14,"Thomas, Cam",Out,Injury/Illness -,"Thomas, Cam Out Injury/Illness - "
2025-11-14,"Traore, Nolan",Out,G,"Traore, Nolan Out G "
2025-11-14,"Wolf, Danny",Out,G,"Wolf, Danny Out G "
2025-11-14,"Banchero, Paolo",Out,Injury/Illness -,"Banchero, Paolo Out Injury/Illness - "
2025-11-14,"Castleton, Colin",Out,G,"Castleton, Colin Out G "
2025-11-14,"Robinson, Orlando",Out,G,"Robinson, Orlando Out G "
2025-11-14,"Wagner, Franz",Available,Injury/Illness -,"Wagner, Franz Available Injury/Illness - "
2025-11-14,"Wagner, Moritz",Out,Injury/Illness -,"Wagner, Moritz Out Injury/Illness - "
2025-11-14,"Adebayo, Bam",Out,Injury/Illness -,"Adebayo, Bam Out Injury/Illness - "
2025-11-14,"Gardner, Myron",Out,G,"Gardner, Myron Out G "
2025-11-14,"Herro, Tyler",Out,Injury/Illness -,"Herro, Tyler Out Injury/Illness - "
2025-11-14,"Jaquez Jr., Jaime",Available,Injury/Illness -,"Jaquez Jr., Jaime Available Injury/Illness - "
2025-11-14,"Mitchell, Davion",Available,Injury/Illness -,"Mitchell, Davion Available Injury/Illness - "
2025-11-14,"Powell, Norman",Available,Injury/Illness -,"Powell, Norman Available Injury/Illness - "
2025-11-14,"Rozier, Terry",Out,Not,"Rozier, Terry Out Not "
2025-11-14,"Smith, Dru",Available,Injury/Illness -,"Smith, Dru Available Injury/Illness - "
2025-11-14,"Ware, Kel'el",Available,Injury/Illness -,"Ware, Kel'el Available Injury/Illness - "
2025-11-14,"Young, Jahmir",Out,G,"Young, Jahmir Out G "
2025-11-14,"Brunson, Jalen",Out,Injury/Illness -,"Brunson, Jalen Out Injury/Illness - "
2025-11-14,"Edgecombe, VJ",Questionable,Injury/Illness -,"Edgecombe, VJ Questionable Injury/Illness - "
2025-11-14,"Embiid, Joel",Out,Injury/Illness -,"Embiid, Joel Out Injury/Illness - "
2025-11-14,"George, Paul",Out,Injury/Illness -,"George, Paul Out Injury/Illness - "
2025-11-14,"McCain, Jared",Out,G,"McCain, Jared Out G "
2025-11-14,"Sallis, Hunter",Available,G,"Sallis, Hunter Available G "
2025-11-14,"Cunningham, Cade",Questionable,Injury/Illness -,"Cunningham, Cade Questionable Injury/Illness - "
2025-11-14,"Duren, Jalen",Questionable,Injury/Illness -,"Duren, Jalen Questionable Injury/Illness - "
2025-11-14,"Harris, Tobias",Out,Injury/Illness -,"Harris, Tobias Out Injury/Illness - "
2025-11-14,"Ivey, Jaden",Out,Injury/Illness -,"Ivey, Jaden Out Injury/Illness - "
2025-11-14,"Sasser, Marcus",Out,Injury/Illness -,"Sasser, Marcus Out Injury/Illness - "
2025-11-14,"Stewart, Isaiah",Questionable,Injury/Illness -,"Stewart, Isaiah Questionable Injury/Illness - "
2025-11-14,"Thompson, Ausar",Out,Injury/Illness -,"Thompson, Ausar Out Injury/Illness - "
2025-11-14,"Ball, LaMelo",Probable,Injury/Illness -,"Ball, LaMelo Probable Injury/Illness - "
2025-11-14,"Green, Josh",Out,Injury/Illness -,"Green, Josh Out Injury/Illness - "
2025-11-14,"Kalkbrenner, Ryan",Out,Personal,"Kalkbrenner, Ryan Out Personal "
2025-11-14,"McNeeley, Liam",Questionable,Injury/Illness -,"McNeeley, Liam Questionable Injury/Illness - "
2025-11-14,"Miller, Brandon",Out,Injury/Illness -,"Miller, Brandon Out Injury/Illness - "
2025-11-14,"Peterson, Drew",Out,G,"Peterson, Drew Out G "
2025-11-14,"Salaun, Tidjane",Out,G,"Salaun, Tidjane Out G "
2025-11-14,"Simpson, KJ",Probable,Injury/Illness -,"Simpson, KJ Probable Injury/Illness - "
2025-11-14,"Williams, Grant",Out,Injury/Illness -,"Williams, Grant Out Injury/Illness - "
2025-11-14,"Antetokounmpo, Alex",Out,G,"Antetokounmpo, Alex Out G "
2025-11-14,"Antetokounmpo, Giannis",Probable,Injury/Illness -,"Antetokounmpo, Giannis Probable Injury/Illness - "
2025-11-14,"Nance, Pete",Out,G,"Nance, Pete Out G "
2025-11-14,"Porter Jr., Kevin",Out,Injury/Illness -,"Porter Jr., Kevin Out Injury/Illness - "
2025-11-14,"Prince, Taurean",Out,Injury/Illness -,"Prince, Taurean Out Injury/Illness - "
2025-11-14,"James, LeBron",Out,Injury/Illness -,"James, LeBron Out Injury/Illness - "
2025-11-14,"Thiero, Adou",Probable,Injury/Illness -,"Thiero, Adou Probable Injury/Illness - "
2025-11-14,"Vincent, Gabe",Out,Injury/Illness -,"Vincent, Gabe Out Injury/Illness - "
2025-11-14,"Alexander, Trey",Out,G,"Alexander, Trey Out G "
2025-11-14,"Dickinson, Hunter",Out,G,"Dickinson, Hunter Out G "
2025-11-14,"Murray, Dejounte",Out,Injury/Illness -,"Murray, Dejounte Out Injury/Illness - "
2025-11-14,"Poole, Jordan",Out,Injury/Illness -,"Poole, Jordan Out Injury/Illness - "
2025-11-14,"Williamson, Zion",Out,Injury/Illness -,"Williamson, Zion Out Injury/Illness - "
2025-11-14,"Cooke, Javonte",Out,G,"Cooke, Javonte Out G "
2025-11-14,"Henderson, Scoot",Out,Injury/Illness -,"Henderson, Scoot Out Injury/Illness - "
2025-11-14,"Lillard, Damian",Out,Injury/Illness -,"Lillard, Damian Out Injury/Illness - "
2025-11-14,"Thybulle, Matisse",Out,Injury/Illness -,"Thybulle, Matisse Out Injury/Illness - "
2025-11-14,"Wesley, Blake",Out,Injury/Illness -,"Wesley, Blake Out Injury/Illness - "
2025-11-14,"Yang, Hansen",Out,G,"Yang, Hansen Out G "
2025-11-14,"Crawford, Isaiah",Out,G,"Crawford, Isaiah Out G "
2025-11-14,"Smith, Dorian",Out,Injury/Illness -,"Smith, Dorian Out Injury/Illness - "
2025-11-14,"Harris, Kevon",Out,G,"Harris, Kevon Out G "
2025-11-14,"VanVleet, Fred",Out,Injury/Illness -,"VanVleet, Fred Out Injury/Illness - "
2025-11-14,"Cardwell, Dylan",Out,G,"Cardwell, Dylan Out G "
2025-11-14,"Monk, Malik",Questionable,Injury/Illness -,"Monk, Malik Questionable Injury/Illness - "
2025-11-14,"Murray, Keegan",Out,Injury/Illness -,"Murray, Keegan Out Injury/Illness - "
2025-11-14,"Plowden, Daeqwon",Out,G,"Plowden, Daeqwon Out G "
2025-11-14,"Sabonis, Domantas",Questionable,Injury/Illness -,"Sabonis, Domantas Questionable Injury/Illness - "
2025-11-14,"Stevens, Isaiah",Out,G,"Stevens, Isaiah Out G "
2025-11-14,"DiVincenzo, Donte",Available,Injury/Illness -,"DiVincenzo, Donte Available Injury/Illness - "
2025-11-14,"Freeman, Enrique",Out,G,"Freeman, Enrique Out G "
2025-11-14,"Shannon Jr., Terrence",Out,Injury/Illness -,"Shannon Jr., Terrence Out Injury/Illness - "
2025-11-14,"Zikarsky, Rocco",Out,G,"Zikarsky, Rocco Out G "
2025-11-14,"Beal, Bradley",Out,Injury/Illness -,"Beal, Bradley Out Injury/Illness - "
2025-11-14,"Leonard, Kawhi",Out,Injury/Illness -,"Leonard, Kawhi Out Injury/Illness - "
2025-11-14,"Niederhauser, Yanic Konan",Out,G,"Niederhauser, Yanic Konan Out G "
2025-11-14,"Telfort, Jahmyl",Out,G,"Telfort, Jahmyl Out G "
2025-11-14,"Davis, Anthony",Questionable,Injury/Illness -,"Davis, Anthony Questionable Injury/Illness - "
2025-11-14,"Exum, Dante",Out,Injury/Illness -,"Exum, Dante Out Injury/Illness - "
2025-11-14,"Flagg, Cooper",Available,Injury/Illness -,"Flagg, Cooper Available Injury/Illness - "
2025-11-14,"Irving, Kyrie",Out,Injury/Illness -,"Irving, Kyrie Out Injury/Illness - "
2025-11-14,"Lively II, Dereck",Probable,Injury/Illness -,"Lively II, Dereck Probable Injury/Illness - "
2025-11-14,"Kuminga, Jonathan",Out,Injury/Illness -,"Kuminga, Jonathan Out Injury/Illness - "
2025-11-14,"Melton, De'Anthony",Out,Injury/Illness -,"Melton, De'Anthony Out Injury/Illness - "
2025-11-14,"Champagnie, Julian",Questionable,Injury/Illness -,"Champagnie, Julian Questionable Injury/Illness - "
2025-11-14,"Harper, Dylan",Out,Injury/Illness -,"Harper, Dylan Out Injury/Illness - "
2025-11-14,"Garcia, David",Out,G,"Garcia, David Out G "
2025-11-14,"Minix, Riley",Out,G,"Minix, Riley Out G "
2025-11-14,"Clarke, Brandon",Out,Injury/Illness -,"Clarke, Brandon Out Injury/Illness - "
2025-11-14,"Coward, Cedric",Doubtful,Injury/Illness -,"Coward, Cedric Doubtful Injury/Illness - "
2025-11-14,"Edey, Zach",Questionable,Injury/Illness -,"Edey, Zach Questionable Injury/Illness - "
2025-11-14,"Jerome, Ty",Out,Injury/Illness -,"Jerome, Ty Out Injury/Illness - "
2025-11-14,"Pippen Jr., Scotty",Out,Injury/Illness -,"Pippen Jr., Scotty Out Injury/Illness - "
2025-11-14,"Prosper, Olivier- Maxence",Questionable,Injury/Illness -,"Prosper, Olivier- Maxence Questionable Injury/Illness - "
2025-11-14,"Small, Javon",Out,Injury/Illness -,"Small, Javon Out Injury/Illness - "
2025-11-14,"Garland, Darius",Out,Injury/Illness -,"Garland, Darius Out Injury/Illness - "
2025-11-14,"Livingston, Chris",Out,G,"Livingston, Chris Out G "
2025-11-14,"Strus, Max",Out,Injury/Illness -,"Strus, Max Out Injury/Illness - "
2025-11-14,"Tyson, Jaylon",Out,Injury/Illness -,"Tyson, Jaylon Out Injury/Illness - "
2025-11-14,"Dort, Luguentz",Questionable,Injury/Illness -,"Dort, Luguentz Questionable Injury/Illness - "
2025-11-14,"Sorber, Thomas",Out,Injury/Illness -,"Sorber, Thomas Out Injury/Illness - "
2025-11-14,"Topic, Nikola",Out,Injury/Illness -,"Topic, Nikola Out Injury/Illness - "
2025-11-14,"Wiggins, Aaron",Out,Injury/Illness -,"Wiggins, Aaron Out Injury/Illness - "
2025-11-14,"Williams, Jalen",Out,Injury/Illness -,"Williams, Jalen Out Injury/Illness - "
2025-11-14,"Williams, Kenrich",Out,Injury/Illness -,"Williams, Kenrich Out Injury/Illness - "
2025-11-14,"Agbaji, Ochai",Questionable,Injury/Illness -,"Agbaji, Ochai Questionable Injury/Illness - "
2025-11-14,"Hepburn, Chucky",Out,G,"Hepburn, Chucky Out G "
2025-11-14,"Martin, Alijah",Out,G,"Martin, Alijah Out G "
2025-11-14,"Mogbo, Jonathan",Out,G,"Mogbo, Jonathan Out G "
2025-11-14,"Boyles, Collin",Questionable,Injury/Illness -,"Boyles, Collin Questionable Injury/Illness - "
2025-11-14,"Furphy, Johnny",Out,Injury/Illness -,"Furphy, Johnny Out Injury/Illness - "
2025-11-14,"Haliburton, Tyrese",Out,Injury/Illness -,"Haliburton, Tyrese Out Injury/Illness - "
2025-11-14,"Jackson, Quenton",Out,Injury/Illness -,"Jackson, Quenton Out Injury/Illness - "
2025-11-14,"Jones, Kam",Out,Injury/Illness -,"Jones, Kam Out Injury/Illness - "
2025-11-14,"Mathurin, Bennedict",Out,Injury/Illness -,"Mathurin, Bennedict Out Injury/Illness - "
2025-11-14,"Nesmith, Aaron",Out,Injury/Illness -,"Nesmith, Aaron Out Injury/Illness - "
2025-11-14,"Toppin, Obi",Out,Injury/Illness -,"Toppin, Obi Out Injury/Illness - "
2025-11-15,"Clarke, Brandon",Out,Injury/Illness -,"Clarke, Brandon Out Injury/Illness - "
2025-11-15,"Coward, Cedric",Available,Injury/Illness -,"Coward, Cedric Available Injury/Illness - "
2025-11-15,"Edey, Zach",Available,Injury/Illness -,"Edey, Zach Available Injury/Illness - "
2025-11-15,"Jerome, Ty",Out,Injury/Illness -,"Jerome, Ty Out Injury/Illness - "
2025-11-15,"Pippen Jr., Scotty",Out,Injury/Illness -,"Pippen Jr., Scotty Out Injury/Illness - "
2025-11-15,"Prosper, Olivier- Maxence",Out,Injury/Illness -,"Prosper, Olivier- Maxence Out Injury/Illness - "
2025-11-15,"Small, Javon",Out,Injury/Illness -,"Small, Javon Out Injury/Illness - "
2025-11-15,"Garland, Darius",Out,Injury/Illness -,"Garland, Darius Out Injury/Illness - "
2025-11-15,"Livingston, Chris",Out,G,"Livingston, Chris Out G "
2025-11-15,"Strus, Max",Out,Injury/Illness -,"Strus, Max Out Injury/Illness - "
2025-11-15,"Travers, Luke",Out,G,"Travers, Luke Out G "
2025-11-15,"Tyson, Jaylon",Out,Injury/Illness -,"Tyson, Jaylon Out Injury/Illness - "
2025-11-15,"Sorber, Thomas",Out,Injury/Illness -,"Sorber, Thomas Out Injury/Illness - "
2025-11-15,"Topic, Nikola",Out,Injury/Illness -,"Topic, Nikola Out Injury/Illness - "
2025-11-15,"Wiggins, Aaron",Out,Injury/Illness -,"Wiggins, Aaron Out Injury/Illness - "
2025-11-15,"Williams, Jalen",Out,Injury/Illness -,"Williams, Jalen Out Injury/Illness - "
2025-11-15,"Williams, Jaylin",Out,Injury/Illness -,"Williams, Jaylin Out Injury/Illness - "
2025-11-15,"Williams, Kenrich",Out,Injury/Illness -,"Williams, Kenrich Out Injury/Illness - "
2025-11-15,"Ball, LaMelo",Out,Injury/Illness -,"Ball, LaMelo Out Injury/Illness - "
2025-11-15,"Green, Josh",Out,Injury/Illness -,"Green, Josh Out Injury/Illness - "
2025-11-15,"McNeeley, Liam",Out,Injury/Illness -,"McNeeley, Liam Out Injury/Illness - "
2025-11-15,"Miller, Brandon",Out,Injury/Illness -,"Miller, Brandon Out Injury/Illness - "
2025-11-15,"Peterson, Drew",Out,G,"Peterson, Drew Out G "
2025-11-15,"Salaun, Tidjane",Out,G,"Salaun, Tidjane Out G "
2025-11-15,"Simpson, KJ",Probable,Injury/Illness -,"Simpson, KJ Probable Injury/Illness - "
2025-11-15,"Williams, Grant",Out,Injury/Illness -,"Williams, Grant Out Injury/Illness - "
2025-11-15,"Agbaji, Ochai",Questionable,Injury/Illness -,"Agbaji, Ochai Questionable Injury/Illness - "
2025-11-15,"Battle, Jamison",Questionable,Injury/Illness -,"Battle, Jamison Questionable Injury/Illness - "
2025-11-15,"Hepburn, Chucky",Out,G,"Hepburn, Chucky Out G "
2025-11-15,"Martin, Alijah",Out,G,"Martin, Alijah Out G "
2025-11-15,"Mogbo, Jonathan",Out,G,"Mogbo, Jonathan Out G "
2025-11-15,"Boyles, Collin",Questionable,Injury/Illness -,"Boyles, Collin Questionable Injury/Illness - "
2025-11-15,"Furphy, Johnny",Out,Injury/Illness -,"Furphy, Johnny Out Injury/Illness - "
2025-11-15,"Haliburton, Tyrese",Out,Injury/Illness -,"Haliburton, Tyrese Out Injury/Illness - "
2025-11-15,"Jackson, Quenton",Out,Injury/Illness -,"Jackson, Quenton Out Injury/Illness - "
2025-11-15,"Jones, Kam",Out,Injury/Illness -,"Jones, Kam Out Injury/Illness - "
2025-11-15,"Mathurin, Bennedict",Out,Injury/Illness -,"Mathurin, Bennedict Out Injury/Illness - "
2025-11-15,"Nesmith, Aaron",Out,Injury/Illness -,"Nesmith, Aaron Out Injury/Illness - "
2025-11-15,"Toppin, Obi",Out,Injury/Illness -,"Toppin, Obi Out Injury/Illness - "
2025-11-15,"Bates, Tamar",Out,G,"Bates, Tamar Out G "
2025-11-15,"Braun, Christian",Out,Injury/Illness -,"Braun, Christian Out Injury/Illness - "
2025-11-15,"Holmes II, DaRon",Out,G,"Holmes II, DaRon Out G "
2025-11-15,"Johnson, Cameron",Out,Injury/Illness -,"Johnson, Cameron Out Injury/Illness - "
2025-11-15,"Jokic, Nikola",Questionable,Injury/Illness -,"Jokic, Nikola Questionable Injury/Illness - "
2025-11-15,"Jones, Curtis",Out,G,"Jones, Curtis Out G "
2025-11-15,"DiVincenzo, Donte",Available,Injury/Illness -,"DiVincenzo, Donte Available Injury/Illness - "
2025-11-15,"Freeman, Enrique",Out,G,"Freeman, Enrique Out G "
2025-11-15,"Shannon Jr., Terrence",Out,Injury/Illness -,"Shannon Jr., Terrence Out Injury/Illness - "
2025-11-15,"Zikarsky, Rocco",Out,G,"Zikarsky, Rocco Out G "
2025-11-15,"Hachimura, Rui",Out,Injury/Illness -,"Hachimura, Rui Out Injury/Illness - "
2025-11-15,"James, LeBron",Out,Injury/Illness -,"James, LeBron Out Injury/Illness - "
2025-11-15,"Smart, Marcus",Questionable,Injury/Illness -,"Smart, Marcus Questionable Injury/Illness - "
2025-11-15,"Vincent, Gabe",Out,Injury/Illness -,"Vincent, Gabe Out Injury/Illness - "
2025-11-15,"Antetokounmpo, Alex",Out,G,"Antetokounmpo, Alex Out G "
2025-11-15,"Antetokounmpo, Giannis",Probable,Injury/Illness -,"Antetokounmpo, Giannis Probable Injury/Illness - "
2025-11-15,"Nance, Pete",Out,G,"Nance, Pete Out G "
2025-11-15,"Porter Jr., Kevin",Out,Injury/Illness -,"Porter Jr., Kevin Out Injury/Illness - "
2025-11-15,"Prince, Taurean",Out,Injury/Illness -,"Prince, Taurean Out Injury/Illness - "
2025-11-15,"Beal, Bradley",Out,Injury/Illness -,"Beal, Bradley Out Injury/Illness - "
2025-11-15,"Leonard, Kawhi",Out,Injury/Illness -,"Leonard, Kawhi Out Injury/Illness - "
2025-11-15,"Telfort, Jahmyl",Out,G,"Telfort, Jahmyl Out G "
2025-11-15,"Harper Jr., Ron",Out,G,"Harper Jr., Ron Out G "
2025-11-15,"Shulga, Max",Out,G,"Shulga, Max Out G "
2025-11-15,"Tatum, Jayson",Out,Injury/Illness -,"Tatum, Jayson Out Injury/Illness - "
2025-11-15,"Williams, Amari",Out,G,"Williams, Amari Out G "
2025-11-15,"Highsmith, Haywood",Out,Injury/Illness -,"Highsmith, Haywood Out Injury/Illness - "
2025-11-15,"Saraf, Ben",Out,G,"Saraf, Ben Out G "
2025-11-15,"Thomas, Cam",Out,Injury/Illness -,"Thomas, Cam Out Injury/Illness - "
2025-11-15,"Traore, Nolan",Out,G,"Traore, Nolan Out G "
2025-11-15,"Wolf, Danny",Out,G,"Wolf, Danny Out G "
2025-11-15,"Cooper, Sharife",Out,G,"Cooper, Sharife Out G "
2025-11-15,"Coulibaly, Bilal",Questionable,Injury/Illness -,"Coulibaly, Bilal Questionable Injury/Illness - "
2025-11-15,"Riley, Will",Out,G,"Riley, Will Out G "
2025-11-15,"Watkins, Jamir",Out,G,"Watkins, Jamir Out G "
2025-11-15,"Kuminga, Jonathan",Out,Injury/Illness -,"Kuminga, Jonathan Out Injury/Illness - "
2025-11-15,"Melton, De'Anthony",Out,Injury/Illness -,"Melton, De'Anthony Out Injury/Illness - "
2025-11-15,"Alexander, Trey",Out,G,"Alexander, Trey Out G "
2025-11-15,"Dickinson, Hunter",Out,G,"Dickinson, Hunter Out G "
2025-11-15,"Murray, Dejounte",Out,Injury/Illness -,"Murray, Dejounte Out Injury/Illness - "
2025-11-15,"Poole, Jordan",Out,Injury/Illness -,"Poole, Jordan Out Injury/Illness - "
2025-11-15,"Williamson, Zion",Questionable,Injury/Illness -,"Williamson, Zion Questionable Injury/Illness - "
2025-11-15,"Banchero, Paolo",Out,Injury/Illness -,"Banchero, Paolo Out Injury/Illness - "
2025-11-15,"Castleton, Colin",Out,G,"Castleton, Colin Out G "
2025-11-15,"Wagner, Franz",Available,Injury/Illness -,"Wagner, Franz Available Injury/Illness - "
2025-11-15,"Wagner, Moritz",Out,Injury/Illness -,"Wagner, Moritz Out Injury/Illness - "
2025-11-15,"Crawford, Isaiah",Out,G,"Crawford, Isaiah Out G "
2025-11-15,"Eason, Tari",Out,Injury/Illness -,"Eason, Tari Out Injury/Illness - "
2025-11-15,"Smith, Dorian",Out,Injury/Illness -,"Smith, Dorian Out Injury/Illness - "
2025-11-15,"Harris, Kevon",Out,G,"Harris, Kevon Out G "
2025-11-15,"VanVleet, Fred",Out,Injury/Illness -,"VanVleet, Fred Out Injury/Illness - "
2025-11-15,"Collins, Zach",Out,Injury/Illness -,"Collins, Zach Out Injury/Illness - "
2025-11-15,"Flowers, Trentyn",Out,G,"Flowers, Trentyn Out G "
2025-11-15,"Giddey, Josh",Probable,Injury/Illness -,"Giddey, Josh Probable Injury/Illness - "
2025-11-15,"Jones, Tre",Questionable,Injury/Illness -,"Jones, Tre Questionable Injury/Illness - "
2025-11-15,"Miller, Emanuel",Out,G,"Miller, Emanuel Out G "
2025-11-15,"Olbrich, Lachlan",Out,G,"Olbrich, Lachlan Out G "
2025-11-15,"White, Coby",Questionable,Injury/Illness -,"White, Coby Questionable Injury/Illness - "
2025-11-16,"Beal, Bradley",Out,Injury/Illness -,"Beal, Bradley Out Injury/Illness - "
2025-11-16,"Leonard, Kawhi",Out,Injury/Illness -,"Leonard, Kawhi Out Injury/Illness - "
2025-11-16,"Telfort, Jahmyl",Out,G,"Telfort, Jahmyl Out G "
2025-11-16,"Harper Jr., Ron",Out,G,"Harper Jr., Ron Out G "
2025-11-16,"Shulga, Max",Out,G,"Shulga, Max Out G "
2025-11-16,"Tatum, Jayson",Out,Injury/Illness -,"Tatum, Jayson Out Injury/Illness - "
2025-11-16,"Williams, Amari",Out,G,"Williams, Amari Out G "
2025-11-16,"Cardwell, Dylan",Out,G,"Cardwell, Dylan Out G "
2025-11-16,"Carter, Devin",Out,Injury/Illness -,"Carter, Devin Out Injury/Illness - "
2025-11-16,"Murray, Keegan",Out,Injury/Illness -,"Murray, Keegan Out Injury/Illness - "
2025-11-16,"Plowden, Daeqwon",Out,G,"Plowden, Daeqwon Out G "
2025-11-16,"Stevens, Isaiah",Out,G,"Stevens, Isaiah Out G "
2025-11-16,"Harper, Dylan",Out,Injury/Illness -,"Harper, Dylan Out Injury/Illness - "
2025-11-16,"Garcia, David",Out,G,"Garcia, David Out G "
2025-11-16,"Minix, Riley",Out,G,"Minix, Riley Out G "
2025-11-16,"Wembanyama, Victor",Out,Injury/Illness -,"Wembanyama, Victor Out Injury/Illness - "
2025-11-16,"Highsmith, Haywood",Out,Injury/Illness -,"Highsmith, Haywood Out Injury/Illness - "
2025-11-16,"Saraf, Ben",Out,G,"Saraf, Ben Out G "
2025-11-16,"Thomas, Cam",Out,Injury/Illness -,"Thomas, Cam Out Injury/Illness - "
2025-11-16,"Traore, Nolan",Out,G,"Traore, Nolan Out G "
2025-11-16,"Wolf, Danny",Out,G,"Wolf, Danny Out G "
2025-11-16,"Cooper, Sharife",Out,G,"Cooper, Sharife Out G "
2025-11-16,"Coulibaly, Bilal",Available,Injury/Illness -,"Coulibaly, Bilal Available Injury/Illness - "
2025-11-16,"Riley, Will",Out,G,"Riley, Will Out G "
2025-11-16,"Watkins, Jamir",Out,G,"Watkins, Jamir Out G "
2025-11-16,"Kuminga, Jonathan",Out,Injury/Illness -,"Kuminga, Jonathan Out Injury/Illness - "
2025-11-16,"Melton, De'Anthony",Out,Injury/Illness -,"Melton, De'Anthony Out Injury/Illness - "
2025-11-16,"Alexander, Trey",Out,G,"Alexander, Trey Out G "
2025-11-16,"Dickinson, Hunter",Out,G,"Dickinson, Hunter Out G "
2025-11-16,"Murray, Dejounte",Out,Injury/Illness -,"Murray, Dejounte Out Injury/Illness - "
2025-11-16,"Poole, Jordan",Out,Injury/Illness -,"Poole, Jordan Out Injury/Illness - "
2025-11-16,"Williamson, Zion",Questionable,Injury/Illness -,"Williamson, Zion Questionable Injury/Illness - "
2025-11-16,"Banchero, Paolo",Out,Injury/Illness -,"Banchero, Paolo Out Injury/Illness - "
2025-11-16,"Castleton, Colin",Out,G,"Castleton, Colin Out G "
2025-11-16,"Suggs, Jalen",Out,Injury/Illness -,"Suggs, Jalen Out Injury/Illness - "
2025-11-16,"Wagner, Franz",Available,Injury/Illness -,"Wagner, Franz Available Injury/Illness - "
2025-11-16,"Wagner, Moritz",Out,Injury/Illness -,"Wagner, Moritz Out Injury/Illness - "
2025-11-16,"Crawford, Isaiah",Out,G,"Crawford, Isaiah Out G "
2025-11-16,"Eason, Tari",Out,Injury/Illness -,"Eason, Tari Out Injury/Illness - "
2025-11-16,"Smith, Dorian",Out,Injury/Illness -,"Smith, Dorian Out Injury/Illness - "
2025-11-16,"Harris, Kevon",Out,G,"Harris, Kevon Out G "
2025-11-16,"VanVleet, Fred",Out,Injury/Illness -,"VanVleet, Fred Out Injury/Illness - "
2025-11-16,"Cooke, Javonte",Out,G,"Cooke, Javonte Out G "
2025-11-16,"Henderson, Scoot",Out,Injury/Illness -,"Henderson, Scoot Out Injury/Illness - "
2025-11-16,"Holiday, Jrue",Questionable,Injury/Illness -,"Holiday, Jrue Questionable Injury/Illness - "
2025-11-16,"Lillard, Damian",Out,Injury/Illness -,"Lillard, Damian Out Injury/Illness - "
2025-11-16,"Thybulle, Matisse",Out,Injury/Illness -,"Thybulle, Matisse Out Injury/Illness - "
2025-11-16,"Wesley, Blake",Out,Injury/Illness -,"Wesley, Blake Out Injury/Illness - "
2025-11-16,"Yang, Hansen",Out,G,"Yang, Hansen Out G "
2025-11-16,"Davis, Anthony",Doubtful,Injury/Illness -,"Davis, Anthony Doubtful Injury/Illness - "
2025-11-16,"Exum, Dante",Out,Injury/Illness -,"Exum, Dante Out Injury/Illness - "
2025-11-16,"Flagg, Cooper",Available,Injury/Illness -,"Flagg, Cooper Available Injury/Illness - "
2025-11-16,"Irving, Kyrie",Out,Injury/Illness -,"Irving, Kyrie Out Injury/Illness - "
2025-11-16,"Nembhard, Ryan",Out,Injury/Illness -,"Nembhard, Ryan Out Injury/Illness - "
2025-11-16,"Dante, N'Faly",Out,G,"Dante, N'Faly Out G "
2025-11-16,"Djurisic, Nikola",Out,G,"Djurisic, Nikola Out G "
2025-11-16,"Ndiaye, Eli John",Out,G,"Ndiaye, Eli John Out G "
2025-11-16,"Porzingis, Kristaps",Questionable,Injury/Illness -,"Porzingis, Kristaps Questionable Injury/Illness - "
2025-11-16,"Toppin, Jacob",Out,G,"Toppin, Jacob Out G "
2025-11-16,"Young, Trae",Out,Injury/Illness -,"Young, Trae Out Injury/Illness - "
2025-11-16,"Allen, Grayson",Out,Injury/Illness -,"Allen, Grayson Out Injury/Illness - "
2025-11-16,"Green, Jalen",Out,Injury/Illness -,"Green, Jalen Out Injury/Illness - "
2025-11-16,"Collins, Zach",Out,Injury/Illness -,"Collins, Zach Out Injury/Illness - "
2025-11-16,"Flowers, Trentyn",Out,G,"Flowers, Trentyn Out G "
2025-11-16,"Giddey, Josh",Probable,Injury/Illness -,"Giddey, Josh Probable Injury/Illness - "
2025-11-16,"Jones, Tre",Questionable,Injury/Illness -,"Jones, Tre Questionable Injury/Illness - "
2025-11-16,"Miller, Emanuel",Out,G,"Miller, Emanuel Out G "
2025-11-16,"Olbrich, Lachlan",Out,G,"Olbrich, Lachlan Out G "
2025-11-16,"White, Coby",Probable,Injury/Illness -,"White, Coby Probable Injury/Illness - "
2025-11-16,"Anderson, Kyle",Questionable,Injury/Illness -,"Anderson, Kyle Questionable Injury/Illness - "
2025-11-16,"Hendricks, Taylor",Out,Injury/Illness -,"Hendricks, Taylor Out Injury/Illness - "
2025-11-16,"Kessler, Walker",Out,Injury/Illness -,"Kessler, Walker Out Injury/Illness - "
2025-11-16,"Niang, Georges",Out,Injury/Illness -,"Niang, Georges Out Injury/Illness - "
2025-11-16,"Tonje, John",Out,G,"Tonje, John Out G "
2025-11-16,"Tshiebwe, Oscar",Out,G,"Tshiebwe, Oscar Out G "
2025-11-16,"Furphy, Johnny",Out,Injury/Illness -,"Furphy, Johnny Out Injury/Illness - "
2025-11-16,"Haliburton, Tyrese",Out,Injury/Illness -,"Haliburton, Tyrese Out Injury/Illness - "
2025-11-16,"Jackson, Quenton",Out,Injury/Illness -,"Jackson, Quenton Out Injury/Illness - "
2025-11-16,"Jones, Kam",Out,Injury/Illness -,"Jones, Kam Out Injury/Illness - "
2025-11-16,"Mathurin, Bennedict",Questionable,Injury/Illness -,"Mathurin, Bennedict Questionable Injury/Illness - "
2025-11-16,"Nesmith, Aaron",Out,Injury/Illness -,"Nesmith, Aaron Out Injury/Illness - "
2025-11-16,"Toppin, Obi",Out,Injury/Illness -,"Toppin, Obi Out Injury/Illness - "
2025-11-16,"Cunningham, Cade",Questionable,Injury/Illness -,"Cunningham, Cade Questionable Injury/Illness - "
2025-11-16,"Duren, Jalen",Probable,Injury/Illness -,"Duren, Jalen Probable Injury/Illness - "
2025-11-16,"Harris, Tobias",Out,Injury/Illness -,"Harris, Tobias Out Injury/Illness - "
2025-11-16,"Ivey, Jaden",Out,Injury/Illness -,"Ivey, Jaden Out Injury/Illness - "
2025-11-16,"Klintman, Bobi",Out,Injury/Illness -,"Klintman, Bobi Out Injury/Illness - "
2025-11-16,"Sasser, Marcus",Out,Injury/Illness -,"Sasser, Marcus Out Injury/Illness - "
2025-11-16,"Thompson, Ausar",Questionable,Injury/Illness -,"Thompson, Ausar Questionable Injury/Illness - "
2025-11-16,"Bona, Adem",Out,Injury/Illness -,"Bona, Adem Out Injury/Illness - "
2025-11-16,"Embiid, Joel",Out,Injury/Illness -,"Embiid, Joel Out Injury/Illness - "
2025-11-16,"George, Paul",Questionable,Injury/Illness -,"George, Paul Questionable Injury/Illness - "
2025-11-16,"Oubre Jr., Kelly",Out,Injury/Illness -,"Oubre Jr., Kelly Out Injury/Illness - "
2025-11-16,"Antetokounmpo, Alex",Out,G,"Antetokounmpo, Alex Out G "
2025-11-16,"Antetokounmpo, Giannis",Probable,Injury/Illness -,"Antetokounmpo, Giannis Probable Injury/Illness - "
2025-11-16,"Porter Jr., Kevin",Out,Injury/Illness -,"Porter Jr., Kevin Out Injury/Illness - "
2025-11-16,"Prince, Taurean",Out,Injury/Illness -,"Prince, Taurean Out Injury/Illness - "
2025-11-16,"Garland, Darius",Out,Injury/Illness -,"Garland, Darius Out Injury/Illness - "
2025-11-16,"Livingston, Chris",Out,G,"Livingston, Chris Out G "
2025-11-16,"Strus, Max",Out,Injury/Illness -,"Strus, Max Out Injury/Illness - "
2025-11-16,"Travers, Luke",Out,G,"Travers, Luke Out G "
2025-11-16,"Tyson, Jaylon",Out,Injury/Illness -,"Tyson, Jaylon Out Injury/Illness - "
2025-11-16,"Green, Josh",Out,Injury/Illness -,"Green, Josh Out Injury/Illness - "
2025-11-16,"McNeeley, Liam",Out,Injury/Illness -,"McNeeley, Liam Out Injury/Illness - "
2025-11-16,"Miller, Brandon",Out,Injury/Illness -,"Miller, Brandon Out Injury/Illness - "
2025-11-16,"Salaun, Tidjane",Out,G,"Salaun, Tidjane Out G "
2025-11-16,"Williams, Grant",Out,Injury/Illness -,"Williams, Grant Out Injury/Illness - "
2025-11-16,"Agbaji, Ochai",Questionable,Injury/Illness -,"Agbaji, Ochai Questionable Injury/Illness - "
2025-11-16,"Battle, Jamison",Questionable,Injury/Illness -,"Battle, Jamison Questionable Injury/Illness - "
2025-11-16,"Hepburn, Chucky",Out,G,"Hepburn, Chucky Out G "
2025-11-16,"Martin, Alijah",Out,G,"Martin, Alijah Out G "
2025-11-16,"Anunoby, OG",Out,Injury/Illness -,"Anunoby, OG Out Injury/Illness - "
2025-11-16,"Brunson, Jalen",Out,Injury/Illness -,"Brunson, Jalen Out Injury/Illness - "
2025-11-16,"McBride, Miles",Questionable,Personal,"McBride, Miles Questionable Personal "
2025-11-16,"Adebayo, Bam",Out,Injury/Illness -,"Adebayo, Bam Out Injury/Illness - "
2025-11-16,"Gardner, Myron",Out,G,"Gardner, Myron Out G "
2025-11-16,"Herro, Tyler",Out,Injury/Illness -,"Herro, Tyler Out Injury/Illness - "
2025-11-16,"Jakucionis, Kasparas",Out,G,"Jakucionis, Kasparas Out G "
2025-11-16,"Rozier, Terry",Out,Not,"Rozier, Terry Out Not "
2025-11-16,"Smith, Dru",Available,Injury/Illness -,"Smith, Dru Available Injury/Illness - "
2025-11-17,"Furphy, Johnny",Out,Injury/Illness -,"Furphy, Johnny Out Injury/Illness - "
2025-11-17,"Haliburton, Tyrese",Out,Injury/Illness -,"Haliburton, Tyrese Out Injury/Illness - "
2025-11-17,"Jackson, Quenton",Out,Injury/Illness -,"Jackson, Quenton Out Injury/Illness - "
2025-11-17,"Jones, Kam",Out,Injury/Illness -,"Jones, Kam Out Injury/Illness - "
2025-11-17,"Mathurin, Bennedict",Questionable,Injury/Illness -,"Mathurin, Bennedict Questionable Injury/Illness - "
2025-11-17,"Nesmith, Aaron",Out,Injury/Illness -,"Nesmith, Aaron Out Injury/Illness - "
2025-11-17,"Toppin, Obi",Out,Injury/Illness -,"Toppin, Obi Out Injury/Illness - "
2025-11-17,"Cunningham, Cade",Questionable,Injury/Illness -,"Cunningham, Cade Questionable Injury/Illness - "
2025-11-17,"Duren, Jalen",Probable,Injury/Illness -,"Duren, Jalen Probable Injury/Illness - "
2025-11-17,"Harris, Tobias",Out,Injury/Illness -,"Harris, Tobias Out Injury/Illness - "
2025-11-17,"Ivey, Jaden",Out,Injury/Illness -,"Ivey, Jaden Out Injury/Illness - "
2025-11-17,"Klintman, Bobi",Out,Injury/Illness -,"Klintman, Bobi Out Injury/Illness - "
2025-11-17,"Sasser, Marcus",Out,Injury/Illness -,"Sasser, Marcus Out Injury/Illness - "
2025-11-17,"Thompson, Ausar",Questionable,Injury/Illness -,"Thompson, Ausar Questionable Injury/Illness - "
2025-11-17,"Beal, Bradley",Out,Injury/Illness -,"Beal, Bradley Out Injury/Illness - "
2025-11-17,"Bogdanovic, Bogdan",Questionable,Injury/Illness -,"Bogdanovic, Bogdan Questionable Injury/Illness - "
2025-11-17,"Jones Jr., Derrick",Out,Injury/Illness -,"Jones Jr., Derrick Out Injury/Illness - "
2025-11-17,"Leonard, Kawhi",Out,Injury/Illness -,"Leonard, Kawhi Out Injury/Illness - "
2025-11-17,"Miller, Jordan",Out,Injury/Illness -,"Miller, Jordan Out Injury/Illness - "
2025-11-17,"Bona, Adem",Out,Injury/Illness -,"Bona, Adem Out Injury/Illness - "
2025-11-17,"Embiid, Joel",Out,Injury/Illness -,"Embiid, Joel Out Injury/Illness - "
2025-11-17,"George, Paul",Questionable,Injury/Illness -,"George, Paul Questionable Injury/Illness - "
2025-11-17,"McCain, Jared",Available,Injury/Illness -,"McCain, Jared Available Injury/Illness - "
2025-11-17,"Oubre Jr., Kelly",Out,Injury/Illness -,"Oubre Jr., Kelly Out Injury/Illness - "
2025-11-17,"Antetokounmpo, Alex",Out,G,"Antetokounmpo, Alex Out G "
2025-11-17,"Antetokounmpo, Giannis",Probable,Injury/Illness -,"Antetokounmpo, Giannis Probable Injury/Illness - "
2025-11-17,"Porter Jr., Kevin",Out,Injury/Illness -,"Porter Jr., Kevin Out Injury/Illness - "
2025-11-17,"Prince, Taurean",Out,Injury/Illness -,"Prince, Taurean Out Injury/Illness - "
2025-11-17,"Garland, Darius",Out,Injury/Illness -,"Garland, Darius Out Injury/Illness - "
2025-11-17,"Livingston, Chris",Out,G,"Livingston, Chris Out G "
2025-11-17,"Strus, Max",Out,Injury/Illness -,"Strus, Max Out Injury/Illness - "
2025-11-17,"Travers, Luke",Out,G,"Travers, Luke Out G "
2025-11-17,"Tyson, Jaylon",Out,Injury/Illness -,"Tyson, Jaylon Out Injury/Illness - "
2025-11-17,"Green, Josh",Out,Injury/Illness -,"Green, Josh Out Injury/Illness - "
2025-11-17,"McNeeley, Liam",Out,Injury/Illness -,"McNeeley, Liam Out Injury/Illness - "
2025-11-17,"Miller, Brandon",Out,Injury/Illness -,"Miller, Brandon Out Injury/Illness - "
2025-11-17,"Salaun, Tidjane",Out,G,"Salaun, Tidjane Out G "
2025-11-17,"Williams, Grant",Out,Injury/Illness -,"Williams, Grant Out Injury/Illness - "
2025-11-17,"Agbaji, Ochai",Doubtful,Injury/Illness -,"Agbaji, Ochai Doubtful Injury/Illness - "
2025-11-17,"Battle, Jamison",Questionable,Injury/Illness -,"Battle, Jamison Questionable Injury/Illness - "
2025-11-17,"Hepburn, Chucky",Out,G,"Hepburn, Chucky Out G "
2025-11-17,"Martin, Alijah",Out,G,"Martin, Alijah Out G "
2025-11-17,"Anunoby, OG",Out,Injury/Illness -,"Anunoby, OG Out Injury/Illness - "
2025-11-17,"Brunson, Jalen",Out,Injury/Illness -,"Brunson, Jalen Out Injury/Illness - "
2025-11-17,"McBride, Miles",Available,Personal,"McBride, Miles Available Personal "
2025-11-17,"Adebayo, Bam",Out,Injury/Illness -,"Adebayo, Bam Out Injury/Illness - "
2025-11-17,"Gardner, Myron",Out,G,"Gardner, Myron Out G "
2025-11-17,"Herro, Tyler",Out,Injury/Illness -,"Herro, Tyler Out Injury/Illness - "
2025-11-17,"Jakucionis, Kasparas",Out,G,"Jakucionis, Kasparas Out G "
2025-11-17,"Rozier, Terry",Out,Not,"Rozier, Terry Out Not "
2025-11-17,"Smith, Dru",Available,Injury/Illness -,"Smith, Dru Available Injury/Illness - "
2025-11-17,"Davis, Anthony",Out,Injury/Illness -,"Davis, Anthony Out Injury/Illness - "
2025-11-17,"Exum, Dante",Out,Injury/Illness -,"Exum, Dante Out Injury/Illness - "
2025-11-17,"Flagg, Cooper",Available,Injury/Illness -,"Flagg, Cooper Available Injury/Illness - "
2025-11-17,"Gafford, Daniel",Out,Injury/Illness -,"Gafford, Daniel Out Injury/Illness - "
2025-11-17,"Irving, Kyrie",Out,Injury/Illness -,"Irving, Kyrie Out Injury/Illness - "
2025-11-17,"Lively II, Dereck",Out,Injury/Illness -,"Lively II, Dereck Out Injury/Illness - "
2025-11-17,"Nembhard, Ryan",Out,Injury/Illness -,"Nembhard, Ryan Out Injury/Illness - "
2025-11-17,"DiVincenzo, Donte",Available,Injury/Illness -,"DiVincenzo, Donte Available Injury/Illness - "
2025-11-17,"Freeman, Enrique",Out,G,"Freeman, Enrique Out G "
2025-11-17,"Shannon Jr., Terrence",Out,Injury/Illness -,"Shannon Jr., Terrence Out Injury/Illness - "
2025-11-17,"Zikarsky, Rocco",Out,G,"Zikarsky, Rocco Out G "
2025-11-17,"Sorber, Thomas",Out,Injury/Illness -,"Sorber, Thomas Out Injury/Illness - "
2025-11-17,"Topic, Nikola",Out,Injury/Illness -,"Topic, Nikola Out Injury/Illness - "
2025-11-17,"Wiggins, Aaron",Out,Injury/Illness -,"Wiggins, Aaron Out Injury/Illness - "
2025-11-17,"Williams, Jalen",Out,Injury/Illness -,"Williams, Jalen Out Injury/Illness - "
2025-11-17,"Williams, Kenrich",Out,Injury/Illness -,"Williams, Kenrich Out Injury/Illness - "
2025-11-17,"Alexander, Trey",Out,G,"Alexander, Trey Out G "
2025-11-17,"Dickinson, Hunter",Out,G,"Dickinson, Hunter Out G "
2025-11-17,"Murray, Dejounte",Out,Injury/Illness -,"Murray, Dejounte Out Injury/Illness - "
2025-11-17,"Poole, Jordan",Out,Injury/Illness -,"Poole, Jordan Out Injury/Illness - "
2025-11-17,"Williamson, Zion",Questionable,Injury/Illness -,"Williamson, Zion Questionable Injury/Illness - "
2025-11-17,"Collins, Zach",Out,Injury/Illness -,"Collins, Zach Out Injury/Illness - "
2025-11-17,"Dosunmu, Ayo",Probable,Injury/Illness -,"Dosunmu, Ayo Probable Injury/Illness - "
2025-11-17,"Flowers, Trentyn",Out,G,"Flowers, Trentyn Out G "
2025-11-17,"Jones, Tre",Doubtful,Injury/Illness -,"Jones, Tre Doubtful Injury/Illness - "
2025-11-17,"Miller, Emanuel",Out,G,"Miller, Emanuel Out G "
2025-11-17,"Olbrich, Lachlan",Out,G,"Olbrich, Lachlan Out G "
2025-11-17,"White, Coby",Out,Injury/Illness -,"White, Coby Out Injury/Illness - "
2025-11-17,"Bates, Tamar",Out,G,"Bates, Tamar Out G "
2025-11-17,"Braun, Christian",Out,Injury/Illness -,"Braun, Christian Out Injury/Illness - "
2025-11-17,"Holmes II, DaRon",Out,G,"Holmes II, DaRon Out G "
2025-11-17,"Johnson, Cameron",Questionable,Injury/Illness -,"Johnson, Cameron Questionable Injury/Illness - "
2025-11-17,"Jokic, Nikola",Probable,Injury/Illness -,"Jokic, Nikola Probable Injury/Illness - "
2025-11-17,"Jones, Curtis",Out,G,"Jones, Curtis Out G "
2025-11-17,"Strawther, Julian",Questionable,Injury/Illness -,"Strawther, Julian Questionable Injury/Illness - "
2025-11-17,"Kuminga, Jonathan",Out,Injury/Illness -,"Kuminga, Jonathan Out Injury/Illness - "
2025-11-17,"Melton, De'Anthony",Out,Injury/Illness -,"Melton, De'Anthony Out Injury/Illness - "
2025-11-17,"Banchero, Paolo",Out,Injury/Illness -,"Banchero, Paolo Out Injury/Illness - "
2025-11-17,"Cain, Jamal",Out,G,"Cain, Jamal Out G "
2025-11-17,"Castleton, Colin",Out,G,"Castleton, Colin Out G "
2025-11-17,"Robinson, Orlando",Out,G,"Robinson, Orlando Out G "
2025-11-17,"Suggs, Jalen",Questionable,Injury/Illness -,"Suggs, Jalen Questionable Injury/Illness - "
2025-11-17,"Wagner, Franz",Available,Injury/Illness -,"Wagner, Franz Available Injury/Illness - "
2025-11-17,"Wagner, Moritz",Out,Injury/Illness -,"Wagner, Moritz Out Injury/Illness - "
2025-11-17,"Shulga, Max",Out,G,"Shulga, Max Out G "
2025-11-17,"Tatum, Jayson",Out,Injury/Illness -,"Tatum, Jayson Out Injury/Illness - "
2025-11-17,"Williams, Amari",Out,G,"Williams, Amari Out G "
2025-11-17,"Highsmith, Haywood",Out,Injury/Illness -,"Highsmith, Haywood Out Injury/Illness - "
2025-11-17,"Saraf, Ben",Out,Injury/Illness -,"Saraf, Ben Out Injury/Illness - "
2025-11-17,"Thomas, Cam",Out,Injury/Illness -,"Thomas, Cam Out Injury/Illness - "
2025-11-17,"Dante, N'Faly",Questionable,G,"Dante, N'Faly Questionable G "
2025-11-17,"Djurisic, Nikola",Questionable,G,"Djurisic, Nikola Questionable G "
2025-11-17,"Ndiaye, Eli John",Questionable,G,"Ndiaye, Eli John Questionable G "
2025-11-17,"Okongwu, Onyeka",Questionable,Injury/Illness -,"Okongwu, Onyeka Questionable Injury/Illness - "
2025-11-17,"Porzingis, Kristaps",Questionable,Injury/Illness -,"Porzingis, Kristaps Questionable Injury/Illness - "
2025-11-17,"Risacher, Zaccharie",Questionable,Injury/Illness -,"Risacher, Zaccharie Questionable Injury/Illness - "
2025-11-17,"Toppin, Jacob",Questionable,G,"Toppin, Jacob Questionable G "
2025-11-17,"Young, Trae",Out,Injury/Illness -,"Young, Trae Out Injury/Illness - "
2025-11-18,"Hield, Buddy",Available,Injury/Illness -,"Hield, Buddy Available Injury/Illness - "
2025-11-18,"Kuminga, Jonathan",Out,Injury/Illness -,"Kuminga, Jonathan Out Injury/Illness - "
2025-11-18,"Melton, De'Anthony",Out,Injury/Illness -,"Melton, De'Anthony Out Injury/Illness - "
2025-11-18,"Banchero, Paolo",Out,Injury/Illness -,"Banchero, Paolo Out Injury/Illness - "
2025-11-18,"Castleton, Colin",Out,G,"Castleton, Colin Out G "
2025-11-18,"Robinson, Orlando",Out,G,"Robinson, Orlando Out G "
2025-11-18,"Suggs, Jalen",Questionable,Injury/Illness -,"Suggs, Jalen Questionable Injury/Illness - "
2025-11-18,"Wagner, Franz",Available,Injury/Illness -,"Wagner, Franz Available Injury/Illness - "
2025-11-18,"Wagner, Moritz",Out,Injury/Illness -,"Wagner, Moritz Out Injury/Illness - "
2025-11-18,"Shulga, Max",Out,G,"Shulga, Max Out G "
2025-11-18,"Tatum, Jayson",Out,Injury/Illness -,"Tatum, Jayson Out Injury/Illness - "
2025-11-18,"Williams, Amari",Out,G,"Williams, Amari Out G "
2025-11-18,"Highsmith, Haywood",Out,Injury/Illness -,"Highsmith, Haywood Out Injury/Illness - "
2025-11-18,"Saraf, Ben",Out,Injury/Illness -,"Saraf, Ben Out Injury/Illness - "
2025-11-18,"Thomas, Cam",Out,Injury/Illness -,"Thomas, Cam Out Injury/Illness - "
2025-11-18,"Cunningham, Cade",Questionable,Injury/Illness -,"Cunningham, Cade Questionable Injury/Illness - "
2025-11-18,"Harris, Tobias",Questionable,Injury/Illness -,"Harris, Tobias Questionable Injury/Illness - "
2025-11-18,"Ivey, Jaden",Out,G,"Ivey, Jaden Out G "
2025-11-18,"Klintman, Bobi",Out,Injury/Illness -,"Klintman, Bobi Out Injury/Illness - "
2025-11-18,"LeVert, Caris",Out,Injury/Illness -,"LeVert, Caris Out Injury/Illness - "
2025-11-18,"Sasser, Marcus",Out,Injury/Illness -,"Sasser, Marcus Out Injury/Illness - "
2025-11-18,"Thompson, Ausar",Questionable,Injury/Illness -,"Thompson, Ausar Questionable Injury/Illness - "
2025-11-18,"Dante, N'Faly",Out,Coach's,"Dante, N'Faly Out Coach's "
2025-11-18,"Djurisic, Nikola",Out,Coach's,"Djurisic, Nikola Out Coach's "
2025-11-18,"Ndiaye, Eli John",Out,G,"Ndiaye, Eli John Out G "
2025-11-18,"Okongwu, Onyeka",Questionable,Injury/Illness -,"Okongwu, Onyeka Questionable Injury/Illness - "
2025-11-18,"Porzingis, Kristaps",Questionable,Injury/Illness -,"Porzingis, Kristaps Questionable Injury/Illness - "
2025-11-18,"Risacher, Zaccharie",Questionable,Injury/Illness -,"Risacher, Zaccharie Questionable Injury/Illness - "
2025-11-18,"Young, Trae",Out,Injury/Illness -,"Young, Trae Out Injury/Illness - "
2025-11-18,"Clarke, Brandon",Out,Injury/Illness -,"Clarke, Brandon Out Injury/Illness - "
2025-11-18,"Jerome, Ty",Out,Injury/Illness -,"Jerome, Ty Out Injury/Illness - "
2025-11-18,"Morant, Ja",Out,Injury/Illness -,"Morant, Ja Out Injury/Illness - "
2025-11-18,"Pippen Jr., Scotty",Out,Injury/Illness -,"Pippen Jr., Scotty Out Injury/Illness - "
2025-11-18,"Small, Javon",Out,Injury/Illness -,"Small, Javon Out Injury/Illness - "
2025-11-18,"Castle, Stephon",Out,Injury/Illness -,"Castle, Stephon Out Injury/Illness - "
2025-11-18,"Harper, Dylan",Out,Injury/Illness -,"Harper, Dylan Out Injury/Illness - "
2025-11-18,"McLaughlin, Jordan",Out,Injury/Illness -,"McLaughlin, Jordan Out Injury/Illness - "
2025-11-18,"Wembanyama, Victor",Out,Injury/Illness -,"Wembanyama, Victor Out Injury/Illness - "
2025-11-18,"Anderson, Kyle",Questionable,Injury/Illness -,"Anderson, Kyle Questionable Injury/Illness - "
2025-11-18,"Filipowski, Kyle",Questionable,Injury/Illness -,"Filipowski, Kyle Questionable Injury/Illness - "
2025-11-18,"Hendricks, Taylor",Questionable,Injury/Illness -,"Hendricks, Taylor Questionable Injury/Illness - "
2025-11-18,"Kessler, Walker",Out,Injury/Illness -,"Kessler, Walker Out Injury/Illness - "
2025-11-18,"Niang, Georges",Out,Injury/Illness -,"Niang, Georges Out Injury/Illness - "
2025-11-18,"Tonje, John",Out,G,"Tonje, John Out G "
2025-11-18,"Tshiebwe, Oscar",Out,G,"Tshiebwe, Oscar Out G "
2025-11-18,"James, LeBron",Questionable,Injury/Illness -,"James, LeBron Questionable Injury/Illness - "
2025-11-18,"Vincent, Gabe",Available,Injury/Illness -,"Vincent, Gabe Available Injury/Illness - "
2025-11-18,"Allen, Grayson",Out,Injury/Illness -,"Allen, Grayson Out Injury/Illness - "
2025-11-18,"Brea, Koby",Out,G,"Brea, Koby Out G "
2025-11-18,"Green, Jalen",Out,Injury/Illness -,"Green, Jalen Out Injury/Illness - "
2025-11-18,"Henderson, Scoot",Out,Injury/Illness -,"Henderson, Scoot Out Injury/Illness - "
2025-11-18,"Holiday, Jrue",Doubtful,Injury/Illness -,"Holiday, Jrue Doubtful Injury/Illness - "
2025-11-18,"Lillard, Damian",Out,Injury/Illness -,"Lillard, Damian Out Injury/Illness - "
2025-11-18,"Thybulle, Matisse",Out,Injury/Illness -,"Thybulle, Matisse Out Injury/Illness - "
2025-11-18,"Wesley, Blake",Out,Injury/Illness -,"Wesley, Blake Out Injury/Illness - "
2025-11-18,"Green, Josh",Out,Injury/Illness -,"Green, Josh Out Injury/Illness - "
2025-11-18,"Mann, Tre",Doubtful,Injury/Illness -,"Mann, Tre Doubtful Injury/Illness - "
2025-11-18,"McNeeley, Liam",Out,Injury/Illness -,"McNeeley, Liam Out Injury/Illness - "
2025-11-18,"Miller, Brandon",Out,Injury/Illness -,"Miller, Brandon Out Injury/Illness - "
2025-11-18,"Salaun, Tidjane",Out,G,"Salaun, Tidjane Out G "
2025-11-18,"Williams, Grant",Out,Injury/Illness -,"Williams, Grant Out Injury/Illness - "
2025-11-18,"Furphy, Johnny",Out,Injury/Illness -,"Furphy, Johnny Out Injury/Illness - "
2025-11-18,"Haliburton, Tyrese",Out,Injury/Illness -,"Haliburton, Tyrese Out Injury/Illness - "
2025-11-18,"Jackson, Quenton",Out,Injury/Illness -,"Jackson, Quenton Out Injury/Illness - "
2025-11-18,"Jones, Kam",Out,Injury/Illness -,"Jones, Kam Out Injury/Illness - "
2025-11-18,"Nesmith, Aaron",Out,Injury/Illness -,"Nesmith, Aaron Out Injury/Illness - "
2025-11-18,"Toppin, Obi",Out,Injury/Illness -,"Toppin, Obi Out Injury/Illness - "
2025-11-18,"Crawford, Isaiah",Out,G,"Crawford, Isaiah Out G "
2025-11-18,"Eason, Tari",Out,Injury/Illness -,"Eason, Tari Out Injury/Illness - "
2025-11-18,"Smith, Dorian",Out,Injury/Illness -,"Smith, Dorian Out Injury/Illness - "
2025-11-18,"Harris, Kevon",Out,G,"Harris, Kevon Out G "
2025-11-18,"Smith Jr., Jabari",Questionable,Injury/Illness -,"Smith Jr., Jabari Questionable Injury/Illness - "
2025-11-18,"VanVleet, Fred",Out,Injury/Illness -,"VanVleet, Fred Out Injury/Illness - "
2025-11-18,"Garland, Darius",Out,Injury/Illness -,"Garland, Darius Out Injury/Illness - "
2025-11-18,"Livingston, Chris",Out,G,"Livingston, Chris Out G "
2025-11-18,"Merrill, Sam",Questionable,Injury/Illness -,"Merrill, Sam Questionable Injury/Illness - "
2025-11-18,"Strus, Max",Out,Injury/Illness -,"Strus, Max Out Injury/Illness - "
2025-11-18,"Tyson, Jaylon",Out,Injury/Illness -,"Tyson, Jaylon Out Injury/Illness - "
2025-11-18,"Agbaji, Ochai",Probable,Injury/Illness -,"Agbaji, Ochai Probable Injury/Illness - "
2025-11-18,"Hepburn, Chucky",Out,G,"Hepburn, Chucky Out G "
2025-11-18,"Martin, Alijah",Out,G,"Martin, Alijah Out G "
2025-11-18,"Mogbo, Jonathan",Out,G,"Mogbo, Jonathan Out G "
2025-11-18,"Boyles, Collin",Questionable,Injury/Illness -,"Boyles, Collin Questionable Injury/Illness - "
2025-11-18,"Bona, Adem",Out,Injury/Illness -,"Bona, Adem Out Injury/Illness - "
2025-11-18,"Embiid, Joel",Doubtful,Injury/Illness -,"Embiid, Joel Doubtful Injury/Illness - "
2025-11-18,"George, Paul",Out,Injury/Illness -,"George, Paul Out Injury/Illness - "
2025-11-18,"McCain, Jared",Available,Injury/Illness -,"McCain, Jared Available Injury/Illness - "
2025-11-18,"Oubre Jr., Kelly",Out,Injury/Illness -,"Oubre Jr., Kelly Out Injury/Illness - "
2025-11-18,"Adebayo, Bam",Questionable,Injury/Illness -,"Adebayo, Bam Questionable Injury/Illness - "
2025-11-18,"Gardner, Myron",Out,G,"Gardner, Myron Out G "
2025-11-18,"Herro, Tyler",Out,Injury/Illness -,"Herro, Tyler Out Injury/Illness - "
2025-11-18,"Jakucionis, Kasparas",Out,G,"Jakucionis, Kasparas Out G "
2025-11-18,"Rozier, Terry",Out,Not,"Rozier, Terry Out Not "
2025-11-18,"Smith, Dru",Available,Injury/Illness -,"Smith, Dru Available Injury/Illness - "
2025-11-18,"Alexander, Trey",Out,G,"Alexander, Trey Out G "
2025-11-18,"Bey, Saddiq",Questionable,Injury/Illness -,"Bey, Saddiq Questionable Injury/Illness - "
2025-11-18,"Dickinson, Hunter",Out,G,"Dickinson, Hunter Out G "
2025-11-18,"Matkovic, Karlo",Out,Injury/Illness -,"Matkovic, Karlo Out Injury/Illness - "
2025-11-18,"Murray, Dejounte",Out,Injury/Illness -,"Murray, Dejounte Out Injury/Illness - "
2025-11-18,"Poole, Jordan",Out,Injury/Illness -,"Poole, Jordan Out Injury/Illness - "
2025-11-18,"Williamson, Zion",Questionable,Injury/Illness -,"Williamson, Zion Questionable Injury/Illness - "
2025-11-18,"Cardwell, Dylan",Out,G,"Cardwell, Dylan Out G "
2025-11-18,"Murray, Keegan",Out,Injury/Illness -,"Murray, Keegan Out Injury/Illness - "
2025-11-18,"Plowden, Daeqwon",Out,G,"Plowden, Daeqwon Out G "
2025-11-18,"Sabonis, Domantas",Out,Injury/Illness -,"Sabonis, Domantas Out Injury/Illness - "
2025-11-18,"Stevens, Isaiah",Out,G,"Stevens, Isaiah Out G "
2025-11-18,"Carlson, Branden",Available,Injury/Illness -,"Carlson, Branden Available Injury/Illness - "
2025-11-18,"Sorber, Thomas",Out,Injury/Illness -,"Sorber, Thomas Out Injury/Illness - "
2025-11-18,"Topic, Nikola",Out,Injury/Illness -,"Topic, Nikola Out Injury/Illness - "
2025-11-18,"Wiggins, Aaron",Out,Injury/Illness -,"Wiggins, Aaron Out Injury/Illness - "
2025-11-18,"Williams, Jalen",Out,Injury/Illness -,"Williams, Jalen Out Injury/Illness - "
2025-11-18,"Williams, Kenrich",Out,Injury/Illness -,"Williams, Kenrich Out Injury/Illness - "
2025-11-18,"Sarr, Alex",Questionable,Injury/Illness -,"Sarr, Alex Questionable Injury/Illness - "
2025-11-18,"Davis, Anthony",Out,Injury/Illness -,"Davis, Anthony Out Injury/Illness - "
2025-11-18,"Exum, Dante",Out,Injury/Illness -,"Exum, Dante Out Injury/Illness - "
2025-11-18,"Flagg, Cooper",Available,Injury/Illness -,"Flagg, Cooper Available Injury/Illness - "
2025-11-18,"Gafford, Daniel",Probable,Injury/Illness -,"Gafford, Daniel Probable Injury/Illness - "
2025-11-18,"Irving, Kyrie",Out,Injury/Illness -,"Irving, Kyrie Out Injury/Illness - "
2025-11-18,"Lively II, Dereck",Probable,Injury/Illness -,"Lively II, Dereck Probable Injury/Illness - "
2025-11-18,"Nembhard, Ryan",Out,Injury/Illness -,"Nembhard, Ryan Out Injury/Illness - "
2025-11-19,"Green, Josh",Out,Injury/Illness -,"Green, Josh Out Injury/Illness - "
2025-11-19,"Mann, Tre",Doubtful,Injury/Illness -,"Mann, Tre Doubtful Injury/Illness - "
2025-11-19,"McNeeley, Liam",Out,Injury/Illness -,"McNeeley, Liam Out Injury/Illness - "
2025-11-19,"Miller, Brandon",Out,Injury/Illness -,"Miller, Brandon Out Injury/Illness - "
2025-11-19,"Salaun, Tidjane",Out,G,"Salaun, Tidjane Out G "
2025-11-19,"Williams, Grant",Out,Injury/Illness -,"Williams, Grant Out Injury/Illness - "
2025-11-19,"Furphy, Johnny",Out,Injury/Illness -,"Furphy, Johnny Out Injury/Illness - "
2025-11-19,"Haliburton, Tyrese",Out,Injury/Illness -,"Haliburton, Tyrese Out Injury/Illness - "
2025-11-19,"Jackson, Quenton",Out,Injury/Illness -,"Jackson, Quenton Out Injury/Illness - "
2025-11-19,"Jones, Kam",Out,Injury/Illness -,"Jones, Kam Out Injury/Illness - "
2025-11-19,"Nesmith, Aaron",Out,Injury/Illness -,"Nesmith, Aaron Out Injury/Illness - "
2025-11-19,"Toppin, Obi",Out,Injury/Illness -,"Toppin, Obi Out Injury/Illness - "
2025-11-19,"Crawford, Isaiah",Out,G,"Crawford, Isaiah Out G "
2025-11-19,"Eason, Tari",Out,Injury/Illness -,"Eason, Tari Out Injury/Illness - "
2025-11-19,"Smith, Dorian",Out,Injury/Illness -,"Smith, Dorian Out Injury/Illness - "
2025-11-19,"Harris, Kevon",Out,G,"Harris, Kevon Out G "
2025-11-19,"Smith Jr., Jabari",Questionable,Injury/Illness -,"Smith Jr., Jabari Questionable Injury/Illness - "
2025-11-19,"VanVleet, Fred",Out,Injury/Illness -,"VanVleet, Fred Out Injury/Illness - "
2025-11-19,"Garland, Darius",Out,Injury/Illness -,"Garland, Darius Out Injury/Illness - "
2025-11-19,"Livingston, Chris",Out,G,"Livingston, Chris Out G "
2025-11-19,"Merrill, Sam",Questionable,Injury/Illness -,"Merrill, Sam Questionable Injury/Illness - "
2025-11-19,"Strus, Max",Out,Injury/Illness -,"Strus, Max Out Injury/Illness - "
2025-11-19,"Tyson, Jaylon",Out,Injury/Illness -,"Tyson, Jaylon Out Injury/Illness - "
2025-11-19,"Agbaji, Ochai",Probable,Injury/Illness -,"Agbaji, Ochai Probable Injury/Illness - "
2025-11-19,"Hepburn, Chucky",Out,G,"Hepburn, Chucky Out G "
2025-11-19,"Martin, Alijah",Out,G,"Martin, Alijah Out G "
2025-11-19,"Mogbo, Jonathan",Out,G,"Mogbo, Jonathan Out G "
2025-11-19,"Boyles, Collin",Doubtful,Injury/Illness -,"Boyles, Collin Doubtful Injury/Illness - "
2025-11-19,"Bona, Adem",Out,Injury/Illness -,"Bona, Adem Out Injury/Illness - "
2025-11-19,"Embiid, Joel",Out,Injury/Illness -,"Embiid, Joel Out Injury/Illness - "
2025-11-19,"George, Paul",Out,Injury/Illness -,"George, Paul Out Injury/Illness - "
2025-11-19,"McCain, Jared",Available,Injury/Illness -,"McCain, Jared Available Injury/Illness - "
2025-11-19,"Oubre Jr., Kelly",Out,Injury/Illness -,"Oubre Jr., Kelly Out Injury/Illness - "
2025-11-19,"Butler III, Jimmy",Out,Injury/Illness -,"Butler III, Jimmy Out Injury/Illness - "
2025-11-19,"Curry, Stephen",Out,Injury/Illness -,"Curry, Stephen Out Injury/Illness - "
2025-11-19,"Green, Draymond",Out,Injury/Illness -,"Green, Draymond Out Injury/Illness - "
2025-11-19,"Hield, Buddy",Available,Injury/Illness -,"Hield, Buddy Available Injury/Illness - "
2025-11-19,"Horford, Al",Out,Injury/Illness -,"Horford, Al Out Injury/Illness - "
2025-11-19,"Kuminga, Jonathan",Out,Injury/Illness -,"Kuminga, Jonathan Out Injury/Illness - "
2025-11-19,"Melton, De'Anthony",Out,Injury/Illness -,"Melton, De'Anthony Out Injury/Illness - "
2025-11-19,"Adebayo, Bam",Available,Injury/Illness -,"Adebayo, Bam Available Injury/Illness - "
2025-11-19,"Gardner, Myron",Out,G,"Gardner, Myron Out G "
2025-11-19,"Herro, Tyler",Out,Injury/Illness -,"Herro, Tyler Out Injury/Illness - "
2025-11-19,"Jakucionis, Kasparas",Out,G,"Jakucionis, Kasparas Out G "
2025-11-19,"Jovic, Nikola",Out,Injury/Illness -,"Jovic, Nikola Out Injury/Illness - "
2025-11-19,"Rozier, Terry",Out,Not,"Rozier, Terry Out Not "
2025-11-19,"Smith, Dru",Available,Injury/Illness -,"Smith, Dru Available Injury/Illness - "
2025-11-19,"Bates, Tamar",Out,G,"Bates, Tamar Out G "
2025-11-19,"Braun, Christian",Out,Injury/Illness -,"Braun, Christian Out Injury/Illness - "
2025-11-19,"Gordon, Aaron",Questionable,Injury/Illness -,"Gordon, Aaron Questionable Injury/Illness - "
2025-11-19,"Holmes II, DaRon",Out,G,"Holmes II, DaRon Out G "
2025-11-19,"Jones, Curtis",Out,G,"Jones, Curtis Out G "
2025-11-19,"Strawther, Julian",Out,Injury/Illness -,"Strawther, Julian Out Injury/Illness - "
2025-11-19,"Alexander, Trey",Out,G,"Alexander, Trey Out G "
2025-11-19,"Bey, Saddiq",Questionable,Injury/Illness -,"Bey, Saddiq Questionable Injury/Illness - "
2025-11-19,"Dickinson, Hunter",Out,G,"Dickinson, Hunter Out G "
2025-11-19,"Matkovic, Karlo",Out,Injury/Illness -,"Matkovic, Karlo Out Injury/Illness - "
2025-11-19,"Murray, Dejounte",Out,Injury/Illness -,"Murray, Dejounte Out Injury/Illness - "
2025-11-19,"Poole, Jordan",Out,Injury/Illness -,"Poole, Jordan Out Injury/Illness - "
2025-11-19,"Williamson, Zion",Questionable,Injury/Illness -,"Williamson, Zion Questionable Injury/Illness - "
2025-11-19,"Cardwell, Dylan",Out,G,"Cardwell, Dylan Out G "
2025-11-19,"Murray, Keegan",Out,Injury/Illness -,"Murray, Keegan Out Injury/Illness - "
2025-11-19,"Plowden, Daeqwon",Out,G,"Plowden, Daeqwon Out G "
2025-11-19,"Sabonis, Domantas",Out,Injury/Illness -,"Sabonis, Domantas Out Injury/Illness - "
2025-11-19,"Stevens, Isaiah",Out,G,"Stevens, Isaiah Out G "
2025-11-19,"Carlson, Branden",Available,Injury/Illness -,"Carlson, Branden Available Injury/Illness - "
2025-11-19,"Sorber, Thomas",Out,Injury/Illness -,"Sorber, Thomas Out Injury/Illness - "
2025-11-19,"Topic, Nikola",Out,Injury/Illness -,"Topic, Nikola Out Injury/Illness - "
2025-11-19,"Wiggins, Aaron",Out,Injury/Illness -,"Wiggins, Aaron Out Injury/Illness - "
2025-11-19,"Williams, Jalen",Out,Injury/Illness -,"Williams, Jalen Out Injury/Illness - "
2025-11-19,"Williams, Kenrich",Out,Injury/Illness -,"Williams, Kenrich Out Injury/Illness - "
2025-11-19,"Sarr, Alex",Out,Injury/Illness -,"Sarr, Alex Out Injury/Illness - "
2025-11-19,"DiVincenzo, Donte",Available,Injury/Illness -,"DiVincenzo, Donte Available Injury/Illness - "
2025-11-19,"Freeman, Enrique",Out,G,"Freeman, Enrique Out G "
2025-11-19,"McDaniels, Jaden",Out,Injury/Illness -,"McDaniels, Jaden Out Injury/Illness - "
2025-11-19,"Shannon Jr., Terrence",Out,Injury/Illness -,"Shannon Jr., Terrence Out Injury/Illness - "
2025-11-19,"Zikarsky, Rocco",Out,G,"Zikarsky, Rocco Out G "
2025-11-19,"Anunoby, OG",Out,Injury/Illness -,"Anunoby, OG Out Injury/Illness - "
2025-11-19,"Brunson, Jalen",Questionable,Injury/Illness -,"Brunson, Jalen Questionable Injury/Illness - "
2025-11-19,"Davis, Anthony",Out,Injury/Illness -,"Davis, Anthony Out Injury/Illness - "
2025-11-19,"Exum, Dante",Out,Injury/Illness -,"Exum, Dante Out Injury/Illness - "
2025-11-19,"Flagg, Cooper",Questionable,Injury/Illness -,"Flagg, Cooper Questionable Injury/Illness - "
2025-11-19,"Gafford, Daniel",Probable,Injury/Illness -,"Gafford, Daniel Probable Injury/Illness - "
2025-11-19,"Irving, Kyrie",Out,Injury/Illness -,"Irving, Kyrie Out Injury/Illness - "
2025-11-19,"Lively II, Dereck",Probable,Injury/Illness -,"Lively II, Dereck Probable Injury/Illness - "
2025-11-19,"Martin, Caleb",Questionable,Injury/Illness -,"Martin, Caleb Questionable Injury/Illness - "
2025-11-19,"Nembhard, Ryan",Out,Injury/Illness -,"Nembhard, Ryan Out Injury/Illness - "
2025-11-19,"Collins, Zach",Out,Injury/Illness -,"Collins, Zach Out Injury/Illness - "
2025-11-19,"Flowers, Trentyn",Out,G,"Flowers, Trentyn Out G "
2025-11-19,"Jones, Tre",Questionable,Injury/Illness -,"Jones, Tre Questionable Injury/Illness - "
2025-11-19,"Miller, Emanuel",Out,G,"Miller, Emanuel Out G "
2025-11-19,"Olbrich, Lachlan",Out,G,"Olbrich, Lachlan Out G "
2025-11-19,"Smith, Jalen",Probable,Injury/Illness -,"Smith, Jalen Probable Injury/Illness - "
2025-11-19,"Grant, Jerami",Questionable,Injury/Illness -,"Grant, Jerami Questionable Injury/Illness - "
2025-11-19,"Henderson, Scoot",Out,Injury/Illness -,"Henderson, Scoot Out Injury/Illness - "
2025-11-19,"Holiday, Jrue",Out,Injury/Illness -,"Holiday, Jrue Out Injury/Illness - "
2025-11-19,"Lillard, Damian",Out,Injury/Illness -,"Lillard, Damian Out Injury/Illness - "
2025-11-19,"Sharpe, Shaedon",Doubtful,Injury/Illness -,"Sharpe, Shaedon Doubtful Injury/Illness - "
2025-11-19,"Thybulle, Matisse",Out,Injury/Illness -,"Thybulle, Matisse Out Injury/Illness - "
2025-11-19,"Wesley, Blake",Out,Injury/Illness -,"Wesley, Blake Out Injury/Illness - "
2025-11-19,"Williams III, Robert",Out,Injury/Illness -,"Williams III, Robert Out Injury/Illness - "
2025-11-19,"Banchero, Paolo",Out,Injury/Illness -,"Banchero, Paolo Out Injury/Illness - "
2025-11-19,"Castleton, Colin",Out,G,"Castleton, Colin Out G "
2025-11-19,"Penda, Noah",Out,G,"Penda, Noah Out G "
2025-11-19,"Robinson, Orlando",Out,G,"Robinson, Orlando Out G "
2025-11-19,"Wagner, Franz",Available,Injury/Illness -,"Wagner, Franz Available Injury/Illness - "
2025-11-19,"Wagner, Moritz",Out,Injury/Illness -,"Wagner, Moritz Out Injury/Illness - "
2025-11-19,"Antetokounmpo, Alex",Out,G,"Antetokounmpo, Alex Out G "
2025-11-19,"Antetokounmpo, Giannis",Out,Injury/Illness -,"Antetokounmpo, Giannis Out Injury/Illness - "
2025-11-19,"Porter Jr., Kevin",Out,Injury/Illness -,"Porter Jr., Kevin Out Injury/Illness - "
2025-11-19,"Prince, Taurean",Out,Injury/Illness -,"Prince, Taurean Out Injury/Illness - "
2025-11-20,"Beal, Bradley",Out,Injury/Illness -,"Beal, Bradley Out Injury/Illness - "
2025-11-20,"Jones Jr., Derrick",Out,Injury/Illness -,"Jones Jr., Derrick Out Injury/Illness - "
2025-11-20,"Leonard, Kawhi",Out,Injury/Illness -,"Leonard, Kawhi Out Injury/Illness - "
2025-11-20,"Miller, Jordan",Out,Injury/Illness -,"Miller, Jordan Out Injury/Illness - "
2025-11-20,"Banchero, Paolo",Out,Injury/Illness -,"Banchero, Paolo Out Injury/Illness - "
2025-11-20,"Castleton, Colin",Out,G,"Castleton, Colin Out G "
2025-11-20,"Penda, Noah",Out,G,"Penda, Noah Out G "
2025-11-20,"Robinson, Orlando",Out,G,"Robinson, Orlando Out G "
2025-11-20,"Wagner, Franz",Available,Injury/Illness -,"Wagner, Franz Available Injury/Illness - "
2025-11-20,"Wagner, Moritz",Out,Injury/Illness -,"Wagner, Moritz Out Injury/Illness - "
2025-11-20,"Dante, N'Faly",Out,G,"Dante, N'Faly Out G "
2025-11-20,"Djurisic, Nikola",Out,G,"Djurisic, Nikola Out G "
2025-11-20,"Ndiaye, Eli John",Out,G,"Ndiaye, Eli John Out G "
2025-11-20,"Porzingis, Kristaps",Questionable,Injury/Illness -,"Porzingis, Kristaps Questionable Injury/Illness - "
2025-11-20,"Risacher, Zaccharie",Questionable,Injury/Illness -,"Risacher, Zaccharie Questionable Injury/Illness - "
2025-11-20,"Young, Trae",Out,Injury/Illness -,"Young, Trae Out Injury/Illness - "
2025-11-20,"Castle, Stephon",Out,Injury/Illness -,"Castle, Stephon Out Injury/Illness - "
2025-11-20,"Harper, Dylan",Out,Injury/Illness -,"Harper, Dylan Out Injury/Illness - "
2025-11-20,"McLaughlin, Jordan",Out,Injury/Illness -,"McLaughlin, Jordan Out Injury/Illness - "
2025-11-20,"Wembanyama, Victor",Out,Injury/Illness -,"Wembanyama, Victor Out Injury/Illness - "
2025-11-20,"Bona, Adem",Out,Injury/Illness -,"Bona, Adem Out Injury/Illness - "
2025-11-20,"Embiid, Joel",Out,Injury/Illness -,"Embiid, Joel Out Injury/Illness - "
2025-11-20,"Maxey, Tyrese",Probable,Injury/Illness -,"Maxey, Tyrese Probable Injury/Illness - "
2025-11-20,"McCain, Jared",Available,Injury/Illness -,"McCain, Jared Available Injury/Illness - "
2025-11-20,"Oubre Jr., Kelly",Out,Injury/Illness -,"Oubre Jr., Kelly Out Injury/Illness - "
2025-11-20,"Sallis, Hunter",Out,G,"Sallis, Hunter Out G "
2025-11-20,"Antetokounmpo, Alex",Out,G,"Antetokounmpo, Alex Out G "
2025-11-20,"Antetokounmpo, Giannis",Out,Injury/Illness -,"Antetokounmpo, Giannis Out Injury/Illness - "
2025-11-20,"Harris, Gary",Questionable,Injury/Illness -,"Harris, Gary Questionable Injury/Illness - "
2025-11-20,"Porter Jr., Kevin",Out,Injury/Illness -,"Porter Jr., Kevin Out Injury/Illness - "
2025-11-20,"Prince, Taurean",Out,Injury/Illness -,"Prince, Taurean Out Injury/Illness - "
2025-11-20,"Cardwell, Dylan",Out,G,"Cardwell, Dylan Out G "
2025-11-20,"Plowden, Daeqwon",Out,G,"Plowden, Daeqwon Out G "
2025-11-20,"Sabonis, Domantas",Out,Injury/Illness -,"Sabonis, Domantas Out Injury/Illness - "
2025-11-20,"Stevens, Isaiah",Out,G,"Stevens, Isaiah Out G "
2025-11-20,"Clarke, Brandon",Out,Injury/Illness -,"Clarke, Brandon Out Injury/Illness - "
2025-11-20,"Jackson Jr., Jaren",Doubtful,Injury/Illness -,"Jackson Jr., Jaren Doubtful Injury/Illness - "
2025-11-20,"Jerome, Ty",Out,Injury/Illness -,"Jerome, Ty Out Injury/Illness - "
2025-11-20,"Morant, Ja",Out,Injury/Illness -,"Morant, Ja Out Injury/Illness - "
2025-11-20,"Pippen Jr., Scotty",Out,Injury/Illness -,"Pippen Jr., Scotty Out Injury/Illness - "
2025-11-20,"Small, Javon",Out,Injury/Illness -,"Small, Javon Out Injury/Illness - "
2025-11-20,"Furphy, Johnny",Out,Injury/Illness -,"Furphy, Johnny Out Injury/Illness - "
2025-11-20,"Haliburton, Tyrese",Out,Injury/Illness -,"Haliburton, Tyrese Out Injury/Illness - "
2025-11-20,"Jackson, Quenton",Out,Injury/Illness -,"Jackson, Quenton Out Injury/Illness - "
2025-11-20,"Jones, Kam",Out,Injury/Illness -,"Jones, Kam Out Injury/Illness - "
2025-11-20,"Nesmith, Aaron",Out,Injury/Illness -,"Nesmith, Aaron Out Injury/Illness - "
2025-11-20,"Toppin, Obi",Out,Injury/Illness -,"Toppin, Obi Out Injury/Illness - "
2025-11-20,"Allen, Jarrett",Questionable,Injury/Illness -,"Allen, Jarrett Questionable Injury/Illness - "
2025-11-20,"Garland, Darius",Questionable,Injury/Illness -,"Garland, Darius Questionable Injury/Illness - "
2025-11-20,"Livingston, Chris",Out,G,"Livingston, Chris Out G "
2025-11-20,"Merrill, Sam",Out,Injury/Illness -,"Merrill, Sam Out Injury/Illness - "
2025-11-20,"Strus, Max",Out,Injury/Illness -,"Strus, Max Out Injury/Illness - "
2025-11-20,"Travers, Luke",Out,G,"Travers, Luke Out G "
2025-11-20,"Tyson, Jaylon",Questionable,Injury/Illness -,"Tyson, Jaylon Questionable Injury/Illness - "
2025-11-20,"Highsmith, Haywood",Out,Injury/Illness -,"Highsmith, Haywood Out Injury/Illness - "
2025-11-20,"Saraf, Ben",Out,Injury/Illness -,"Saraf, Ben Out Injury/Illness - "
2025-11-20,"Thomas, Cam",Out,Injury/Illness -,"Thomas, Cam Out Injury/Illness - "
2025-11-20,"Traore, Nolan",Out,G,"Traore, Nolan Out G "
2025-11-20,"Wolf, Danny",Out,G,"Wolf, Danny Out G "
2025-11-20,"Harper Jr., Ron",Out,G,"Harper Jr., Ron Out G "
2025-11-20,"Shulga, Max",Out,G,"Shulga, Max Out G "
2025-11-20,"Tatum, Jayson",Out,Injury/Illness -,"Tatum, Jayson Out Injury/Illness - "
2025-11-20,"Williams, Amari",Out,G,"Williams, Amari Out G "
2025-11-20,"Bagley III, Marvin",Doubtful,Injury/Illness -,"Bagley III, Marvin Doubtful Injury/Illness - "
2025-11-20,"Sarr, Alex",Questionable,Injury/Illness -,"Sarr, Alex Questionable Injury/Illness - "
2025-11-20,"Hepburn, Chucky",Out,G,"Hepburn, Chucky Out G "
2025-11-20,"Martin, Alijah",Out,G,"Martin, Alijah Out G "
2025-11-20,"Mogbo, Jonathan",Out,G,"Mogbo, Jonathan Out G "
2025-11-20,"Boyles, Collin",Out,Injury/Illness -,"Boyles, Collin Out Injury/Illness - "
2025-11-20,"Gardner, Myron",Questionable,G,"Gardner, Myron Questionable G "
2025-11-20,"Goldin, Vladislav",Out,G,"Goldin, Vladislav Out G "
2025-11-20,"Herro, Tyler",Out,Injury/Illness -,"Herro, Tyler Out Injury/Illness - "
2025-11-20,"Jakucionis, Kasparas",Out,G,"Jakucionis, Kasparas Out G "
2025-11-20,"Jovic, Nikola",Out,Injury/Illness -,"Jovic, Nikola Out Injury/Illness - "
2025-11-20,"Rozier, Terry",Out,Not,"Rozier, Terry Out Not "
2025-11-20,"Smith, Dru",Available,Injury/Illness -,"Smith, Dru Available Injury/Illness - "
2025-11-20,"Wiggins, Andrew",Out,Injury/Illness -,"Wiggins, Andrew Out Injury/Illness - "
2025-11-20,"Collins, Zach",Out,Injury/Illness -,"Collins, Zach Out Injury/Illness - "
2025-11-20,"Flowers, Trentyn",Out,G,"Flowers, Trentyn Out G "
2025-11-20,"Jones, Tre",Questionable,Injury/Illness -,"Jones, Tre Questionable Injury/Illness - "
2025-11-20,"Miller, Emanuel",Out,G,"Miller, Emanuel Out G "
2025-11-20,"Olbrich, Lachlan",Out,G,"Olbrich, Lachlan Out G "
2025-11-20,"Smith, Jalen",Probable,Injury/Illness -,"Smith, Jalen Probable Injury/Illness - "
2025-11-20,"White, Coby",Questionable,Injury/Illness -,"White, Coby Questionable Injury/Illness - "
2025-11-20,"Alexander, Trey",Out,G,"Alexander, Trey Out G "
2025-11-20,"Dickinson, Hunter",Out,G,"Dickinson, Hunter Out G "
2025-11-20,"Matkovic, Karlo",Out,Injury/Illness -,"Matkovic, Karlo Out Injury/Illness - "
2025-11-20,"Murray, Dejounte",Out,Injury/Illness -,"Murray, Dejounte Out Injury/Illness - "
2025-11-20,"Poole, Jordan",Out,Injury/Illness -,"Poole, Jordan Out Injury/Illness - "
2025-11-20,"Davis, Anthony",Out,Injury/Illness -,"Davis, Anthony Out Injury/Illness - "
2025-11-20,"Exum, Dante",Out,Injury/Illness -,"Exum, Dante Out Injury/Illness - "
2025-11-20,"Flagg, Cooper",Available,Injury/Illness -,"Flagg, Cooper Available Injury/Illness - "
2025-11-20,"Irving, Kyrie",Out,Injury/Illness -,"Irving, Kyrie Out Injury/Illness - "
2025-11-20,"Nembhard, Ryan",Out,Injury/Illness -,"Nembhard, Ryan Out Injury/Illness - "
2025-11-20,"Adams, Steven",Questionable,Injury/Illness -,"Adams, Steven Questionable Injury/Illness - "
2025-11-20,"Crawford, Isaiah",Out,G,"Crawford, Isaiah Out G "
2025-11-20,"Eason, Tari",Out,Injury/Illness -,"Eason, Tari Out Injury/Illness - "
2025-11-20,"Smith, Dorian",Out,Injury/Illness -,"Smith, Dorian Out Injury/Illness - "
2025-11-20,"Harris, Kevon",Out,G,"Harris, Kevon Out G "
2025-11-20,"Smith Jr., Jabari",Questionable,Injury/Illness -,"Smith Jr., Jabari Questionable Injury/Illness - "
2025-11-20,"VanVleet, Fred",Out,Injury/Illness -,"VanVleet, Fred Out Injury/Illness - "
2025-11-21,"Furphy, Johnny",Out,Injury/Illness -,"Furphy, Johnny Out Injury/Illness - "
2025-11-21,"Haliburton, Tyrese",Out,Injury/Illness -,"Haliburton, Tyrese Out Injury/Illness - "
2025-11-21,"Jackson, Quenton",Out,Injury/Illness -,"Jackson, Quenton Out Injury/Illness - "
2025-11-21,"Jones, Kam",Out,Injury/Illness -,"Jones, Kam Out Injury/Illness - "
2025-11-21,"Nesmith, Aaron",Out,Injury/Illness -,"Nesmith, Aaron Out Injury/Illness - "
2025-11-21,"Toppin, Obi",Out,Injury/Illness -,"Toppin, Obi Out Injury/Illness - "
2025-11-21,"Allen, Jarrett",Questionable,Injury/Illness -,"Allen, Jarrett Questionable Injury/Illness - "
2025-11-21,"Garland, Darius",Questionable,Injury/Illness -,"Garland, Darius Questionable Injury/Illness - "
2025-11-21,"Livingston, Chris",Out,G,"Livingston, Chris Out G "
2025-11-21,"Merrill, Sam",Out,Injury/Illness -,"Merrill, Sam Out Injury/Illness - "
2025-11-21,"Strus, Max",Out,Injury/Illness -,"Strus, Max Out Injury/Illness - "
2025-11-21,"Travers, Luke",Out,G,"Travers, Luke Out G "
2025-11-21,"Tyson, Jaylon",Questionable,Injury/Illness -,"Tyson, Jaylon Questionable Injury/Illness - "
2025-11-21,"Highsmith, Haywood",Out,Injury/Illness -,"Highsmith, Haywood Out Injury/Illness - "
2025-11-21,"Saraf, Ben",Out,Injury/Illness -,"Saraf, Ben Out Injury/Illness - "
2025-11-21,"Thomas, Cam",Out,Injury/Illness -,"Thomas, Cam Out Injury/Illness - "
2025-11-21,"Traore, Nolan",Out,G,"Traore, Nolan Out G "
2025-11-21,"Wolf, Danny",Out,G,"Wolf, Danny Out G "
2025-11-21,"Harper Jr., Ron",Out,G,"Harper Jr., Ron Out G "
2025-11-21,"Shulga, Max",Out,G,"Shulga, Max Out G "
2025-11-21,"Tatum, Jayson",Out,Injury/Illness -,"Tatum, Jayson Out Injury/Illness - "
2025-11-21,"Williams, Amari",Out,G,"Williams, Amari Out G "
2025-11-21,"Bagley III, Marvin",Out,Injury/Illness -,"Bagley III, Marvin Out Injury/Illness - "
2025-11-21,"Johnson, AJ",Out,Injury/Illness -,"Johnson, AJ Out Injury/Illness - "
2025-11-21,"Sarr, Alex",Out,Injury/Illness -,"Sarr, Alex Out Injury/Illness - "
2025-11-21,"Hepburn, Chucky",Out,G,"Hepburn, Chucky Out G "
2025-11-21,"Martin, Alijah",Out,G,"Martin, Alijah Out G "
2025-11-21,"Mogbo, Jonathan",Out,G,"Mogbo, Jonathan Out G "
2025-11-21,"Boyles, Collin",Out,Injury/Illness -,"Boyles, Collin Out Injury/Illness - "
2025-11-21,"Gardner, Myron",Available,G,"Gardner, Myron Available G "
2025-11-21,"Goldin, Vladislav",Out,G,"Goldin, Vladislav Out G "
2025-11-21,"Herro, Tyler",Out,Injury/Illness -,"Herro, Tyler Out Injury/Illness - "
2025-11-21,"Jakucionis, Kasparas",Out,G,"Jakucionis, Kasparas Out G "
2025-11-21,"Jovic, Nikola",Out,Injury/Illness -,"Jovic, Nikola Out Injury/Illness - "
2025-11-21,"Rozier, Terry",Out,Not,"Rozier, Terry Out Not "
2025-11-21,"Smith, Dru",Available,Injury/Illness -,"Smith, Dru Available Injury/Illness - "
2025-11-21,"Wiggins, Andrew",Out,Injury/Illness -,"Wiggins, Andrew Out Injury/Illness - "
2025-11-21,"Collins, Zach",Out,Injury/Illness -,"Collins, Zach Out Injury/Illness - "
2025-11-21,"Essengue, Noa",Out,G,"Essengue, Noa Out G "
2025-11-21,"Flowers, Trentyn",Out,Injury/Illness -,"Flowers, Trentyn Out Injury/Illness - "
2025-11-21,"Jones, Tre",Questionable,Injury/Illness -,"Jones, Tre Questionable Injury/Illness - "
2025-11-21,"Miller, Emanuel",Out,G,"Miller, Emanuel Out G "
2025-11-21,"Olbrich, Lachlan",Out,G,"Olbrich, Lachlan Out G "
2025-11-21,"Smith, Jalen",Probable,Injury/Illness -,"Smith, Jalen Probable Injury/Illness - "
2025-11-21,"White, Coby",Questionable,Injury/Illness -,"White, Coby Questionable Injury/Illness - "
2025-11-21,"Alexander, Trey",Out,G,"Alexander, Trey Out G "
2025-11-21,"Dickinson, Hunter",Out,G,"Dickinson, Hunter Out G "
2025-11-21,"Matkovic, Karlo",Out,Injury/Illness -,"Matkovic, Karlo Out Injury/Illness - "
2025-11-21,"Murray, Dejounte",Out,Injury/Illness -,"Murray, Dejounte Out Injury/Illness - "
2025-11-21,"Poole, Jordan",Out,Injury/Illness -,"Poole, Jordan Out Injury/Illness - "
2025-11-21,"Davis, Anthony",Out,Injury/Illness -,"Davis, Anthony Out Injury/Illness - "
2025-11-21,"Exum, Dante",Out,Injury/Illness -,"Exum, Dante Out Injury/Illness - "
2025-11-21,"Flagg, Cooper",Available,Injury/Illness -,"Flagg, Cooper Available Injury/Illness - "
2025-11-21,"Irving, Kyrie",Out,Injury/Illness -,"Irving, Kyrie Out Injury/Illness - "
2025-11-21,"Nembhard, Ryan",Out,Injury/Illness -,"Nembhard, Ryan Out Injury/Illness - "
2025-11-21,"Russell, D'Angelo",Questionable,Injury/Illness -,"Russell, D'Angelo Questionable Injury/Illness - "
2025-11-21,"Freeman, Enrique",Out,G,"Freeman, Enrique Out G "
2025-11-21,"Ingles, Joe",Questionable,Injury/Illness -,"Ingles, Joe Questionable Injury/Illness - "
2025-11-21,"McDaniels, Jaden",Questionable,Injury/Illness -,"McDaniels, Jaden Questionable Injury/Illness - "
2025-11-21,"Shannon Jr., Terrence",Out,Injury/Illness -,"Shannon Jr., Terrence Out Injury/Illness - "
2025-11-21,"Zikarsky, Rocco",Out,G,"Zikarsky, Rocco Out G "
2025-11-21,"Allen, Grayson",Out,Injury/Illness -,"Allen, Grayson Out Injury/Illness - "
2025-11-21,"Fleming, Rasheer",Out,Injury/Illness -,"Fleming, Rasheer Out Injury/Illness - "
2025-11-21,"Green, Jalen",Out,Injury/Illness -,"Green, Jalen Out Injury/Illness - "
2025-11-21,"Bates, Tamar",Out,G,"Bates, Tamar Out G "
2025-11-21,"Braun, Christian",Out,Injury/Illness -,"Braun, Christian Out Injury/Illness - "
2025-11-21,"Gordon, Aaron",Probable,Injury/Illness -,"Gordon, Aaron Probable Injury/Illness - "
2025-11-21,"Holmes II, DaRon",Out,G,"Holmes II, DaRon Out G "
2025-11-21,"Jones, Curtis",Out,G,"Jones, Curtis Out G "
2025-11-21,"Strawther, Julian",Out,Injury/Illness -,"Strawther, Julian Out Injury/Illness - "
2025-11-21,"Adams, Steven",Questionable,Injury/Illness -,"Adams, Steven Questionable Injury/Illness - "
2025-11-21,"Crawford, Isaiah",Out,G,"Crawford, Isaiah Out G "
2025-11-21,"Eason, Tari",Out,Injury/Illness -,"Eason, Tari Out Injury/Illness - "
2025-11-21,"Smith, Dorian",Out,Injury/Illness -,"Smith, Dorian Out Injury/Illness - "
2025-11-21,"Harris, Kevon",Out,G,"Harris, Kevon Out G "
2025-11-21,"Smith Jr., Jabari",Questionable,Injury/Illness -,"Smith Jr., Jabari Questionable Injury/Illness - "
2025-11-21,"VanVleet, Fred",Out,Injury/Illness -,"VanVleet, Fred Out Injury/Illness - "
2025-11-21,"Barnhizer, Brooks",Out,G,"Barnhizer, Brooks Out G "
2025-11-21,"Carlson, Branden",Available,Injury/Illness -,"Carlson, Branden Available Injury/Illness - "
2025-11-21,"Sorber, Thomas",Out,Injury/Illness -,"Sorber, Thomas Out Injury/Illness - "
2025-11-21,"Topic, Nikola",Out,Injury/Illness -,"Topic, Nikola Out Injury/Illness - "
2025-11-21,"Wiggins, Aaron",Out,Injury/Illness -,"Wiggins, Aaron Out Injury/Illness - "
2025-11-21,"Williams, Jalen",Out,Injury/Illness -,"Williams, Jalen Out Injury/Illness - "
2025-11-21,"Williams, Kenrich",Out,Injury/Illness -,"Williams, Kenrich Out Injury/Illness - "
2025-11-21,"Filipowski, Kyle",Available,Injury/Illness -,"Filipowski, Kyle Available Injury/Illness - "
2025-11-21,"Kessler, Walker",Out,Injury/Illness -,"Kessler, Walker Out Injury/Illness - "
2025-11-21,"Niang, Georges",Out,Injury/Illness -,"Niang, Georges Out Injury/Illness - "
2025-11-21,"Tonje, John",Out,G,"Tonje, John Out G "
2025-11-21,"Tshiebwe, Oscar",Out,G,"Tshiebwe, Oscar Out G "
2025-11-21,"Grant, Jerami",Probable,Injury/Illness -,"Grant, Jerami Probable Injury/Illness - "
2025-11-21,"Henderson, Scoot",Out,Injury/Illness -,"Henderson, Scoot Out Injury/Illness - "
2025-11-21,"Holiday, Jrue",Out,Injury/Illness -,"Holiday, Jrue Out Injury/Illness - "
2025-11-21,"Lillard, Damian",Out,Injury/Illness -,"Lillard, Damian Out Injury/Illness - "
2025-11-21,"Sharpe, Shaedon",Out,Injury/Illness -,"Sharpe, Shaedon Out Injury/Illness - "
2025-11-21,"Thybulle, Matisse",Out,Injury/Illness -,"Thybulle, Matisse Out Injury/Illness - "
2025-11-21,"Wesley, Blake",Out,Injury/Illness -,"Wesley, Blake Out Injury/Illness - "
2025-11-21,"Williams III, Robert",Questionable,Injury/Illness -,"Williams III, Robert Questionable Injury/Illness - "
2025-11-21,"Butler III, Jimmy",Probable,Injury/Illness -,"Butler III, Jimmy Probable Injury/Illness - "
2025-11-21,"Green, Draymond",Probable,Injury/Illness -,"Green, Draymond Probable Injury/Illness - "
2025-11-21,"Hield, Buddy",Probable,Injury/Illness -,"Hield, Buddy Probable Injury/Illness - "
2025-11-21,"Kuminga, Jonathan",Out,Injury/Illness -,"Kuminga, Jonathan Out Injury/Illness - "
2025-11-21,"Melton, De'Anthony",Out,Injury/Illness -,"Melton, De'Anthony Out Injury/Illness - "
2025-11-21,"Beal, Bradley",Out,Injury/Illness -,"Beal, Bradley Out Injury/Illness - "
2025-11-21,"Jones Jr., Derrick",Out,Injury/Illness -,"Jones Jr., Derrick Out Injury/Illness - "
2025-11-21,"Leonard, Kawhi",Out,Injury/Illness -,"Leonard, Kawhi Out Injury/Illness - "
2025-11-21,"Miller, Jordan",Out,Injury/Illness -,"Miller, Jordan Out Injury/Illness - "
2025-11-21,"Green, Josh",Out,Injury/Illness -,"Green, Josh Out Injury/Illness - "
2025-11-21,"James, Sion",Probable,Injury/Illness -,"James, Sion Probable Injury/Illness - "
2025-11-21,"Mann, Tre",Questionable,Injury/Illness -,"Mann, Tre Questionable Injury/Illness - "
2025-11-21,"Salaun, Tidjane",Out,G,"Salaun, Tidjane Out G "
2025-11-21,"Williams, Grant",Out,Injury/Illness -,"Williams, Grant Out Injury/Illness - "
2025-11-21,"Anunoby, OG",Out,Injury/Illness -,"Anunoby, OG Out Injury/Illness - "
2025-11-21,"Brunson, Jalen",Probable,Injury/Illness -,"Brunson, Jalen Probable Injury/Illness - "
2025-11-21,"Banchero, Paolo",Out,Injury/Illness -,"Banchero, Paolo Out Injury/Illness - "
2025-11-21,"Castleton, Colin",Out,G,"Castleton, Colin Out G "
2025-11-21,"Robinson, Orlando",Out,G,"Robinson, Orlando Out G "
2025-11-21,"Wagner, Franz",Available,Injury/Illness -,"Wagner, Franz Available Injury/Illness - "
2025-11-21,"Wagner, Moritz",Out,Injury/Illness -,"Wagner, Moritz Out Injury/Illness - "
2025-11-22,"Beal, Bradley",Out,Injury/Illness -,"Beal, Bradley Out Injury/Illness - "
2025-11-22,"Bogdanovic, Bogdan",Out,Injury/Illness -,"Bogdanovic, Bogdan Out Injury/Illness - "
2025-11-22,"Jones Jr., Derrick",Out,Injury/Illness -,"Jones Jr., Derrick Out Injury/Illness - "
2025-11-22,"Leonard, Kawhi",Out,Injury/Illness -,"Leonard, Kawhi Out Injury/Illness - "
2025-11-22,"Miller, Jordan",Out,Injury/Illness -,"Miller, Jordan Out Injury/Illness - "
2025-11-22,"Green, Josh",Out,Injury/Illness -,"Green, Josh Out Injury/Illness - "
2025-11-22,"James, Sion",Available,Injury/Illness -,"James, Sion Available Injury/Illness - "
2025-11-22,"Mann, Tre",Out,Injury/Illness -,"Mann, Tre Out Injury/Illness - "
2025-11-22,"Salaun, Tidjane",Out,G,"Salaun, Tidjane Out G "
2025-11-22,"Williams, Grant",Out,Injury/Illness -,"Williams, Grant Out Injury/Illness - "
2025-11-22,"Anunoby, OG",Out,Injury/Illness -,"Anunoby, OG Out Injury/Illness - "
2025-11-22,"Brunson, Jalen",Available,Injury/Illness -,"Brunson, Jalen Available Injury/Illness - "
2025-11-22,"McBride, Miles",Available,Injury/Illness -,"McBride, Miles Available Injury/Illness - "
2025-11-22,"Banchero, Paolo",Out,Injury/Illness -,"Banchero, Paolo Out Injury/Illness - "
2025-11-22,"Castleton, Colin",Out,G,"Castleton, Colin Out G "
2025-11-22,"Robinson, Orlando",Out,G,"Robinson, Orlando Out G "
2025-11-22,"Wagner, Franz",Available,Injury/Illness -,"Wagner, Franz Available Injury/Illness - "
2025-11-22,"Wagner, Moritz",Out,Injury/Illness -,"Wagner, Moritz Out Injury/Illness - "
2025-11-22,"Dante, N'Faly",Out,G,"Dante, N'Faly Out G "
2025-11-22,"Djurisic, Nikola",Out,G,"Djurisic, Nikola Out G "
2025-11-22,"Ndiaye, Eli John",Out,G,"Ndiaye, Eli John Out G "
2025-11-22,"Okongwu, Onyeka",Out,Injury/Illness -,"Okongwu, Onyeka Out Injury/Illness - "
2025-11-22,"Wallace, Keaton",Out,Personal,"Wallace, Keaton Out Personal "
2025-11-22,"Young, Trae",Out,Injury/Illness -,"Young, Trae Out Injury/Illness - "
2025-11-22,"Alexander, Trey",Out,G,"Alexander, Trey Out G "
2025-11-22,"Jones, Herbert",Questionable,Injury/Illness -,"Jones, Herbert Questionable Injury/Illness - "
2025-11-22,"Matkovic, Karlo",Out,Injury/Illness -,"Matkovic, Karlo Out Injury/Illness - "
2025-11-22,"Murray, Dejounte",Out,Injury/Illness -,"Murray, Dejounte Out Injury/Illness - "
2025-11-22,"Poole, Jordan",Out,Injury/Illness -,"Poole, Jordan Out Injury/Illness - "
2025-11-22,"Williamson, Zion",Out,Injury/Illness -,"Williamson, Zion Out Injury/Illness - "
2025-11-22,"Harris, Tobias",Questionable,Injury/Illness -,"Harris, Tobias Questionable Injury/Illness - "
2025-11-22,"Ivey, Jaden",Questionable,Return to,"Ivey, Jaden Questionable Return to "
2025-11-22,"Jones, Isaac",Out,G,"Jones, Isaac Out G "
2025-11-22,"Klintman, Bobi",Out,Injury/Illness -,"Klintman, Bobi Out Injury/Illness - "
2025-11-22,"Moore Jr., Wendell",Out,G,"Moore Jr., Wendell Out G "
2025-11-22,"Sasser, Marcus",Out,Injury/Illness -,"Sasser, Marcus Out Injury/Illness - "
2025-11-22,"Smith, Tolu",Out,G,"Smith, Tolu Out G "
2025-11-22,"Antetokounmpo, Alex",Out,G,"Antetokounmpo, Alex Out G "
2025-11-22,"Antetokounmpo, Giannis",Out,Injury/Illness -,"Antetokounmpo, Giannis Out Injury/Illness - "
2025-11-22,"Kuzma, Kyle",Available,Injury/Illness -,"Kuzma, Kyle Available Injury/Illness - "
2025-11-22,"Porter Jr., Kevin",Out,Injury/Illness -,"Porter Jr., Kevin Out Injury/Illness - "
2025-11-22,"Prince, Taurean",Out,Injury/Illness -,"Prince, Taurean Out Injury/Illness - "
2025-11-22,"Bagley III, Marvin",Out,Injury/Illness -,"Bagley III, Marvin Out Injury/Illness - "
2025-11-22,"Johnson, AJ",Out,Injury/Illness -,"Johnson, AJ Out Injury/Illness - "
2025-11-22,"Johnson, Tre",Questionable,Injury/Illness -,"Johnson, Tre Questionable Injury/Illness - "
2025-11-22,"Middleton, Khris",Out,Injury/Illness -,"Middleton, Khris Out Injury/Illness - "
2025-11-22,"Buzelis, Matas",Questionable,Injury/Illness -,"Buzelis, Matas Questionable Injury/Illness - "
2025-11-22,"Collins, Zach",Out,Injury/Illness -,"Collins, Zach Out Injury/Illness - "
2025-11-22,"Flowers, Trentyn",Out,Injury/Illness -,"Flowers, Trentyn Out Injury/Illness - "
2025-11-22,"Huerter, Kevin",Questionable,Injury/Illness -,"Huerter, Kevin Questionable Injury/Illness - "
2025-11-22,"Jones, Tre",Probable,Injury/Illness -,"Jones, Tre Probable Injury/Illness - "
2025-11-22,"Okoro, Isaac",Questionable,Injury/Illness -,"Okoro, Isaac Questionable Injury/Illness - "
2025-11-22,"Terry, Dalen",Doubtful,Injury/Illness -,"Terry, Dalen Doubtful Injury/Illness - "
2025-11-22,"Williams, Patrick",Questionable,Injury/Illness -,"Williams, Patrick Questionable Injury/Illness - "
2025-11-22,"Clarke, Brandon",Out,Injury/Illness -,"Clarke, Brandon Out Injury/Illness - "
2025-11-22,"Jackson Jr., Jaren",Doubtful,Injury/Illness -,"Jackson Jr., Jaren Doubtful Injury/Illness - "
2025-11-22,"Jerome, Ty",Out,Injury/Illness -,"Jerome, Ty Out Injury/Illness - "
2025-11-22,"Morant, Ja",Out,Injury/Illness -,"Morant, Ja Out Injury/Illness - "
2025-11-22,"Pippen Jr., Scotty",Out,Injury/Illness -,"Pippen Jr., Scotty Out Injury/Illness - "
2025-11-22,"Small, Javon",Out,Injury/Illness -,"Small, Javon Out Injury/Illness - "
2025-11-22,"Davis, Anthony",Out,Injury/Illness -,"Davis, Anthony Out Injury/Illness - "
2025-11-22,"Exum, Dante",Out,Injury/Illness -,"Exum, Dante Out Injury/Illness - "
2025-11-22,"Flagg, Cooper",Available,Injury/Illness -,"Flagg, Cooper Available Injury/Illness - "
2025-11-22,"Irving, Kyrie",Out,Injury/Illness -,"Irving, Kyrie Out Injury/Illness - "
2025-11-22,"Lively II, Dereck",Out,Injury/Illness -,"Lively II, Dereck Out Injury/Illness - "
2025-11-22,"Nembhard, Ryan",Doubtful,Injury/Illness -,"Nembhard, Ryan Doubtful Injury/Illness - "
2025-11-22,"Russell, D'Angelo",Questionable,Injury/Illness -,"Russell, D'Angelo Questionable Injury/Illness - "
2025-11-22,"Cardwell, Dylan",Out,G,"Cardwell, Dylan Out G "
2025-11-22,"Plowden, Daeqwon",Out,G,"Plowden, Daeqwon Out G "
2025-11-22,"Sabonis, Domantas",Out,Injury/Illness -,"Sabonis, Domantas Out Injury/Illness - "
2025-11-22,"Stevens, Isaiah",Out,G,"Stevens, Isaiah Out G "
2025-11-22,"Bates, Tamar",Out,G,"Bates, Tamar Out G "
2025-11-22,"Braun, Christian",Out,Injury/Illness -,"Braun, Christian Out Injury/Illness - "
2025-11-22,"Gordon, Aaron",Out,Injury/Illness -,"Gordon, Aaron Out Injury/Illness - "
2025-11-22,"Jones, Curtis",Out,G,"Jones, Curtis Out G "
2025-11-22,"Strawther, Julian",Out,Injury/Illness -,"Strawther, Julian Out Injury/Illness - "
2025-11-22,"Goldin, Vladislav",Out,G,"Goldin, Vladislav Out G "
2025-11-22,"Herro, Tyler",Out,Injury/Illness -,"Herro, Tyler Out Injury/Illness - "
2025-11-22,"Jakucionis, Kasparas",Out,G,"Jakucionis, Kasparas Out G "
2025-11-22,"Jovic, Nikola",Out,Injury/Illness -,"Jovic, Nikola Out Injury/Illness - "
2025-11-22,"Powell, Norman",Probable,Injury/Illness -,"Powell, Norman Probable Injury/Illness - "
2025-11-22,"Rozier, Terry",Out,Not,"Rozier, Terry Out Not "
2025-11-22,"Smith, Dru",Available,Injury/Illness -,"Smith, Dru Available Injury/Illness - "
2025-11-22,"Wiggins, Andrew",Out,Injury/Illness -,"Wiggins, Andrew Out Injury/Illness - "
2025-11-22,"Bona, Adem",Out,Injury/Illness -,"Bona, Adem Out Injury/Illness - "
2025-11-22,"Edgecombe, VJ",Questionable,Injury/Illness -,"Edgecombe, VJ Questionable Injury/Illness - "
2025-11-22,"Embiid, Joel",Out,Injury/Illness -,"Embiid, Joel Out Injury/Illness - "
2025-11-22,"McCain, Jared",Available,Injury/Illness -,"McCain, Jared Available Injury/Illness - "
2025-11-22,"Oubre Jr., Kelly",Out,Injury/Illness -,"Oubre Jr., Kelly Out Injury/Illness - "
2025-11-22,"Claxton, Nic",Probable,Injury/Illness -,"Claxton, Nic Probable Injury/Illness - "
2025-11-22,"Demin, Egor",Probable,Injury/Illness -,"Demin, Egor Probable Injury/Illness - "
2025-11-22,"Highsmith, Haywood",Out,Injury/Illness -,"Highsmith, Haywood Out Injury/Illness - "
2025-11-22,"Saraf, Ben",Out,Injury/Illness -,"Saraf, Ben Out Injury/Illness - "
2025-11-22,"Thomas, Cam",Out,Injury/Illness -,"Thomas, Cam Out Injury/Illness - "
2025-11-22,"Traore, Nolan",Out,G,"Traore, Nolan Out G "
2025-11-22,"Wolf, Danny",Out,G,"Wolf, Danny Out G "
2025-11-22,"Boyles, Collin",Questionable,Injury/Illness -,"Boyles, Collin Questionable Injury/Illness - "
2025-11-22,"Poeltl, Jakob",Out,Injury/Illness -,"Poeltl, Jakob Out Injury/Illness - "
2025-11-22,"Allen, Jarrett",Out,Injury/Illness -,"Allen, Jarrett Out Injury/Illness - "
2025-11-22,"Ball, Lonzo",Out,Rest -,"Ball, Lonzo Out Rest - "
2025-11-22,"Merrill, Sam",Out,Injury/Illness -,"Merrill, Sam Out Injury/Illness - "
2025-11-22,"Porter Jr., Craig",Out,Injury/Illness -,"Porter Jr., Craig Out Injury/Illness - "
2025-11-22,"Strus, Max",Out,Injury/Illness -,"Strus, Max Out Injury/Illness - "
2025-11-22,"Harper Jr., Ron",Out,G,"Harper Jr., Ron Out G "
2025-11-22,"Shulga, Max",Out,G,"Shulga, Max Out G "
2025-11-22,"Tatum, Jayson",Out,Injury/Illness -,"Tatum, Jayson Out Injury/Illness - "
2025-11-22,"Williams, Amari",Out,G,"Williams, Amari Out G "
2025-11-23,"Goldin, Vladislav",Out,G,"Goldin, Vladislav Out G "
2025-11-23,"Herro, Tyler",Out,Injury/Illness -,"Herro, Tyler Out Injury/Illness - "
2025-11-23,"Jakucionis, Kasparas",Out,G,"Jakucionis, Kasparas Out G "
2025-11-23,"Jovic, Nikola",Out,Injury/Illness -,"Jovic, Nikola Out Injury/Illness - "
2025-11-23,"Powell, Norman",Available,Injury/Illness -,"Powell, Norman Available Injury/Illness - "
2025-11-23,"Rozier, Terry",Out,Not,"Rozier, Terry Out Not "
2025-11-23,"Smith, Dru",Available,Injury/Illness -,"Smith, Dru Available Injury/Illness - "
2025-11-23,"Wiggins, Andrew",Out,Injury/Illness -,"Wiggins, Andrew Out Injury/Illness - "
2025-11-23,"Bona, Adem",Out,Injury/Illness -,"Bona, Adem Out Injury/Illness - "
2025-11-23,"Edgecombe, VJ",Out,Injury/Illness -,"Edgecombe, VJ Out Injury/Illness - "
2025-11-23,"Embiid, Joel",Out,Injury/Illness -,"Embiid, Joel Out Injury/Illness - "
2025-11-23,"McCain, Jared",Available,Injury/Illness -,"McCain, Jared Available Injury/Illness - "
2025-11-23,"Oubre Jr., Kelly",Out,Injury/Illness -,"Oubre Jr., Kelly Out Injury/Illness - "
2025-11-23,"Claxton, Nic",Available,Injury/Illness -,"Claxton, Nic Available Injury/Illness - "
2025-11-23,"Demin, Egor",Available,Injury/Illness -,"Demin, Egor Available Injury/Illness - "
2025-11-23,"Highsmith, Haywood",Out,Injury/Illness -,"Highsmith, Haywood Out Injury/Illness - "
2025-11-23,"Saraf, Ben",Out,Injury/Illness -,"Saraf, Ben Out Injury/Illness - "
2025-11-23,"Thomas, Cam",Out,Injury/Illness -,"Thomas, Cam Out Injury/Illness - "
2025-11-23,"Traore, Nolan",Out,G,"Traore, Nolan Out G "
2025-11-23,"Wolf, Danny",Out,G,"Wolf, Danny Out G "
2025-11-23,"Boyles, Collin",Available,Injury/Illness -,"Boyles, Collin Available Injury/Illness - "
2025-11-23,"Poeltl, Jakob",Out,Injury/Illness -,"Poeltl, Jakob Out Injury/Illness - "
2025-11-23,"Ball, LaMelo",Out,Injury/Illness -,"Ball, LaMelo Out Injury/Illness - "
2025-11-23,"Connaughton, Pat",Out,Injury/Illness -,"Connaughton, Pat Out Injury/Illness - "
2025-11-23,"Green, Josh",Out,Injury/Illness -,"Green, Josh Out Injury/Illness - "
2025-11-23,"Kalkbrenner, Ryan",Out,Injury/Illness -,"Kalkbrenner, Ryan Out Injury/Illness - "
2025-11-23,"Mann, Tre",Available,Injury/Illness -,"Mann, Tre Available Injury/Illness - "
2025-11-23,"Miller, Brandon",Out,Injury/Illness -,"Miller, Brandon Out Injury/Illness - "
2025-11-23,"Salaun, Tidjane",Out,G,"Salaun, Tidjane Out G "
2025-11-23,"Williams, Grant",Out,Injury/Illness -,"Williams, Grant Out Injury/Illness - "
2025-11-23,"Dante, N'Faly",Out,Injury/Illness -,"Dante, N'Faly Out Injury/Illness - "
2025-11-23,"Djurisic, Nikola",Out,Injury/Illness -,"Djurisic, Nikola Out Injury/Illness - "
2025-11-23,"Kennard, Luke",Out,Injury/Illness -,"Kennard, Luke Out Injury/Illness - "
2025-11-23,"Ndiaye, Eli John",Out,G,"Ndiaye, Eli John Out G "
2025-11-23,"Okongwu, Onyeka",Available,Injury/Illness -,"Okongwu, Onyeka Available Injury/Illness - "
2025-11-23,"Porzingis, Kristaps",Out,Rest,"Porzingis, Kristaps Out Rest "
2025-11-23,"Young, Trae",Out,Injury/Illness -,"Young, Trae Out Injury/Illness - "
2025-11-23,"Beal, Bradley",Out,Injury/Illness -,"Beal, Bradley Out Injury/Illness - "
2025-11-23,"Bogdanovic, Bogdan",Out,Injury/Illness -,"Bogdanovic, Bogdan Out Injury/Illness - "
2025-11-23,"Jones Jr., Derrick",Out,Injury/Illness -,"Jones Jr., Derrick Out Injury/Illness - "
2025-11-23,"Miller, Jordan",Out,Injury/Illness -,"Miller, Jordan Out Injury/Illness - "
2025-11-23,"Allen, Jarrett",Out,Injury/Illness -,"Allen, Jarrett Out Injury/Illness - "
2025-11-23,"Ball, Lonzo",Out,Rest -,"Ball, Lonzo Out Rest - "
2025-11-23,"Merrill, Sam",Out,Injury/Illness -,"Merrill, Sam Out Injury/Illness - "
2025-11-23,"Porter Jr., Craig",Out,Injury/Illness -,"Porter Jr., Craig Out Injury/Illness - "
2025-11-23,"Strus, Max",Out,Injury/Illness -,"Strus, Max Out Injury/Illness - "
2025-11-23,"Banchero, Paolo",Out,Injury/Illness -,"Banchero, Paolo Out Injury/Illness - "
2025-11-23,"Carter Jr., Wendell",Out,Injury/Illness -,"Carter Jr., Wendell Out Injury/Illness - "
2025-11-23,"Castleton, Colin",Out,G,"Castleton, Colin Out G "
2025-11-23,"Suggs, Jalen",Out,Injury/Illness -,"Suggs, Jalen Out Injury/Illness - "
2025-11-23,"Wagner, Franz",Available,Injury/Illness -,"Wagner, Franz Available Injury/Illness - "
2025-11-23,"Wagner, Moritz",Out,Injury/Illness -,"Wagner, Moritz Out Injury/Illness - "
2025-11-23,"Harper Jr., Ron",Out,G,"Harper Jr., Ron Out G "
2025-11-23,"Shulga, Max",Out,G,"Shulga, Max Out G "
2025-11-23,"Tatum, Jayson",Out,Injury/Illness -,"Tatum, Jayson Out Injury/Illness - "
2025-11-23,"Williams, Amari",Out,G,"Williams, Amari Out G "
2025-11-23,"Clingan, Donovan",Questionable,Injury/Illness -,"Clingan, Donovan Questionable Injury/Illness - "
2025-11-23,"Henderson, Scoot",Out,Injury/Illness -,"Henderson, Scoot Out Injury/Illness - "
2025-11-23,"Holiday, Jrue",Out,Injury/Illness -,"Holiday, Jrue Out Injury/Illness - "
2025-11-23,"Lillard, Damian",Out,Injury/Illness -,"Lillard, Damian Out Injury/Illness - "
2025-11-23,"Sharpe, Shaedon",Out,Injury/Illness -,"Sharpe, Shaedon Out Injury/Illness - "
2025-11-23,"Thybulle, Matisse",Out,Injury/Illness -,"Thybulle, Matisse Out Injury/Illness - "
2025-11-23,"Wesley, Blake",Out,Injury/Illness -,"Wesley, Blake Out Injury/Illness - "
2025-11-23,"Williams III, Robert",Questionable,Injury/Illness -,"Williams III, Robert Questionable Injury/Illness - "
2025-11-23,"Carlson, Branden",Available,Injury/Illness -,"Carlson, Branden Available Injury/Illness - "
2025-11-23,"Sorber, Thomas",Out,Injury/Illness -,"Sorber, Thomas Out Injury/Illness - "
2025-11-23,"Topic, Nikola",Out,Injury/Illness -,"Topic, Nikola Out Injury/Illness - "
2025-11-23,"Wiggins, Aaron",Out,Injury/Illness -,"Wiggins, Aaron Out Injury/Illness - "
2025-11-23,"Williams, Jalen",Out,Injury/Illness -,"Williams, Jalen Out Injury/Illness - "
2025-11-23,"Williams, Kenrich",Out,Injury/Illness -,"Williams, Kenrich Out Injury/Illness - "
2025-11-23,"James, Bronny",Out,G,"James, Bronny Out G "
2025-11-23,"Thiero, Adou",Out,G,"Thiero, Adou Out G "
2025-11-23,"Harkless, Elijah",Out,G,"Harkless, Elijah Out G "
2025-11-23,"Kessler, Walker",Out,Injury/Illness -,"Kessler, Walker Out Injury/Illness - "
2025-11-23,"Niang, Georges",Out,Injury/Illness -,"Niang, Georges Out Injury/Illness - "
2025-11-23,"Tonje, John",Out,G,"Tonje, John Out G "
2025-11-23,"Tshiebwe, Oscar",Out,G,"Tshiebwe, Oscar Out G "
2025-11-23,"Castle, Stephon",Out,Injury/Illness -,"Castle, Stephon Out Injury/Illness - "
2025-11-23,"Harper, Dylan",Out,Injury/Illness -,"Harper, Dylan Out Injury/Illness - "
2025-11-23,"Ingram, Harrison",Questionable,G,"Ingram, Harrison Questionable G "
2025-11-23,"McLaughlin, Jordan",Out,Injury/Illness -,"McLaughlin, Jordan Out Injury/Illness - "
2025-11-23,"Minix, Riley",Questionable,G,"Minix, Riley Questionable G "
2025-11-23,"Wembanyama, Victor",Out,Injury/Illness -,"Wembanyama, Victor Out Injury/Illness - "
2025-11-23,"Allen, Grayson",Out,Injury/Illness -,"Allen, Grayson Out Injury/Illness - "
2025-11-23,"Dunn, Ryan",Questionable,Injury/Illness -,"Dunn, Ryan Questionable Injury/Illness - "
2025-11-23,"Fleming, Rasheer",Questionable,Injury/Illness -,"Fleming, Rasheer Questionable Injury/Illness - "
2025-11-23,"Green, Jalen",Out,Injury/Illness -,"Green, Jalen Out Injury/Illness - "
2025-11-23,"Ivey, Jaden",Probable,Return to,"Ivey, Jaden Probable Return to "
2025-11-23,"Jones, Isaac",Out,G,"Jones, Isaac Out G "
2025-11-23,"Klintman, Bobi",Out,Injury/Illness -,"Klintman, Bobi Out Injury/Illness - "
2025-11-23,"LeVert, Caris",Probable,Injury/Illness -,"LeVert, Caris Probable Injury/Illness - "
2025-11-23,"Moore Jr., Wendell",Out,G,"Moore Jr., Wendell Out G "
2025-11-23,"Sasser, Marcus",Out,Injury/Illness -,"Sasser, Marcus Out Injury/Illness - "
2025-11-23,"Smith, Tolu",Out,G,"Smith, Tolu Out G "
2025-11-23,"Furphy, Johnny",Out,Injury/Illness -,"Furphy, Johnny Out Injury/Illness - "
2025-11-23,"Haliburton, Tyrese",Out,Injury/Illness -,"Haliburton, Tyrese Out Injury/Illness - "
2025-11-23,"Jackson, Quenton",Out,Injury/Illness -,"Jackson, Quenton Out Injury/Illness - "
2025-11-23,"Jones, Kam",Out,Injury/Illness -,"Jones, Kam Out Injury/Illness - "
2025-11-23,"Nesmith, Aaron",Out,Injury/Illness -,"Nesmith, Aaron Out Injury/Illness - "
2025-11-23,"Toppin, Obi",Out,Injury/Illness -,"Toppin, Obi Out Injury/Illness - "
2025-11-23,"Davis, Anthony",Doubtful,Injury/Illness -,"Davis, Anthony Doubtful Injury/Illness - "
2025-11-23,"Exum, Dante",Out,Injury/Illness -,"Exum, Dante Out Injury/Illness - "
2025-11-23,"Flagg, Cooper",Available,Injury/Illness -,"Flagg, Cooper Available Injury/Illness - "
2025-11-23,"Irving, Kyrie",Out,Injury/Illness -,"Irving, Kyrie Out Injury/Illness - "
2025-11-23,"Lively II, Dereck",Out,Injury/Illness -,"Lively II, Dereck Out Injury/Illness - "
2025-11-23,"Nembhard, Ryan",Questionable,Injury/Illness -,"Nembhard, Ryan Questionable Injury/Illness - "
2025-11-23,"Williams, Brandon",Questionable,Injury/Illness -,"Williams, Brandon Questionable Injury/Illness - "
2025-11-23,"Anunoby, OG",Out,Injury/Illness -,"Anunoby, OG Out Injury/Illness - "
2025-11-23,"Shamet, Landry",Out,Injury/Illness -,"Shamet, Landry Out Injury/Illness - "
2025-11-23,"Collins, Zach",Out,Injury/Illness -,"Collins, Zach Out Injury/Illness - "
2025-11-23,"Flowers, Trentyn",Out,Injury/Illness -,"Flowers, Trentyn Out Injury/Illness - "
2025-11-23,"Huerter, Kevin",Questionable,Injury/Illness -,"Huerter, Kevin Questionable Injury/Illness - "
2025-11-23,"Okoro, Isaac",Out,Injury/Illness -,"Okoro, Isaac Out Injury/Illness - "
2025-11-23,"Terry, Dalen",Out,Injury/Illness -,"Terry, Dalen Out Injury/Illness - "
2025-11-23,"Williams, Patrick",Questionable,Injury/Illness -,"Williams, Patrick Questionable Injury/Illness - "
2025-11-23,"Alexander, Trey",Out,G,"Alexander, Trey Out G "
2025-11-23,"Jones, Herbert",Out,Injury/Illness -,"Jones, Herbert Out Injury/Illness - "
2025-11-23,"Looney, Kevon",Questionable,Injury/Illness -,"Looney, Kevon Questionable Injury/Illness - "
2025-11-23,"Matkovic, Karlo",Out,Injury/Illness -,"Matkovic, Karlo Out Injury/Illness - "
2025-11-23,"Murray, Dejounte",Out,Injury/Illness -,"Murray, Dejounte Out Injury/Illness - "
2025-11-23,"Poole, Jordan",Out,Injury/Illness -,"Poole, Jordan Out Injury/Illness - "
2025-11-23,"Braun, Christian",Out,Injury/Illness -,"Braun, Christian Out Injury/Illness - "
2025-11-23,"Gordon, Aaron",Out,Injury/Illness -,"Gordon, Aaron Out Injury/Illness - "
2025-11-23,"Strawther, Julian",Out,Injury/Illness -,"Strawther, Julian Out Injury/Illness - "
2025-11-23,"Antetokounmpo, Alex",Out,G,"Antetokounmpo, Alex Out G "
2025-11-23,"Antetokounmpo, Giannis",Out,Injury/Illness -,"Antetokounmpo, Giannis Out Injury/Illness - "
2025-11-23,"Porter Jr., Kevin",Out,Injury/Illness -,"Porter Jr., Kevin Out Injury/Illness - "
2025-11-23,"Prince, Taurean",Out,Injury/Illness -,"Prince, Taurean Out Injury/Illness - "
2025-11-24,"Allen, Jarrett",Out,Injury/Illness -,"Allen, Jarrett Out Injury/Illness - "
2025-11-24,"Garland, Darius",Out,Injury/Illness -,"Garland, Darius Out Injury/Illness - "
2025-11-24,"Hunter, De'Andre",Out,Rest,"Hunter, De'Andre Out Rest "
2025-11-24,"Merrill, Sam",Out,Injury/Illness -,"Merrill, Sam Out Injury/Illness - "
2025-11-24,"Porter Jr., Craig",Out,Injury/Illness -,"Porter Jr., Craig Out Injury/Illness - "
2025-11-24,"Strus, Max",Out,Injury/Illness -,"Strus, Max Out Injury/Illness - "
2025-11-24,"Wade, Dean",Questionable,Injury/Illness -,"Wade, Dean Questionable Injury/Illness - "
2025-11-24,"Barrett, RJ",Out,Injury/Illness -,"Barrett, RJ Out Injury/Illness - "
2025-11-24,"Ivey, Jaden",Probable,Return to,"Ivey, Jaden Probable Return to "
2025-11-24,"Jones, Isaac",Out,G,"Jones, Isaac Out G "
2025-11-24,"Klintman, Bobi",Out,Injury/Illness -,"Klintman, Bobi Out Injury/Illness - "
2025-11-24,"LeVert, Caris",Probable,Injury/Illness -,"LeVert, Caris Probable Injury/Illness - "
2025-11-24,"Moore Jr., Wendell",Out,G,"Moore Jr., Wendell Out G "
2025-11-24,"Sasser, Marcus",Out,Injury/Illness -,"Sasser, Marcus Out Injury/Illness - "
2025-11-24,"Smith, Tolu",Out,G,"Smith, Tolu Out G "
2025-11-24,"Furphy, Johnny",Out,Injury/Illness -,"Furphy, Johnny Out Injury/Illness - "
2025-11-24,"Haliburton, Tyrese",Out,Injury/Illness -,"Haliburton, Tyrese Out Injury/Illness - "
2025-11-24,"Jackson, Quenton",Out,Injury/Illness -,"Jackson, Quenton Out Injury/Illness - "
2025-11-24,"Jones, Kam",Out,Injury/Illness -,"Jones, Kam Out Injury/Illness - "
2025-11-24,"Nesmith, Aaron",Out,Injury/Illness -,"Nesmith, Aaron Out Injury/Illness - "
2025-11-24,"Toppin, Obi",Out,Injury/Illness -,"Toppin, Obi Out Injury/Illness - "
2025-11-24,"Davis, Anthony",Doubtful,Injury/Illness -,"Davis, Anthony Doubtful Injury/Illness - "
2025-11-24,"Exum, Dante",Out,Injury/Illness -,"Exum, Dante Out Injury/Illness - "
2025-11-24,"Flagg, Cooper",Available,Injury/Illness -,"Flagg, Cooper Available Injury/Illness - "
2025-11-24,"Irving, Kyrie",Out,Injury/Illness -,"Irving, Kyrie Out Injury/Illness - "
2025-11-24,"Lively II, Dereck",Out,Injury/Illness -,"Lively II, Dereck Out Injury/Illness - "
2025-11-24,"Nembhard, Ryan",Questionable,Injury/Illness -,"Nembhard, Ryan Questionable Injury/Illness - "
2025-11-24,"Williams, Brandon",Questionable,Injury/Illness -,"Williams, Brandon Questionable Injury/Illness - "
2025-11-24,"Goldin, Vladislav",Out,G,"Goldin, Vladislav Out G "
2025-11-24,"Herro, Tyler",Probable,Injury/Illness -,"Herro, Tyler Probable Injury/Illness - "
2025-11-24,"Jovic, Nikola",Out,Injury/Illness -,"Jovic, Nikola Out Injury/Illness - "
2025-11-24,"Powell, Norman",Out,Injury/Illness -,"Powell, Norman Out Injury/Illness - "
2025-11-24,"Rozier, Terry",Out,Not,"Rozier, Terry Out Not "
2025-11-24,"Wiggins, Andrew",Out,Injury/Illness -,"Wiggins, Andrew Out Injury/Illness - "
2025-11-24,"Anunoby, OG",Out,Injury/Illness -,"Anunoby, OG Out Injury/Illness - "
2025-11-24,"Robinson, Mitchell",Out,Injury/Illness -,"Robinson, Mitchell Out Injury/Illness - "
2025-11-24,"Shamet, Landry",Out,Injury/Illness -,"Shamet, Landry Out Injury/Illness - "
2025-11-24,"Claxton, Nic",Probable,Injury/Illness -,"Claxton, Nic Probable Injury/Illness - "
2025-11-24,"Highsmith, Haywood",Out,Injury/Illness -,"Highsmith, Haywood Out Injury/Illness - "
2025-11-24,"Saraf, Ben",Out,Injury/Illness -,"Saraf, Ben Out Injury/Illness - "
2025-11-24,"Thomas, Cam",Out,Injury/Illness -,"Thomas, Cam Out Injury/Illness - "
2025-11-24,"Traore, Nolan",Out,G,"Traore, Nolan Out G "
2025-11-24,"Wolf, Danny",Out,G,"Wolf, Danny Out G "
2025-11-24,"Collins, Zach",Out,Injury/Illness -,"Collins, Zach Out Injury/Illness - "
2025-11-24,"Flowers, Trentyn",Out,Injury/Illness -,"Flowers, Trentyn Out Injury/Illness - "
2025-11-24,"Huerter, Kevin",Questionable,Injury/Illness -,"Huerter, Kevin Questionable Injury/Illness - "
2025-11-24,"Okoro, Isaac",Out,Injury/Illness -,"Okoro, Isaac Out Injury/Illness - "
2025-11-24,"Terry, Dalen",Out,Injury/Illness -,"Terry, Dalen Out Injury/Illness - "
2025-11-24,"Vucevic, Nikola",Questionable,Injury/Illness -,"Vucevic, Nikola Questionable Injury/Illness - "
2025-11-24,"Williams, Patrick",Questionable,Injury/Illness -,"Williams, Patrick Questionable Injury/Illness - "
2025-11-24,"Alexander, Trey",Out,G,"Alexander, Trey Out G "
2025-11-24,"Hawkins, Jordan",Out,Personal,"Hawkins, Jordan Out Personal "
2025-11-24,"Jones, Herbert",Out,Injury/Illness -,"Jones, Herbert Out Injury/Illness - "
2025-11-24,"Looney, Kevon",Available,Injury/Illness -,"Looney, Kevon Available Injury/Illness - "
2025-11-24,"Matkovic, Karlo",Out,Injury/Illness -,"Matkovic, Karlo Out Injury/Illness - "
2025-11-24,"Murray, Dejounte",Out,Injury/Illness -,"Murray, Dejounte Out Injury/Illness - "
2025-11-24,"Poole, Jordan",Out,Injury/Illness -,"Poole, Jordan Out Injury/Illness - "
2025-11-24,"Braun, Christian",Out,Injury/Illness -,"Braun, Christian Out Injury/Illness - "
2025-11-24,"Gordon, Aaron",Out,Injury/Illness -,"Gordon, Aaron Out Injury/Illness - "
2025-11-24,"Strawther, Julian",Out,Injury/Illness -,"Strawther, Julian Out Injury/Illness - "
2025-11-24,"Clarke, Brandon",Out,Injury/Illness -,"Clarke, Brandon Out Injury/Illness - "
2025-11-24,"Jackson Jr., Jaren",Questionable,Injury/Illness -,"Jackson Jr., Jaren Questionable Injury/Illness - "
2025-11-24,"Jerome, Ty",Out,Injury/Illness -,"Jerome, Ty Out Injury/Illness - "
2025-11-24,"Morant, Ja",Out,Injury/Illness -,"Morant, Ja Out Injury/Illness - "
2025-11-24,"Pippen Jr., Scotty",Out,Injury/Illness -,"Pippen Jr., Scotty Out Injury/Illness - "
2025-11-24,"Small, Javon",Out,Injury/Illness -,"Small, Javon Out Injury/Illness - "
2025-11-24,"Henderson, Scoot",Out,Injury/Illness -,"Henderson, Scoot Out Injury/Illness - "
2025-11-24,"Holiday, Jrue",Out,Injury/Illness -,"Holiday, Jrue Out Injury/Illness - "
2025-11-24,"Lillard, Damian",Out,Injury/Illness -,"Lillard, Damian Out Injury/Illness - "
2025-11-24,"Sharpe, Shaedon",Out,Injury/Illness -,"Sharpe, Shaedon Out Injury/Illness - "
2025-11-24,"Thybulle, Matisse",Out,Injury/Illness -,"Thybulle, Matisse Out Injury/Illness - "
2025-11-24,"Wesley, Blake",Out,Injury/Illness -,"Wesley, Blake Out Injury/Illness - "
2025-11-24,"Antetokounmpo, Alex",Out,G,"Antetokounmpo, Alex Out G "
2025-11-24,"Antetokounmpo, Giannis",Out,Injury/Illness -,"Antetokounmpo, Giannis Out Injury/Illness - "
2025-11-24,"Porter Jr., Kevin",Out,Injury/Illness -,"Porter Jr., Kevin Out Injury/Illness - "
2025-11-24,"Prince, Taurean",Out,Injury/Illness -,"Prince, Taurean Out Injury/Illness - "
2025-11-24,"Adams, Steven",Questionable,Injury/Illness -,"Adams, Steven Questionable Injury/Illness - "
2025-11-24,"Crawford, Isaiah",Available,G,"Crawford, Isaiah Available G "
2025-11-24,"Davison, JD",Available,G,"Davison, JD Available G "
2025-11-24,"Durant, Kevin",Out,Personal,"Durant, Kevin Out Personal "
2025-11-24,"Eason, Tari",Out,Injury/Illness -,"Eason, Tari Out Injury/Illness - "
2025-11-24,"Smith, Dorian",Out,Injury/Illness -,"Smith, Dorian Out Injury/Illness - "
2025-11-24,"Harris, Kevon",Out,G,"Harris, Kevon Out G "
2025-11-24,"Tate, Jae'Sean",Out,Personal,"Tate, Jae'Sean Out Personal "
2025-11-24,"VanVleet, Fred",Out,Injury/Illness -,"VanVleet, Fred Out Injury/Illness - "
2025-11-24,"Allen, Grayson",Out,Injury/Illness -,"Allen, Grayson Out Injury/Illness - "
2025-11-24,"Dunn, Ryan",Out,Injury/Illness -,"Dunn, Ryan Out Injury/Illness - "
2025-11-24,"Fleming, Rasheer",Questionable,Injury/Illness -,"Fleming, Rasheer Questionable Injury/Illness - "
2025-11-24,"Green, Jalen",Out,Injury/Illness -,"Green, Jalen Out Injury/Illness - "
2025-11-24,"Williams, Mark",Out,Injury/Illness -,"Williams, Mark Out Injury/Illness - "
2025-11-24,"Freeman, Enrique",Available,Injury/Illness -,"Freeman, Enrique Available Injury/Illness - "
2025-11-24,"Shannon Jr., Terrence",Questionable,Injury/Illness -,"Shannon Jr., Terrence Questionable Injury/Illness - "
2025-11-24,"Zikarsky, Rocco",Out,G,"Zikarsky, Rocco Out G "
2025-11-24,"Cardwell, Dylan",Out,G,"Cardwell, Dylan Out G "
2025-11-24,"Plowden, Daeqwon",Out,G,"Plowden, Daeqwon Out G "
2025-11-24,"Sabonis, Domantas",Out,Injury/Illness -,"Sabonis, Domantas Out Injury/Illness - "
2025-11-24,"Stevens, Isaiah",Out,G,"Stevens, Isaiah Out G "
2025-11-24,"Harkless, Elijah",Out,G,"Harkless, Elijah Out G "
2025-11-24,"Hendricks, Taylor",Out,G,"Hendricks, Taylor Out G "
2025-11-24,"Kessler, Walker",Out,Injury/Illness -,"Kessler, Walker Out Injury/Illness - "
2025-11-24,"Love, Kevin",Out,Rest,"Love, Kevin Out Rest "
2025-11-24,"Niang, Georges",Out,Injury/Illness -,"Niang, Georges Out Injury/Illness - "
2025-11-24,"Tonje, John",Out,G,"Tonje, John Out G "
2025-11-24,"Tshiebwe, Oscar",Out,G,"Tshiebwe, Oscar Out G "
2025-11-24,"Green, Draymond",Out,Injury/Illness -,"Green, Draymond Out Injury/Illness - "
2025-11-24,"Horford, Al",Out,Injury/Illness -,"Horford, Al Out Injury/Illness - "
2025-11-24,"Kuminga, Jonathan",Out,Injury/Illness -,"Kuminga, Jonathan Out Injury/Illness - "
2025-11-24,"Melton, De'Anthony",Out,Injury/Illness -,"Melton, De'Anthony Out Injury/Illness - "
2025-11-24,"Dante, N'Faly",Out,G,"Dante, N'Faly Out G "
2025-11-24,"Djurisic, Nikola",Out,G,"Djurisic, Nikola Out G "
2025-11-24,"Houstan, Caleb",Out,G,"Houstan, Caleb Out G "
2025-11-24,"Kennard, Luke",Questionable,Injury/Illness -,"Kennard, Luke Questionable Injury/Illness - "
2025-11-24,"Ndiaye, Eli John",Out,G,"Ndiaye, Eli John Out G "
2025-11-24,"Young, Trae",Out,Injury/Illness -,"Young, Trae Out Injury/Illness - "
2025-11-24,"Bagley III, Marvin",Questionable,Injury/Illness -,"Bagley III, Marvin Questionable Injury/Illness - "
2025-11-24,"George, Kyshawn",Questionable,Injury/Illness -,"George, Kyshawn Questionable Injury/Illness - "
2025-11-24,"Johnson, Tre",Out,Injury/Illness -,"Johnson, Tre Out Injury/Illness - "
2025-11-24,"Banchero, Paolo",Out,Injury/Illness -,"Banchero, Paolo Out Injury/Illness - "
2025-11-24,"Castleton, Colin",Out,G,"Castleton, Colin Out G "
2025-11-24,"Wagner, Franz",Available,Injury/Illness -,"Wagner, Franz Available Injury/Illness - "
2025-11-24,"Wagner, Moritz",Out,Injury/Illness -,"Wagner, Moritz Out Injury/Illness - "
2025-11-24,"Bona, Adem",Out,Injury/Illness -,"Bona, Adem Out Injury/Illness - "
2025-11-24,"Edgecombe, VJ",Out,Injury/Illness -,"Edgecombe, VJ Out Injury/Illness - "
2025-11-24,"Embiid, Joel",Questionable,Injury/Illness -,"Embiid, Joel Questionable Injury/Illness - "
2025-11-24,"George, Paul",Probable,Injury/Illness -,"George, Paul Probable Injury/Illness - "
2025-11-24,"Maxey, Tyrese",Probable,Injury/Illness -,"Maxey, Tyrese Probable Injury/Illness - "
2025-11-24,"McCain, Jared",Available,Injury/Illness -,"McCain, Jared Available Injury/Illness - "
2025-11-24,"Oubre Jr., Kelly",Out,Injury/Illness -,"Oubre Jr., Kelly Out Injury/Illness - "
2025-11-25,"Dante, N'Faly",Out,G,"Dante, N'Faly Out G "
2025-11-25,"Djurisic, Nikola",Out,G,"Djurisic, Nikola Out G "
2025-11-25,"Houstan, Caleb",Out,G,"Houstan, Caleb Out G "
2025-11-25,"Kennard, Luke",Available,Injury/Illness -,"Kennard, Luke Available Injury/Illness - "
2025-11-25,"Ndiaye, Eli John",Out,G,"Ndiaye, Eli John Out G "
2025-11-25,"Young, Trae",Out,Injury/Illness -,"Young, Trae Out Injury/Illness - "
2025-11-25,"Bagley III, Marvin",Out,Injury/Illness -,"Bagley III, Marvin Out Injury/Illness - "
2025-11-25,"George, Kyshawn",Out,Injury/Illness -,"George, Kyshawn Out Injury/Illness - "
2025-11-25,"Johnson, Tre",Out,Injury/Illness -,"Johnson, Tre Out Injury/Illness - "
2025-11-25,"Banchero, Paolo",Out,Injury/Illness -,"Banchero, Paolo Out Injury/Illness - "
2025-11-25,"Bitadze, Goga",Questionable,Injury/Illness -,"Bitadze, Goga Questionable Injury/Illness - "
2025-11-25,"Castleton, Colin",Out,G,"Castleton, Colin Out G "
2025-11-25,"Wagner, Franz",Available,Injury/Illness -,"Wagner, Franz Available Injury/Illness - "
2025-11-25,"Wagner, Moritz",Out,Injury/Illness -,"Wagner, Moritz Out Injury/Illness - "
2025-11-25,"Bona, Adem",Out,Injury/Illness -,"Bona, Adem Out Injury/Illness - "
2025-11-25,"Edgecombe, VJ",Out,Injury/Illness -,"Edgecombe, VJ Out Injury/Illness - "
2025-11-25,"Embiid, Joel",Out,Injury/Illness -,"Embiid, Joel Out Injury/Illness - "
2025-11-25,"George, Paul",Out,Injury/Illness -,"George, Paul Out Injury/Illness - "
2025-11-25,"Maxey, Tyrese",Available,Injury/Illness -,"Maxey, Tyrese Available Injury/Illness - "
2025-11-25,"McCain, Jared",Available,Injury/Illness -,"McCain, Jared Available Injury/Illness - "
2025-11-25,"Oubre Jr., Kelly",Out,Injury/Illness -,"Oubre Jr., Kelly Out Injury/Illness - "
2025-11-25,"Beal, Bradley",Out,Injury/Illness -,"Beal, Bradley Out Injury/Illness - "
2025-11-25,"Bogdanovic, Bogdan",Questionable,Injury/Illness -,"Bogdanovic, Bogdan Questionable Injury/Illness - "
2025-11-25,"Jones Jr., Derrick",Out,Injury/Illness -,"Jones Jr., Derrick Out Injury/Illness - "
2025-11-25,"Miller, Jordan",Out,Injury/Illness -,"Miller, Jordan Out Injury/Illness - "
2025-11-25,"Ayton, Deandre",Out,Injury/Illness -,"Ayton, Deandre Out Injury/Illness - "
2025-11-25,"Jones, Isaac",Out,G,"Jones, Isaac Out G "
2025-11-25,"Klintman, Bobi",Out,Injury/Illness -,"Klintman, Bobi Out Injury/Illness - "
2025-11-25,"Moore Jr., Wendell",Out,G,"Moore Jr., Wendell Out G "
2025-11-25,"Sasser, Marcus",Out,Injury/Illness -,"Sasser, Marcus Out Injury/Illness - "
2025-11-25,"Smith, Tolu",Out,G,"Smith, Tolu Out G "
2025-11-25,"Harper Jr., Ron",Available,G,"Harper Jr., Ron Available G "
2025-11-25,"Queta, Neemias",Out,Injury/Illness -,"Queta, Neemias Out Injury/Illness - "
2025-11-25,"Shulga, Max",Available,G,"Shulga, Max Available G "
2025-11-25,"Tatum, Jayson",Out,Injury/Illness -,"Tatum, Jayson Out Injury/Illness - "
2025-11-25,"Anunoby, OG",Out,Injury/Illness -,"Anunoby, OG Out Injury/Illness - "
2025-11-25,"Shamet, Landry",Out,Injury/Illness -,"Shamet, Landry Out Injury/Illness - "
2025-11-25,"Connaughton, Pat",Out,Injury/Illness -,"Connaughton, Pat Out Injury/Illness - "
2025-11-25,"Green, Josh",Out,Injury/Illness -,"Green, Josh Out Injury/Illness - "
2025-11-25,"Peterson, Drew",Out,G,"Peterson, Drew Out G "
2025-11-25,"Reeves, Antonio",Out,G,"Reeves, Antonio Out G "
2025-11-25,"Salaun, Tidjane",Out,G,"Salaun, Tidjane Out G "
2025-11-25,"Simpson, KJ",Out,G,"Simpson, KJ Out G "
2025-11-25,"Williams, Grant",Out,Injury/Illness -,"Williams, Grant Out Injury/Illness - "
2025-11-25,"Furphy, Johnny",Out,Injury/Illness -,"Furphy, Johnny Out Injury/Illness - "
2025-11-25,"Haliburton, Tyrese",Out,Injury/Illness -,"Haliburton, Tyrese Out Injury/Illness - "
2025-11-25,"Jackson, Quenton",Out,Injury/Illness -,"Jackson, Quenton Out Injury/Illness - "
2025-11-25,"Jones, Kam",Out,Injury/Illness -,"Jones, Kam Out Injury/Illness - "
2025-11-25,"Nesmith, Aaron",Out,Injury/Illness -,"Nesmith, Aaron Out Injury/Illness - "
2025-11-25,"Toppin, Obi",Out,Injury/Illness -,"Toppin, Obi Out Injury/Illness - "
2025-11-25,"Barrett, RJ",Out,Injury/Illness -,"Barrett, RJ Out Injury/Illness - "
2025-11-25,"Antetokounmpo, Alex",Out,G,"Antetokounmpo, Alex Out G "
2025-11-25,"Antetokounmpo, Giannis",Questionable,Injury/Illness -,"Antetokounmpo, Giannis Questionable Injury/Illness - "
2025-11-25,"Porter Jr., Kevin",Out,Injury/Illness -,"Porter Jr., Kevin Out Injury/Illness - "
2025-11-25,"Prince, Taurean",Out,Injury/Illness -,"Prince, Taurean Out Injury/Illness - "
2025-11-25,"Goldin, Vladislav",Out,G,"Goldin, Vladislav Out G "
2025-11-25,"Herro, Tyler",Available,Injury/Illness -,"Herro, Tyler Available Injury/Illness - "
2025-11-25,"Jakucionis, Kasparas",Out,G,"Jakucionis, Kasparas Out G "
2025-11-25,"Jaquez Jr., Jaime",Questionable,Injury/Illness -,"Jaquez Jr., Jaime Questionable Injury/Illness - "
2025-11-25,"Jovic, Nikola",Questionable,Injury/Illness -,"Jovic, Nikola Questionable Injury/Illness - "
2025-11-25,"Powell, Norman",Probable,Injury/Illness -,"Powell, Norman Probable Injury/Illness - "
2025-11-25,"Rozier, Terry",Out,Not,"Rozier, Terry Out Not "
2025-11-25,"Smith, Dru",Questionable,Injury/Illness -,"Smith, Dru Questionable Injury/Illness - "
2025-11-25,"Wiggins, Andrew",Questionable,Injury/Illness -,"Wiggins, Andrew Questionable Injury/Illness - "
2025-11-26,"Jones, Isaac",Out,G,"Jones, Isaac Out G "
2025-11-26,"Klintman, Bobi",Out,Injury/Illness -,"Klintman, Bobi Out Injury/Illness - "
2025-11-26,"Moore Jr., Wendell",Out,G,"Moore Jr., Wendell Out G "
2025-11-26,"Sasser, Marcus",Out,Injury/Illness -,"Sasser, Marcus Out Injury/Illness - "
2025-11-26,"Smith, Tolu",Out,G,"Smith, Tolu Out G "
2025-11-26,"Harper Jr., Ron",Available,G,"Harper Jr., Ron Available G "
2025-11-26,"Queta, Neemias",Out,Injury/Illness -,"Queta, Neemias Out Injury/Illness - "
2025-11-26,"Shulga, Max",Available,G,"Shulga, Max Available G "
2025-11-26,"Tatum, Jayson",Out,Injury/Illness -,"Tatum, Jayson Out Injury/Illness - "
2025-11-26,"Anunoby, OG",Out,Injury/Illness -,"Anunoby, OG Out Injury/Illness - "
2025-11-26,"Shamet, Landry",Out,Injury/Illness -,"Shamet, Landry Out Injury/Illness - "
2025-11-26,"Connaughton, Pat",Out,Injury/Illness -,"Connaughton, Pat Out Injury/Illness - "
2025-11-26,"Green, Josh",Out,Injury/Illness -,"Green, Josh Out Injury/Illness - "
2025-11-26,"Peterson, Drew",Out,G,"Peterson, Drew Out G "
2025-11-26,"Reeves, Antonio",Out,G,"Reeves, Antonio Out G "
2025-11-26,"Salaun, Tidjane",Out,G,"Salaun, Tidjane Out G "
2025-11-26,"Simpson, KJ",Out,G,"Simpson, KJ Out G "
2025-11-26,"Williams, Grant",Out,Injury/Illness -,"Williams, Grant Out Injury/Illness - "
2025-11-26,"Furphy, Johnny",Out,Injury/Illness -,"Furphy, Johnny Out Injury/Illness - "
2025-11-26,"Haliburton, Tyrese",Out,Injury/Illness -,"Haliburton, Tyrese Out Injury/Illness - "
2025-11-26,"Jackson, Quenton",Out,Injury/Illness -,"Jackson, Quenton Out Injury/Illness - "
2025-11-26,"Jones, Kam",Out,Injury/Illness -,"Jones, Kam Out Injury/Illness - "
2025-11-26,"Nesmith, Aaron",Out,Injury/Illness -,"Nesmith, Aaron Out Injury/Illness - "
2025-11-26,"Toppin, Obi",Out,Injury/Illness -,"Toppin, Obi Out Injury/Illness - "
2025-11-26,"Barrett, RJ",Out,Injury/Illness -,"Barrett, RJ Out Injury/Illness - "
2025-11-26,"Antetokounmpo, Alex",Out,G,"Antetokounmpo, Alex Out G "
2025-11-26,"Antetokounmpo, Giannis",Questionable,Injury/Illness -,"Antetokounmpo, Giannis Questionable Injury/Illness - "
2025-11-26,"Porter Jr., Kevin",Out,Injury/Illness -,"Porter Jr., Kevin Out Injury/Illness - "
2025-11-26,"Prince, Taurean",Out,Injury/Illness -,"Prince, Taurean Out Injury/Illness - "
2025-11-26,"Goldin, Vladislav",Out,G,"Goldin, Vladislav Out G "
2025-11-26,"Herro, Tyler",Available,Injury/Illness -,"Herro, Tyler Available Injury/Illness - "
2025-11-26,"Jakucionis, Kasparas",Out,G,"Jakucionis, Kasparas Out G "
2025-11-26,"Jaquez Jr., Jaime",Available,Injury/Illness -,"Jaquez Jr., Jaime Available Injury/Illness - "
2025-11-26,"Jovic, Nikola",Available,Injury/Illness -,"Jovic, Nikola Available Injury/Illness - "
2025-11-26,"Powell, Norman",Available,Injury/Illness -,"Powell, Norman Available Injury/Illness - "
2025-11-26,"Rozier, Terry",Out,Not,"Rozier, Terry Out Not "
2025-11-26,"Smith, Dru",Available,Injury/Illness -,"Smith, Dru Available Injury/Illness - "
2025-11-26,"Wiggins, Andrew",Available,Injury/Illness -,"Wiggins, Andrew Available Injury/Illness - "
2025-11-26,"Freeman, Enrique",Available,Injury/Illness -,"Freeman, Enrique Available Injury/Illness - "
2025-11-26,"Zikarsky, Rocco",Out,G,"Zikarsky, Rocco Out G "
2025-11-26,"Barnhizer, Brooks",Probable,G,"Barnhizer, Brooks Probable G "
2025-11-26,"Carlson, Branden",Out,G,"Carlson, Branden Out G "
2025-11-26,"Alexander, Shai",Questionable,Injury/Illness -,"Alexander, Shai Questionable Injury/Illness - "
2025-11-26,"Sorber, Thomas",Out,Injury/Illness -,"Sorber, Thomas Out Injury/Illness - "
2025-11-26,"Topic, Nikola",Out,Injury/Illness -,"Topic, Nikola Out Injury/Illness - "
2025-11-26,"Wiggins, Aaron",Out,Injury/Illness -,"Wiggins, Aaron Out Injury/Illness - "
2025-11-26,"Williams, Jalen",Out,Injury/Illness -,"Williams, Jalen Out Injury/Illness - "
2025-11-26,"Youngblood, Chris",Available,G,"Youngblood, Chris Available G "
2025-11-26,"Clarke, Brandon",Out,Injury/Illness -,"Clarke, Brandon Out Injury/Illness - "
2025-11-26,"Edey, Zach",Questionable,Injury/Illness -,"Edey, Zach Questionable Injury/Illness - "
2025-11-26,"Jerome, Ty",Out,Injury/Illness -,"Jerome, Ty Out Injury/Illness - "
2025-11-26,"Morant, Ja",Out,Injury/Illness -,"Morant, Ja Out Injury/Illness - "
2025-11-26,"Pippen Jr., Scotty",Out,Injury/Illness -,"Pippen Jr., Scotty Out Injury/Illness - "
2025-11-26,"Small, Javon",Out,Injury/Illness -,"Small, Javon Out Injury/Illness - "
2025-11-26,"Alexander, Trey",Available,G,"Alexander, Trey Available G "
2025-11-26,"Jones, Herbert",Out,Injury/Illness -,"Jones, Herbert Out Injury/Illness - "
2025-11-26,"Matkovic, Karlo",Out,Injury/Illness -,"Matkovic, Karlo Out Injury/Illness - "
2025-11-26,"Murray, Dejounte",Out,Injury/Illness -,"Murray, Dejounte Out Injury/Illness - "
2025-11-26,"Poole, Jordan",Out,Injury/Illness -,"Poole, Jordan Out Injury/Illness - "
2025-11-26,"Adams, Steven",Out,Injury/Illness -,"Adams, Steven Out Injury/Illness - "
2025-11-26,"Durant, Kevin",Out,Personal,"Durant, Kevin Out Personal "
2025-11-26,"Eason, Tari",Out,Injury/Illness -,"Eason, Tari Out Injury/Illness - "
2025-11-26,"Smith, Dorian",Out,Injury/Illness -,"Smith, Dorian Out Injury/Illness - "
2025-11-26,"Harris, Kevon",Out,G,"Harris, Kevon Out G "
2025-11-26,"VanVleet, Fred",Out,Injury/Illness -,"VanVleet, Fred Out Injury/Illness - "
2025-11-26,"Green, Draymond",Probable,Injury/Illness -,"Green, Draymond Probable Injury/Illness - "
2025-11-26,"Horford, Al",Out,Injury/Illness -,"Horford, Al Out Injury/Illness - "
2025-11-26,"Kuminga, Jonathan",Out,Injury/Illness -,"Kuminga, Jonathan Out Injury/Illness - "
2025-11-26,"Melton, De'Anthony",Out,Injury/Illness -,"Melton, De'Anthony Out Injury/Illness - "
2025-11-26,"Allen, Grayson",Out,Injury/Illness -,"Allen, Grayson Out Injury/Illness - "
2025-11-26,"Dunn, Ryan",Out,Injury/Illness -,"Dunn, Ryan Out Injury/Illness - "
2025-11-26,"Green, Jalen",Out,Injury/Illness -,"Green, Jalen Out Injury/Illness - "
2025-11-26,"Cardwell, Dylan",Out,G,"Cardwell, Dylan Out G "
2025-11-26,"Plowden, Daeqwon",Out,G,"Plowden, Daeqwon Out G "
2025-11-26,"Sabonis, Domantas",Out,Injury/Illness -,"Sabonis, Domantas Out Injury/Illness - "
2025-11-26,"Schroder, Dennis",Questionable,Injury/Illness -,"Schroder, Dennis Questionable Injury/Illness - "
2025-11-26,"Stevens, Isaiah",Out,G,"Stevens, Isaiah Out G "
2025-11-26,"Castle, Stephon",Out,Injury/Illness -,"Castle, Stephon Out Injury/Illness - "
2025-11-26,"Harper, Dylan",Questionable,Injury/Illness -,"Harper, Dylan Questionable Injury/Illness - "
2025-11-26,"Ingram, Harrison",Out,G,"Ingram, Harrison Out G "
2025-11-26,"McLaughlin, Jordan",Out,Injury/Illness -,"McLaughlin, Jordan Out Injury/Illness - "
2025-11-26,"Wembanyama, Victor",Out,Injury/Illness -,"Wembanyama, Victor Out Injury/Illness - "
2025-11-26,"Henderson, Scoot",Out,Injury/Illness -,"Henderson, Scoot Out Injury/Illness - "
2025-11-26,"Holiday, Jrue",Out,Injury/Illness -,"Holiday, Jrue Out Injury/Illness - "
2025-11-26,"Lillard, Damian",Out,Injury/Illness -,"Lillard, Damian Out Injury/Illness - "
2025-11-26,"Sharpe, Shaedon",Questionable,Injury/Illness -,"Sharpe, Shaedon Questionable Injury/Illness - "
2025-11-26,"Thybulle, Matisse",Out,Injury/Illness -,"Thybulle, Matisse Out Injury/Illness - "
2025-11-26,"Wesley, Blake",Out,Injury/Illness -,"Wesley, Blake Out Injury/Illness - "
2025-11-27,"Collins, Zach",Out,Injury/Illness -,"Collins, Zach Out Injury/Illness - "
2025-11-27,"Essengue, Noa",Out,G,"Essengue, Noa Out G "
2025-11-27,"Flowers, Trentyn",Out,G,"Flowers, Trentyn Out G "
2025-11-27,"Huerter, Kevin",Questionable,Injury/Illness -,"Huerter, Kevin Questionable Injury/Illness - "
2025-11-27,"Miller, Emanuel",Out,G,"Miller, Emanuel Out G "
2025-11-27,"Okoro, Isaac",Doubtful,Injury/Illness -,"Okoro, Isaac Doubtful Injury/Illness - "
2025-11-27,"Olbrich, Lachlan",Out,G,"Olbrich, Lachlan Out G "
2025-11-27,"Terry, Dalen",Questionable,Injury/Illness -,"Terry, Dalen Questionable Injury/Illness - "
2025-11-27,"Vucevic, Nikola",Questionable,Injury/Illness -,"Vucevic, Nikola Questionable Injury/Illness - "
2025-11-27,"White, Coby",Questionable,Injury/Illness -,"White, Coby Questionable Injury/Illness - "
2025-11-27,"Williams, Patrick",Questionable,Injury/Illness -,"Williams, Patrick Questionable Injury/Illness - "
2025-11-27,"Connaughton, Pat",Out,Injury/Illness -,"Connaughton, Pat Out Injury/Illness - "
2025-11-27,"Green, Josh",Out,Injury/Illness -,"Green, Josh Out Injury/Illness - "
2025-11-27,"Peterson, Drew",Out,G,"Peterson, Drew Out G "
2025-11-27,"Reeves, Antonio",Out,G,"Reeves, Antonio Out G "
2025-11-27,"Salaun, Tidjane",Out,G,"Salaun, Tidjane Out G "
2025-11-27,"Simpson, KJ",Out,G,"Simpson, KJ Out G "
2025-11-27,"Williams, Grant",Out,Injury/Illness -,"Williams, Grant Out Injury/Illness - "
2025-11-27,"Allen, Jarrett",Probable,Injury/Illness -,"Allen, Jarrett Probable Injury/Illness - "
2025-11-27,"Livingston, Chris",Out,G,"Livingston, Chris Out G "
2025-11-27,"Merrill, Sam",Out,Injury/Illness -,"Merrill, Sam Out Injury/Illness - "
2025-11-27,"Porter Jr., Craig",Questionable,Injury/Illness -,"Porter Jr., Craig Questionable Injury/Illness - "
2025-11-27,"Strus, Max",Out,Injury/Illness -,"Strus, Max Out Injury/Illness - "
2025-11-27,"Travers, Luke",Out,G,"Travers, Luke Out G "
2025-11-27,"Wade, Dean",Questionable,Injury/Illness -,"Wade, Dean Questionable Injury/Illness - "
2025-11-27,"Dante, N'Faly",Out,Injury/Illness -,"Dante, N'Faly Out Injury/Illness - "
2025-11-27,"Djurisic, Nikola",Out,Injury/Illness -,"Djurisic, Nikola Out Injury/Illness - "
2025-11-27,"Houstan, Caleb",Questionable,G,"Houstan, Caleb Questionable G "
2025-11-27,"Ndiaye, Eli John",Out,G,"Ndiaye, Eli John Out G "
2025-11-27,"Young, Trae",Out,Injury/Illness -,"Young, Trae Out Injury/Illness - "
2025-11-27,"Antetokounmpo, Alex",Out,G,"Antetokounmpo, Alex Out G "
2025-11-27,"Antetokounmpo, Giannis",Questionable,Injury/Illness -,"Antetokounmpo, Giannis Questionable Injury/Illness - "
2025-11-27,"Porter Jr., Kevin",Out,Injury/Illness -,"Porter Jr., Kevin Out Injury/Illness - "
2025-11-27,"Prince, Taurean",Out,Injury/Illness -,"Prince, Taurean Out Injury/Illness - "
2025-11-27,"Anunoby, OG",Out,Injury/Illness -,"Anunoby, OG Out Injury/Illness - "
2025-11-27,"Shamet, Landry",Out,Injury/Illness -,"Shamet, Landry Out Injury/Illness - "
2025-11-27,"Banchero, Paolo",Out,Injury/Illness -,"Banchero, Paolo Out Injury/Illness - "
2025-11-27,"Cain, Jamal",Out,G,"Cain, Jamal Out G "
2025-11-27,"Castleton, Colin",Out,G,"Castleton, Colin Out G "
2025-11-27,"Robinson, Orlando",Out,G,"Robinson, Orlando Out G "
2025-11-27,"Wagner, Franz",Available,Injury/Illness -,"Wagner, Franz Available Injury/Illness - "
2025-11-27,"Wagner, Moritz",Out,Injury/Illness -,"Wagner, Moritz Out Injury/Illness - "
2025-11-27,"Ivey, Jaden",Questionable,Return to,"Ivey, Jaden Questionable Return to "
2025-11-27,"Jones, Isaac",Out,G,"Jones, Isaac Out G "
2025-11-27,"Klintman, Bobi",Out,Injury/Illness -,"Klintman, Bobi Out Injury/Illness - "
2025-11-27,"Moore Jr., Wendell",Out,G,"Moore Jr., Wendell Out G "
2025-11-27,"Sasser, Marcus",Out,Injury/Illness -,"Sasser, Marcus Out Injury/Illness - "
2025-11-27,"Smith, Tolu",Out,G,"Smith, Tolu Out G "
2025-11-27,"Bona, Adem",Probable,Injury/Illness -,"Bona, Adem Probable Injury/Illness - "
2025-11-27,"Edgecombe, VJ",Out,Injury/Illness -,"Edgecombe, VJ Out Injury/Illness - "
2025-11-27,"Embiid, Joel",Out,Injury/Illness -,"Embiid, Joel Out Injury/Illness - "
2025-11-27,"George, Paul",Questionable,Injury/Illness -,"George, Paul Questionable Injury/Illness - "
2025-11-27,"McCain, Jared",Available,Injury/Illness -,"McCain, Jared Available Injury/Illness - "
2025-11-27,"Oubre Jr., Kelly",Out,Injury/Illness -,"Oubre Jr., Kelly Out Injury/Illness - "
2025-11-27,"Watford, Trendon",Out,Injury/Illness -,"Watford, Trendon Out Injury/Illness - "
2025-11-27,"Highsmith, Haywood",Out,Injury/Illness -,"Highsmith, Haywood Out Injury/Illness - "
2025-11-27,"Porter Jr., Michael",Out,Injury/Illness -,"Porter Jr., Michael Out Injury/Illness - "
2025-11-27,"Saraf, Ben",Questionable,Injury/Illness -,"Saraf, Ben Questionable Injury/Illness - "
2025-11-27,"Thomas, Cam",Out,Injury/Illness -,"Thomas, Cam Out Injury/Illness - "
2025-11-27,"Traore, Nolan",Out,G,"Traore, Nolan Out G "
2025-11-27,"Wolf, Danny",Out,G,"Wolf, Danny Out G "
2025-11-27,"George, Kyshawn",Questionable,Injury/Illness -,"George, Kyshawn Questionable Injury/Illness - "
2025-11-27,"Johnson, Tre",Out,Injury/Illness -,"Johnson, Tre Out Injury/Illness - "
2025-11-27,"Kispert, Corey",Out,Injury/Illness -,"Kispert, Corey Out Injury/Illness - "
2025-11-27,"Furphy, Johnny",Out,Injury/Illness -,"Furphy, Johnny Out Injury/Illness - "
2025-11-27,"Haliburton, Tyrese",Out,Injury/Illness -,"Haliburton, Tyrese Out Injury/Illness - "
2025-11-27,"Jackson, Quenton",Out,Injury/Illness -,"Jackson, Quenton Out Injury/Illness - "
2025-11-27,"Jones, Kam",Out,Injury/Illness -,"Jones, Kam Out Injury/Illness - "
2025-11-27,"Nembhard, Andrew",Questionable,Injury/Illness -,"Nembhard, Andrew Questionable Injury/Illness - "
2025-11-27,"Nesmith, Aaron",Out,Injury/Illness -,"Nesmith, Aaron Out Injury/Illness - "
2025-11-27,"Toppin, Obi",Out,Injury/Illness -,"Toppin, Obi Out Injury/Illness - "
2025-11-27,"Davis, Anthony",Questionable,Injury/Illness -,"Davis, Anthony Questionable Injury/Illness - "
2025-11-27,"Exum, Dante",Out,Injury/Illness -,"Exum, Dante Out Injury/Illness - "
2025-11-27,"Flagg, Cooper",Available,Injury/Illness -,"Flagg, Cooper Available Injury/Illness - "
2025-11-27,"Irving, Kyrie",Out,Injury/Illness -,"Irving, Kyrie Out Injury/Illness - "
2025-11-27,"Lively II, Dereck",Out,Injury/Illness -,"Lively II, Dereck Out Injury/Illness - "
2025-11-28,"Collins, Zach",Out,Injury/Illness -,"Collins, Zach Out Injury/Illness - "
2025-11-28,"Essengue, Noa",Out,G,"Essengue, Noa Out G "
2025-11-28,"Flowers, Trentyn",Out,G,"Flowers, Trentyn Out G "
2025-11-28,"Huerter, Kevin",Questionable,Injury/Illness -,"Huerter, Kevin Questionable Injury/Illness - "
2025-11-28,"Miller, Emanuel",Out,G,"Miller, Emanuel Out G "
2025-11-28,"Okoro, Isaac",Doubtful,Injury/Illness -,"Okoro, Isaac Doubtful Injury/Illness - "
2025-11-28,"Olbrich, Lachlan",Out,G,"Olbrich, Lachlan Out G "
2025-11-28,"Terry, Dalen",Doubtful,Injury/Illness -,"Terry, Dalen Doubtful Injury/Illness - "
2025-11-28,"Vucevic, Nikola",Questionable,Injury/Illness -,"Vucevic, Nikola Questionable Injury/Illness - "
2025-11-28,"White, Coby",Probable,Injury/Illness -,"White, Coby Probable Injury/Illness - "
2025-11-28,"Williams, Patrick",Questionable,Injury/Illness -,"Williams, Patrick Questionable Injury/Illness - "
2025-11-28,"Connaughton, Pat",Out,Injury/Illness -,"Connaughton, Pat Out Injury/Illness - "
2025-11-28,"Green, Josh",Out,Injury/Illness -,"Green, Josh Out Injury/Illness - "
2025-11-28,"Peterson, Drew",Out,G,"Peterson, Drew Out G "
2025-11-28,"Reeves, Antonio",Out,G,"Reeves, Antonio Out G "
2025-11-28,"Salaun, Tidjane",Out,G,"Salaun, Tidjane Out G "
2025-11-28,"Simpson, KJ",Out,G,"Simpson, KJ Out G "
2025-11-28,"Williams, Grant",Out,Injury/Illness -,"Williams, Grant Out Injury/Illness - "
2025-11-28,"Allen, Jarrett",Probable,Injury/Illness -,"Allen, Jarrett Probable Injury/Illness - "
2025-11-28,"Livingston, Chris",Out,G,"Livingston, Chris Out G "
2025-11-28,"Merrill, Sam",Out,Injury/Illness -,"Merrill, Sam Out Injury/Illness - "
2025-11-28,"Porter Jr., Craig",Questionable,Injury/Illness -,"Porter Jr., Craig Questionable Injury/Illness - "
2025-11-28,"Strus, Max",Out,Injury/Illness -,"Strus, Max Out Injury/Illness - "
2025-11-28,"Travers, Luke",Out,G,"Travers, Luke Out G "
2025-11-28,"Wade, Dean",Questionable,Injury/Illness -,"Wade, Dean Questionable Injury/Illness - "
2025-11-28,"Dante, N'Faly",Out,Injury/Illness -,"Dante, N'Faly Out Injury/Illness - "
2025-11-28,"Djurisic, Nikola",Out,Injury/Illness -,"Djurisic, Nikola Out Injury/Illness - "
2025-11-28,"Houstan, Caleb",Out,G,"Houstan, Caleb Out G "
2025-11-28,"Ndiaye, Eli John",Out,G,"Ndiaye, Eli John Out G "
2025-11-28,"Porzingis, Kristaps",Questionable,Injury/Illness -,"Porzingis, Kristaps Questionable Injury/Illness - "
2025-11-28,"Young, Trae",Out,Injury/Illness -,"Young, Trae Out Injury/Illness - "
2025-11-28,"Antetokounmpo, Alex",Out,G,"Antetokounmpo, Alex Out G "
2025-11-28,"Antetokounmpo, Giannis",Questionable,Injury/Illness -,"Antetokounmpo, Giannis Questionable Injury/Illness - "
2025-11-28,"Porter Jr., Kevin",Out,Injury/Illness -,"Porter Jr., Kevin Out Injury/Illness - "
2025-11-28,"Prince, Taurean",Out,Injury/Illness -,"Prince, Taurean Out Injury/Illness - "
2025-11-28,"Anunoby, OG",Out,Injury/Illness -,"Anunoby, OG Out Injury/Illness - "
2025-11-28,"Shamet, Landry",Out,Injury/Illness -,"Shamet, Landry Out Injury/Illness - "
2025-11-28,"Banchero, Paolo",Out,Injury/Illness -,"Banchero, Paolo Out Injury/Illness - "
2025-11-28,"Cain, Jamal",Out,G,"Cain, Jamal Out G "
2025-11-28,"Castleton, Colin",Out,G,"Castleton, Colin Out G "
2025-11-28,"Robinson, Orlando",Out,G,"Robinson, Orlando Out G "
2025-11-28,"Wagner, Franz",Available,Injury/Illness -,"Wagner, Franz Available Injury/Illness - "
2025-11-28,"Wagner, Moritz",Out,Injury/Illness -,"Wagner, Moritz Out Injury/Illness - "
2025-11-28,"Ivey, Jaden",Available,Return to,"Ivey, Jaden Available Return to "
2025-11-28,"Jones, Isaac",Out,G,"Jones, Isaac Out G "
2025-11-28,"Klintman, Bobi",Out,Injury/Illness -,"Klintman, Bobi Out Injury/Illness - "
2025-11-28,"Moore Jr., Wendell",Out,G,"Moore Jr., Wendell Out G "
2025-11-28,"Sasser, Marcus",Out,Injury/Illness -,"Sasser, Marcus Out Injury/Illness - "
2025-11-28,"Smith, Tolu",Out,G,"Smith, Tolu Out G "
2025-11-28,"Bona, Adem",Probable,Injury/Illness -,"Bona, Adem Probable Injury/Illness - "
2025-11-28,"Edgecombe, VJ",Out,Injury/Illness -,"Edgecombe, VJ Out Injury/Illness - "
2025-11-28,"Embiid, Joel",Out,Injury/Illness -,"Embiid, Joel Out Injury/Illness - "
2025-11-28,"George, Paul",Questionable,Injury/Illness -,"George, Paul Questionable Injury/Illness - "
2025-11-28,"McCain, Jared",Available,Injury/Illness -,"McCain, Jared Available Injury/Illness - "
2025-11-28,"Oubre Jr., Kelly",Out,Injury/Illness -,"Oubre Jr., Kelly Out Injury/Illness - "
2025-11-28,"Watford, Trendon",Out,Injury/Illness -,"Watford, Trendon Out Injury/Illness - "
2025-11-28,"Highsmith, Haywood",Out,Injury/Illness -,"Highsmith, Haywood Out Injury/Illness - "
2025-11-28,"Porter Jr., Michael",Out,Injury/Illness -,"Porter Jr., Michael Out Injury/Illness - "
2025-11-28,"Saraf, Ben",Available,Injury/Illness -,"Saraf, Ben Available Injury/Illness - "
2025-11-28,"Thomas, Cam",Out,Injury/Illness -,"Thomas, Cam Out Injury/Illness - "
2025-11-28,"Traore, Nolan",Out,G,"Traore, Nolan Out G "
2025-11-28,"Wolf, Danny",Available,G,"Wolf, Danny Available G "
2025-11-28,"George, Kyshawn",Questionable,Injury/Illness -,"George, Kyshawn Questionable Injury/Illness - "
2025-11-28,"Johnson, Tre",Out,Injury/Illness -,"Johnson, Tre Out Injury/Illness - "
2025-11-28,"Kispert, Corey",Out,Injury/Illness -,"Kispert, Corey Out Injury/Illness - "
2025-11-28,"Furphy, Johnny",Out,Injury/Illness -,"Furphy, Johnny Out Injury/Illness - "
2025-11-28,"Haliburton, Tyrese",Out,Injury/Illness -,"Haliburton, Tyrese Out Injury/Illness - "
2025-11-28,"Jackson, Quenton",Out,Injury/Illness -,"Jackson, Quenton Out Injury/Illness - "
2025-11-28,"Jones, Kam",Out,Injury/Illness -,"Jones, Kam Out Injury/Illness - "
2025-11-28,"Nembhard, Andrew",Questionable,Injury/Illness -,"Nembhard, Andrew Questionable Injury/Illness - "
2025-11-28,"Nesmith, Aaron",Out,Injury/Illness -,"Nesmith, Aaron Out Injury/Illness - "
2025-11-28,"Toppin, Obi",Out,Injury/Illness -,"Toppin, Obi Out Injury/Illness - "
2025-11-28,"Allen, Grayson",Doubtful,Injury/Illness -,"Allen, Grayson Doubtful Injury/Illness - "
2025-11-28,"Dunn, Ryan",Out,Injury/Illness -,"Dunn, Ryan Out Injury/Illness - "
2025-11-28,"Green, Jalen",Out,Injury/Illness -,"Green, Jalen Out Injury/Illness - "
2025-11-28,"Livers, Isaiah",Questionable,Injury/Illness -,"Livers, Isaiah Questionable Injury/Illness - "
2025-11-28,"Carlson, Branden",Available,Injury/Illness -,"Carlson, Branden Available Injury/Illness - "
2025-11-28,"Hartenstein, Isaiah",Out,Injury/Illness -,"Hartenstein, Isaiah Out Injury/Illness - "
2025-11-28,"Sorber, Thomas",Out,Injury/Illness -,"Sorber, Thomas Out Injury/Illness - "
2025-11-28,"Topic, Nikola",Out,Injury/Illness -,"Topic, Nikola Out Injury/Illness - "
2025-11-28,"Wiggins, Aaron",Out,Injury/Illness -,"Wiggins, Aaron Out Injury/Illness - "
2025-11-28,"Cardwell, Dylan",Out,G,"Cardwell, Dylan Out G "
2025-11-28,"Plowden, Daeqwon",Out,G,"Plowden, Daeqwon Out G "
2025-11-28,"Sabonis, Domantas",Out,Injury/Illness -,"Sabonis, Domantas Out Injury/Illness - "
2025-11-28,"Schroder, Dennis",Questionable,Injury/Illness -,"Schroder, Dennis Questionable Injury/Illness - "
2025-11-28,"Stevens, Isaiah",Out,G,"Stevens, Isaiah Out G "
2025-11-28,"Harkless, Elijah",Out,G,"Harkless, Elijah Out G "
2025-11-28,"Hendricks, Taylor",Out,G,"Hendricks, Taylor Out G "
2025-11-28,"Kessler, Walker",Out,Injury/Illness -,"Kessler, Walker Out Injury/Illness - "
2025-11-28,"Niang, Georges",Out,Injury/Illness -,"Niang, Georges Out Injury/Illness - "
2025-11-28,"Tonje, John",Out,G,"Tonje, John Out G "
2025-11-28,"Tshiebwe, Oscar",Out,G,"Tshiebwe, Oscar Out G "
2025-11-28,"Williams, Cody",Out,G,"Williams, Cody Out G "
2025-11-28,"Castle, Stephon",Out,Injury/Illness -,"Castle, Stephon Out Injury/Illness - "
2025-11-28,"Ingram, Harrison",Out,G,"Ingram, Harrison Out G "
2025-11-28,"McLaughlin, Jordan",Out,Injury/Illness -,"McLaughlin, Jordan Out Injury/Illness - "
2025-11-28,"Minix, Riley",Out,G,"Minix, Riley Out G "
2025-11-28,"Wembanyama, Victor",Out,Injury/Illness -,"Wembanyama, Victor Out Injury/Illness - "
2025-11-28,"Bates, Tamar",Out,G,"Bates, Tamar Out G "
2025-11-28,"Braun, Christian",Out,Injury/Illness -,"Braun, Christian Out Injury/Illness - "
2025-11-28,"Gordon, Aaron",Out,Injury/Illness -,"Gordon, Aaron Out Injury/Illness - "
2025-11-28,"Holmes II, DaRon",Out,G,"Holmes II, DaRon Out G "
2025-11-28,"Strawther, Julian",Out,Injury/Illness -,"Strawther, Julian Out Injury/Illness - "
2025-11-28,"Davis, Anthony",Probable,Injury/Illness -,"Davis, Anthony Probable Injury/Illness - "
2025-11-28,"Exum, Dante",Out,Injury/Illness -,"Exum, Dante Out Injury/Illness - "
2025-11-28,"Flagg, Cooper",Available,Injury/Illness -,"Flagg, Cooper Available Injury/Illness - "
2025-11-28,"Irving, Kyrie",Out,Injury/Illness -,"Irving, Kyrie Out Injury/Illness - "
2025-11-28,"Lively II, Dereck",Out,Injury/Illness -,"Lively II, Dereck Out Injury/Illness - "
2025-11-28,"Ayton, Deandre",Available,Injury/Illness -,"Ayton, Deandre Available Injury/Illness - "
2025-11-28,"Smart, Marcus",Doubtful,Injury/Illness -,"Smart, Marcus Doubtful Injury/Illness - "
2025-11-28,"Clarke, Brandon",Out,Injury/Illness -,"Clarke, Brandon Out Injury/Illness - "
2025-11-28,"Jerome, Ty",Out,Injury/Illness -,"Jerome, Ty Out Injury/Illness - "
2025-11-28,"Morant, Ja",Out,Injury/Illness -,"Morant, Ja Out Injury/Illness - "
2025-11-28,"Pippen Jr., Scotty",Out,Injury/Illness -,"Pippen Jr., Scotty Out Injury/Illness - "
2025-11-28,"Small, Javon",Out,Injury/Illness -,"Small, Javon Out Injury/Illness - "
2025-11-28,"Beal, Bradley",Out,Injury/Illness -,"Beal, Bradley Out Injury/Illness - "
2025-11-28,"Bogdanovic, Bogdan",Out,Injury/Illness -,"Bogdanovic, Bogdan Out Injury/Illness - "
2025-11-28,"Jones Jr., Derrick",Out,Injury/Illness -,"Jones Jr., Derrick Out Injury/Illness - "
2025-11-28,"Miller, Jordan",Out,Injury/Illness -,"Miller, Jordan Out Injury/Illness - "
2025-11-28,"Brown, Jaylen",Questionable,Injury/Illness -,"Brown, Jaylen Questionable Injury/Illness - "
2025-11-28,"Harper Jr., Ron",Out,G,"Harper Jr., Ron Out G "
2025-11-28,"Queta, Neemias",Questionable,Injury/Illness -,"Queta, Neemias Questionable Injury/Illness - "
2025-11-28,"Shulga, Max",Out,G,"Shulga, Max Out G "
2025-11-28,"Tatum, Jayson",Out,Injury/Illness -,"Tatum, Jayson Out Injury/Illness - "
2025-11-28,"White, Derrick",Probable,Injury/Illness -,"White, Derrick Probable Injury/Illness - "
2025-11-28,"Freeman, Enrique",Available,Injury/Illness -,"Freeman, Enrique Available Injury/Illness - "
2025-11-28,"Zikarsky, Rocco",Out,G,"Zikarsky, Rocco Out G "
2025-11-28,"Barrett, RJ",Out,Injury/Illness -,"Barrett, RJ Out Injury/Illness - "
2025-11-28,"Hepburn, Chucky",Out,G,"Hepburn, Chucky Out G "
2025-11-28,"Martin, Alijah",Out,G,"Martin, Alijah Out G "
2025-11-28,"Mogbo, Jonathan",Out,G,"Mogbo, Jonathan Out G "
2025-11-28,"Gardner, Myron",Out,G,"Gardner, Myron Out G "
2025-11-28,"Goldin, Vladislav",Out,G,"Goldin, Vladislav Out G "
2025-11-28,"Herro, Tyler",Available,Injury/Illness -,"Herro, Tyler Available Injury/Illness - "
2025-11-28,"Jakucionis, Kasparas",Out,G,"Jakucionis, Kasparas Out G "
2025-11-28,"Jaquez Jr., Jaime",Questionable,Injury/Illness -,"Jaquez Jr., Jaime Questionable Injury/Illness - "
2025-11-28,"Jovic, Nikola",Available,Injury/Illness -,"Jovic, Nikola Available Injury/Illness - "
2025-11-28,"Powell, Norman",Probable,Injury/Illness -,"Powell, Norman Probable Injury/Illness - "
2025-11-28,"Rozier, Terry",Out,Not,"Rozier, Terry Out Not "
2025-11-28,"Wiggins, Andrew",Probable,Injury/Illness -,"Wiggins, Andrew Probable Injury/Illness - "
2025-11-28,"Young, Jahmir",Out,G,"Young, Jahmir Out G "
2025-11-28,"Hawkins, Jordan",Out,Injury/Illness -,"Hawkins, Jordan Out Injury/Illness - "
2025-11-28,"Jones, Herbert",Out,Injury/Illness -,"Jones, Herbert Out Injury/Illness - "
2025-11-28,"Matkovic, Karlo",Out,Injury/Illness -,"Matkovic, Karlo Out Injury/Illness - "
2025-11-28,"Murphy III, Trey",Questionable,Injury/Illness -,"Murphy III, Trey Questionable Injury/Illness - "
2025-11-28,"Murray, Dejounte",Out,Injury/Illness -,"Murray, Dejounte Out Injury/Illness - "
2025-11-28,"Poole, Jordan",Out,Injury/Illness -,"Poole, Jordan Out Injury/Illness - "
2025-11-29,"Brown, Jaylen",Available,Injury/Illness -,"Brown, Jaylen Available Injury/Illness - "
2025-11-29,"Harper Jr., Ron",Out,G,"Harper Jr., Ron Out G "
2025-11-29,"Queta, Neemias",Available,Injury/Illness -,"Queta, Neemias Available Injury/Illness - "
2025-11-29,"Shulga, Max",Out,G,"Shulga, Max Out G "
2025-11-29,"Tatum, Jayson",Out,Injury/Illness -,"Tatum, Jayson Out Injury/Illness - "
2025-11-29,"White, Derrick",Available,Injury/Illness -,"White, Derrick Available Injury/Illness - "
2025-11-29,"Freeman, Enrique",Available,Injury/Illness -,"Freeman, Enrique Available Injury/Illness - "
2025-11-29,"Zikarsky, Rocco",Out,G,"Zikarsky, Rocco Out G "
2025-11-29,"Barrett, RJ",Out,Injury/Illness -,"Barrett, RJ Out Injury/Illness - "
2025-11-29,"Hepburn, Chucky",Out,G,"Hepburn, Chucky Out G "
2025-11-29,"Martin, Alijah",Out,G,"Martin, Alijah Out G "
2025-11-29,"Mogbo, Jonathan",Out,G,"Mogbo, Jonathan Out G "
2025-11-29,"Connaughton, Pat",Out,Injury/Illness -,"Connaughton, Pat Out Injury/Illness - "
2025-11-29,"Green, Josh",Out,Injury/Illness -,"Green, Josh Out Injury/Illness - "
2025-11-29,"Mann, Tre",Available,Injury/Illness -,"Mann, Tre Available Injury/Illness - "
2025-11-29,"Peterson, Drew",Out,G,"Peterson, Drew Out G "
2025-11-29,"Salaun, Tidjane",Out,G,"Salaun, Tidjane Out G "
2025-11-29,"Simpson, KJ",Out,G,"Simpson, KJ Out G "
2025-11-29,"Williams, Grant",Out,Injury/Illness -,"Williams, Grant Out Injury/Illness - "
2025-11-29,"Collins, Zach",Out,Injury/Illness -,"Collins, Zach Out Injury/Illness - "
2025-11-29,"Dosunmu, Ayo",Probable,Injury/Illness -,"Dosunmu, Ayo Probable Injury/Illness - "
2025-11-29,"Essengue, Noa",Out,Injury/Illness -,"Essengue, Noa Out Injury/Illness - "
2025-11-29,"Okoro, Isaac",Out,Injury/Illness -,"Okoro, Isaac Out Injury/Illness - "
2025-11-29,"Phillips, Julian",Probable,Injury/Illness -,"Phillips, Julian Probable Injury/Illness - "
2025-11-29,"Smith, Jalen",Out,Injury/Illness -,"Smith, Jalen Out Injury/Illness - "
2025-11-29,"Terry, Dalen",Out,Injury/Illness -,"Terry, Dalen Out Injury/Illness - "
2025-11-29,"Vucevic, Nikola",Probable,Injury/Illness -,"Vucevic, Nikola Probable Injury/Illness - "
2025-11-29,"White, Coby",Questionable,Injury/Illness -,"White, Coby Questionable Injury/Illness - "
2025-11-29,"Williams, Patrick",Probable,Injury/Illness -,"Williams, Patrick Probable Injury/Illness - "
2025-11-29,"Furphy, Johnny",Out,Injury/Illness -,"Furphy, Johnny Out Injury/Illness - "
2025-11-29,"Haliburton, Tyrese",Out,Injury/Illness -,"Haliburton, Tyrese Out Injury/Illness - "
2025-11-29,"Jackson, Quenton",Out,Injury/Illness -,"Jackson, Quenton Out Injury/Illness - "
2025-11-29,"Jones, Kam",Out,Injury/Illness -,"Jones, Kam Out Injury/Illness - "
2025-11-29,"Nembhard, Andrew",Questionable,Injury/Illness -,"Nembhard, Andrew Questionable Injury/Illness - "
2025-11-29,"Nesmith, Aaron",Out,Injury/Illness -,"Nesmith, Aaron Out Injury/Illness - "
2025-11-29,"Toppin, Obi",Out,Injury/Illness -,"Toppin, Obi Out Injury/Illness - "
2025-11-29,"Demin, Egor",Out,Injury/Illness -,"Demin, Egor Out Injury/Illness - "
2025-11-29,"Highsmith, Haywood",Out,Injury/Illness -,"Highsmith, Haywood Out Injury/Illness - "
2025-11-29,"Mann, Terance",Questionable,Injury/Illness -,"Mann, Terance Questionable Injury/Illness - "
2025-11-29,"Porter Jr., Michael",Out,Injury/Illness -,"Porter Jr., Michael Out Injury/Illness - "
2025-11-29,"Thomas, Cam",Out,Injury/Illness -,"Thomas, Cam Out Injury/Illness - "
2025-11-29,"Traore, Nolan",Out,G,"Traore, Nolan Out G "
2025-11-29,"Antetokounmpo, Alex",Out,G,"Antetokounmpo, Alex Out G "
2025-11-29,"Antetokounmpo, Giannis",Questionable,Injury/Illness -,"Antetokounmpo, Giannis Questionable Injury/Illness - "
2025-11-29,"Porter Jr., Kevin",Questionable,Injury/Illness -,"Porter Jr., Kevin Questionable Injury/Illness - "
2025-11-29,"Prince, Taurean",Out,Injury/Illness -,"Prince, Taurean Out Injury/Illness - "
2025-11-29,"Duren, Jalen",Out,Injury/Illness -,"Duren, Jalen Out Injury/Illness - "
2025-11-29,"Jones, Isaac",Out,G,"Jones, Isaac Out G "
2025-11-29,"Klintman, Bobi",Out,Injury/Illness -,"Klintman, Bobi Out Injury/Illness - "
2025-11-29,"LeVert, Caris",Questionable,Injury/Illness -,"LeVert, Caris Questionable Injury/Illness - "
2025-11-29,"Moore Jr., Wendell",Out,G,"Moore Jr., Wendell Out G "
2025-11-29,"Sasser, Marcus",Out,Injury/Illness -,"Sasser, Marcus Out Injury/Illness - "
2025-11-29,"Smith, Tolu",Out,G,"Smith, Tolu Out G "
2025-11-29,"Gardner, Myron",Out,G,"Gardner, Myron Out G "
2025-11-29,"Goldin, Vladislav",Out,G,"Goldin, Vladislav Out G "
2025-11-29,"Herro, Tyler",Available,Injury/Illness -,"Herro, Tyler Available Injury/Illness - "
2025-11-29,"Jakucionis, Kasparas",Out,G,"Jakucionis, Kasparas Out G "
2025-11-29,"Jaquez Jr., Jaime",Questionable,Injury/Illness -,"Jaquez Jr., Jaime Questionable Injury/Illness - "
2025-11-29,"Jovic, Nikola",Available,Injury/Illness -,"Jovic, Nikola Available Injury/Illness - "
2025-11-29,"Powell, Norman",Probable,Injury/Illness -,"Powell, Norman Probable Injury/Illness - "
2025-11-29,"Rozier, Terry",Out,Not,"Rozier, Terry Out Not "
2025-11-29,"Wiggins, Andrew",Probable,Injury/Illness -,"Wiggins, Andrew Probable Injury/Illness - "
2025-11-29,"Young, Jahmir",Out,G,"Young, Jahmir Out G "
2025-11-29,"Hawkins, Jordan",Out,Injury/Illness -,"Hawkins, Jordan Out Injury/Illness - "
2025-11-29,"Jones, Herbert",Out,Injury/Illness -,"Jones, Herbert Out Injury/Illness - "
2025-11-29,"Matkovic, Karlo",Out,Injury/Illness -,"Matkovic, Karlo Out Injury/Illness - "
2025-11-29,"Murphy III, Trey",Questionable,Injury/Illness -,"Murphy III, Trey Questionable Injury/Illness - "
2025-11-29,"Murray, Dejounte",Out,Injury/Illness -,"Murray, Dejounte Out Injury/Illness - "
2025-11-29,"Poole, Jordan",Out,Injury/Illness -,"Poole, Jordan Out Injury/Illness - "
2025-11-29,"Curry, Stephen",Out,Injury/Illness -,"Curry, Stephen Out Injury/Illness - "
2025-11-29,"Horford, Al",Out,Injury/Illness -,"Horford, Al Out Injury/Illness - "
2025-11-29,"Kuminga, Jonathan",Questionable,Injury/Illness -,"Kuminga, Jonathan Questionable Injury/Illness - "
2025-11-29,"Melton, De'Anthony",Out,Injury/Illness -,"Melton, De'Anthony Out Injury/Illness - "
2025-11-29,"Payton II, Gary",Probable,Injury/Illness -,"Payton II, Gary Probable Injury/Illness - "
2025-11-29,"Bates, Tamar",Out,G,"Bates, Tamar Out G "
2025-11-29,"Braun, Christian",Out,Injury/Illness -,"Braun, Christian Out Injury/Illness - "
2025-11-29,"Brown, Bruce",Questionable,Injury/Illness -,"Brown, Bruce Questionable Injury/Illness - "
2025-11-29,"Gordon, Aaron",Out,Injury/Illness -,"Gordon, Aaron Out Injury/Illness - "
2025-11-29,"Holmes II, DaRon",Out,G,"Holmes II, DaRon Out G "
2025-11-29,"Jokic, Nikola",Questionable,Injury/Illness -,"Jokic, Nikola Questionable Injury/Illness - "
2025-11-29,"Strawther, Julian",Out,Injury/Illness -,"Strawther, Julian Out Injury/Illness - "
2025-11-29,"Allen, Grayson",Questionable,Injury/Illness -,"Allen, Grayson Questionable Injury/Illness - "
2025-11-29,"Dunn, Ryan",Questionable,Injury/Illness -,"Dunn, Ryan Questionable Injury/Illness - "
2025-11-29,"Goodwin, Jordan",Questionable,Injury/Illness -,"Goodwin, Jordan Questionable Injury/Illness - "
2025-11-29,"Green, Jalen",Out,Injury/Illness -,"Green, Jalen Out Injury/Illness - "
2025-11-29,"Livers, Isaiah",Out,Injury/Illness -,"Livers, Isaiah Out Injury/Illness - "
2025-11-29,"Williams, Mark",Questionable,Injury/Illness -,"Williams, Mark Questionable Injury/Illness - "
2025-11-29,"Davis, Anthony",Out,Injury/Illness -,"Davis, Anthony Out Injury/Illness - "
2025-11-29,"Exum, Dante",Out,Injury/Illness -,"Exum, Dante Out Injury/Illness - "
2025-11-29,"Flagg, Cooper",Available,Injury/Illness -,"Flagg, Cooper Available Injury/Illness - "
2025-11-29,"Gafford, Daniel",Out,Injury/Illness -,"Gafford, Daniel Out Injury/Illness - "
2025-11-29,"Irving, Kyrie",Out,Injury/Illness -,"Irving, Kyrie Out Injury/Illness - "
2025-11-29,"Lively II, Dereck",Out,Injury/Illness -,"Lively II, Dereck Out Injury/Illness - "
2025-11-29,"Thompson, Klay",Available,Injury/Illness -,"Thompson, Klay Available Injury/Illness - "
2025-11-29,"Beal, Bradley",Out,Injury/Illness -,"Beal, Bradley Out Injury/Illness - "
2025-11-29,"Bogdanovic, Bogdan",Out,Injury/Illness -,"Bogdanovic, Bogdan Out Injury/Illness - "
2025-11-29,"Jones Jr., Derrick",Out,Injury/Illness -,"Jones Jr., Derrick Out Injury/Illness - "
2025-11-29,"Miller, Jordan",Out,Injury/Illness -,"Miller, Jordan Out Injury/Illness - "
2025-11-29,"Adams, Steven",Questionable,Injury/Illness -,"Adams, Steven Questionable Injury/Illness - "
2025-11-29,"Crawford, Isaiah",Out,G,"Crawford, Isaiah Out G "
2025-11-29,"Eason, Tari",Out,Injury/Illness -,"Eason, Tari Out Injury/Illness - "
2025-11-29,"Smith, Dorian",Out,Injury/Illness -,"Smith, Dorian Out Injury/Illness - "
2025-11-29,"Harris, Kevon",Out,G,"Harris, Kevon Out G "
2025-11-29,"VanVleet, Fred",Out,Injury/Illness -,"VanVleet, Fred Out Injury/Illness - "
2025-11-29,"Dante, N'Faly",Out,Injury/Illness -,"Dante, N'Faly Out Injury/Illness - "
2025-11-29,"Djurisic, Nikola",Out,Injury/Illness -,"Djurisic, Nikola Out Injury/Illness - "
2025-11-29,"Houstan, Caleb",Questionable,G,"Houstan, Caleb Questionable G "
2025-11-29,"Ndiaye, Eli John",Out,G,"Ndiaye, Eli John Out G "
2025-11-29,"Newell, Asa",Questionable,G,"Newell, Asa Questionable G "
2025-11-29,"Porzingis, Kristaps",Out,Injury/Illness -,"Porzingis, Kristaps Out Injury/Illness - "
2025-11-29,"Toppin, Jacob",Questionable,G,"Toppin, Jacob Questionable G "
2025-11-29,"Young, Trae",Out,Injury/Illness -,"Young, Trae Out Injury/Illness - "
2025-11-29,"Drummond, Andre",Questionable,Injury/Illness -,"Drummond, Andre Questionable Injury/Illness - "
2025-11-29,"Edgecombe, VJ",Questionable,Injury/Illness -,"Edgecombe, VJ Questionable Injury/Illness - "
2025-11-29,"Embiid, Joel",Out,Injury/Illness -,"Embiid, Joel Out Injury/Illness - "
2025-11-29,"McCain, Jared",Available,Injury/Illness -,"McCain, Jared Available Injury/Illness - "
2025-11-29,"Oubre Jr., Kelly",Out,Injury/Illness -,"Oubre Jr., Kelly Out Injury/Illness - "
2025-11-29,"Watford, Trendon",Out,Injury/Illness -,"Watford, Trendon Out Injury/Illness - "
2025-11-29,"Allen, Jarrett",Out,Injury/Illness -,"Allen, Jarrett Out Injury/Illness - "
2025-11-29,"Ball, Lonzo",Out,Rest -,"Ball, Lonzo Out Rest - "
2025-11-29,"Livingston, Chris",Out,G,"Livingston, Chris Out G "
2025-11-29,"Merrill, Sam",Out,Injury/Illness -,"Merrill, Sam Out Injury/Illness - "
2025-11-29,"Nance Jr., Larry",Out,Injury/Illness -,"Nance Jr., Larry Out Injury/Illness - "
2025-11-29,"Porter Jr., Craig",Questionable,Injury/Illness -,"Porter Jr., Craig Questionable Injury/Illness - "
2025-11-29,"Strus, Max",Out,Injury/Illness -,"Strus, Max Out Injury/Illness - "
2025-11-29,"Anunoby, OG",Out,Injury/Illness -,"Anunoby, OG Out Injury/Illness - "
2025-11-29,"Shamet, Landry",Out,Injury/Illness -,"Shamet, Landry Out Injury/Illness - "
2025-11-30,"Adams, Steven",Available,Injury/Illness -,"Adams, Steven Available Injury/Illness - "
2025-11-30,"Crawford, Isaiah",Out,G,"Crawford, Isaiah Out G "
2025-11-30,"Eason, Tari",Out,Injury/Illness -,"Eason, Tari Out Injury/Illness - "
2025-11-30,"Smith, Dorian",Out,Injury/Illness -,"Smith, Dorian Out Injury/Illness - "
2025-11-30,"Harris, Kevon",Out,G,"Harris, Kevon Out G "
2025-11-30,"VanVleet, Fred",Out,Injury/Illness -,"VanVleet, Fred Out Injury/Illness - "
2025-11-30,"George, Keyonte",Available,Injury/Illness -,"George, Keyonte Available Injury/Illness - "
2025-11-30,"Harkless, Elijah",Out,G,"Harkless, Elijah Out G "
2025-11-30,"Hendricks, Taylor",Out,G,"Hendricks, Taylor Out G "
2025-11-30,"Kessler, Walker",Out,Injury/Illness -,"Kessler, Walker Out Injury/Illness - "
2025-11-30,"Love, Kevin",Out,Rest,"Love, Kevin Out Rest "
2025-11-30,"Niang, Georges",Out,Injury/Illness -,"Niang, Georges Out Injury/Illness - "
2025-11-30,"Tonje, John",Out,G,"Tonje, John Out G "
2025-11-30,"Tshiebwe, Oscar",Out,G,"Tshiebwe, Oscar Out G "
2025-11-30,"Williams, Cody",Out,G,"Williams, Cody Out G "
2025-11-30,"Dante, N'Faly",Out,G,"Dante, N'Faly Out G "
2025-11-30,"Djurisic, Nikola",Out,G,"Djurisic, Nikola Out G "
2025-11-30,"Ndiaye, Eli John",Out,G,"Ndiaye, Eli John Out G "
2025-11-30,"Porzingis, Kristaps",Out,Injury/Illness -,"Porzingis, Kristaps Out Injury/Illness - "
2025-11-30,"Toppin, Jacob",Out,Injury/Illness -,"Toppin, Jacob Out Injury/Illness - "
2025-11-30,"Young, Trae",Out,Injury/Illness -,"Young, Trae Out Injury/Illness - "
2025-11-30,"Drummond, Andre",Questionable,Injury/Illness -,"Drummond, Andre Questionable Injury/Illness - "
2025-11-30,"Edgecombe, VJ",Questionable,Injury/Illness -,"Edgecombe, VJ Questionable Injury/Illness - "
2025-11-30,"Embiid, Joel",Questionable,Injury/Illness -,"Embiid, Joel Questionable Injury/Illness - "
2025-11-30,"McCain, Jared",Available,Injury/Illness -,"McCain, Jared Available Injury/Illness - "
2025-11-30,"Oubre Jr., Kelly",Out,Injury/Illness -,"Oubre Jr., Kelly Out Injury/Illness - "
2025-11-30,"Watford, Trendon",Out,Injury/Illness -,"Watford, Trendon Out Injury/Illness - "
2025-11-30,"Queta, Neemias",Out,Injury/Illness -,"Queta, Neemias Out Injury/Illness - "
2025-11-30,"Tatum, Jayson",Out,Injury/Illness -,"Tatum, Jayson Out Injury/Illness - "
2025-11-30,"White, Derrick",Out,Injury/Illness -,"White, Derrick Out Injury/Illness - "
2025-11-30,"Allen, Jarrett",Out,Injury/Illness -,"Allen, Jarrett Out Injury/Illness - "
2025-11-30,"Ball, Lonzo",Out,Rest -,"Ball, Lonzo Out Rest - "
2025-11-30,"Livingston, Chris",Out,G,"Livingston, Chris Out G "
2025-11-30,"Merrill, Sam",Out,Injury/Illness -,"Merrill, Sam Out Injury/Illness - "
2025-11-30,"Nance Jr., Larry",Out,Injury/Illness -,"Nance Jr., Larry Out Injury/Illness - "
2025-11-30,"Porter Jr., Craig",Available,Injury/Illness -,"Porter Jr., Craig Available Injury/Illness - "
2025-11-30,"Strus, Max",Out,Injury/Illness -,"Strus, Max Out Injury/Illness - "
2025-11-30,"Carlson, Branden",Available,Injury/Illness -,"Carlson, Branden Available Injury/Illness - "
2025-11-30,"Caruso, Alex",Out,Injury/Illness -,"Caruso, Alex Out Injury/Illness - "
2025-11-30,"Hartenstein, Isaiah",Out,Injury/Illness -,"Hartenstein, Isaiah Out Injury/Illness - "
2025-11-30,"Sorber, Thomas",Out,Injury/Illness -,"Sorber, Thomas Out Injury/Illness - "
2025-11-30,"Topic, Nikola",Out,Injury/Illness -,"Topic, Nikola Out Injury/Illness - "
2025-11-30,"Clingan, Donovan",Out,Injury/Illness -,"Clingan, Donovan Out Injury/Illness - "
2025-11-30,"Henderson, Scoot",Out,Injury/Illness -,"Henderson, Scoot Out Injury/Illness - "
2025-11-30,"Holiday, Jrue",Out,Injury/Illness -,"Holiday, Jrue Out Injury/Illness - "
2025-11-30,"Lillard, Damian",Out,Injury/Illness -,"Lillard, Damian Out Injury/Illness - "
2025-11-30,"Thybulle, Matisse",Out,Injury/Illness -,"Thybulle, Matisse Out Injury/Illness - "
2025-11-30,"Wesley, Blake",Out,Injury/Illness -,"Wesley, Blake Out Injury/Illness - "
2025-11-30,"Barrett, RJ",Out,Injury/Illness -,"Barrett, RJ Out Injury/Illness - "
2025-11-30,"Martin, Alijah",Out,G,"Martin, Alijah Out G "
2025-11-30,"Poeltl, Jakob",Out,Injury/Illness -,"Poeltl, Jakob Out Injury/Illness - "
2025-11-30,"Anunoby, OG",Out,Injury/Illness -,"Anunoby, OG Out Injury/Illness - "
2025-11-30,"Shamet, Landry",Out,Injury/Illness -,"Shamet, Landry Out Injury/Illness - "
2025-11-30,"Castle, Stephon",Out,Injury/Illness -,"Castle, Stephon Out Injury/Illness - "
2025-11-30,"Ingram, Harrison",Out,G,"Ingram, Harrison Out G "
2025-11-30,"McLaughlin, Jordan",Out,Injury/Illness -,"McLaughlin, Jordan Out Injury/Illness - "
2025-11-30,"Minix, Riley",Out,G,"Minix, Riley Out G "
2025-11-30,"Wembanyama, Victor",Out,Injury/Illness -,"Wembanyama, Victor Out Injury/Illness - "
2025-11-30,"Freeman, Enrique",Available,Injury/Illness -,"Freeman, Enrique Available Injury/Illness - "
2025-11-30,"Zikarsky, Rocco",Out,G,"Zikarsky, Rocco Out G "
2025-11-30,"Clarke, Brandon",Out,Injury/Illness -,"Clarke, Brandon Out Injury/Illness - "
2025-11-30,"Jerome, Ty",Out,Injury/Illness -,"Jerome, Ty Out Injury/Illness - "
2025-11-30,"Morant, Ja",Out,Injury/Illness -,"Morant, Ja Out Injury/Illness - "
2025-11-30,"Pippen Jr., Scotty",Out,Injury/Illness -,"Pippen Jr., Scotty Out Injury/Illness - "
2025-11-30,"Small, Javon",Out,Injury/Illness -,"Small, Javon Out Injury/Illness - "
2025-11-30,"Cardwell, Dylan",Out,G,"Cardwell, Dylan Out G "
2025-11-30,"Plowden, Daeqwon",Out,G,"Plowden, Daeqwon Out G "
2025-11-30,"Sabonis, Domantas",Out,Injury/Illness -,"Sabonis, Domantas Out Injury/Illness - "
2025-11-30,"Schroder, Dennis",Questionable,Injury/Illness -,"Schroder, Dennis Questionable Injury/Illness - "
2025-11-30,"Stevens, Isaiah",Out,G,"Stevens, Isaiah Out G "
2025-11-30,"Hawkins, Jordan",Out,Injury/Illness -,"Hawkins, Jordan Out Injury/Illness - "
2025-11-30,"Jones, Herbert",Out,Injury/Illness -,"Jones, Herbert Out Injury/Illness - "
2025-11-30,"Matkovic, Karlo",Out,Injury/Illness -,"Matkovic, Karlo Out Injury/Illness - "
2025-11-30,"Murphy III, Trey",Out,Injury/Illness -,"Murphy III, Trey Out Injury/Illness - "
2025-11-30,"Murray, Dejounte",Out,Injury/Illness -,"Murray, Dejounte Out Injury/Illness - "
2025-11-30,"Poole, Jordan",Out,Injury/Illness -,"Poole, Jordan Out Injury/Illness - "
2025-11-30,"Williamson, Zion",Out,Injury/Illness -,"Williamson, Zion Out Injury/Illness - "
2025-11-30,"James, Bronny",Out,G,"James, Bronny Out G "
2025-11-30,"James, LeBron",Out,Injury/Illness -,"James, LeBron Out Injury/Illness - "
2025-11-30,"Smart, Marcus",Out,Injury/Illness -,"Smart, Marcus Out Injury/Illness - "
2025-11-30,"Duren, Jalen",Probable,Injury/Illness -,"Duren, Jalen Probable Injury/Illness - "
2025-11-30,"Jones, Isaac",Out,G,"Jones, Isaac Out G "
2025-11-30,"Klintman, Bobi",Out,Injury/Illness -,"Klintman, Bobi Out Injury/Illness - "
2025-11-30,"LeVert, Caris",Probable,Injury/Illness -,"LeVert, Caris Probable Injury/Illness - "
2025-11-30,"Moore Jr., Wendell",Out,G,"Moore Jr., Wendell Out G "
2025-11-30,"Robinson, Duncan",Questionable,Injury/Illness -,"Robinson, Duncan Questionable Injury/Illness - "
2025-11-30,"Sasser, Marcus",Out,Return to,"Sasser, Marcus Out Return to "
2025-11-30,"Smith, Tolu",Out,G,"Smith, Tolu Out G "
2025-11-30,"Furphy, Johnny",Out,Injury/Illness -,"Furphy, Johnny Out Injury/Illness - "
2025-11-30,"Haliburton, Tyrese",Out,Injury/Illness -,"Haliburton, Tyrese Out Injury/Illness - "
2025-11-30,"Jackson, Quenton",Out,Injury/Illness -,"Jackson, Quenton Out Injury/Illness - "
2025-11-30,"Jones, Kam",Out,Injury/Illness -,"Jones, Kam Out Injury/Illness - "
2025-11-30,"Nesmith, Aaron",Out,Injury/Illness -,"Nesmith, Aaron Out Injury/Illness - "
2025-11-30,"Toppin, Obi",Out,Injury/Illness -,"Toppin, Obi Out Injury/Illness - "
2025-11-30,"Antetokounmpo, Alex",Out,G,"Antetokounmpo, Alex Out G "
2025-11-30,"Antetokounmpo, Giannis",Probable,Injury/Illness -,"Antetokounmpo, Giannis Probable Injury/Illness - "
2025-11-30,"Nance, Pete",Out,G,"Nance, Pete Out G "
2025-11-30,"Prince, Taurean",Out,Injury/Illness -,"Prince, Taurean Out Injury/Illness - "
2025-11-30,"Sears, Mark",Out,G,"Sears, Mark Out G "
2025-11-30,"Cooper, Sharife",Out,Injury/Illness -,"Cooper, Sharife Out Injury/Illness - "
2025-11-30,"Johnson, Tre",Out,Injury/Illness -,"Johnson, Tre Out Injury/Illness - "
2025-11-30,"Kispert, Corey",Out,Injury/Illness -,"Kispert, Corey Out Injury/Illness - "
2025-11-30,"Sarr, Alex",Questionable,Injury/Illness -,"Sarr, Alex Questionable Injury/Illness - "
2025-11-30,"Connaughton, Pat",Out,Injury/Illness -,"Connaughton, Pat Out Injury/Illness - "
2025-11-30,"Green, Josh",Out,Injury/Illness -,"Green, Josh Out Injury/Illness - "
2025-11-30,"Mann, Tre",Questionable,Injury/Illness -,"Mann, Tre Questionable Injury/Illness - "
2025-11-30,"Peterson, Drew",Out,G,"Peterson, Drew Out G "
2025-11-30,"Salaun, Tidjane",Out,G,"Salaun, Tidjane Out G "
2025-11-30,"Simpson, KJ",Out,G,"Simpson, KJ Out G "
2025-11-30,"Williams, Grant",Out,Injury/Illness -,"Williams, Grant Out Injury/Illness - "
2025-11-30,"Clowney, Noah",Probable,Injury/Illness -,"Clowney, Noah Probable Injury/Illness - "
2025-11-30,"Highsmith, Haywood",Out,Injury/Illness -,"Highsmith, Haywood Out Injury/Illness - "
2025-11-30,"Mann, Terance",Questionable,Injury/Illness -,"Mann, Terance Questionable Injury/Illness - "
2025-11-30,"Porter Jr., Michael",Probable,Injury/Illness -,"Porter Jr., Michael Probable Injury/Illness - "
2025-11-30,"Thomas, Cam",Out,Injury/Illness -,"Thomas, Cam Out Injury/Illness - "
2025-11-30,"Traore, Nolan",Out,G,"Traore, Nolan Out G "
2025-11-30,"Collins, Zach",Doubtful,Injury/Illness -,"Collins, Zach Doubtful Injury/Illness - "
2025-11-30,"Essengue, Noa",Out,Injury/Illness -,"Essengue, Noa Out Injury/Illness - "
2025-11-30,"Okoro, Isaac",Out,Injury/Illness -,"Okoro, Isaac Out Injury/Illness - "
2025-11-30,"Olbrich, Lachlan",Probable,Injury/Illness -,"Olbrich, Lachlan Probable Injury/Illness - "
2025-11-30,"Phillips, Julian",Questionable,Injury/Illness -,"Phillips, Julian Questionable Injury/Illness - "
2025-11-30,"Smith, Jalen",Out,Injury/Illness -,"Smith, Jalen Out Injury/Illness - "
2025-11-30,"Terry, Dalen",Doubtful,Injury/Illness -,"Terry, Dalen Doubtful Injury/Illness - "
2025-11-30,"Banchero, Paolo",Out,Injury/Illness -,"Banchero, Paolo Out Injury/Illness - "
2025-11-30,"Cain, Jamal",Out,G,"Cain, Jamal Out G "
2025-11-30,"Castleton, Colin",Out,G,"Castleton, Colin Out G "
2025-11-30,"Robinson, Orlando",Out,G,"Robinson, Orlando Out G "
2025-11-30,"Wagner, Franz",Available,Injury/Illness -,"Wagner, Franz Available Injury/Illness - "
2025-11-30,"Wagner, Moritz",Out,Injury/Illness -,"Wagner, Moritz Out Injury/Illness - "
2025-11-30,"Beal, Bradley",Out,Injury/Illness -,"Beal, Bradley Out Injury/Illness - "
2025-11-30,"Bogdanovic, Bogdan",Out,Injury/Illness -,"Bogdanovic, Bogdan Out Injury/Illness - "
2025-11-30,"Jones Jr., Derrick",Out,Injury/Illness -,"Jones Jr., Derrick Out Injury/Illness - "
2025-11-30,"Telfort, Jahmyl",Out,G,"Telfort, Jahmyl Out G "
2025-11-30,"Gardner, Myron",Questionable,G,"Gardner, Myron Questionable G "
2025-11-30,"Goldin, Vladislav",Questionable,G,"Goldin, Vladislav Questionable G "
2025-11-30,"Herro, Tyler",Available,Injury/Illness -,"Herro, Tyler Available Injury/Illness - "
2025-11-30,"Jakucionis, Kasparas",Questionable,G,"Jakucionis, Kasparas Questionable G "
2025-11-30,"Jaquez Jr., Jaime",Questionable,Injury/Illness -,"Jaquez Jr., Jaime Questionable Injury/Illness - "
2025-11-30,"Johnson, Keshad",Questionable,Injury/Illness -,"Johnson, Keshad Questionable Injury/Illness - "
2025-11-30,"Jovic, Nikola",Available,Injury/Illness -,"Jovic, Nikola Available Injury/Illness - "
2025-11-30,"Powell, Norman",Available,Injury/Illness -,"Powell, Norman Available Injury/Illness - "
2025-11-30,"Rozier, Terry",Out,Not,"Rozier, Terry Out Not "
2025-11-30,"Wiggins, Andrew",Available,Injury/Illness -,"Wiggins, Andrew Available Injury/Illness - "
2025-11-30,"Young, Jahmir",Questionable,G,"Young, Jahmir Questionable G "
2025-12-01,"Dante, N'Faly",Out,G,"Dante, N'Faly Out G "
2025-12-01,"Djurisic, Nikola",Out,G,"Djurisic, Nikola Out G "
2025-12-01,"Ndiaye, Eli John",Out,G,"Ndiaye, Eli John Out G "
2025-12-01,"Porzingis, Kristaps",Out,Injury/Illness -,"Porzingis, Kristaps Out Injury/Illness - "
2025-12-01,"Toppin, Jacob",Out,Injury/Illness -,"Toppin, Jacob Out Injury/Illness - "
2025-12-01,"Young, Trae",Out,Injury/Illness -,"Young, Trae Out Injury/Illness - "
2025-12-01,"Duren, Jalen",Probable,Injury/Illness -,"Duren, Jalen Probable Injury/Illness - "
2025-12-01,"Jones, Isaac",Out,G,"Jones, Isaac Out G "
2025-12-01,"Klintman, Bobi",Out,Injury/Illness -,"Klintman, Bobi Out Injury/Illness - "
2025-12-01,"LeVert, Caris",Probable,Injury/Illness -,"LeVert, Caris Probable Injury/Illness - "
2025-12-01,"Moore Jr., Wendell",Out,G,"Moore Jr., Wendell Out G "
2025-12-01,"Robinson, Duncan",Questionable,Injury/Illness -,"Robinson, Duncan Questionable Injury/Illness - "
2025-12-01,"Sasser, Marcus",Out,Return to,"Sasser, Marcus Out Return to "
2025-12-01,"Smith, Tolu",Out,G,"Smith, Tolu Out G "
2025-12-01,"Allen, Jarrett",Out,Injury/Illness -,"Allen, Jarrett Out Injury/Illness - "
2025-12-01,"Ball, Lonzo",Out,Injury/Illness -,"Ball, Lonzo Out Injury/Illness - "
2025-12-01,"Garland, Darius",Out,Injury/Illness -,"Garland, Darius Out Injury/Illness - "
2025-12-01,"Merrill, Sam",Out,Injury/Illness -,"Merrill, Sam Out Injury/Illness - "
2025-12-01,"Nance Jr., Larry",Out,Injury/Illness -,"Nance Jr., Larry Out Injury/Illness - "
2025-12-01,"Strus, Max",Out,Injury/Illness -,"Strus, Max Out Injury/Illness - "
2025-12-01,"Furphy, Johnny",Out,Injury/Illness -,"Furphy, Johnny Out Injury/Illness - "
2025-12-01,"Haliburton, Tyrese",Out,Injury/Illness -,"Haliburton, Tyrese Out Injury/Illness - "
2025-12-01,"Jackson, Quenton",Out,Injury/Illness -,"Jackson, Quenton Out Injury/Illness - "
2025-12-01,"Jones, Kam",Out,Injury/Illness -,"Jones, Kam Out Injury/Illness - "
2025-12-01,"Nesmith, Aaron",Out,Injury/Illness -,"Nesmith, Aaron Out Injury/Illness - "
2025-12-01,"Toppin, Obi",Out,Injury/Illness -,"Toppin, Obi Out Injury/Illness - "
2025-12-01,"Antetokounmpo, Alex",Out,G,"Antetokounmpo, Alex Out G "
2025-12-01,"Antetokounmpo, Giannis",Probable,Injury/Illness -,"Antetokounmpo, Giannis Probable Injury/Illness - "
2025-12-01,"Nance, Pete",Out,G,"Nance, Pete Out G "
2025-12-01,"Prince, Taurean",Out,Injury/Illness -,"Prince, Taurean Out Injury/Illness - "
2025-12-01,"Sears, Mark",Out,G,"Sears, Mark Out G "
2025-12-01,"Trent Jr., Gary",Questionable,Injury/Illness -,"Trent Jr., Gary Questionable Injury/Illness - "
2025-12-01,"Cooper, Sharife",Out,Injury/Illness -,"Cooper, Sharife Out Injury/Illness - "
2025-12-01,"Johnson, Tre",Out,Injury/Illness -,"Johnson, Tre Out Injury/Illness - "
2025-12-01,"Kispert, Corey",Out,Injury/Illness -,"Kispert, Corey Out Injury/Illness - "
2025-12-01,"Riley, Will",Available,Injury/Illness -,"Riley, Will Available Injury/Illness - "
2025-12-01,"Sarr, Alex",Out,Injury/Illness -,"Sarr, Alex Out Injury/Illness - "
2025-12-01,"Connaughton, Pat",Out,Injury/Illness -,"Connaughton, Pat Out Injury/Illness - "
2025-12-01,"Green, Josh",Out,Injury/Illness -,"Green, Josh Out Injury/Illness - "
2025-12-01,"Mann, Tre",Questionable,Injury/Illness -,"Mann, Tre Questionable Injury/Illness - "
2025-12-01,"Peterson, Drew",Out,G,"Peterson, Drew Out G "
2025-12-01,"Salaun, Tidjane",Available,G,"Salaun, Tidjane Available G "
2025-12-01,"Simpson, KJ",Out,G,"Simpson, KJ Out G "
2025-12-01,"Williams, Grant",Out,Injury/Illness -,"Williams, Grant Out Injury/Illness - "
2025-12-01,"Clowney, Noah",Available,Injury/Illness -,"Clowney, Noah Available Injury/Illness - "
2025-12-01,"Highsmith, Haywood",Out,Injury/Illness -,"Highsmith, Haywood Out Injury/Illness - "
2025-12-01,"Mann, Terance",Out,Injury/Illness -,"Mann, Terance Out Injury/Illness - "
2025-12-01,"Porter Jr., Michael",Available,Injury/Illness -,"Porter Jr., Michael Available Injury/Illness - "
2025-12-01,"Thomas, Cam",Out,Injury/Illness -,"Thomas, Cam Out Injury/Illness - "
2025-12-01,"Traore, Nolan",Out,G,"Traore, Nolan Out G "
2025-12-01,"Collins, Zach",Out,Injury/Illness -,"Collins, Zach Out Injury/Illness - "
2025-12-01,"Essengue, Noa",Out,Injury/Illness -,"Essengue, Noa Out Injury/Illness - "
2025-12-01,"Okoro, Isaac",Out,Injury/Illness -,"Okoro, Isaac Out Injury/Illness - "
2025-12-01,"Smith, Jalen",Out,Injury/Illness -,"Smith, Jalen Out Injury/Illness - "
2025-12-01,"Terry, Dalen",Out,Injury/Illness -,"Terry, Dalen Out Injury/Illness - "
2025-12-01,"White, Coby",Out,Injury/Illness -,"White, Coby Out Injury/Illness - "
2025-12-01,"Banchero, Paolo",Out,Injury/Illness -,"Banchero, Paolo Out Injury/Illness - "
2025-12-01,"Cain, Jamal",Out,G,"Cain, Jamal Out G "
2025-12-01,"Castleton, Colin",Out,G,"Castleton, Colin Out G "
2025-12-01,"Robinson, Orlando",Out,G,"Robinson, Orlando Out G "
2025-12-01,"Wagner, Franz",Available,Injury/Illness -,"Wagner, Franz Available Injury/Illness - "
2025-12-01,"Wagner, Moritz",Out,Injury/Illness -,"Wagner, Moritz Out Injury/Illness - "
2025-12-01,"Beal, Bradley",Out,Injury/Illness -,"Beal, Bradley Out Injury/Illness - "
2025-12-01,"Bogdanovic, Bogdan",Out,Injury/Illness -,"Bogdanovic, Bogdan Out Injury/Illness - "
2025-12-01,"Jones Jr., Derrick",Out,Injury/Illness -,"Jones Jr., Derrick Out Injury/Illness - "
2025-12-01,"Telfort, Jahmyl",Out,G,"Telfort, Jahmyl Out G "
2025-12-01,"Gardner, Myron",Available,G,"Gardner, Myron Available G "
2025-12-01,"Goldin, Vladislav",Available,G,"Goldin, Vladislav Available G "
2025-12-01,"Herro, Tyler",Available,Injury/Illness -,"Herro, Tyler Available Injury/Illness - "
2025-12-01,"Jakucionis, Kasparas",Available,G,"Jakucionis, Kasparas Available G "
2025-12-01,"Jaquez Jr., Jaime",Questionable,Injury/Illness -,"Jaquez Jr., Jaime Questionable Injury/Illness - "
2025-12-01,"Johnson, Keshad",Questionable,Injury/Illness -,"Johnson, Keshad Questionable Injury/Illness - "
2025-12-01,"Jovic, Nikola",Available,Injury/Illness -,"Jovic, Nikola Available Injury/Illness - "
2025-12-01,"Powell, Norman",Available,Injury/Illness -,"Powell, Norman Available Injury/Illness - "
2025-12-01,"Rozier, Terry",Out,Not,"Rozier, Terry Out Not "
2025-12-01,"Wiggins, Andrew",Available,Injury/Illness -,"Wiggins, Andrew Available Injury/Illness - "
2025-12-01,"Young, Jahmir",Available,G,"Young, Jahmir Available G "
2025-12-01,"Davis, Anthony",Probable,Injury/Illness -,"Davis, Anthony Probable Injury/Illness - "
2025-12-01,"Exum, Dante",Out,Injury/Illness -,"Exum, Dante Out Injury/Illness - "
2025-12-01,"Flagg, Cooper",Available,Injury/Illness -,"Flagg, Cooper Available Injury/Illness - "
2025-12-01,"Gafford, Daniel",Out,Injury/Illness -,"Gafford, Daniel Out Injury/Illness - "
2025-12-01,"Irving, Kyrie",Out,Injury/Illness -,"Irving, Kyrie Out Injury/Illness - "
2025-12-01,"Lively II, Dereck",Out,Injury/Illness -,"Lively II, Dereck Out Injury/Illness - "
2025-12-01,"Thompson, Klay",Probable,Injury/Illness -,"Thompson, Klay Probable Injury/Illness - "
2025-12-01,"Williams, Brandon",Questionable,Injury/Illness -,"Williams, Brandon Questionable Injury/Illness - "
2025-12-01,"Bates, Tamar",Out,G,"Bates, Tamar Out G "
2025-12-01,"Braun, Christian",Out,Injury/Illness -,"Braun, Christian Out Injury/Illness - "
2025-12-01,"Brown, Bruce",Questionable,Injury/Illness -,"Brown, Bruce Questionable Injury/Illness - "
2025-12-01,"Gordon, Aaron",Out,Injury/Illness -,"Gordon, Aaron Out Injury/Illness - "
2025-12-01,"Holmes II, DaRon",Out,G,"Holmes II, DaRon Out G "
2025-12-01,"Jokic, Nikola",Probable,Injury/Illness -,"Jokic, Nikola Probable Injury/Illness - "
2025-12-01,"Strawther, Julian",Out,Injury/Illness -,"Strawther, Julian Out Injury/Illness - "
2025-12-01,"Adams, Steven",Out,Rest,"Adams, Steven Out Rest "
2025-12-01,"Crawford, Isaiah",Out,G,"Crawford, Isaiah Out G "
2025-12-01,"Eason, Tari",Out,Injury/Illness -,"Eason, Tari Out Injury/Illness - "
2025-12-01,"Smith, Dorian",Out,Injury/Illness -,"Smith, Dorian Out Injury/Illness - "
2025-12-01,"Harris, Kevon",Out,G,"Harris, Kevon Out G "
2025-12-01,"VanVleet, Fred",Out,Injury/Illness -,"VanVleet, Fred Out Injury/Illness - "
2025-12-01,"Harkless, Elijah",Out,G,"Harkless, Elijah Out G "
2025-12-01,"Kessler, Walker",Out,Injury/Illness -,"Kessler, Walker Out Injury/Illness - "
2025-12-01,"Niang, Georges",Out,Injury/Illness -,"Niang, Georges Out Injury/Illness - "
2025-12-01,"Tonje, John",Out,G,"Tonje, John Out G "
2025-12-01,"Tshiebwe, Oscar",Out,G,"Tshiebwe, Oscar Out G "
2025-12-01,"Dunn, Ryan",Probable,Injury/Illness -,"Dunn, Ryan Probable Injury/Illness - "
2025-12-01,"Green, Jalen",Out,Injury/Illness -,"Green, Jalen Out Injury/Illness - "
2025-12-01,"Livers, Isaiah",Out,Injury/Illness -,"Livers, Isaiah Out Injury/Illness - "
2025-12-01,"Smart, Marcus",Out,Injury/Illness -,"Smart, Marcus Out Injury/Illness - "
2025-12-01,"Drummond, Andre",Questionable,Injury/Illness -,"Drummond, Andre Questionable Injury/Illness - "
2025-12-01,"Embiid, Joel",Out,Injury/Illness -,"Embiid, Joel Out Injury/Illness - "
2025-12-01,"George, Paul",Questionable,Injury/Illness -,"George, Paul Questionable Injury/Illness - "
2025-12-01,"McCain, Jared",Available,Injury/Illness -,"McCain, Jared Available Injury/Illness - "
2025-12-01,"Oubre Jr., Kelly",Out,Injury/Illness -,"Oubre Jr., Kelly Out Injury/Illness - "
2025-12-01,"Watford, Trendon",Out,Injury/Illness -,"Watford, Trendon Out Injury/Illness - "
2025-12-01,"Clingan, Donovan",Questionable,Injury/Illness -,"Clingan, Donovan Questionable Injury/Illness - "
2025-12-01,"Cooke, Javonte",Out,G,"Cooke, Javonte Out G "
2025-12-01,"Henderson, Scoot",Out,Injury/Illness -,"Henderson, Scoot Out Injury/Illness - "
2025-12-01,"Holiday, Jrue",Out,Injury/Illness -,"Holiday, Jrue Out Injury/Illness - "
2025-12-01,"Lillard, Damian",Out,Injury/Illness -,"Lillard, Damian Out Injury/Illness - "
2025-12-01,"Thybulle, Matisse",Out,Injury/Illness -,"Thybulle, Matisse Out Injury/Illness - "
2025-12-01,"Wesley, Blake",Out,Injury/Illness -,"Wesley, Blake Out Injury/Illness - "
2025-12-01,"Barrett, RJ",Out,Injury/Illness -,"Barrett, RJ Out Injury/Illness - "
2025-12-01,"Hepburn, Chucky",Out,G,"Hepburn, Chucky Out G "
2025-12-01,"Martin, Alijah",Out,G,"Martin, Alijah Out G "
2025-12-01,"Mogbo, Jonathan",Out,G,"Mogbo, Jonathan Out G "
2025-12-01,"Freeman, Enrique",Available,Injury/Illness -,"Freeman, Enrique Available Injury/Illness - "
2025-12-01,"Zikarsky, Rocco",Out,G,"Zikarsky, Rocco Out G "
2025-12-01,"Alexander, Trey",Out,G,"Alexander, Trey Out G "
2025-12-01,"Dickinson, Hunter",Out,G,"Dickinson, Hunter Out G "
2025-12-01,"Hawkins, Jordan",Questionable,Injury/Illness -,"Hawkins, Jordan Questionable Injury/Illness - "
2025-12-01,"Jones, Herbert",Out,Injury/Illness -,"Jones, Herbert Out Injury/Illness - "
2025-12-01,"Matkovic, Karlo",Out,Injury/Illness -,"Matkovic, Karlo Out Injury/Illness - "
2025-12-01,"Murphy III, Trey",Questionable,Injury/Illness -,"Murphy III, Trey Questionable Injury/Illness - "
2025-12-01,"Murray, Dejounte",Out,Injury/Illness -,"Murray, Dejounte Out Injury/Illness - "
2025-12-01,"Poole, Jordan",Out,Injury/Illness -,"Poole, Jordan Out Injury/Illness - "
2025-12-01,"Anunoby, OG",Out,Injury/Illness -,"Anunoby, OG Out Injury/Illness - "
2025-12-01,"Shamet, Landry",Out,Injury/Illness -,"Shamet, Landry Out Injury/Illness - "
2025-12-01,"Harper Jr., Ron",Out,G,"Harper Jr., Ron Out G "
2025-12-01,"Queta, Neemias",Probable,Injury/Illness -,"Queta, Neemias Probable Injury/Illness - "
2025-12-01,"Shulga, Max",Out,G,"Shulga, Max Out G "
2025-12-01,"Tatum, Jayson",Out,Injury/Illness -,"Tatum, Jayson Out Injury/Illness - "
2025-12-01,"White, Derrick",Probable,Injury/Illness -,"White, Derrick Probable Injury/Illness - "
2025-12-02,"Cooper, Sharife",Out,Injury/Illness -,"Cooper, Sharife Out Injury/Illness - "
2025-12-02,"George, Kyshawn",Questionable,Injury/Illness -,"George, Kyshawn Questionable Injury/Illness - "
2025-12-02,"Johnson, AJ",Out,G,"Johnson, AJ Out G "
2025-12-02,"Johnson, Tre",Out,Injury/Illness -,"Johnson, Tre Out Injury/Illness - "
2025-12-02,"Kispert, Corey",Out,Injury/Illness -,"Kispert, Corey Out Injury/Illness - "
2025-12-02,"Middleton, Khris",Out,Injury/Illness -,"Middleton, Khris Out Injury/Illness - "
2025-12-02,"Sarr, Alex",Out,Injury/Illness -,"Sarr, Alex Out Injury/Illness - "
2025-12-02,"Watkins, Jamir",Out,G,"Watkins, Jamir Out G "
2025-12-02,"Drummond, Andre",Questionable,Injury/Illness -,"Drummond, Andre Questionable Injury/Illness - "
2025-12-02,"Embiid, Joel",Out,Injury/Illness -,"Embiid, Joel Out Injury/Illness - "
2025-12-02,"George, Paul",Questionable,Injury/Illness -,"George, Paul Questionable Injury/Illness - "
2025-12-02,"Grimes, Quentin",Questionable,Injury/Illness -,"Grimes, Quentin Questionable Injury/Illness - "
2025-12-02,"McCain, Jared",Available,Injury/Illness -,"McCain, Jared Available Injury/Illness - "
2025-12-02,"Oubre Jr., Kelly",Out,Injury/Illness -,"Oubre Jr., Kelly Out Injury/Illness - "
2025-12-02,"Watford, Trendon",Out,Injury/Illness -,"Watford, Trendon Out Injury/Illness - "
2025-12-02,"Clingan, Donovan",Questionable,Injury/Illness -,"Clingan, Donovan Questionable Injury/Illness - "
2025-12-02,"Cooke, Javonte",Out,G,"Cooke, Javonte Out G "
2025-12-02,"Henderson, Scoot",Out,Injury/Illness -,"Henderson, Scoot Out Injury/Illness - "
2025-12-02,"Holiday, Jrue",Out,Injury/Illness -,"Holiday, Jrue Out Injury/Illness - "
2025-12-02,"Lillard, Damian",Out,Injury/Illness -,"Lillard, Damian Out Injury/Illness - "
2025-12-02,"Thybulle, Matisse",Out,Injury/Illness -,"Thybulle, Matisse Out Injury/Illness - "
2025-12-02,"Wesley, Blake",Out,Injury/Illness -,"Wesley, Blake Out Injury/Illness - "
2025-12-02,"Barrett, RJ",Out,Injury/Illness -,"Barrett, RJ Out Injury/Illness - "
2025-12-02,"Hepburn, Chucky",Out,G,"Hepburn, Chucky Out G "
2025-12-02,"Martin, Alijah",Out,G,"Martin, Alijah Out G "
2025-12-02,"Mogbo, Jonathan",Out,G,"Mogbo, Jonathan Out G "
2025-12-02,"Clarke, Brandon",Out,Injury/Illness -,"Clarke, Brandon Out Injury/Illness - "
2025-12-02,"Jerome, Ty",Out,Injury/Illness -,"Jerome, Ty Out Injury/Illness - "
2025-12-02,"Landale, Jock",Questionable,Injury/Illness -,"Landale, Jock Questionable Injury/Illness - "
2025-12-02,"Morant, Ja",Out,Injury/Illness -,"Morant, Ja Out Injury/Illness - "
2025-12-02,"Pippen Jr., Scotty",Out,Injury/Illness -,"Pippen Jr., Scotty Out Injury/Illness - "
2025-12-02,"Small, Javon",Out,Injury/Illness -,"Small, Javon Out Injury/Illness - "
2025-12-02,"Castle, Stephon",Out,Injury/Illness -,"Castle, Stephon Out Injury/Illness - "
2025-12-02,"Ingram, Harrison",Questionable,G,"Ingram, Harrison Questionable G "
2025-12-02,"McLaughlin, Jordan",Out,Injury/Illness -,"McLaughlin, Jordan Out Injury/Illness - "
2025-12-02,"Minix, Riley",Questionable,G,"Minix, Riley Questionable G "
2025-12-02,"Wembanyama, Victor",Out,Injury/Illness -,"Wembanyama, Victor Out Injury/Illness - "
2025-12-02,"Freeman, Enrique",Available,Injury/Illness -,"Freeman, Enrique Available Injury/Illness - "
2025-12-02,"Zikarsky, Rocco",Out,G,"Zikarsky, Rocco Out G "
2025-12-02,"Alexander, Trey",Available,G,"Alexander, Trey Available G "
2025-12-02,"Dickinson, Hunter",Available,G,"Dickinson, Hunter Available G "
2025-12-02,"Hawkins, Jordan",Available,Injury/Illness -,"Hawkins, Jordan Available Injury/Illness - "
2025-12-02,"Jones, Herbert",Out,Injury/Illness -,"Jones, Herbert Out Injury/Illness - "
2025-12-02,"Matkovic, Karlo",Out,Injury/Illness -,"Matkovic, Karlo Out Injury/Illness - "
2025-12-02,"Missi, Yves",Questionable,Injury/Illness -,"Missi, Yves Questionable Injury/Illness - "
2025-12-02,"Murphy III, Trey",Available,Injury/Illness -,"Murphy III, Trey Available Injury/Illness - "
2025-12-02,"Murray, Dejounte",Out,Injury/Illness -,"Murray, Dejounte Out Injury/Illness - "
2025-12-02,"Poole, Jordan",Out,Injury/Illness -,"Poole, Jordan Out Injury/Illness - "
2025-12-02,"Williamson, Zion",Out,Injury/Illness -,"Williamson, Zion Out Injury/Illness - "
2025-12-02,"Anunoby, OG",Out,Injury/Illness -,"Anunoby, OG Out Injury/Illness - "
2025-12-02,"Shamet, Landry",Out,Injury/Illness -,"Shamet, Landry Out Injury/Illness - "
2025-12-02,"Queta, Neemias",Available,Injury/Illness -,"Queta, Neemias Available Injury/Illness - "
2025-12-02,"Tatum, Jayson",Out,Injury/Illness -,"Tatum, Jayson Out Injury/Illness - "
2025-12-02,"White, Derrick",Available,Injury/Illness -,"White, Derrick Available Injury/Illness - "
2025-12-02,"Barnhizer, Brooks",Out,G,"Barnhizer, Brooks Out G "
2025-12-02,"Carlson, Branden",Available,Injury/Illness -,"Carlson, Branden Available Injury/Illness - "
2025-12-02,"Caruso, Alex",Out,Injury/Illness -,"Caruso, Alex Out Injury/Illness - "
2025-12-02,"Dort, Luguentz",Out,Injury/Illness -,"Dort, Luguentz Out Injury/Illness - "
2025-12-02,"Hartenstein, Isaiah",Out,Injury/Illness -,"Hartenstein, Isaiah Out Injury/Illness - "
2025-12-02,"Sorber, Thomas",Out,Injury/Illness -,"Sorber, Thomas Out Injury/Illness - "
2025-12-02,"Topic, Nikola",Out,Injury/Illness -,"Topic, Nikola Out Injury/Illness - "
2025-12-02,"Butler III, Jimmy",Questionable,Injury/Illness -,"Butler III, Jimmy Questionable Injury/Illness - "
2025-12-02,"Curry, Stephen",Out,Injury/Illness -,"Curry, Stephen Out Injury/Illness - "
2025-12-02,"Green, Draymond",Probable,Injury/Illness -,"Green, Draymond Probable Injury/Illness - "
2025-12-02,"Horford, Al",Out,Injury/Illness -,"Horford, Al Out Injury/Illness - "
2025-12-02,"Davis, Trayce",Questionable,Injury/Illness -,"Davis, Trayce Questionable Injury/Illness - "
2025-12-02,"Melton, De'Anthony",Out,Injury/Illness -,"Melton, De'Anthony Out Injury/Illness - "
2025-12-02,"Toohey, Alex",Out,Injury/Illness -,"Toohey, Alex Out Injury/Illness - "
2025-12-02,"Bates, Tamar",Out,G,"Bates, Tamar Out G "
2025-12-02,"Braun, Christian",Out,Injury/Illness -,"Braun, Christian Out Injury/Illness - "
2025-12-02,"Gordon, Aaron",Out,Injury/Illness -,"Gordon, Aaron Out Injury/Illness - "
2025-12-02,"Holmes II, DaRon",Out,G,"Holmes II, DaRon Out G "
2025-12-02,"Jokic, Nikola",Probable,Injury/Illness -,"Jokic, Nikola Probable Injury/Illness - "
2025-12-02,"Murray, Jamal",Questionable,Injury/Illness -,"Murray, Jamal Questionable Injury/Illness - "
2025-12-02,"Strawther, Julian",Out,Injury/Illness -,"Strawther, Julian Out Injury/Illness - "
2025-12-02,"Furphy, Johnny",Questionable,Injury/Illness -,"Furphy, Johnny Questionable Injury/Illness - "
2025-12-02,"Haliburton, Tyrese",Out,Injury/Illness -,"Haliburton, Tyrese Out Injury/Illness - "
2025-12-02,"Jackson, Quenton",Out,Injury/Illness -,"Jackson, Quenton Out Injury/Illness - "
2025-12-02,"Jones, Kam",Out,Injury/Illness -,"Jones, Kam Out Injury/Illness - "
2025-12-02,"Nesmith, Aaron",Out,Injury/Illness -,"Nesmith, Aaron Out Injury/Illness - "
2025-12-02,"Toppin, Obi",Out,Injury/Illness -,"Toppin, Obi Out Injury/Illness - "
2025-12-02,"Allen, Jarrett",Out,Injury/Illness -,"Allen, Jarrett Out Injury/Illness - "
2025-12-02,"Ball, Lonzo",Probable,Injury/Illness -,"Ball, Lonzo Probable Injury/Illness - "
2025-12-02,"Livingston, Chris",Out,G,"Livingston, Chris Out G "
2025-12-02,"Merrill, Sam",Out,Injury/Illness -,"Merrill, Sam Out Injury/Illness - "
2025-12-02,"Nance Jr., Larry",Out,Injury/Illness -,"Nance Jr., Larry Out Injury/Illness - "
2025-12-02,"Strus, Max",Out,Injury/Illness -,"Strus, Max Out Injury/Illness - "
2025-12-02,"Banchero, Paolo",Out,Injury/Illness -,"Banchero, Paolo Out Injury/Illness - "
2025-12-02,"Cain, Jamal",Out,G,"Cain, Jamal Out G "
2025-12-02,"Castleton, Colin",Out,G,"Castleton, Colin Out G "
2025-12-02,"Robinson, Orlando",Out,G,"Robinson, Orlando Out G "
2025-12-02,"Wagner, Franz",Available,Injury/Illness -,"Wagner, Franz Available Injury/Illness - "
2025-12-02,"Wagner, Moritz",Out,Injury/Illness -,"Wagner, Moritz Out Injury/Illness - "
2025-12-02,"Ball, LaMelo",Probable,Injury/Illness -,"Ball, LaMelo Probable Injury/Illness - "
2025-12-02,"Connaughton, Pat",Out,Injury/Illness -,"Connaughton, Pat Out Injury/Illness - "
2025-12-02,"Green, Josh",Out,Injury/Illness -,"Green, Josh Out Injury/Illness - "
2025-12-02,"Mann, Tre",Out,Injury/Illness -,"Mann, Tre Out Injury/Illness - "
2025-12-02,"Miller, Brandon",Out,Injury/Illness -,"Miller, Brandon Out Injury/Illness - "
2025-12-02,"Peterson, Drew",Out,G,"Peterson, Drew Out G "
2025-12-02,"Williams, Grant",Out,Injury/Illness -,"Williams, Grant Out Injury/Illness - "
2025-12-02,"Beal, Bradley",Out,Injury/Illness -,"Beal, Bradley Out Injury/Illness - "
2025-12-02,"Bogdanovic, Bogdan",Out,Injury/Illness -,"Bogdanovic, Bogdan Out Injury/Illness - "
2025-12-02,"Jones Jr., Derrick",Out,Injury/Illness -,"Jones Jr., Derrick Out Injury/Illness - "
2025-12-02,"Miller, Jordan",Questionable,Injury/Illness -,"Miller, Jordan Questionable Injury/Illness - "
2025-12-02,"Telfort, Jahmyl",Out,G,"Telfort, Jahmyl Out G "
2025-12-02,"Dante, N'Faly",Out,G,"Dante, N'Faly Out G "
2025-12-02,"Djurisic, Nikola",Out,G,"Djurisic, Nikola Out G "
2025-12-02,"Houstan, Caleb",Questionable,G,"Houstan, Caleb Questionable G "
2025-12-02,"Ndiaye, Eli John",Questionable,G,"Ndiaye, Eli John Questionable G "
2025-12-02,"Newell, Asa",Questionable,G,"Newell, Asa Questionable G "
2025-12-02,"Porzingis, Kristaps",Out,Injury/Illness -,"Porzingis, Kristaps Out Injury/Illness - "
2025-12-02,"Toppin, Jacob",Out,Injury/Illness -,"Toppin, Jacob Out Injury/Illness - "
2025-12-02,"Young, Trae",Out,Injury/Illness -,"Young, Trae Out Injury/Illness - "
2025-12-02,"Collins, Zach",Questionable,Injury/Illness -,"Collins, Zach Questionable Injury/Illness - "
2025-12-02,"Essengue, Noa",Out,Injury/Illness -,"Essengue, Noa Out Injury/Illness - "
2025-12-02,"Huerter, Kevin",Out,Injury/Illness -,"Huerter, Kevin Out Injury/Illness - "
2025-12-02,"Jones, Tre",Probable,Injury/Illness -,"Jones, Tre Probable Injury/Illness - "
2025-12-02,"Okoro, Isaac",Doubtful,Injury/Illness -,"Okoro, Isaac Doubtful Injury/Illness - "
2025-12-02,"Olbrich, Lachlan",Probable,Injury/Illness -,"Olbrich, Lachlan Probable Injury/Illness - "
2025-12-02,"Phillips, Julian",Probable,Injury/Illness -,"Phillips, Julian Probable Injury/Illness - "
2025-12-02,"Smith, Jalen",Questionable,Injury/Illness -,"Smith, Jalen Questionable Injury/Illness - "
2025-12-02,"Terry, Dalen",Questionable,Injury/Illness -,"Terry, Dalen Questionable Injury/Illness - "
2025-12-02,"White, Coby",Out,Injury/Illness -,"White, Coby Out Injury/Illness - "
2025-12-02,"Williams, Patrick",Probable,Injury/Illness -,"Williams, Patrick Probable Injury/Illness - "
2025-12-02,"Jones, Isaac",Out,G,"Jones, Isaac Out G "
2025-12-02,"Klintman, Bobi",Out,Injury/Illness -,"Klintman, Bobi Out Injury/Illness - "
2025-12-02,"Moore Jr., Wendell",Out,G,"Moore Jr., Wendell Out G "
2025-12-02,"Robinson, Duncan",Questionable,Injury/Illness -,"Robinson, Duncan Questionable Injury/Illness - "
2025-12-02,"Sasser, Marcus",Out,G,"Sasser, Marcus Out G "
2025-12-02,"Smith, Tolu",Out,G,"Smith, Tolu Out G "
2025-12-02,"Antetokounmpo, Alex",Out,G,"Antetokounmpo, Alex Out G "
2025-12-02,"Antetokounmpo, Giannis",Probable,Injury/Illness -,"Antetokounmpo, Giannis Probable Injury/Illness - "
2025-12-02,"Harris, Gary",Questionable,Injury/Illness -,"Harris, Gary Questionable Injury/Illness - "
2025-12-02,"Nance, Pete",Out,G,"Nance, Pete Out G "
2025-12-02,"Porter Jr., Kevin",Questionable,Injury/Illness -,"Porter Jr., Kevin Questionable Injury/Illness - "
2025-12-02,"Prince, Taurean",Out,Injury/Illness -,"Prince, Taurean Out Injury/Illness - "
2025-12-02,"Sears, Mark",Out,G,"Sears, Mark Out G "
2025-12-02,"Herro, Tyler",Available,Injury/Illness -,"Herro, Tyler Available Injury/Illness - "
2025-12-02,"Jaquez Jr., Jaime",Available,Injury/Illness -,"Jaquez Jr., Jaime Available Injury/Illness - "
2025-12-02,"Johnson, Keshad",Questionable,Injury/Illness -,"Johnson, Keshad Questionable Injury/Illness - "
2025-12-02,"Jovic, Nikola",Available,Injury/Illness -,"Jovic, Nikola Available Injury/Illness - "
2025-12-02,"Larsson, Pelle",Questionable,Injury/Illness -,"Larsson, Pelle Questionable Injury/Illness - "
2025-12-02,"Powell, Norman",Questionable,Injury/Illness -,"Powell, Norman Questionable Injury/Illness - "
2025-12-02,"Rozier, Terry",Out,Not,"Rozier, Terry Out Not "
2025-12-02,"Wiggins, Andrew",Available,Injury/Illness -,"Wiggins, Andrew Available Injury/Illness - "
2025-12-02,"Exum, Dante",Out,Injury/Illness -,"Exum, Dante Out Injury/Illness - "
2025-12-02,"Flagg, Cooper",Available,Injury/Illness -,"Flagg, Cooper Available Injury/Illness - "
2025-12-02,"Gafford, Daniel",Questionable,Injury/Illness -,"Gafford, Daniel Questionable Injury/Illness - "
2025-12-02,"Irving, Kyrie",Out,Injury/Illness -,"Irving, Kyrie Out Injury/Illness - "
2025-12-02,"Lively II, Dereck",Out,Injury/Illness -,"Lively II, Dereck Out Injury/Illness - "
2025-12-03,"Bates, Tamar",Out,G,"Bates, Tamar Out G "
2025-12-03,"Braun, Christian",Out,Injury/Illness -,"Braun, Christian Out Injury/Illness - "
2025-12-03,"Gordon, Aaron",Out,Injury/Illness -,"Gordon, Aaron Out Injury/Illness - "
2025-12-03,"Holmes II, DaRon",Out,G,"Holmes II, DaRon Out G "
2025-12-03,"Jokic, Nikola",Probable,Injury/Illness -,"Jokic, Nikola Probable Injury/Illness - "
2025-12-03,"Murray, Jamal",Questionable,Injury/Illness -,"Murray, Jamal Questionable Injury/Illness - "
2025-12-03,"Strawther, Julian",Out,Injury/Illness -,"Strawther, Julian Out Injury/Illness - "
2025-12-03,"Furphy, Johnny",Available,Injury/Illness -,"Furphy, Johnny Available Injury/Illness - "
2025-12-03,"Haliburton, Tyrese",Out,Injury/Illness -,"Haliburton, Tyrese Out Injury/Illness - "
2025-12-03,"Jackson, Quenton",Out,Injury/Illness -,"Jackson, Quenton Out Injury/Illness - "
2025-12-03,"Jones, Kam",Out,Injury/Illness -,"Jones, Kam Out Injury/Illness - "
2025-12-03,"Nesmith, Aaron",Out,Injury/Illness -,"Nesmith, Aaron Out Injury/Illness - "
2025-12-03,"Toppin, Obi",Out,Injury/Illness -,"Toppin, Obi Out Injury/Illness - "
2025-12-03,"Avdija, Deni",Questionable,Injury/Illness -,"Avdija, Deni Questionable Injury/Illness - "
2025-12-03,"Clingan, Donovan",Questionable,Injury/Illness -,"Clingan, Donovan Questionable Injury/Illness - "
2025-12-03,"Henderson, Scoot",Out,Injury/Illness -,"Henderson, Scoot Out Injury/Illness - "
2025-12-03,"Holiday, Jrue",Out,Injury/Illness -,"Holiday, Jrue Out Injury/Illness - "
2025-12-03,"Lillard, Damian",Out,Injury/Illness -,"Lillard, Damian Out Injury/Illness - "
2025-12-03,"Murray, Kris",Questionable,Injury/Illness -,"Murray, Kris Questionable Injury/Illness - "
2025-12-03,"Thybulle, Matisse",Out,Injury/Illness -,"Thybulle, Matisse Out Injury/Illness - "
2025-12-03,"Wesley, Blake",Out,Injury/Illness -,"Wesley, Blake Out Injury/Illness - "
2025-12-03,"Williams III, Robert",Out,Injury/Illness -,"Williams III, Robert Out Injury/Illness - "
2025-12-03,"Allen, Jarrett",Out,Injury/Illness -,"Allen, Jarrett Out Injury/Illness - "
2025-12-03,"Ball, Lonzo",Probable,Injury/Illness -,"Ball, Lonzo Probable Injury/Illness - "
2025-12-03,"Livingston, Chris",Out,G,"Livingston, Chris Out G "
2025-12-03,"Merrill, Sam",Out,Injury/Illness -,"Merrill, Sam Out Injury/Illness - "
2025-12-03,"Nance Jr., Larry",Out,Injury/Illness -,"Nance Jr., Larry Out Injury/Illness - "
2025-12-03,"Strus, Max",Out,Injury/Illness -,"Strus, Max Out Injury/Illness - "
2025-12-03,"Castle, Stephon",Out,Injury/Illness -,"Castle, Stephon Out Injury/Illness - "
2025-12-03,"Ingram, Harrison",Out,G,"Ingram, Harrison Out G "
2025-12-03,"McLaughlin, Jordan",Out,Injury/Illness -,"McLaughlin, Jordan Out Injury/Illness - "
2025-12-03,"Minix, Riley",Out,G,"Minix, Riley Out G "
2025-12-03,"Wembanyama, Victor",Out,Injury/Illness -,"Wembanyama, Victor Out Injury/Illness - "
2025-12-03,"Banchero, Paolo",Out,Injury/Illness -,"Banchero, Paolo Out Injury/Illness - "
2025-12-03,"Cain, Jamal",Out,G,"Cain, Jamal Out G "
2025-12-03,"Castleton, Colin",Out,G,"Castleton, Colin Out G "
2025-12-03,"Robinson, Orlando",Out,G,"Robinson, Orlando Out G "
2025-12-03,"Wagner, Franz",Available,Injury/Illness -,"Wagner, Franz Available Injury/Illness - "
2025-12-03,"Wagner, Moritz",Out,Injury/Illness -,"Wagner, Moritz Out Injury/Illness - "
2025-12-03,"Ball, LaMelo",Probable,Injury/Illness -,"Ball, LaMelo Probable Injury/Illness - "
2025-12-03,"Connaughton, Pat",Out,Injury/Illness -,"Connaughton, Pat Out Injury/Illness - "
2025-12-03,"Green, Josh",Out,Injury/Illness -,"Green, Josh Out Injury/Illness - "
2025-12-03,"Mann, Tre",Out,Injury/Illness -,"Mann, Tre Out Injury/Illness - "
2025-12-03,"Miller, Brandon",Out,Injury/Illness -,"Miller, Brandon Out Injury/Illness - "
2025-12-03,"Peterson, Drew",Out,G,"Peterson, Drew Out G "
2025-12-03,"Williams, Grant",Out,Injury/Illness -,"Williams, Grant Out Injury/Illness - "
2025-12-03,"Anunoby, OG",Out,Injury/Illness -,"Anunoby, OG Out Injury/Illness - "
2025-12-03,"McCullar Jr., Kevin",Questionable,G,"McCullar Jr., Kevin Questionable G "
2025-12-03,"Robinson, Mitchell",Out,Injury/Illness -,"Robinson, Mitchell Out Injury/Illness - "
2025-12-03,"Shamet, Landry",Out,Injury/Illness -,"Shamet, Landry Out Injury/Illness - "
2025-12-03,"Beal, Bradley",Out,Injury/Illness -,"Beal, Bradley Out Injury/Illness - "
2025-12-03,"Bogdanovic, Bogdan",Out,Injury/Illness -,"Bogdanovic, Bogdan Out Injury/Illness - "
2025-12-03,"Jones Jr., Derrick",Out,Injury/Illness -,"Jones Jr., Derrick Out Injury/Illness - "
2025-12-03,"Miller, Jordan",Questionable,Injury/Illness -,"Miller, Jordan Questionable Injury/Illness - "
2025-12-03,"Paul, Chris",Out,Not,"Paul, Chris Out Not "
2025-12-03,"Telfort, Jahmyl",Available,G,"Telfort, Jahmyl Available G "
2025-12-03,"Dante, N'Faly",Out,G,"Dante, N'Faly Out G "
2025-12-03,"Djurisic, Nikola",Out,Injury/Illness -,"Djurisic, Nikola Out Injury/Illness - "
2025-12-03,"Ndiaye, Eli John",Out,G,"Ndiaye, Eli John Out G "
2025-12-03,"Porzingis, Kristaps",Out,Injury/Illness -,"Porzingis, Kristaps Out Injury/Illness - "
2025-12-03,"Toppin, Jacob",Out,Injury/Illness -,"Toppin, Jacob Out Injury/Illness - "
2025-12-03,"Young, Trae",Out,Injury/Illness -,"Young, Trae Out Injury/Illness - "
2025-12-03,"Highsmith, Haywood",Out,Injury/Illness -,"Highsmith, Haywood Out Injury/Illness - "
2025-12-03,"Mann, Terance",Out,Injury/Illness -,"Mann, Terance Out Injury/Illness - "
2025-12-03,"Thomas, Cam",Out,Injury/Illness -,"Thomas, Cam Out Injury/Illness - "
2025-12-03,"Traore, Nolan",Out,G,"Traore, Nolan Out G "
2025-12-03,"Collins, Zach",Questionable,Injury/Illness -,"Collins, Zach Questionable Injury/Illness - "
2025-12-03,"Essengue, Noa",Out,Injury/Illness -,"Essengue, Noa Out Injury/Illness - "
2025-12-03,"Huerter, Kevin",Out,Injury/Illness -,"Huerter, Kevin Out Injury/Illness - "
2025-12-03,"Jones, Tre",Questionable,Injury/Illness -,"Jones, Tre Questionable Injury/Illness - "
2025-12-03,"Okoro, Isaac",Doubtful,Injury/Illness -,"Okoro, Isaac Doubtful Injury/Illness - "
2025-12-03,"Olbrich, Lachlan",Probable,Injury/Illness -,"Olbrich, Lachlan Probable Injury/Illness - "
2025-12-03,"Phillips, Julian",Probable,Injury/Illness -,"Phillips, Julian Probable Injury/Illness - "
2025-12-03,"Smith, Jalen",Questionable,Injury/Illness -,"Smith, Jalen Questionable Injury/Illness - "
2025-12-03,"Terry, Dalen",Questionable,Injury/Illness -,"Terry, Dalen Questionable Injury/Illness - "
2025-12-03,"White, Coby",Out,Injury/Illness -,"White, Coby Out Injury/Illness - "
2025-12-03,"Williams, Patrick",Probable,Injury/Illness -,"Williams, Patrick Probable Injury/Illness - "
2025-12-03,"Jones, Isaac",Out,G,"Jones, Isaac Out G "
2025-12-03,"Klintman, Bobi",Out,Injury/Illness -,"Klintman, Bobi Out Injury/Illness - "
2025-12-03,"Moore Jr., Wendell",Out,G,"Moore Jr., Wendell Out G "
2025-12-03,"Robinson, Duncan",Questionable,Injury/Illness -,"Robinson, Duncan Questionable Injury/Illness - "
2025-12-03,"Sasser, Marcus",Out,G,"Sasser, Marcus Out G "
2025-12-03,"Smith, Tolu",Out,G,"Smith, Tolu Out G "
2025-12-03,"Antetokounmpo, Alex",Out,G,"Antetokounmpo, Alex Out G "
2025-12-03,"Antetokounmpo, Giannis",Probable,Injury/Illness -,"Antetokounmpo, Giannis Probable Injury/Illness - "
2025-12-03,"Harris, Gary",Questionable,Injury/Illness -,"Harris, Gary Questionable Injury/Illness - "
2025-12-03,"Nance, Pete",Questionable,G,"Nance, Pete Questionable G "
2025-12-03,"Porter Jr., Kevin",Questionable,Injury/Illness -,"Porter Jr., Kevin Questionable Injury/Illness - "
2025-12-03,"Portis, Bobby",Questionable,Injury/Illness -,"Portis, Bobby Questionable Injury/Illness - "
2025-12-03,"Prince, Taurean",Out,Injury/Illness -,"Prince, Taurean Out Injury/Illness - "
2025-12-03,"Sears, Mark",Questionable,G,"Sears, Mark Questionable G "
2025-12-03,"Cardwell, Dylan",Out,G,"Cardwell, Dylan Out G "
2025-12-03,"Monk, Malik",Probable,Injury/Illness -,"Monk, Malik Probable Injury/Illness - "
2025-12-03,"Plowden, Daeqwon",Out,G,"Plowden, Daeqwon Out G "
2025-12-03,"Sabonis, Domantas",Out,Injury/Illness -,"Sabonis, Domantas Out Injury/Illness - "
2025-12-03,"Schroder, Dennis",Questionable,Injury/Illness -,"Schroder, Dennis Questionable Injury/Illness - "
2025-12-03,"Stevens, Isaiah",Out,G,"Stevens, Isaiah Out G "
2025-12-03,"Adams, Steven",Questionable,Injury/Illness -,"Adams, Steven Questionable Injury/Illness - "
2025-12-03,"Crawford, Isaiah",Out,G,"Crawford, Isaiah Out G "
2025-12-03,"Eason, Tari",Out,Injury/Illness -,"Eason, Tari Out Injury/Illness - "
2025-12-03,"Smith, Dorian",Out,Injury/Illness -,"Smith, Dorian Out Injury/Illness - "
2025-12-03,"VanVleet, Fred",Out,Injury/Illness -,"VanVleet, Fred Out Injury/Illness - "
2025-12-03,"Herro, Tyler",Available,Injury/Illness -,"Herro, Tyler Available Injury/Illness - "
2025-12-03,"Jaquez Jr., Jaime",Available,Injury/Illness -,"Jaquez Jr., Jaime Available Injury/Illness - "
2025-12-03,"Johnson, Keshad",Available,Injury/Illness -,"Johnson, Keshad Available Injury/Illness - "
2025-12-03,"Jovic, Nikola",Available,Injury/Illness -,"Jovic, Nikola Available Injury/Illness - "
2025-12-03,"Larsson, Pelle",Questionable,Injury/Illness -,"Larsson, Pelle Questionable Injury/Illness - "
2025-12-03,"Powell, Norman",Out,Injury/Illness -,"Powell, Norman Out Injury/Illness - "
2025-12-03,"Rozier, Terry",Out,Not,"Rozier, Terry Out Not "
2025-12-03,"Wiggins, Andrew",Available,Injury/Illness -,"Wiggins, Andrew Available Injury/Illness - "
2025-12-03,"Exum, Dante",Out,Injury/Illness -,"Exum, Dante Out Injury/Illness - "
2025-12-03,"Flagg, Cooper",Available,Injury/Illness -,"Flagg, Cooper Available Injury/Illness - "
2025-12-03,"Gafford, Daniel",Questionable,Injury/Illness -,"Gafford, Daniel Questionable Injury/Illness - "
2025-12-03,"Irving, Kyrie",Out,Injury/Illness -,"Irving, Kyrie Out Injury/Illness - "
2025-12-03,"Lively II, Dereck",Out,Injury/Illness -,"Lively II, Dereck Out Injury/Illness - "
2025-12-03,"Brown, Jaylen",Doubtful,Injury/Illness -,"Brown, Jaylen Doubtful Injury/Illness - "
2025-12-03,"Tatum, Jayson",Out,Injury/Illness -,"Tatum, Jayson Out Injury/Illness - "
2025-12-03,"Cooper, Sharife",Out,Injury/Illness -,"Cooper, Sharife Out Injury/Illness - "
2025-12-03,"Coulibaly, Bilal",Out,Injury/Illness -,"Coulibaly, Bilal Out Injury/Illness - "
2025-12-03,"Johnson, Tre",Out,Injury/Illness -,"Johnson, Tre Out Injury/Illness - "
2025-12-03,"Kispert, Corey",Out,Injury/Illness -,"Kispert, Corey Out Injury/Illness - "
2025-12-03,"Sarr, Alex",Out,Injury/Illness -,"Sarr, Alex Out Injury/Illness - "
2025-12-03,"Butler III, Jimmy",Questionable,Injury/Illness -,"Butler III, Jimmy Questionable Injury/Illness - "
2025-12-03,"Curry, Stephen",Out,Injury/Illness -,"Curry, Stephen Out Injury/Illness - "
2025-12-03,"Horford, Al",Questionable,Injury/Illness -,"Horford, Al Questionable Injury/Illness - "
2025-12-03,"Davis, Trayce",Questionable,Injury/Illness -,"Davis, Trayce Questionable Injury/Illness - "
2025-12-03,"Kuminga, Jonathan",Questionable,Injury/Illness -,"Kuminga, Jonathan Questionable Injury/Illness - "
2025-12-03,"Post, Quinten",Questionable,Injury/Illness -,"Post, Quinten Questionable Injury/Illness - "
2025-12-03,"Toohey, Alex",Out,Injury/Illness -,"Toohey, Alex Out Injury/Illness - "
2025-12-03,"Embiid, Joel",Doubtful,Injury/Illness -,"Embiid, Joel Doubtful Injury/Illness - "
2025-12-03,"George, Paul",Questionable,Injury/Illness -,"George, Paul Questionable Injury/Illness - "
2025-12-03,"Grimes, Quentin",Questionable,Injury/Illness -,"Grimes, Quentin Questionable Injury/Illness - "
2025-12-03,"McCain, Jared",Available,Injury/Illness -,"McCain, Jared Available Injury/Illness - "
2025-12-03,"Oubre Jr., Kelly",Out,Injury/Illness -,"Oubre Jr., Kelly Out Injury/Illness - "
2025-12-03,"Watford, Trendon",Out,Injury/Illness -,"Watford, Trendon Out Injury/Illness - "
2025-12-03,"Doncic, Luka",Out,Personal,"Doncic, Luka Out Personal "
2025-12-03,"Smart, Marcus",Out,Injury/Illness -,"Smart, Marcus Out Injury/Illness - "
2025-12-03,"Barrett, RJ",Out,Injury/Illness -,"Barrett, RJ Out Injury/Illness - "
2025-12-03,"Hepburn, Chucky",Out,G,"Hepburn, Chucky Out G "
2025-12-03,"Martin, Alijah",Out,G,"Martin, Alijah Out G "
2025-12-03,"Poeltl, Jakob",Out,Injury/Illness -,"Poeltl, Jakob Out Injury/Illness - "
2025-12-03,"Harkless, Elijah",Out,G,"Harkless, Elijah Out G "
2025-12-03,"Kessler, Walker",Out,Injury/Illness -,"Kessler, Walker Out Injury/Illness - "
2025-12-03,"Love, Kevin",Out,Rest,"Love, Kevin Out Rest "
2025-12-03,"Niang, Georges",Out,Injury/Illness -,"Niang, Georges Out Injury/Illness - "
2025-12-03,"Nurkic, Jusuf",Questionable,Injury/Illness -,"Nurkic, Jusuf Questionable Injury/Illness - "
2025-12-03,"Tonje, John",Out,G,"Tonje, John Out G "
2025-12-03,"Jones, Herbert",Out,Injury/Illness -,"Jones, Herbert Out Injury/Illness - "
2025-12-03,"Matkovic, Karlo",Questionable,Injury/Illness -,"Matkovic, Karlo Questionable Injury/Illness - "
2025-12-03,"Missi, Yves",Out,Injury/Illness -,"Missi, Yves Out Injury/Illness - "
2025-12-03,"Murray, Dejounte",Out,Injury/Illness -,"Murray, Dejounte Out Injury/Illness - "
2025-12-03,"Poole, Jordan",Out,Injury/Illness -,"Poole, Jordan Out Injury/Illness - "
2025-12-03,"Williamson, Zion",Out,Injury/Illness -,"Williamson, Zion Out Injury/Illness - "
2025-12-04,"Brown, Jaylen",Out,Injury/Illness -,"Brown, Jaylen Out Injury/Illness - "
2025-12-04,"Tatum, Jayson",Out,Injury/Illness -,"Tatum, Jayson Out Injury/Illness - "
2025-12-04,"Cooper, Sharife",Out,Injury/Illness -,"Cooper, Sharife Out Injury/Illness - "
2025-12-04,"Coulibaly, Bilal",Out,Injury/Illness -,"Coulibaly, Bilal Out Injury/Illness - "
2025-12-04,"Johnson, AJ",Out,G,"Johnson, AJ Out G "
2025-12-04,"Johnson, Tre",Out,Injury/Illness -,"Johnson, Tre Out Injury/Illness - "
2025-12-04,"Kispert, Corey",Out,Injury/Illness -,"Kispert, Corey Out Injury/Illness - "
2025-12-04,"Sarr, Alex",Out,Injury/Illness -,"Sarr, Alex Out Injury/Illness - "
2025-12-04,"Butler III, Jimmy",Out,Injury/Illness -,"Butler III, Jimmy Out Injury/Illness - "
2025-12-04,"Curry, Stephen",Out,Injury/Illness -,"Curry, Stephen Out Injury/Illness - "
2025-12-04,"Horford, Al",Questionable,Injury/Illness -,"Horford, Al Questionable Injury/Illness - "
2025-12-04,"Davis, Trayce",Available,Injury/Illness -,"Davis, Trayce Available Injury/Illness - "
2025-12-04,"Kuminga, Jonathan",Questionable,Injury/Illness -,"Kuminga, Jonathan Questionable Injury/Illness - "
2025-12-04,"Post, Quinten",Available,Injury/Illness -,"Post, Quinten Available Injury/Illness - "
2025-12-04,"Toohey, Alex",Out,Injury/Illness -,"Toohey, Alex Out Injury/Illness - "
2025-12-04,"Embiid, Joel",Questionable,Injury/Illness -,"Embiid, Joel Questionable Injury/Illness - "
2025-12-04,"George, Paul",Out,Injury/Illness -,"George, Paul Out Injury/Illness - "
2025-12-04,"Grimes, Quentin",Available,Injury/Illness -,"Grimes, Quentin Available Injury/Illness - "
2025-12-04,"McCain, Jared",Available,Injury/Illness -,"McCain, Jared Available Injury/Illness - "
2025-12-04,"Oubre Jr., Kelly",Out,Injury/Illness -,"Oubre Jr., Kelly Out Injury/Illness - "
2025-12-04,"Watford, Trendon",Out,Injury/Illness -,"Watford, Trendon Out Injury/Illness - "
2025-12-04,"Doncic, Luka",Out,Personal,"Doncic, Luka Out Personal "
2025-12-04,"Smart, Marcus",Out,Injury/Illness -,"Smart, Marcus Out Injury/Illness - "
2025-12-04,"Agbaji, Ochai",Out,Personal,"Agbaji, Ochai Out Personal "
2025-12-04,"Barrett, RJ",Out,Injury/Illness -,"Barrett, RJ Out Injury/Illness - "
2025-12-04,"Hepburn, Chucky",Out,G,"Hepburn, Chucky Out G "
2025-12-04,"Martin, Alijah",Out,G,"Martin, Alijah Out G "
2025-12-04,"Poeltl, Jakob",Out,Injury/Illness -,"Poeltl, Jakob Out Injury/Illness - "
2025-12-04,"Harkless, Elijah",Out,G,"Harkless, Elijah Out G "
2025-12-04,"Kessler, Walker",Out,Injury/Illness -,"Kessler, Walker Out Injury/Illness - "
2025-12-04,"Love, Kevin",Out,Rest,"Love, Kevin Out Rest "
2025-12-04,"Niang, Georges",Out,Injury/Illness -,"Niang, Georges Out Injury/Illness - "
2025-12-04,"Nurkic, Jusuf",Questionable,Injury/Illness -,"Nurkic, Jusuf Questionable Injury/Illness - "
2025-12-04,"Tonje, John",Out,G,"Tonje, John Out G "
2025-12-04,"Demin, Egor",Available,Injury/Illness -,"Demin, Egor Available Injury/Illness - "
2025-12-04,"Highsmith, Haywood",Out,Injury/Illness -,"Highsmith, Haywood Out Injury/Illness - "
2025-12-04,"Mann, Terance",Probable,Injury/Illness -,"Mann, Terance Probable Injury/Illness - "
2025-12-04,"Porter Jr., Michael",Out,Injury/Illness -,"Porter Jr., Michael Out Injury/Illness - "
2025-12-04,"Powell, Drake",Out,Injury/Illness -,"Powell, Drake Out Injury/Illness - "
2025-12-04,"Thomas, Cam",Out,Injury/Illness -,"Thomas, Cam Out Injury/Illness - "
2025-12-04,"Traore, Nolan",Out,G,"Traore, Nolan Out G "
2025-12-04,"Freeman, Enrique",Available,Injury/Illness -,"Freeman, Enrique Available Injury/Illness - "
2025-12-04,"Zikarsky, Rocco",Out,G,"Zikarsky, Rocco Out G "
2025-12-04,"Dickinson, Hunter",Out,G,"Dickinson, Hunter Out G "
2025-12-04,"Jones, Herbert",Out,Injury/Illness -,"Jones, Herbert Out Injury/Illness - "
2025-12-04,"Matkovic, Karlo",Available,Injury/Illness -,"Matkovic, Karlo Available Injury/Illness - "
2025-12-04,"Missi, Yves",Out,Injury/Illness -,"Missi, Yves Out Injury/Illness - "
2025-12-04,"Murray, Dejounte",Out,Injury/Illness -,"Murray, Dejounte Out Injury/Illness - "
2025-12-04,"Poole, Jordan",Out,Injury/Illness -,"Poole, Jordan Out Injury/Illness - "
2025-12-04,"Williamson, Zion",Out,Injury/Illness -,"Williamson, Zion Out Injury/Illness - "
2025-12-04,"Gardner, Myron",Out,G,"Gardner, Myron Out G "
2025-12-04,"Goldin, Vladislav",Out,G,"Goldin, Vladislav Out G "
2025-12-04,"Herro, Tyler",Questionable,Injury/Illness -,"Herro, Tyler Questionable Injury/Illness - "
2025-12-04,"Jakucionis, Kasparas",Out,G,"Jakucionis, Kasparas Out G "
2025-12-04,"Jaquez Jr., Jaime",Available,Injury/Illness -,"Jaquez Jr., Jaime Available Injury/Illness - "
2025-12-04,"Johnson, Keshad",Available,Injury/Illness -,"Johnson, Keshad Available Injury/Illness - "
2025-12-04,"Jovic, Nikola",Available,Injury/Illness -,"Jovic, Nikola Available Injury/Illness - "
2025-12-04,"Larsson, Pelle",Available,Injury/Illness -,"Larsson, Pelle Available Injury/Illness - "
2025-12-04,"Powell, Norman",Questionable,Injury/Illness -,"Powell, Norman Questionable Injury/Illness - "
2025-12-04,"Rozier, Terry",Out,Not,"Rozier, Terry Out Not "
2025-12-04,"Wiggins, Andrew",Available,Injury/Illness -,"Wiggins, Andrew Available Injury/Illness - "
2025-12-04,"Banchero, Paolo",Questionable,Injury/Illness -,"Banchero, Paolo Questionable Injury/Illness - "
2025-12-04,"Cain, Jamal",Out,G,"Cain, Jamal Out G "
2025-12-04,"Castleton, Colin",Out,G,"Castleton, Colin Out G "
2025-12-04,"Robinson, Orlando",Out,G,"Robinson, Orlando Out G "
2025-12-04,"Wagner, Franz",Available,Injury/Illness -,"Wagner, Franz Available Injury/Illness - "
2025-12-04,"Wagner, Moritz",Out,Injury/Illness -,"Wagner, Moritz Out Injury/Illness - "
2025-12-04,"Ball, LaMelo",Probable,Injury/Illness -,"Ball, LaMelo Probable Injury/Illness - "
2025-12-04,"Connaughton, Pat",Out,Injury/Illness -,"Connaughton, Pat Out Injury/Illness - "
2025-12-04,"Green, Josh",Out,Injury/Illness -,"Green, Josh Out Injury/Illness - "
2025-12-04,"Kalkbrenner, Ryan",Questionable,Injury/Illness -,"Kalkbrenner, Ryan Questionable Injury/Illness - "
2025-12-04,"Mann, Tre",Questionable,Injury/Illness -,"Mann, Tre Questionable Injury/Illness - "
2025-12-04,"Miller, Brandon",Questionable,Injury/Illness -,"Miller, Brandon Questionable Injury/Illness - "
2025-12-04,"Peterson, Drew",Out,G,"Peterson, Drew Out G "
2025-12-04,"Sexton, Collin",Out,Injury/Illness -,"Sexton, Collin Out Injury/Illness - "
2025-12-04,"Williams, Grant",Out,Injury/Illness -,"Williams, Grant Out Injury/Illness - "
2025-12-04,"Bates, Tamar",Out,G,"Bates, Tamar Out G "
2025-12-04,"Braun, Christian",Out,Injury/Illness -,"Braun, Christian Out Injury/Illness - "
2025-12-04,"Gordon, Aaron",Out,Injury/Illness -,"Gordon, Aaron Out Injury/Illness - "
2025-12-04,"Holmes II, DaRon",Out,G,"Holmes II, DaRon Out G "
2025-12-04,"Jones, Spencer",Questionable,Injury/Illness -,"Jones, Spencer Questionable Injury/Illness - "
2025-12-04,"Strawther, Julian",Out,Injury/Illness -,"Strawther, Julian Out Injury/Illness - "
2025-12-04,"Dante, N'Faly",Out,G,"Dante, N'Faly Out G "
2025-12-04,"Djurisic, Nikola",Out,Injury/Illness -,"Djurisic, Nikola Out Injury/Illness - "
2025-12-04,"Houstan, Caleb",Questionable,G,"Houstan, Caleb Questionable G "
2025-12-04,"Johnson, Jalen",Questionable,Injury/Illness -,"Johnson, Jalen Questionable Injury/Illness - "
2025-12-04,"Ndiaye, Eli John",Out,G,"Ndiaye, Eli John Out G "
2025-12-04,"Porzingis, Kristaps",Questionable,Return to,"Porzingis, Kristaps Questionable Return to "
2025-12-04,"Toppin, Jacob",Out,Injury/Illness -,"Toppin, Jacob Out Injury/Illness - "
2025-12-04,"Young, Trae",Out,Injury/Illness -,"Young, Trae Out Injury/Illness - "
2025-12-04,"Clingan, Donovan",Questionable,Injury/Illness -,"Clingan, Donovan Questionable Injury/Illness - "
2025-12-04,"Henderson, Scoot",Out,Injury/Illness -,"Henderson, Scoot Out Injury/Illness - "
2025-12-04,"Holiday, Jrue",Out,Injury/Illness -,"Holiday, Jrue Out Injury/Illness - "
2025-12-04,"Lillard, Damian",Out,Injury/Illness -,"Lillard, Damian Out Injury/Illness - "
2025-12-04,"Murray, Kris",Questionable,Injury/Illness -,"Murray, Kris Questionable Injury/Illness - "
2025-12-04,"Thybulle, Matisse",Out,Injury/Illness -,"Thybulle, Matisse Out Injury/Illness - "
2025-12-04,"Wesley, Blake",Out,Injury/Illness -,"Wesley, Blake Out Injury/Illness - "
2025-12-04,"Williams III, Robert",Questionable,Injury/Illness -,"Williams III, Robert Questionable Injury/Illness - "
2025-12-04,"Yang, Hansen",Out,G,"Yang, Hansen Out G "
2025-12-04,"Jones, Isaac",Out,G,"Jones, Isaac Out G "
2025-12-04,"Klintman, Bobi",Out,Injury/Illness -,"Klintman, Bobi Out Injury/Illness - "
2025-12-04,"Moore Jr., Wendell",Out,G,"Moore Jr., Wendell Out G "
2025-12-04,"Robinson, Duncan",Questionable,Injury/Illness -,"Robinson, Duncan Questionable Injury/Illness - "
2025-12-04,"Sasser, Marcus",Questionable,Injury/Illness -,"Sasser, Marcus Questionable Injury/Illness - "
2025-12-04,"Smith, Tolu",Out,G,"Smith, Tolu Out G "
2025-12-04,"Castle, Stephon",Out,Injury/Illness -,"Castle, Stephon Out Injury/Illness - "
2025-12-04,"Ingram, Harrison",Out,G,"Ingram, Harrison Out G "
2025-12-04,"Kornet, Luke",Questionable,Injury/Illness -,"Kornet, Luke Questionable Injury/Illness - "
2025-12-04,"McLaughlin, Jordan",Out,Injury/Illness -,"McLaughlin, Jordan Out Injury/Illness - "
2025-12-04,"Minix, Riley",Out,G,"Minix, Riley Out G "
2025-12-04,"Wembanyama, Victor",Out,Injury/Illness -,"Wembanyama, Victor Out Injury/Illness - "
2025-12-04,"Allen, Jarrett",Out,Injury/Illness -,"Allen, Jarrett Out Injury/Illness - "
2025-12-04,"Garland, Darius",Out,Injury/Illness -,"Garland, Darius Out Injury/Illness - "
2025-12-04,"Merrill, Sam",Out,Injury/Illness -,"Merrill, Sam Out Injury/Illness - "
2025-12-04,"Nance Jr., Larry",Out,Injury/Illness -,"Nance Jr., Larry Out Injury/Illness - "
2025-12-04,"Proctor, Tyrese",Out,Personal,"Proctor, Tyrese Out Personal "
2025-12-04,"Strus, Max",Out,Injury/Illness -,"Strus, Max Out Injury/Illness - "
2025-12-04,"Anunoby, OG",Questionable,Injury/Illness -,"Anunoby, OG Questionable Injury/Illness - "
2025-12-04,"Dadiet, Pacome",Questionable,G,"Dadiet, Pacome Questionable G "
2025-12-04,"Evbuomwan, Tosan",Questionable,G,"Evbuomwan, Tosan Questionable G "
2025-12-04,"Jemison III, Trey",Questionable,G,"Jemison III, Trey Questionable G "
2025-12-04,"McCullar Jr., Kevin",Questionable,G,"McCullar Jr., Kevin Questionable G "
2025-12-04,"Shamet, Landry",Out,Injury/Illness -,"Shamet, Landry Out Injury/Illness - "
2025-12-04,"Antetokounmpo, Alex",Out,G,"Antetokounmpo, Alex Out G "
2025-12-04,"Antetokounmpo, Giannis",Out,Injury/Illness -,"Antetokounmpo, Giannis Out Injury/Illness - "
2025-12-04,"Prince, Taurean",Out,Injury/Illness -,"Prince, Taurean Out Injury/Illness - "
2025-12-04,"Exum, Dante",Out,Injury/Illness -,"Exum, Dante Out Injury/Illness - "
2025-12-04,"Flagg, Cooper",Available,Injury/Illness -,"Flagg, Cooper Available Injury/Illness - "
2025-12-04,"Gafford, Daniel",Questionable,Injury/Illness -,"Gafford, Daniel Questionable Injury/Illness - "
2025-12-04,"Irving, Kyrie",Out,Injury/Illness -,"Irving, Kyrie Out Injury/Illness - "
2025-12-04,"Lively II, Dereck",Out,Injury/Illness -,"Lively II, Dereck Out Injury/Illness - "
2025-12-05,"Doncic, Luka",Out,Personal,"Doncic, Luka Out Personal "
2025-12-05,"James, LeBron",Out,Injury/Illness -,"James, LeBron Out Injury/Illness - "
2025-12-05,"Smart, Marcus",Out,Injury/Illness -,"Smart, Marcus Out Injury/Illness - "
2025-12-05,"Harper Jr., Ron",Out,G,"Harper Jr., Ron Out G "
2025-12-05,"Shulga, Max",Out,G,"Shulga, Max Out G "
2025-12-05,"Tatum, Jayson",Out,Injury/Illness -,"Tatum, Jayson Out Injury/Illness - "
2025-12-05,"Gardner, Myron",Out,G,"Gardner, Myron Out G "
2025-12-05,"Goldin, Vladislav",Out,G,"Goldin, Vladislav Out G "
2025-12-05,"Herro, Tyler",Out,Injury/Illness -,"Herro, Tyler Out Injury/Illness - "
2025-12-05,"Jakucionis, Kasparas",Out,G,"Jakucionis, Kasparas Out G "
2025-12-05,"Jaquez Jr., Jaime",Available,Injury/Illness -,"Jaquez Jr., Jaime Available Injury/Illness - "
2025-12-05,"Johnson, Keshad",Available,Injury/Illness -,"Johnson, Keshad Available Injury/Illness - "
2025-12-05,"Jovic, Nikola",Available,Injury/Illness -,"Jovic, Nikola Available Injury/Illness - "
2025-12-05,"Larsson, Pelle",Available,Injury/Illness -,"Larsson, Pelle Available Injury/Illness - "
2025-12-05,"Powell, Norman",Available,Injury/Illness -,"Powell, Norman Available Injury/Illness - "
2025-12-05,"Rozier, Terry",Out,Not,"Rozier, Terry Out Not "
2025-12-05,"Wiggins, Andrew",Available,Injury/Illness -,"Wiggins, Andrew Available Injury/Illness - "
2025-12-05,"Banchero, Paolo",Available,Injury/Illness -,"Banchero, Paolo Available Injury/Illness - "
2025-12-05,"Cain, Jamal",Out,G,"Cain, Jamal Out G "
2025-12-05,"Castleton, Colin",Out,G,"Castleton, Colin Out G "
2025-12-05,"Robinson, Orlando",Out,G,"Robinson, Orlando Out G "
2025-12-05,"Wagner, Franz",Available,Injury/Illness -,"Wagner, Franz Available Injury/Illness - "
2025-12-05,"Wagner, Moritz",Out,Injury/Illness -,"Wagner, Moritz Out Injury/Illness - "
2025-12-05,"Ball, LaMelo",Probable,Injury/Illness -,"Ball, LaMelo Probable Injury/Illness - "
2025-12-05,"Connaughton, Pat",Out,Injury/Illness -,"Connaughton, Pat Out Injury/Illness - "
2025-12-05,"Green, Josh",Out,Injury/Illness -,"Green, Josh Out Injury/Illness - "
2025-12-05,"Kalkbrenner, Ryan",Questionable,Injury/Illness -,"Kalkbrenner, Ryan Questionable Injury/Illness - "
2025-12-05,"Mann, Tre",Doubtful,Injury/Illness -,"Mann, Tre Doubtful Injury/Illness - "
2025-12-05,"Miller, Brandon",Probable,Injury/Illness -,"Miller, Brandon Probable Injury/Illness - "
2025-12-05,"Peterson, Drew",Out,G,"Peterson, Drew Out G "
2025-12-05,"Sexton, Collin",Out,Injury/Illness -,"Sexton, Collin Out Injury/Illness - "
2025-12-05,"Williams, Grant",Out,Injury/Illness -,"Williams, Grant Out Injury/Illness - "
2025-12-05,"Agbaji, Ochai",Out,Personal,"Agbaji, Ochai Out Personal "
2025-12-05,"Barrett, RJ",Out,Injury/Illness -,"Barrett, RJ Out Injury/Illness - "
2025-12-05,"Hepburn, Chucky",Out,G,"Hepburn, Chucky Out G "
2025-12-05,"Martin, Alijah",Out,G,"Martin, Alijah Out G "
2025-12-05,"Bates, Tamar",Out,G,"Bates, Tamar Out G "
2025-12-05,"Braun, Christian",Out,Injury/Illness -,"Braun, Christian Out Injury/Illness - "
2025-12-05,"Gordon, Aaron",Out,Injury/Illness -,"Gordon, Aaron Out Injury/Illness - "
2025-12-05,"Holmes II, DaRon",Out,G,"Holmes II, DaRon Out G "
2025-12-05,"Jones, Spencer",Questionable,Injury/Illness -,"Jones, Spencer Questionable Injury/Illness - "
2025-12-05,"Strawther, Julian",Out,Injury/Illness -,"Strawther, Julian Out Injury/Illness - "
2025-12-05,"Dante, N'Faly",Out,Concussion,"Dante, N'Faly Out Concussion "
2025-12-05,"Djurisic, Nikola",Out,G,"Djurisic, Nikola Out G "
2025-12-05,"Houstan, Caleb",Out,G,"Houstan, Caleb Out G "
2025-12-05,"Johnson, Jalen",Questionable,Injury/Illness -,"Johnson, Jalen Questionable Injury/Illness - "
2025-12-05,"Ndiaye, Eli John",Out,G,"Ndiaye, Eli John Out G "
2025-12-05,"Porzingis, Kristaps",Questionable,Return to,"Porzingis, Kristaps Questionable Return to "
2025-12-05,"Toppin, Jacob",Out,Injury/Illness -,"Toppin, Jacob Out Injury/Illness - "
2025-12-05,"Young, Trae",Out,Injury/Illness -,"Young, Trae Out Injury/Illness - "
2025-12-05,"Clingan, Donovan",Questionable,Injury/Illness -,"Clingan, Donovan Questionable Injury/Illness - "
2025-12-05,"Henderson, Scoot",Out,Injury/Illness -,"Henderson, Scoot Out Injury/Illness - "
2025-12-05,"Holiday, Jrue",Out,Injury/Illness -,"Holiday, Jrue Out Injury/Illness - "
2025-12-05,"Lillard, Damian",Out,Injury/Illness -,"Lillard, Damian Out Injury/Illness - "
2025-12-05,"Murray, Kris",Questionable,Injury/Illness -,"Murray, Kris Questionable Injury/Illness - "
2025-12-05,"Thybulle, Matisse",Out,Injury/Illness -,"Thybulle, Matisse Out Injury/Illness - "
2025-12-05,"Wesley, Blake",Out,Injury/Illness -,"Wesley, Blake Out Injury/Illness - "
2025-12-05,"Williams III, Robert",Questionable,Injury/Illness -,"Williams III, Robert Questionable Injury/Illness - "
2025-12-05,"Yang, Hansen",Out,G,"Yang, Hansen Out G "
2025-12-05,"Jones, Isaac",Out,G,"Jones, Isaac Out G "
2025-12-05,"Klintman, Bobi",Out,Injury/Illness -,"Klintman, Bobi Out Injury/Illness - "
2025-12-05,"Moore Jr., Wendell",Out,G,"Moore Jr., Wendell Out G "
2025-12-05,"Robinson, Duncan",Questionable,Injury/Illness -,"Robinson, Duncan Questionable Injury/Illness - "
2025-12-05,"Sasser, Marcus",Questionable,Injury/Illness -,"Sasser, Marcus Questionable Injury/Illness - "
2025-12-05,"Smith, Tolu",Out,G,"Smith, Tolu Out G "
2025-12-05,"Castle, Stephon",Out,Injury/Illness -,"Castle, Stephon Out Injury/Illness - "
2025-12-05,"Ingram, Harrison",Out,G,"Ingram, Harrison Out G "
2025-12-05,"Kornet, Luke",Out,Injury/Illness -,"Kornet, Luke Out Injury/Illness - "
2025-12-05,"McLaughlin, Jordan",Out,Injury/Illness -,"McLaughlin, Jordan Out Injury/Illness - "
2025-12-05,"Minix, Riley",Out,G,"Minix, Riley Out G "
2025-12-05,"Wembanyama, Victor",Out,Injury/Illness -,"Wembanyama, Victor Out Injury/Illness - "
2025-12-05,"Allen, Jarrett",Out,Injury/Illness -,"Allen, Jarrett Out Injury/Illness - "
2025-12-05,"Garland, Darius",Out,Injury/Illness -,"Garland, Darius Out Injury/Illness - "
2025-12-05,"Merrill, Sam",Out,Injury/Illness -,"Merrill, Sam Out Injury/Illness - "
2025-12-05,"Mobley, Evan",Questionable,Injury/Illness -,"Mobley, Evan Questionable Injury/Illness - "
2025-12-05,"Nance Jr., Larry",Out,Injury/Illness -,"Nance Jr., Larry Out Injury/Illness - "
2025-12-05,"Proctor, Tyrese",Out,Personal,"Proctor, Tyrese Out Personal "
2025-12-05,"Strus, Max",Out,Injury/Illness -,"Strus, Max Out Injury/Illness - "
2025-12-05,"Harkless, Elijah",Out,G,"Harkless, Elijah Out G "
2025-12-05,"Kessler, Walker",Out,Injury/Illness -,"Kessler, Walker Out Injury/Illness - "
2025-12-05,"Niang, Georges",Out,Injury/Illness -,"Niang, Georges Out Injury/Illness - "
2025-12-05,"Nurkic, Jusuf",Questionable,Injury/Illness -,"Nurkic, Jusuf Questionable Injury/Illness - "
2025-12-05,"Tonje, John",Out,G,"Tonje, John Out G "
2025-12-05,"Anunoby, OG",Questionable,Injury/Illness -,"Anunoby, OG Questionable Injury/Illness - "
2025-12-05,"Dadiet, Pacome",Out,G,"Dadiet, Pacome Out G "
2025-12-05,"Evbuomwan, Tosan",Out,G,"Evbuomwan, Tosan Out G "
2025-12-05,"Jemison III, Trey",Out,G,"Jemison III, Trey Out G "
2025-12-05,"McCullar Jr., Kevin",Out,G,"McCullar Jr., Kevin Out G "
2025-12-05,"Shamet, Landry",Out,Injury/Illness -,"Shamet, Landry Out Injury/Illness - "
2025-12-05,"Haliburton, Tyrese",Out,Injury/Illness -,"Haliburton, Tyrese Out Injury/Illness - "
2025-12-05,"Jackson, Quenton",Out,Injury/Illness -,"Jackson, Quenton Out Injury/Illness - "
2025-12-05,"Jones, Kam",Out,Injury/Illness -,"Jones, Kam Out Injury/Illness - "
2025-12-05,"Nesmith, Aaron",Out,Injury/Illness -,"Nesmith, Aaron Out Injury/Illness - "
2025-12-05,"Sheppard, Ben",Out,Injury/Illness -,"Sheppard, Ben Out Injury/Illness - "
2025-12-05,"Toppin, Obi",Out,Injury/Illness -,"Toppin, Obi Out Injury/Illness - "
2025-12-05,"Collins, Zach",Questionable,Injury/Illness -,"Collins, Zach Questionable Injury/Illness - "
2025-12-05,"Dosunmu, Ayo",Questionable,Injury/Illness -,"Dosunmu, Ayo Questionable Injury/Illness - "
2025-12-05,"Essengue, Noa",Out,Injury/Illness -,"Essengue, Noa Out Injury/Illness - "
2025-12-05,"Huerter, Kevin",Out,Injury/Illness -,"Huerter, Kevin Out Injury/Illness - "
2025-12-05,"Jones, Tre",Doubtful,Injury/Illness -,"Jones, Tre Doubtful Injury/Illness - "
2025-12-05,"Okoro, Isaac",Doubtful,Injury/Illness -,"Okoro, Isaac Doubtful Injury/Illness - "
2025-12-05,"Smith, Jalen",Doubtful,Injury/Illness -,"Smith, Jalen Doubtful Injury/Illness - "
2025-12-05,"Terry, Dalen",Probable,Injury/Illness -,"Terry, Dalen Probable Injury/Illness - "
2025-12-05,"White, Coby",Questionable,Injury/Illness -,"White, Coby Questionable Injury/Illness - "
2025-12-05,"Williams, Patrick",Probable,Injury/Illness -,"Williams, Patrick Probable Injury/Illness - "
2025-12-05,"Beal, Bradley",Out,Injury/Illness -,"Beal, Bradley Out Injury/Illness - "
2025-12-05,"Bogdanovic, Bogdan",Out,Injury/Illness -,"Bogdanovic, Bogdan Out Injury/Illness - "
2025-12-05,"Jones Jr., Derrick",Out,Injury/Illness -,"Jones Jr., Derrick Out Injury/Illness - "
2025-12-05,"Miller, Jordan",Questionable,Injury/Illness -,"Miller, Jordan Questionable Injury/Illness - "
2025-12-05,"Paul, Chris",Out,Not,"Paul, Chris Out Not "
2025-12-05,"Clarke, Brandon",Out,Injury/Illness -,"Clarke, Brandon Out Injury/Illness - "
2025-12-05,"Jackson, GG",Out,G,"Jackson, GG Out G "
2025-12-05,"Jerome, Ty",Out,Injury/Illness -,"Jerome, Ty Out Injury/Illness - "
2025-12-05,"Morant, Ja",Out,Injury/Illness -,"Morant, Ja Out Injury/Illness - "
2025-12-05,"Pippen Jr., Scotty",Out,Injury/Illness -,"Pippen Jr., Scotty Out Injury/Illness - "
2025-12-05,"Small, Javon",Out,Injury/Illness -,"Small, Javon Out Injury/Illness - "
2025-12-05,"Embiid, Joel",Out,Injury/Illness -,"Embiid, Joel Out Injury/Illness - "
2025-12-05,"McCain, Jared",Available,Injury/Illness -,"McCain, Jared Available Injury/Illness - "
2025-12-05,"Oubre Jr., Kelly",Out,Injury/Illness -,"Oubre Jr., Kelly Out Injury/Illness - "
2025-12-05,"Watford, Trendon",Out,Injury/Illness -,"Watford, Trendon Out Injury/Illness - "
2025-12-05,"Antetokounmpo, Alex",Out,G,"Antetokounmpo, Alex Out G "
2025-12-05,"Antetokounmpo, Giannis",Out,Injury/Illness -,"Antetokounmpo, Giannis Out Injury/Illness - "
2025-12-05,"Prince, Taurean",Out,Injury/Illness -,"Prince, Taurean Out Injury/Illness - "
2025-12-05,"Booker, Devin",Out,Injury/Illness -,"Booker, Devin Out Injury/Illness - "
2025-12-05,"Green, Jalen",Out,Injury/Illness -,"Green, Jalen Out Injury/Illness - "
2025-12-05,"Livers, Isaiah",Questionable,Injury/Illness -,"Livers, Isaiah Questionable Injury/Illness - "
2025-12-05,"Crawford, Isaiah",Out,G,"Crawford, Isaiah Out G "
2025-12-05,"Eason, Tari",Out,Injury/Illness -,"Eason, Tari Out Injury/Illness - "
2025-12-05,"Smith, Dorian",Out,Injury/Illness -,"Smith, Dorian Out Injury/Illness - "
2025-12-05,"Sengun, Alperen",Questionable,Injury/Illness -,"Sengun, Alperen Questionable Injury/Illness - "
2025-12-05,"VanVleet, Fred",Out,Injury/Illness -,"VanVleet, Fred Out Injury/Illness - "
2025-12-05,"Exum, Dante",Out,Injury/Illness -,"Exum, Dante Out Injury/Illness - "
2025-12-05,"Flagg, Cooper",Available,Injury/Illness -,"Flagg, Cooper Available Injury/Illness - "
2025-12-05,"Gafford, Daniel",Out,Injury/Illness -,"Gafford, Daniel Out Injury/Illness - "
2025-12-05,"Irving, Kyrie",Out,Injury/Illness -,"Irving, Kyrie Out Injury/Illness - "
2025-12-05,"Lively II, Dereck",Out,Injury/Illness -,"Lively II, Dereck Out Injury/Illness - "
2025-12-05,"Barnhizer, Brooks",Probable,G,"Barnhizer, Brooks Probable G "
2025-12-05,"Carlson, Branden",Available,Injury/Illness -,"Carlson, Branden Available Injury/Illness - "
2025-12-05,"Caruso, Alex",Out,Injury/Illness -,"Caruso, Alex Out Injury/Illness - "
2025-12-05,"Dort, Luguentz",Out,Injury/Illness -,"Dort, Luguentz Out Injury/Illness - "
2025-12-05,"Hartenstein, Isaiah",Out,Injury/Illness -,"Hartenstein, Isaiah Out Injury/Illness - "
2025-12-05,"Joe, Isaiah",Questionable,Injury/Illness -,"Joe, Isaiah Questionable Injury/Illness - "
2025-12-05,"Sorber, Thomas",Out,Injury/Illness -,"Sorber, Thomas Out Injury/Illness - "
2025-12-05,"Topic, Nikola",Out,Injury/Illness -,"Topic, Nikola Out Injury/Illness - "
2025-12-05,"Youngblood, Chris",Probable,G,"Youngblood, Chris Probable G "
2025-12-05,"Dickinson, Hunter",Out,G,"Dickinson, Hunter Out G "
2025-12-05,"Jones, Herbert",Out,Injury/Illness -,"Jones, Herbert Out Injury/Illness - "
2025-12-05,"Missi, Yves",Questionable,Injury/Illness -,"Missi, Yves Questionable Injury/Illness - "
2025-12-05,"Murray, Dejounte",Out,Injury/Illness -,"Murray, Dejounte Out Injury/Illness - "
2025-12-05,"Poole, Jordan",Out,Injury/Illness -,"Poole, Jordan Out Injury/Illness - "
2025-12-05,"Williamson, Zion",Out,Injury/Illness -,"Williamson, Zion Out Injury/Illness - "
2025-12-05,"Clowney, Noah",Probable,Injury/Illness -,"Clowney, Noah Probable Injury/Illness - "
2025-12-05,"Etienne, Tyson",Out,G,"Etienne, Tyson Out G "
2025-12-05,"Highsmith, Haywood",Out,Injury/Illness -,"Highsmith, Haywood Out Injury/Illness - "
2025-12-05,"Thomas, Cam",Out,Injury/Illness -,"Thomas, Cam Out Injury/Illness - "
2025-12-05,"Traore, Nolan",Out,G,"Traore, Nolan Out G "
2025-12-05,"Cooper, Sharife",Out,Injury/Illness -,"Cooper, Sharife Out Injury/Illness - "
2025-12-05,"Coulibaly, Bilal",Out,Injury/Illness -,"Coulibaly, Bilal Out Injury/Illness - "
2025-12-05,"Johnson, Tre",Out,Injury/Illness -,"Johnson, Tre Out Injury/Illness - "
2025-12-05,"Kispert, Corey",Out,Injury/Illness -,"Kispert, Corey Out Injury/Illness - "
2025-12-05,"Middleton, Khris",Questionable,Injury/Illness -,"Middleton, Khris Questionable Injury/Illness - "
2025-12-05,"Sarr, Alex",Out,Injury/Illness -,"Sarr, Alex Out Injury/Illness - "
2025-12-05,"Vukcevic, Tristan",Questionable,Injury/Illness -,"Vukcevic, Tristan Questionable Injury/Illness - "
2025-12-05,"Whitmore, Cam",Questionable,Injury/Illness -,"Whitmore, Cam Questionable Injury/Illness - "
2025-12-05,"Butler III, Jimmy",Questionable,Injury/Illness -,"Butler III, Jimmy Questionable Injury/Illness - "
2025-12-05,"Curry, Seth",Questionable,Injury/Illness -,"Curry, Seth Questionable Injury/Illness - "
2025-12-05,"Curry, Stephen",Out,Injury/Illness -,"Curry, Stephen Out Injury/Illness - "
2025-12-05,"Green, Draymond",Questionable,Injury/Illness -,"Green, Draymond Questionable Injury/Illness - "
2025-12-05,"Horford, Al",Out,Injury/Illness -,"Horford, Al Out Injury/Illness - "
2025-12-05,"Melton, De'Anthony",Questionable,Injury/Illness -,"Melton, De'Anthony Questionable Injury/Illness - "
2025-12-05,"Toohey, Alex",Out,Injury/Illness -,"Toohey, Alex Out Injury/Illness - "
2025-12-05,"Freeman, Enrique",Out,G,"Freeman, Enrique Out G "
2025-12-05,"Zikarsky, Rocco",Out,G,"Zikarsky, Rocco Out G "
2025-12-05,"Cardwell, Dylan",Out,G,"Cardwell, Dylan Out G "
2025-12-05,"Plowden, Daeqwon",Out,G,"Plowden, Daeqwon Out G "
2025-12-05,"Sabonis, Domantas",Out,Injury/Illness -,"Sabonis, Domantas Out Injury/Illness - "
2025-12-05,"Schroder, Dennis",Out,Injury/Illness -,"Schroder, Dennis Out Injury/Illness - "
2025-12-05,"Stevens, Isaiah",Out,G,"Stevens, Isaiah Out G "
2025-12-06,"Dickinson, Hunter",Out,G,"Dickinson, Hunter Out G "
2025-12-06,"Jones, Herbert",Out,Injury/Illness -,"Jones, Herbert Out Injury/Illness - "
2025-12-06,"Missi, Yves",Available,Injury/Illness -,"Missi, Yves Available Injury/Illness - "
2025-12-06,"Murray, Dejounte",Out,Injury/Illness -,"Murray, Dejounte Out Injury/Illness - "
2025-12-06,"Poole, Jordan",Out,Injury/Illness -,"Poole, Jordan Out Injury/Illness - "
2025-12-06,"Williamson, Zion",Out,Injury/Illness -,"Williamson, Zion Out Injury/Illness - "
2025-12-06,"Clowney, Noah",Available,Injury/Illness -,"Clowney, Noah Available Injury/Illness - "
2025-12-06,"Etienne, Tyson",Out,G,"Etienne, Tyson Out G "
2025-12-06,"Highsmith, Haywood",Out,Injury/Illness -,"Highsmith, Haywood Out Injury/Illness - "
2025-12-06,"Thomas, Cam",Out,Injury/Illness -,"Thomas, Cam Out Injury/Illness - "
2025-12-06,"Traore, Nolan",Out,G,"Traore, Nolan Out G "
2025-12-06,"Dante, N'Faly",Out,Concussion,"Dante, N'Faly Out Concussion "
2025-12-06,"Djurisic, Nikola",Out,G,"Djurisic, Nikola Out G "
2025-12-06,"Houstan, Caleb",Out,G,"Houstan, Caleb Out G "
2025-12-06,"Ndiaye, Eli John",Out,G,"Ndiaye, Eli John Out G "
2025-12-06,"Porzingis, Kristaps",Out,Return to,"Porzingis, Kristaps Out Return to "
2025-12-06,"Toppin, Jacob",Out,Injury/Illness -,"Toppin, Jacob Out Injury/Illness - "
2025-12-06,"Young, Trae",Out,Injury/Illness -,"Young, Trae Out Injury/Illness - "
2025-12-06,"Cooper, Sharife",Out,Injury/Illness -,"Cooper, Sharife Out Injury/Illness - "
2025-12-06,"Coulibaly, Bilal",Out,Injury/Illness -,"Coulibaly, Bilal Out Injury/Illness - "
2025-12-06,"Johnson, Tre",Out,Injury/Illness -,"Johnson, Tre Out Injury/Illness - "
2025-12-06,"Kispert, Corey",Out,Injury/Illness -,"Kispert, Corey Out Injury/Illness - "
2025-12-06,"Middleton, Khris",Out,Injury/Illness -,"Middleton, Khris Out Injury/Illness - "
2025-12-06,"Sarr, Alex",Out,Injury/Illness -,"Sarr, Alex Out Injury/Illness - "
2025-12-06,"Vukcevic, Tristan",Available,Injury/Illness -,"Vukcevic, Tristan Available Injury/Illness - "
2025-12-06,"Whitmore, Cam",Available,Injury/Illness -,"Whitmore, Cam Available Injury/Illness - "
2025-12-06,"Butler III, Jimmy",Out,Injury/Illness -,"Butler III, Jimmy Out Injury/Illness - "
2025-12-06,"Curry, Seth",Out,Injury/Illness -,"Curry, Seth Out Injury/Illness - "
2025-12-06,"Curry, Stephen",Out,Injury/Illness -,"Curry, Stephen Out Injury/Illness - "
2025-12-06,"Green, Draymond",Out,Injury/Illness -,"Green, Draymond Out Injury/Illness - "
2025-12-06,"Horford, Al",Out,Injury/Illness -,"Horford, Al Out Injury/Illness - "
2025-12-06,"Melton, De'Anthony",Out,Injury/Illness -,"Melton, De'Anthony Out Injury/Illness - "
2025-12-06,"Toohey, Alex",Out,Injury/Illness -,"Toohey, Alex Out Injury/Illness - "
2025-12-06,"Allen, Jarrett",Out,Injury/Illness -,"Allen, Jarrett Out Injury/Illness - "
2025-12-06,"Ball, Lonzo",Out,Rest -,"Ball, Lonzo Out Rest - "
2025-12-06,"Merrill, Sam",Out,Injury/Illness -,"Merrill, Sam Out Injury/Illness - "
2025-12-06,"Nance Jr., Larry",Out,Injury/Illness -,"Nance Jr., Larry Out Injury/Illness - "
2025-12-06,"Proctor, Tyrese",Out,Personal,"Proctor, Tyrese Out Personal "
2025-12-06,"Strus, Max",Out,Injury/Illness -,"Strus, Max Out Injury/Illness - "
2025-12-06,"Antetokounmpo, Alex",Out,G,"Antetokounmpo, Alex Out G "
2025-12-06,"Antetokounmpo, Giannis",Out,Injury/Illness -,"Antetokounmpo, Giannis Out Injury/Illness - "
2025-12-06,"Green, AJ",Questionable,Injury/Illness -,"Green, AJ Questionable Injury/Illness - "
2025-12-06,"Prince, Taurean",Out,Injury/Illness -,"Prince, Taurean Out Injury/Illness - "
2025-12-06,"Harris, Tobias",Questionable,Injury/Illness -,"Harris, Tobias Questionable Injury/Illness - "
2025-12-06,"Jones, Isaac",Out,G,"Jones, Isaac Out G "
2025-12-06,"Klintman, Bobi",Out,Injury/Illness -,"Klintman, Bobi Out Injury/Illness - "
2025-12-06,"Moore Jr., Wendell",Out,G,"Moore Jr., Wendell Out G "
2025-12-06,"Sasser, Marcus",Probable,Injury/Illness -,"Sasser, Marcus Probable Injury/Illness - "
2025-12-06,"Smith, Tolu",Out,G,"Smith, Tolu Out G "
2025-12-06,"Beal, Bradley",Out,Injury/Illness -,"Beal, Bradley Out Injury/Illness - "
2025-12-06,"Bogdanovic, Bogdan",Probable,Injury/Illness -,"Bogdanovic, Bogdan Probable Injury/Illness - "
2025-12-06,"Jones Jr., Derrick",Out,Injury/Illness -,"Jones Jr., Derrick Out Injury/Illness - "
2025-12-06,"Miller, Jordan",Out,Injury/Illness -,"Miller, Jordan Out Injury/Illness - "
2025-12-06,"Paul, Chris",Out,Not,"Paul, Chris Out Not "
2025-12-06,"Freeman, Enrique",Out,G,"Freeman, Enrique Out G "
2025-12-06,"Zikarsky, Rocco",Out,G,"Zikarsky, Rocco Out G "
2025-12-06,"Cardwell, Dylan",Out,G,"Cardwell, Dylan Out G "
2025-12-06,"Plowden, Daeqwon",Out,G,"Plowden, Daeqwon Out G "
2025-12-06,"Sabonis, Domantas",Out,Injury/Illness -,"Sabonis, Domantas Out Injury/Illness - "
2025-12-06,"Schroder, Dennis",Out,Injury/Illness -,"Schroder, Dennis Out Injury/Illness - "
2025-12-06,"Stevens, Isaiah",Out,G,"Stevens, Isaiah Out G "
2025-12-06,"Gardner, Myron",Out,G,"Gardner, Myron Out G "
2025-12-06,"Goldin, Vladislav",Out,G,"Goldin, Vladislav Out G "
2025-12-06,"Herro, Tyler",Doubtful,Injury/Illness -,"Herro, Tyler Doubtful Injury/Illness - "
2025-12-06,"Jakucionis, Kasparas",Out,G,"Jakucionis, Kasparas Out G "
2025-12-06,"Jaquez Jr., Jaime",Available,Injury/Illness -,"Jaquez Jr., Jaime Available Injury/Illness - "
2025-12-06,"Jovic, Nikola",Available,Injury/Illness -,"Jovic, Nikola Available Injury/Illness - "
2025-12-06,"Larsson, Pelle",Questionable,Injury/Illness -,"Larsson, Pelle Questionable Injury/Illness - "
2025-12-06,"Mitchell, Davion",Questionable,Injury/Illness -,"Mitchell, Davion Questionable Injury/Illness - "
2025-12-06,"Powell, Norman",Probable,Injury/Illness -,"Powell, Norman Probable Injury/Illness - "
2025-12-06,"Rozier, Terry",Out,Not,"Rozier, Terry Out Not "
2025-12-06,"Wiggins, Andrew",Available,Injury/Illness -,"Wiggins, Andrew Available Injury/Illness - "
2025-12-06,"Adams, Steven",Out,Injury/Illness -,"Adams, Steven Out Injury/Illness - "
2025-12-06,"Eason, Tari",Out,Injury/Illness -,"Eason, Tari Out Injury/Illness - "
2025-12-06,"Smith, Dorian",Out,Injury/Illness -,"Smith, Dorian Out Injury/Illness - "
2025-12-06,"Sengun, Alperen",Doubtful,Injury/Illness -,"Sengun, Alperen Doubtful Injury/Illness - "
2025-12-06,"VanVleet, Fred",Out,Injury/Illness -,"VanVleet, Fred Out Injury/Illness - "
2025-12-06,"Exum, Dante",Out,Injury/Illness -,"Exum, Dante Out Injury/Illness - "
2025-12-06,"Flagg, Cooper",Available,Injury/Illness -,"Flagg, Cooper Available Injury/Illness - "
2025-12-06,"Gafford, Daniel",Doubtful,Injury/Illness -,"Gafford, Daniel Doubtful Injury/Illness - "
2025-12-06,"Irving, Kyrie",Out,Injury/Illness -,"Irving, Kyrie Out Injury/Illness - "
2025-12-06,"Lively II, Dereck",Out,Injury/Illness -,"Lively II, Dereck Out Injury/Illness - "
2025-12-06,"Thompson, Klay",Doubtful,Injury/Illness -,"Thompson, Klay Doubtful Injury/Illness - "
2025-12-06,"Harper Jr., Ron",Out,G,"Harper Jr., Ron Out G "
2025-12-06,"Shulga, Max",Out,G,"Shulga, Max Out G "
2025-12-06,"Tatum, Jayson",Out,Injury/Illness -,"Tatum, Jayson Out Injury/Illness - "
2025-12-06,"Williams, Amari",Out,G,"Williams, Amari Out G "
2025-12-06,"Barrett, RJ",Out,Injury/Illness -,"Barrett, RJ Out Injury/Illness - "
2025-12-06,"Battle, Jamison",Doubtful,Injury/Illness -,"Battle, Jamison Doubtful Injury/Illness - "
2025-12-06,"Quickley, Immanuel",Questionable,Injury/Illness -,"Quickley, Immanuel Questionable Injury/Illness - "
2025-12-06,"Bates, Tamar",Out,G,"Bates, Tamar Out G "
2025-12-06,"Braun, Christian",Out,Injury/Illness -,"Braun, Christian Out Injury/Illness - "
2025-12-06,"Gordon, Aaron",Out,Injury/Illness -,"Gordon, Aaron Out Injury/Illness - "
2025-12-06,"Holmes II, DaRon",Out,G,"Holmes II, DaRon Out G "
2025-12-06,"Strawther, Julian",Out,Injury/Illness -,"Strawther, Julian Out Injury/Illness - "
2025-12-06,"Ball, LaMelo",Out,Injury/Illness -,"Ball, LaMelo Out Injury/Illness - "
2025-12-06,"Connaughton, Pat",Out,Injury/Illness -,"Connaughton, Pat Out Injury/Illness - "
2025-12-06,"Diabate, Moussa",Questionable,Injury/Illness -,"Diabate, Moussa Questionable Injury/Illness - "
2025-12-06,"Green, Josh",Out,Injury/Illness -,"Green, Josh Out Injury/Illness - "
2025-12-06,"Mann, Tre",Out,Injury/Illness -,"Mann, Tre Out Injury/Illness - "
2025-12-06,"Sexton, Collin",Out,Injury/Illness -,"Sexton, Collin Out Injury/Illness - "
2025-12-06,"Williams, Grant",Out,Injury/Illness -,"Williams, Grant Out Injury/Illness - "
2025-12-06,"Collins, Zach",Probable,Injury/Illness -,"Collins, Zach Probable Injury/Illness - "
2025-12-06,"Dosunmu, Ayo",Questionable,Injury/Illness -,"Dosunmu, Ayo Questionable Injury/Illness - "
2025-12-06,"Essengue, Noa",Out,Injury/Illness -,"Essengue, Noa Out Injury/Illness - "
2025-12-06,"Huerter, Kevin",Out,Injury/Illness -,"Huerter, Kevin Out Injury/Illness - "
2025-12-06,"Jones, Tre",Doubtful,Injury/Illness -,"Jones, Tre Doubtful Injury/Illness - "
2025-12-06,"Okoro, Isaac",Doubtful,Injury/Illness -,"Okoro, Isaac Doubtful Injury/Illness - "
2025-12-06,"Smith, Jalen",Doubtful,Injury/Illness -,"Smith, Jalen Doubtful Injury/Illness - "
2025-12-06,"Terry, Dalen",Probable,Injury/Illness -,"Terry, Dalen Probable Injury/Illness - "
2025-12-06,"White, Coby",Probable,Injury/Illness -,"White, Coby Probable Injury/Illness - "
2025-12-06,"Williams, Patrick",Probable,Injury/Illness -,"Williams, Patrick Probable Injury/Illness - "
2025-12-06,"James, LeBron",Questionable,Injury/Illness -,"James, LeBron Questionable Injury/Illness - "
2025-12-06,"Smart, Marcus",Out,Injury/Illness -,"Smart, Marcus Out Injury/Illness - "
2025-12-06,"Broome, Johni",Questionable,G,"Broome, Johni Questionable G "
2025-12-06,"Embiid, Joel",Questionable,Injury/Illness -,"Embiid, Joel Questionable Injury/Illness - "
2025-12-06,"George, Paul",Questionable,Injury/Illness -,"George, Paul Questionable Injury/Illness - "
2025-12-06,"McCain, Jared",Available,Injury/Illness -,"McCain, Jared Available Injury/Illness - "
2025-12-06,"Oubre Jr., Kelly",Out,Injury/Illness -,"Oubre Jr., Kelly Out Injury/Illness - "
2025-12-06,"Sallis, Hunter",Questionable,G,"Sallis, Hunter Questionable G "
2025-12-06,"Watford, Trendon",Out,Injury/Illness -,"Watford, Trendon Out Injury/Illness - "
2025-12-06,"Cain, Jamal",Out,G,"Cain, Jamal Out G "
2025-12-06,"Castleton, Colin",Out,G,"Castleton, Colin Out G "
2025-12-06,"Robinson, Orlando",Out,G,"Robinson, Orlando Out G "
2025-12-06,"Wagner, Franz",Available,Injury/Illness -,"Wagner, Franz Available Injury/Illness - "
2025-12-06,"Wagner, Moritz",Out,Injury/Illness -,"Wagner, Moritz Out Injury/Illness - "
2025-12-06,"Dadiet, Pacome",Questionable,G,"Dadiet, Pacome Questionable G "
2025-12-06,"Evbuomwan, Tosan",Questionable,G,"Evbuomwan, Tosan Questionable G "
2025-12-06,"Jemison III, Trey",Questionable,G,"Jemison III, Trey Questionable G "
2025-12-06,"McCullar Jr., Kevin",Questionable,G,"McCullar Jr., Kevin Questionable G "
2025-12-06,"Shamet, Landry",Out,Injury/Illness -,"Shamet, Landry Out Injury/Illness - "
2025-12-06,"Towns, Karl- Anthony",Questionable,Injury/Illness -,"Towns, Karl- Anthony Questionable Injury/Illness - "
2025-12-07,"Harper Jr., Ron",Out,G,"Harper Jr., Ron Out G "
2025-12-07,"Shulga, Max",Out,G,"Shulga, Max Out G "
2025-12-07,"Tatum, Jayson",Out,Injury/Illness -,"Tatum, Jayson Out Injury/Illness - "
2025-12-07,"Williams, Amari",Out,G,"Williams, Amari Out G "
2025-12-07,"Barrett, RJ",Out,Injury/Illness -,"Barrett, RJ Out Injury/Illness - "
2025-12-07,"Battle, Jamison",Out,Injury/Illness -,"Battle, Jamison Out Injury/Illness - "
2025-12-07,"Quickley, Immanuel",Available,Injury/Illness -,"Quickley, Immanuel Available Injury/Illness - "
2025-12-07,"Bates, Tamar",Out,G,"Bates, Tamar Out G "
2025-12-07,"Braun, Christian",Out,Injury/Illness -,"Braun, Christian Out Injury/Illness - "
2025-12-07,"Gordon, Aaron",Out,Injury/Illness -,"Gordon, Aaron Out Injury/Illness - "
2025-12-07,"Holmes II, DaRon",Out,G,"Holmes II, DaRon Out G "
2025-12-07,"Strawther, Julian",Out,Injury/Illness -,"Strawther, Julian Out Injury/Illness - "
2025-12-07,"Ball, LaMelo",Out,Injury/Illness -,"Ball, LaMelo Out Injury/Illness - "
2025-12-07,"Connaughton, Pat",Out,Injury/Illness -,"Connaughton, Pat Out Injury/Illness - "
2025-12-07,"Diabate, Moussa",Out,Injury/Illness -,"Diabate, Moussa Out Injury/Illness - "
2025-12-07,"Green, Josh",Out,Injury/Illness -,"Green, Josh Out Injury/Illness - "
2025-12-07,"Mann, Tre",Out,Injury/Illness -,"Mann, Tre Out Injury/Illness - "
2025-12-07,"Sexton, Collin",Out,Injury/Illness -,"Sexton, Collin Out Injury/Illness - "
2025-12-07,"Williams, Grant",Out,Injury/Illness -,"Williams, Grant Out Injury/Illness - "
2025-12-07,"Clingan, Donovan",Out,Injury/Illness -,"Clingan, Donovan Out Injury/Illness - "
2025-12-07,"Henderson, Scoot",Out,Injury/Illness -,"Henderson, Scoot Out Injury/Illness - "
2025-12-07,"Holiday, Jrue",Out,Injury/Illness -,"Holiday, Jrue Out Injury/Illness - "
2025-12-07,"Lillard, Damian",Out,Injury/Illness -,"Lillard, Damian Out Injury/Illness - "
2025-12-07,"Thybulle, Matisse",Out,Injury/Illness -,"Thybulle, Matisse Out Injury/Illness - "
2025-12-07,"Wesley, Blake",Out,Injury/Illness -,"Wesley, Blake Out Injury/Illness - "
2025-12-07,"Williams III, Robert",Out,Injury/Illness -,"Williams III, Robert Out Injury/Illness - "
2025-12-07,"Clarke, Brandon",Out,Injury/Illness -,"Clarke, Brandon Out Injury/Illness - "
2025-12-07,"Jackson, GG",Out,G,"Jackson, GG Out G "
2025-12-07,"Jerome, Ty",Out,Injury/Illness -,"Jerome, Ty Out Injury/Illness - "
2025-12-07,"Morant, Ja",Out,Injury/Illness -,"Morant, Ja Out Injury/Illness - "
2025-12-07,"Pippen Jr., Scotty",Out,Injury/Illness -,"Pippen Jr., Scotty Out Injury/Illness - "
2025-12-07,"Small, Javon",Out,Injury/Illness -,"Small, Javon Out Injury/Illness - "
2025-12-07,"Butler III, Jimmy",Probable,Injury/Illness -,"Butler III, Jimmy Probable Injury/Illness - "
2025-12-07,"Curry, Seth",Probable,Injury/Illness -,"Curry, Seth Probable Injury/Illness - "
2025-12-07,"Curry, Stephen",Out,Injury/Illness -,"Curry, Stephen Out Injury/Illness - "
2025-12-07,"Green, Draymond",Out,Injury/Illness -,"Green, Draymond Out Injury/Illness - "
2025-12-07,"Horford, Al",Out,Injury/Illness -,"Horford, Al Out Injury/Illness - "
2025-12-07,"Toohey, Alex",Out,Injury/Illness -,"Toohey, Alex Out Injury/Illness - "
2025-12-07,"Collins, Zach",Probable,Injury/Illness -,"Collins, Zach Probable Injury/Illness - "
2025-12-07,"Dosunmu, Ayo",Questionable,Injury/Illness -,"Dosunmu, Ayo Questionable Injury/Illness - "
2025-12-07,"Essengue, Noa",Out,Injury/Illness -,"Essengue, Noa Out Injury/Illness - "
2025-12-07,"Huerter, Kevin",Out,Injury/Illness -,"Huerter, Kevin Out Injury/Illness - "
2025-12-07,"Jones, Tre",Out,Injury/Illness -,"Jones, Tre Out Injury/Illness - "
2025-12-07,"Okoro, Isaac",Out,Injury/Illness -,"Okoro, Isaac Out Injury/Illness - "
2025-12-07,"Smith, Jalen",Out,Injury/Illness -,"Smith, Jalen Out Injury/Illness - "
2025-12-07,"James, LeBron",Probable,Injury/Illness -,"James, LeBron Probable Injury/Illness - "
2025-12-07,"Smart, Marcus",Out,Injury/Illness -,"Smart, Marcus Out Injury/Illness - "
2025-12-07,"Embiid, Joel",Probable,Injury/Illness -,"Embiid, Joel Probable Injury/Illness - "
2025-12-07,"George, Paul",Probable,Injury/Illness -,"George, Paul Probable Injury/Illness - "
2025-12-07,"McCain, Jared",Available,Injury/Illness -,"McCain, Jared Available Injury/Illness - "
2025-12-07,"Oubre Jr., Kelly",Out,Injury/Illness -,"Oubre Jr., Kelly Out Injury/Illness - "
2025-12-07,"Watford, Trendon",Out,Injury/Illness -,"Watford, Trendon Out Injury/Illness - "
2025-12-07,"Carlson, Branden",Available,Injury/Illness -,"Carlson, Branden Available Injury/Illness - "
2025-12-07,"Caruso, Alex",Out,Injury/Illness -,"Caruso, Alex Out Injury/Illness - "
2025-12-07,"Dort, Luguentz",Out,Injury/Illness -,"Dort, Luguentz Out Injury/Illness - "
2025-12-07,"Alexander, Shai",Out,Injury/Illness -,"Alexander, Shai Out Injury/Illness - "
2025-12-07,"Hartenstein, Isaiah",Out,Injury/Illness -,"Hartenstein, Isaiah Out Injury/Illness - "
2025-12-07,"Joe, Isaiah",Out,Injury/Illness -,"Joe, Isaiah Out Injury/Illness - "
2025-12-07,"Sorber, Thomas",Out,Injury/Illness -,"Sorber, Thomas Out Injury/Illness - "
2025-12-07,"Topic, Nikola",Out,Injury/Illness -,"Topic, Nikola Out Injury/Illness - "
2025-12-07,"Youngblood, Chris",Probable,G,"Youngblood, Chris Probable G "
2025-12-07,"Harkless, Elijah",Out,G,"Harkless, Elijah Out G "
2025-12-07,"Kessler, Walker",Out,Injury/Illness -,"Kessler, Walker Out Injury/Illness - "
2025-12-07,"Markkanen, Lauri",Questionable,Injury/Illness -,"Markkanen, Lauri Questionable Injury/Illness - "
2025-12-07,"Niang, Georges",Out,Injury/Illness -,"Niang, Georges Out Injury/Illness - "
2025-12-07,"Tonje, John",Out,G,"Tonje, John Out G "
2025-12-07,"Cain, Jamal",Out,G,"Cain, Jamal Out G "
2025-12-07,"Castleton, Colin",Out,G,"Castleton, Colin Out G "
2025-12-07,"Robinson, Orlando",Out,G,"Robinson, Orlando Out G "
2025-12-07,"Wagner, Franz",Available,Injury/Illness -,"Wagner, Franz Available Injury/Illness - "
2025-12-07,"Wagner, Moritz",Out,Injury/Illness -,"Wagner, Moritz Out Injury/Illness - "
2025-12-07,"Dadiet, Pacome",Out,G,"Dadiet, Pacome Out G "
2025-12-07,"Evbuomwan, Tosan",Available,G,"Evbuomwan, Tosan Available G "
2025-12-07,"Jemison III, Trey",Out,G,"Jemison III, Trey Out G "
2025-12-07,"McCullar Jr., Kevin",Out,G,"McCullar Jr., Kevin Out G "
2025-12-07,"Shamet, Landry",Out,Injury/Illness -,"Shamet, Landry Out Injury/Illness - "
2025-12-07,"Towns, Karl- Anthony",Out,Injury/Illness -,"Towns, Karl- Anthony Out Injury/Illness - "
2025-12-07,"Cardwell, Dylan",Out,G,"Cardwell, Dylan Out G "
2025-12-07,"Carter, Devin",Out,G,"Carter, Devin Out G "
2025-12-07,"Murray, Keegan",Questionable,Injury/Illness -,"Murray, Keegan Questionable Injury/Illness - "
2025-12-07,"Plowden, Daeqwon",Out,G,"Plowden, Daeqwon Out G "
2025-12-07,"Sabonis, Domantas",Out,Injury/Illness -,"Sabonis, Domantas Out Injury/Illness - "
2025-12-07,"Schroder, Dennis",Questionable,Injury/Illness -,"Schroder, Dennis Questionable Injury/Illness - "
2025-12-07,"Stevens, Isaiah",Out,G,"Stevens, Isaiah Out G "
2025-12-07,"Haliburton, Tyrese",Out,Injury/Illness -,"Haliburton, Tyrese Out Injury/Illness - "
2025-12-07,"Jackson, Quenton",Out,Injury/Illness -,"Jackson, Quenton Out Injury/Illness - "
2025-12-07,"Jones, Kam",Out,Injury/Illness -,"Jones, Kam Out Injury/Illness - "
2025-12-07,"Nesmith, Aaron",Out,Injury/Illness -,"Nesmith, Aaron Out Injury/Illness - "
2025-12-07,"Sheppard, Ben",Out,Injury/Illness -,"Sheppard, Ben Out Injury/Illness - "
2025-12-07,"Toppin, Obi",Out,Injury/Illness -,"Toppin, Obi Out Injury/Illness - "
2025-12-07,"Freeman, Enrique",Out,G,"Freeman, Enrique Out G "
2025-12-07,"Zikarsky, Rocco",Out,G,"Zikarsky, Rocco Out G "
2025-12-07,"Castle, Stephon",Questionable,Injury/Illness -,"Castle, Stephon Questionable Injury/Illness - "
2025-12-07,"Ingram, Harrison",Out,G,"Ingram, Harrison Out G "
2025-12-07,"Kornet, Luke",Questionable,Injury/Illness -,"Kornet, Luke Questionable Injury/Illness - "
2025-12-07,"McLaughlin, Jordan",Out,Injury/Illness -,"McLaughlin, Jordan Out Injury/Illness - "
2025-12-07,"Minix, Riley",Out,G,"Minix, Riley Out G "
2025-12-07,"Wembanyama, Victor",Out,Injury/Illness -,"Wembanyama, Victor Out Injury/Illness - "
2025-12-07,"Dickinson, Hunter",Out,G,"Dickinson, Hunter Out G "
2025-12-07,"Jones, Herbert",Questionable,Injury/Illness -,"Jones, Herbert Questionable Injury/Illness - "
2025-12-07,"Murray, Dejounte",Out,Injury/Illness -,"Murray, Dejounte Out Injury/Illness - "
2025-12-07,"Poole, Jordan",Out,Injury/Illness -,"Poole, Jordan Out Injury/Illness - "
2025-12-07,"Williamson, Zion",Out,Injury/Illness -,"Williamson, Zion Out Injury/Illness - "
2025-12-08,"Cardwell, Dylan",Out,G,"Cardwell, Dylan Out G "
2025-12-08,"Carter, Devin",Out,G,"Carter, Devin Out G "
2025-12-08,"Plowden, Daeqwon",Out,G,"Plowden, Daeqwon Out G "
2025-12-08,"Sabonis, Domantas",Out,Injury/Illness -,"Sabonis, Domantas Out Injury/Illness - "
2025-12-08,"Schroder, Dennis",Out,Injury/Illness -,"Schroder, Dennis Out Injury/Illness - "
2025-12-08,"Stevens, Isaiah",Out,G,"Stevens, Isaiah Out G "
2025-12-08,"Haliburton, Tyrese",Out,Injury/Illness -,"Haliburton, Tyrese Out Injury/Illness - "
2025-12-08,"Jackson, Quenton",Out,Injury/Illness -,"Jackson, Quenton Out Injury/Illness - "
2025-12-08,"Jones, Kam",Out,Injury/Illness -,"Jones, Kam Out Injury/Illness - "
2025-12-08,"Nesmith, Aaron",Out,Injury/Illness -,"Nesmith, Aaron Out Injury/Illness - "
2025-12-08,"Sheppard, Ben",Out,Injury/Illness -,"Sheppard, Ben Out Injury/Illness - "
2025-12-08,"Toppin, Obi",Out,Injury/Illness -,"Toppin, Obi Out Injury/Illness - "
2025-12-08,"Booker, Devin",Out,Injury/Illness -,"Booker, Devin Out Injury/Illness - "
2025-12-08,"Brooks, Dillon",Questionable,Injury/Illness -,"Brooks, Dillon Questionable Injury/Illness - "
2025-12-08,"Green, Jalen",Out,Injury/Illness -,"Green, Jalen Out Injury/Illness - "
2025-12-08,"Livers, Isaiah",Out,Injury/Illness -,"Livers, Isaiah Out Injury/Illness - "
2025-12-08,"Edwards, Anthony",Questionable,Injury/Illness -,"Edwards, Anthony Questionable Injury/Illness - "
2025-12-08,"Freeman, Enrique",Available,Injury/Illness -,"Freeman, Enrique Available Injury/Illness - "
2025-12-08,"Shannon Jr., Terrence",Available,Injury/Illness -,"Shannon Jr., Terrence Available Injury/Illness - "
2025-12-08,"Zikarsky, Rocco",Out,G,"Zikarsky, Rocco Out G "
2025-12-08,"Castle, Stephon",Questionable,Injury/Illness -,"Castle, Stephon Questionable Injury/Illness - "
2025-12-08,"Ingram, Harrison",Out,G,"Ingram, Harrison Out G "
2025-12-08,"Kornet, Luke",Questionable,Injury/Illness -,"Kornet, Luke Questionable Injury/Illness - "
2025-12-08,"McLaughlin, Jordan",Out,Injury/Illness -,"McLaughlin, Jordan Out Injury/Illness - "
2025-12-08,"Minix, Riley",Out,G,"Minix, Riley Out G "
2025-12-08,"Wembanyama, Victor",Out,Injury/Illness -,"Wembanyama, Victor Out Injury/Illness - "
2025-12-08,"Dickinson, Hunter",Out,G,"Dickinson, Hunter Out G "
2025-12-08,"Jones, Herbert",Questionable,Injury/Illness -,"Jones, Herbert Questionable Injury/Illness - "
2025-12-08,"Murray, Dejounte",Out,Injury/Illness -,"Murray, Dejounte Out Injury/Illness - "
2025-12-08,"Poole, Jordan",Out,Injury/Illness -,"Poole, Jordan Out Injury/Illness - "
2025-12-08,"Williamson, Zion",Out,Injury/Illness -,"Williamson, Zion Out Injury/Illness - "
2025-12-08,"Goldin, Vladislav",Questionable,G,"Goldin, Vladislav Questionable G "
2025-12-08,"Herro, Tyler",Probable,Injury/Illness -,"Herro, Tyler Probable Injury/Illness - "
2025-12-08,"Larsson, Pelle",Probable,Injury/Illness -,"Larsson, Pelle Probable Injury/Illness - "
2025-12-08,"Mitchell, Davion",Probable,Injury/Illness -,"Mitchell, Davion Probable Injury/Illness - "
2025-12-08,"Rozier, Terry",Out,Not,"Rozier, Terry Out Not "
2025-12-08,"Smith, Dru",Questionable,Injury/Illness -,"Smith, Dru Questionable Injury/Illness - "
2025-12-08,"Cain, Jamal",Out,G,"Cain, Jamal Out G "
2025-12-08,"Castleton, Colin",Out,G,"Castleton, Colin Out G "
2025-12-08,"Robinson, Orlando",Out,G,"Robinson, Orlando Out G "
2025-12-08,"Wagner, Franz",Out,Injury/Illness -,"Wagner, Franz Out Injury/Illness - "
2025-12-08,"Wagner, Moritz",Out,Injury/Illness -,"Wagner, Moritz Out Injury/Illness - "
2025-12-08,"Dadiet, Pacome",Out,Injury/Illness -,"Dadiet, Pacome Out Injury/Illness - "
2025-12-08,"McBride, Miles",Out,Injury/Illness -,"McBride, Miles Out Injury/Illness - "
2025-12-08,"Shamet, Landry",Out,Injury/Illness -,"Shamet, Landry Out Injury/Illness - "
2025-12-08,"Towns, Karl- Anthony",Questionable,Injury/Illness -,"Towns, Karl- Anthony Questionable Injury/Illness - "
2025-12-08,"Barrett, RJ",Out,Injury/Illness -,"Barrett, RJ Out Injury/Illness - "
2025-12-08,"Battle, Jamison",Doubtful,Injury/Illness -,"Battle, Jamison Doubtful Injury/Illness - "
2025-12-08,"Shead, Jamal",Questionable,Injury/Illness -,"Shead, Jamal Questionable Injury/Illness - "
2025-12-09,"Goldin, Vladislav",Available,G,"Goldin, Vladislav Available G "
2025-12-09,"Herro, Tyler",Available,Injury/Illness -,"Herro, Tyler Available Injury/Illness - "
2025-12-09,"Larsson, Pelle",Available,Injury/Illness -,"Larsson, Pelle Available Injury/Illness - "
2025-12-09,"Mitchell, Davion",Available,Injury/Illness -,"Mitchell, Davion Available Injury/Illness - "
2025-12-09,"Rozier, Terry",Out,Not,"Rozier, Terry Out Not "
2025-12-09,"Smith, Dru",Available,Injury/Illness -,"Smith, Dru Available Injury/Illness - "
2025-12-09,"Cain, Jamal",Available,G,"Cain, Jamal Available G "
2025-12-09,"Castleton, Colin",Out,Injury/Illness -,"Castleton, Colin Out Injury/Illness - "
2025-12-09,"Robinson, Orlando",Available,G,"Robinson, Orlando Available G "
2025-12-09,"Wagner, Franz",Out,Injury/Illness -,"Wagner, Franz Out Injury/Illness - "
2025-12-09,"Wagner, Moritz",Out,Injury/Illness -,"Wagner, Moritz Out Injury/Illness - "
2025-12-09,"Dadiet, Pacome",Out,Injury/Illness -,"Dadiet, Pacome Out Injury/Illness - "
2025-12-09,"McBride, Miles",Out,Injury/Illness -,"McBride, Miles Out Injury/Illness - "
2025-12-09,"Shamet, Landry",Out,Injury/Illness -,"Shamet, Landry Out Injury/Illness - "
2025-12-09,"Towns, Karl- Anthony",Questionable,Injury/Illness -,"Towns, Karl- Anthony Questionable Injury/Illness - "
2025-12-09,"Barrett, RJ",Out,Injury/Illness -,"Barrett, RJ Out Injury/Illness - "
2025-12-09,"Battle, Jamison",Doubtful,Injury/Illness -,"Battle, Jamison Doubtful Injury/Illness - "
2025-12-09,"Quickley, Immanuel",Questionable,Injury/Illness -,"Quickley, Immanuel Questionable Injury/Illness - "
2025-12-09,"Shead, Jamal",Questionable,Injury/Illness -,"Shead, Jamal Questionable Injury/Illness - "
2025-12-10,"Booker, Devin",Questionable,Injury/Illness -,"Booker, Devin Questionable Injury/Illness - "
2025-12-10,"Green, Jalen",Out,Injury/Illness -,"Green, Jalen Out Injury/Illness - "
2025-12-10,"Livers, Isaiah",Out,Injury/Illness -,"Livers, Isaiah Out Injury/Illness - "
2025-12-10,"Hartenstein, Isaiah",Out,Injury/Illness -,"Hartenstein, Isaiah Out Injury/Illness - "
2025-12-10,"Joe, Isaiah",Out,Injury/Illness -,"Joe, Isaiah Out Injury/Illness - "
2025-12-10,"Sorber, Thomas",Out,Injury/Illness -,"Sorber, Thomas Out Injury/Illness - "
2025-12-10,"Topic, Nikola",Out,Injury/Illness -,"Topic, Nikola Out Injury/Illness - "
2025-12-10,"Bryant, Carter",Questionable,Injury/Illness - “” ,"Bryant, Carter Questionable Injury/Illness - “” ; "
2025-12-10,"Ingram, Harrison",Out,G,"Ingram, Harrison Out G "
2025-12-10,"Garcia, David",Out,G,"Garcia, David Out G "
2025-12-10,"McLaughlin, Jordan",Questionable,Injury/Illness -,"McLaughlin, Jordan Questionable Injury/Illness - "
2025-12-10,"Minix, Riley",Out,G,"Minix, Riley Out G "
2025-12-10,"Wembanyama, Victor",Out,Injury/Illness -,"Wembanyama, Victor Out Injury/Illness - "
2025-12-10,"Kleber, Maxi",Questionable,Injury/Illness -,"Kleber, Maxi Questionable Injury/Illness - "
2025-12-10,"Boucher, Chris",Out,Injury/Illness -,"Boucher, Chris Out Injury/Illness - "
2025-12-10,"Harper Jr., Ron",Out,Injury/Illness -,"Harper Jr., Ron Out Injury/Illness - "
2025-12-10,"Shulga, Max",Out,G,"Shulga, Max Out G "
2025-12-10,"Tatum, Jayson",Out,Injury/Illness -,"Tatum, Jayson Out Injury/Illness - "
2025-12-10,"Williams, Amari",Out,Injury/Illness -,"Williams, Amari Out Injury/Illness - "
2025-12-10,"Antetokounmpo, Alex",Out,G,"Antetokounmpo, Alex Out G "
2025-12-10,"Antetokounmpo, Giannis",Out,Injury/Illness -,"Antetokounmpo, Giannis Out Injury/Illness - "
2025-12-10,"Green, AJ",Questionable,Injury/Illness -,"Green, AJ Questionable Injury/Illness - "
2025-12-10,"Prince, Taurean",Out,Injury/Illness -,"Prince, Taurean Out Injury/Illness - "
2025-12-10,"Sears, Mark",Out,G,"Sears, Mark Out G "
2025-12-10,"Eason, Tari",Out,Injury/Illness -,"Eason, Tari Out Injury/Illness - "
2025-12-10,"Smith, Dorian",Out,Injury/Illness -,"Smith, Dorian Out Injury/Illness - "
2025-12-10,"VanVleet, Fred",Out,Injury/Illness -,"VanVleet, Fred Out Injury/Illness - "
2025-12-10,"Alexander, Trey",Out,G,"Alexander, Trey Out G "
2025-12-10,"Dickinson, Hunter",Out,G,"Dickinson, Hunter Out G "
2025-12-10,"Murray, Dejounte",Out,Injury/Illness -,"Murray, Dejounte Out Injury/Illness - "
2025-12-10,"Poole, Jordan",Questionable,Injury/Illness -,"Poole, Jordan Questionable Injury/Illness - "
2025-12-10,"Williamson, Zion",Out,Injury/Illness -,"Williamson, Zion Out Injury/Illness - "
2025-12-11,"Boucher, Chris",Out,Injury/Illness -,"Boucher, Chris Out Injury/Illness - "
2025-12-11,"Harper Jr., Ron",Out,Injury/Illness -,"Harper Jr., Ron Out Injury/Illness - "
2025-12-11,"Shulga, Max",Out,G,"Shulga, Max Out G "
2025-12-11,"Tatum, Jayson",Out,Injury/Illness -,"Tatum, Jayson Out Injury/Illness - "
2025-12-11,"Williams, Amari",Out,Injury/Illness -,"Williams, Amari Out Injury/Illness - "
2025-12-11,"Antetokounmpo, Alex",Out,G,"Antetokounmpo, Alex Out G "
2025-12-11,"Antetokounmpo, Giannis",Out,Injury/Illness -,"Antetokounmpo, Giannis Out Injury/Illness - "
2025-12-11,"Green, AJ",Questionable,Injury/Illness -,"Green, AJ Questionable Injury/Illness - "
2025-12-11,"Prince, Taurean",Out,Injury/Illness -,"Prince, Taurean Out Injury/Illness - "
2025-12-11,"Sears, Mark",Out,G,"Sears, Mark Out G "
2025-12-11,"Beal, Bradley",Out,Injury/Illness -,"Beal, Bradley Out Injury/Illness - "
2025-12-11,"Dennis, RayJ",Out,G,"Dennis, RayJ Out G "
2025-12-11,"Jones Jr., Derrick",Out,Injury/Illness -,"Jones Jr., Derrick Out Injury/Illness - "
2025-12-11,"Paul, Chris",Out,Not,"Paul, Chris Out Not "
2025-12-11,"Eason, Tari",Out,Injury/Illness -,"Eason, Tari Out Injury/Illness - "
2025-12-11,"Smith, Dorian",Out,Injury/Illness -,"Smith, Dorian Out Injury/Illness - "
2025-12-11,"VanVleet, Fred",Out,Injury/Illness -,"VanVleet, Fred Out Injury/Illness - "
2025-12-11,"Clingan, Donovan",Out,Injury/Illness -,"Clingan, Donovan Out Injury/Illness - "
2025-12-11,"Henderson, Scoot",Out,Injury/Illness -,"Henderson, Scoot Out Injury/Illness - "
2025-12-11,"Holiday, Jrue",Out,Injury/Illness -,"Holiday, Jrue Out Injury/Illness - "
2025-12-11,"Lillard, Damian",Out,Injury/Illness -,"Lillard, Damian Out Injury/Illness - "
2025-12-11,"Thybulle, Matisse",Out,Injury/Illness -,"Thybulle, Matisse Out Injury/Illness - "
2025-12-11,"Wesley, Blake",Out,Injury/Illness -,"Wesley, Blake Out Injury/Illness - "
2025-12-11,"Williams III, Robert",Questionable,Injury/Illness -,"Williams III, Robert Questionable Injury/Illness - "
2025-12-11,"Yang, Hansen",Questionable,Injury/Illness -,"Yang, Hansen Questionable Injury/Illness - "
2025-12-11,"Alexander, Trey",Out,G,"Alexander, Trey Out G "
2025-12-11,"Dickinson, Hunter",Out,G,"Dickinson, Hunter Out G "
2025-12-11,"Murray, Dejounte",Out,Injury/Illness -,"Murray, Dejounte Out Injury/Illness - "
2025-12-11,"Poole, Jordan",Questionable,Injury/Illness -,"Poole, Jordan Questionable Injury/Illness - "
2025-12-11,"Williamson, Zion",Out,Injury/Illness -,"Williamson, Zion Out Injury/Illness - "
2025-12-11,"Bates, Tamar",Out,G,"Bates, Tamar Out G "
2025-12-11,"Braun, Christian",Out,Injury/Illness -,"Braun, Christian Out Injury/Illness - "
2025-12-11,"Gordon, Aaron",Out,Injury/Illness -,"Gordon, Aaron Out Injury/Illness - "
2025-12-11,"Holmes II, DaRon",Out,G,"Holmes II, DaRon Out G "
2025-12-11,"Strawther, Julian",Out,Injury/Illness -,"Strawther, Julian Out Injury/Illness - "
2025-12-11,"Cardwell, Dylan",Out,G,"Cardwell, Dylan Out G "
2025-12-11,"LaVine, Zach",Out,Injury/Illness -,"LaVine, Zach Out Injury/Illness - "
2025-12-11,"Plowden, Daeqwon",Out,G,"Plowden, Daeqwon Out G "
2025-12-11,"Sabonis, Domantas",Out,Injury/Illness -,"Sabonis, Domantas Out Injury/Illness - "
2025-12-11,"Schroder, Dennis",Doubtful,Injury/Illness -,"Schroder, Dennis Doubtful Injury/Illness - "
2025-12-11,"Stevens, Isaiah",Out,G,"Stevens, Isaiah Out G "
2025-12-11,"Dante, N'Faly",Out,Concussion,"Dante, N'Faly Out Concussion "
2025-12-11,"Djurisic, Nikola",Out,G,"Djurisic, Nikola Out G "
2025-12-11,"Houstan, Caleb",Doubtful,G,"Houstan, Caleb Doubtful G "
2025-12-11,"Ndiaye, Eli John",Out,G,"Ndiaye, Eli John Out G "
2025-12-11,"Porzingis, Kristaps",Out,Injury/Illness -,"Porzingis, Kristaps Out Injury/Illness - "
2025-12-11,"Toppin, Jacob",Out,Injury/Illness -,"Toppin, Jacob Out Injury/Illness - "
2025-12-11,"Young, Trae",Out,Injury/Illness -,"Young, Trae Out Injury/Illness - "
2025-12-11,"Jones, Isaac",Out,Injury/Illness -,"Jones, Isaac Out Injury/Illness - "
2025-12-11,"Klintman, Bobi",Out,G,"Klintman, Bobi Out G "
2025-12-11,"Lanier, Chaz",Out,G,"Lanier, Chaz Out G "
2025-12-11,"Moore Jr., Wendell",Out,G,"Moore Jr., Wendell Out G "
2025-12-11,"Smith, Tolu",Out,G,"Smith, Tolu Out G "
2025-12-11,"Collins, Zach",Probable,Injury/Illness -,"Collins, Zach Probable Injury/Illness - "
2025-12-11,"Dosunmu, Ayo",Out,Injury/Illness -,"Dosunmu, Ayo Out Injury/Illness - "
2025-12-11,"Essengue, Noa",Out,Injury/Illness -,"Essengue, Noa Out Injury/Illness - "
2025-12-11,"Flowers, Trentyn",Out,G,"Flowers, Trentyn Out G "
2025-12-11,"Huerter, Kevin",Out,Injury/Illness -,"Huerter, Kevin Out Injury/Illness - "
2025-12-11,"Jones, Tre",Probable,Injury/Illness -,"Jones, Tre Probable Injury/Illness - "
2025-12-11,"Miller, Emanuel",Out,G,"Miller, Emanuel Out G "
2025-12-11,"Okoro, Isaac",Probable,Injury/Illness -,"Okoro, Isaac Probable Injury/Illness - "
2025-12-11,"Olbrich, Lachlan",Out,G,"Olbrich, Lachlan Out G "
2025-12-11,"Smith, Jalen",Probable,Injury/Illness -,"Smith, Jalen Probable Injury/Illness - "
2025-12-11,"Ball, LaMelo",Out,Injury/Illness -,"Ball, LaMelo Out Injury/Illness - "
2025-12-11,"Connaughton, Pat",Out,Injury/Illness -,"Connaughton, Pat Out Injury/Illness - "
2025-12-11,"Diabate, Moussa",Questionable,Injury/Illness -,"Diabate, Moussa Questionable Injury/Illness - "
2025-12-11,"Mann, Tre",Out,Injury/Illness -,"Mann, Tre Out Injury/Illness - "
2025-12-11,"McNeeley, Liam",Out,G,"McNeeley, Liam Out G "
2025-12-11,"Reeves, Antonio",Out,G,"Reeves, Antonio Out G "
2025-12-11,"Sexton, Collin",Out,Injury/Illness -,"Sexton, Collin Out Injury/Illness - "
2025-12-11,"Williams, Grant",Out,Injury/Illness -,"Williams, Grant Out Injury/Illness - "
2025-12-11,"Allen, Jarrett",Out,Injury/Illness -,"Allen, Jarrett Out Injury/Illness - "
2025-12-11,"Merrill, Sam",Out,Injury/Illness -,"Merrill, Sam Out Injury/Illness - "
2025-12-11,"Nance Jr., Larry",Out,Injury/Illness -,"Nance Jr., Larry Out Injury/Illness - "
2025-12-11,"Strus, Max",Out,Injury/Illness -,"Strus, Max Out Injury/Illness - "
2025-12-11,"Travers, Luke",Out,G,"Travers, Luke Out G "
2025-12-11,"Branham, Malaki",Questionable,Injury/Illness -,"Branham, Malaki Questionable Injury/Illness - "
2025-12-11,"Coulibaly, Bilal",Out,Injury/Illness -,"Coulibaly, Bilal Out Injury/Illness - "
2025-12-11,"Kispert, Corey",Out,Injury/Illness -,"Kispert, Corey Out Injury/Illness - "
2025-12-11,"Middleton, Khris",Out,Injury/Illness -,"Middleton, Khris Out Injury/Illness - "
2025-12-11,"Sarr, Alex",Out,Injury/Illness -,"Sarr, Alex Out Injury/Illness - "
2025-12-11,"Haliburton, Tyrese",Out,Injury/Illness -,"Haliburton, Tyrese Out Injury/Illness - "
2025-12-11,"Jackson, Quenton",Questionable,Injury/Illness -,"Jackson, Quenton Questionable Injury/Illness - "
2025-12-11,"Jones, Kam",Out,Injury/Illness -,"Jones, Kam Out Injury/Illness - "
2025-12-11,"Nesmith, Aaron",Out,Injury/Illness -,"Nesmith, Aaron Out Injury/Illness - "
2025-12-11,"Sheppard, Ben",Out,Injury/Illness -,"Sheppard, Ben Out Injury/Illness - "
2025-12-11,"Toppin, Obi",Out,Injury/Illness -,"Toppin, Obi Out Injury/Illness - "
2025-12-11,"Broome, Johni",Questionable,G,"Broome, Johni Questionable G "
2025-12-11,"Embiid, Joel",Probable,Injury/Illness -,"Embiid, Joel Probable Injury/Illness - "
2025-12-11,"Maxey, Tyrese",Probable,Injury/Illness -,"Maxey, Tyrese Probable Injury/Illness - "
2025-12-11,"McCain, Jared",Available,Injury/Illness -,"McCain, Jared Available Injury/Illness - "
2025-12-11,"Oubre Jr., Kelly",Out,Injury/Illness -,"Oubre Jr., Kelly Out Injury/Illness - "
2025-12-11,"Sallis, Hunter",Out,Injury/Illness -,"Sallis, Hunter Out Injury/Illness - "
2025-12-11,"Watford, Trendon",Out,Injury/Illness -,"Watford, Trendon Out Injury/Illness - "
2025-12-11,"Etienne, Tyson",Out,G,"Etienne, Tyson Out G "
2025-12-11,"Highsmith, Haywood",Out,Injury/Illness -,"Highsmith, Haywood Out Injury/Illness - "
2025-12-11,"Saraf, Ben",Out,G,"Saraf, Ben Out G "
2025-12-11,"Thomas, Cam",Out,Injury/Illness -,"Thomas, Cam Out Injury/Illness - "
2025-12-11,"Green, Draymond",Out,Personal,"Green, Draymond Out Personal "
2025-12-11,"Horford, Al",Out,Injury/Illness -,"Horford, Al Out Injury/Illness - "
2025-12-11,"Davis, Trayce",Probable,Injury/Illness -,"Davis, Trayce Probable Injury/Illness - "
2025-12-12,"Dante, N'Faly",Out,Concussion,"Dante, N'Faly Out Concussion "
2025-12-12,"Djurisic, Nikola",Out,G,"Djurisic, Nikola Out G "
2025-12-12,"Houstan, Caleb",Out,G,"Houstan, Caleb Out G "
2025-12-12,"Ndiaye, Eli John",Out,G,"Ndiaye, Eli John Out G "
2025-12-12,"Porzingis, Kristaps",Out,Injury/Illness -,"Porzingis, Kristaps Out Injury/Illness - "
2025-12-12,"Toppin, Jacob",Out,Injury/Illness -,"Toppin, Jacob Out Injury/Illness - "
2025-12-12,"Young, Trae",Out,Injury/Illness -,"Young, Trae Out Injury/Illness - "
2025-12-12,"Jones, Isaac",Out,Injury/Illness -,"Jones, Isaac Out Injury/Illness - "
2025-12-12,"Klintman, Bobi",Out,G,"Klintman, Bobi Out G "
2025-12-12,"Lanier, Chaz",Out,G,"Lanier, Chaz Out G "
2025-12-12,"Moore Jr., Wendell",Out,G,"Moore Jr., Wendell Out G "
2025-12-12,"Smith, Tolu",Out,G,"Smith, Tolu Out G "
2025-12-12,"Collins, Zach",Probable,Injury/Illness -,"Collins, Zach Probable Injury/Illness - "
2025-12-12,"Dosunmu, Ayo",Out,Injury/Illness -,"Dosunmu, Ayo Out Injury/Illness - "
2025-12-12,"Essengue, Noa",Out,Injury/Illness -,"Essengue, Noa Out Injury/Illness - "
2025-12-12,"Flowers, Trentyn",Out,G,"Flowers, Trentyn Out G "
2025-12-12,"Huerter, Kevin",Out,Injury/Illness -,"Huerter, Kevin Out Injury/Illness - "
2025-12-12,"Jones, Tre",Probable,Injury/Illness -,"Jones, Tre Probable Injury/Illness - "
2025-12-12,"Miller, Emanuel",Out,G,"Miller, Emanuel Out G "
2025-12-12,"Okoro, Isaac",Probable,Injury/Illness -,"Okoro, Isaac Probable Injury/Illness - "
2025-12-12,"Olbrich, Lachlan",Out,G,"Olbrich, Lachlan Out G "
2025-12-12,"Smith, Jalen",Probable,Injury/Illness -,"Smith, Jalen Probable Injury/Illness - "
2025-12-12,"White, Coby",Probable,Injury/Illness -,"White, Coby Probable Injury/Illness - "
2025-12-12,"Ball, LaMelo",Out,Injury/Illness -,"Ball, LaMelo Out Injury/Illness - "
2025-12-12,"Connaughton, Pat",Out,Injury/Illness -,"Connaughton, Pat Out Injury/Illness - "
2025-12-12,"Diabate, Moussa",Available,Injury/Illness -,"Diabate, Moussa Available Injury/Illness - "
2025-12-12,"Mann, Tre",Out,Injury/Illness -,"Mann, Tre Out Injury/Illness - "
2025-12-12,"McNeeley, Liam",Out,G,"McNeeley, Liam Out G "
2025-12-12,"Reeves, Antonio",Out,G,"Reeves, Antonio Out G "
2025-12-12,"Sexton, Collin",Out,Injury/Illness -,"Sexton, Collin Out Injury/Illness - "
2025-12-12,"Williams, Grant",Out,Injury/Illness -,"Williams, Grant Out Injury/Illness - "
2025-12-12,"Allen, Jarrett",Out,Injury/Illness -,"Allen, Jarrett Out Injury/Illness - "
2025-12-12,"Merrill, Sam",Out,Injury/Illness -,"Merrill, Sam Out Injury/Illness - "
2025-12-12,"Nance Jr., Larry",Out,Injury/Illness -,"Nance Jr., Larry Out Injury/Illness - "
2025-12-12,"Strus, Max",Out,Injury/Illness -,"Strus, Max Out Injury/Illness - "
2025-12-12,"Travers, Luke",Out,G,"Travers, Luke Out G "
2025-12-12,"Branham, Malaki",Out,Injury/Illness -,"Branham, Malaki Out Injury/Illness - "
2025-12-12,"Coulibaly, Bilal",Out,Injury/Illness -,"Coulibaly, Bilal Out Injury/Illness - "
2025-12-12,"Kispert, Corey",Out,Injury/Illness -,"Kispert, Corey Out Injury/Illness - "
2025-12-12,"Middleton, Khris",Out,Injury/Illness -,"Middleton, Khris Out Injury/Illness - "
2025-12-12,"Sarr, Alex",Out,Injury/Illness -,"Sarr, Alex Out Injury/Illness - "
2025-12-12,"Haliburton, Tyrese",Out,Injury/Illness -,"Haliburton, Tyrese Out Injury/Illness - "
2025-12-12,"Jackson, Quenton",Questionable,Injury/Illness -,"Jackson, Quenton Questionable Injury/Illness - "
2025-12-12,"Jones, Kam",Questionable,Injury/Illness -,"Jones, Kam Questionable Injury/Illness - "
2025-12-12,"Nesmith, Aaron",Out,Injury/Illness -,"Nesmith, Aaron Out Injury/Illness - "
2025-12-12,"Sheppard, Ben",Out,Injury/Illness -,"Sheppard, Ben Out Injury/Illness - "
2025-12-12,"Toppin, Obi",Out,Injury/Illness -,"Toppin, Obi Out Injury/Illness - "
2025-12-12,"Embiid, Joel",Probable,Injury/Illness -,"Embiid, Joel Probable Injury/Illness - "
2025-12-12,"Maxey, Tyrese",Out,Injury/Illness -,"Maxey, Tyrese Out Injury/Illness - "
2025-12-12,"McCain, Jared",Available,Injury/Illness -,"McCain, Jared Available Injury/Illness - "
2025-12-12,"Oubre Jr., Kelly",Out,Injury/Illness -,"Oubre Jr., Kelly Out Injury/Illness - "
2025-12-12,"Sallis, Hunter",Out,Injury/Illness -,"Sallis, Hunter Out Injury/Illness - "
2025-12-12,"Watford, Trendon",Out,Injury/Illness -,"Watford, Trendon Out Injury/Illness - "
2025-12-12,"Harkless, Elijah",Out,G,"Harkless, Elijah Out G "
2025-12-12,"Hendricks, Taylor",Out,G,"Hendricks, Taylor Out G "
2025-12-12,"Kessler, Walker",Out,Injury/Illness -,"Kessler, Walker Out Injury/Illness - "
2025-12-12,"Niang, Georges",Out,Injury/Illness -,"Niang, Georges Out Injury/Illness - "
2025-12-12,"Tonje, John",Out,G,"Tonje, John Out G "
2025-12-12,"Tshiebwe, Oscar",Out,G,"Tshiebwe, Oscar Out G "
2025-12-12,"Williams, Cody",Out,G,"Williams, Cody Out G "
2025-12-12,"Clarke, Brandon",Out,Injury/Illness -,"Clarke, Brandon Out Injury/Illness - "
2025-12-12,"Edey, Zach",Out,Injury/Illness -,"Edey, Zach Out Injury/Illness - "
2025-12-12,"Jackson, GG",Out,G,"Jackson, GG Out G "
2025-12-12,"Jerome, Ty",Out,Injury/Illness -,"Jerome, Ty Out Injury/Illness - "
2025-12-12,"Konchar, John",Out,Injury/Illness -,"Konchar, John Out Injury/Illness - "
2025-12-12,"Mashack, Jahmai",Questionable,G,"Mashack, Jahmai Questionable G "
2025-12-12,"Morant, Ja",Probable,Injury/Illness -,"Morant, Ja Probable Injury/Illness - "
2025-12-12,"Pippen Jr., Scotty",Out,Injury/Illness -,"Pippen Jr., Scotty Out Injury/Illness - "
2025-12-12,"Prosper, Olivier- Maxence",Questionable,G,"Prosper, Olivier- Maxence Questionable G "
2025-12-12,"Small, Javon",Out,Injury/Illness -,"Small, Javon Out Injury/Illness - "
2025-12-12,"Etienne, Tyson",Out,G,"Etienne, Tyson Out G "
2025-12-12,"Highsmith, Haywood",Out,Injury/Illness -,"Highsmith, Haywood Out Injury/Illness - "
2025-12-12,"Saraf, Ben",Out,G,"Saraf, Ben Out G "
2025-12-12,"Thomas, Cam",Out,Injury/Illness -,"Thomas, Cam Out Injury/Illness - "
2025-12-12,"Exum, Dante",Out,Injury/Illness -,"Exum, Dante Out Injury/Illness - "
2025-12-12,"Flagg, Cooper",Available,Injury/Illness -,"Flagg, Cooper Available Injury/Illness - "
2025-12-12,"Gafford, Daniel",Doubtful,Injury/Illness -,"Gafford, Daniel Doubtful Injury/Illness - "
2025-12-12,"Irving, Kyrie",Out,Injury/Illness -,"Irving, Kyrie Out Injury/Illness - "
2025-12-12,"Lively II, Dereck",Out,Injury/Illness -,"Lively II, Dereck Out Injury/Illness - "
2025-12-12,"Russell, D'Angelo",Questionable,Injury/Illness -,"Russell, D'Angelo Questionable Injury/Illness - "
2025-12-12,"Beringer, Joan",Out,G,"Beringer, Joan Out G "
2025-12-12,"Conley, Mike",Out,Injury/Illness -,"Conley, Mike Out Injury/Illness - "
2025-12-12,"Edwards, Anthony",Out,Injury/Illness -,"Edwards, Anthony Out Injury/Illness - "
2025-12-12,"Freeman, Enrique",Out,G,"Freeman, Enrique Out G "
2025-12-12,"Zikarsky, Rocco",Out,G,"Zikarsky, Rocco Out G "
2025-12-12,"Green, Draymond",Out,Personal,"Green, Draymond Out Personal "
2025-12-12,"Horford, Al",Out,Injury/Illness -,"Horford, Al Out Injury/Illness - "
2025-12-12,"Davis, Trayce",Probable,Injury/Illness -,"Davis, Trayce Probable Injury/Illness - "
2025-12-12,"Ingram, Harrison",Out,G,"Ingram, Harrison Out G "
2025-12-12,"Garcia, David",Questionable,G,"Garcia, David Questionable G "
2025-12-12,"Minix, Riley",Out,G,"Minix, Riley Out G "
2025-12-12,"Wembanyama, Victor",Probable,Injury/Illness -,"Wembanyama, Victor Probable Injury/Illness - "
2025-12-13,"Dadiet, Pacome",Available,Injury/Illness -,"Dadiet, Pacome Available Injury/Illness - "
2025-12-13,"McBride, Miles",Out,Injury/Illness -,"McBride, Miles Out Injury/Illness - "
2025-12-13,"Shamet, Landry",Out,Injury/Illness -,"Shamet, Landry Out Injury/Illness - "
2025-12-13,"Castleton, Colin",Out,Injury/Illness -,"Castleton, Colin Out Injury/Illness - "
2025-12-13,"Wagner, Franz",Out,Injury/Illness -,"Wagner, Franz Out Injury/Illness - "
2025-12-13,"Wagner, Moritz",Out,Injury/Illness -,"Wagner, Moritz Out Injury/Illness - "
2025-12-13,"Ingram, Harrison",Out,G,"Ingram, Harrison Out G "
2025-12-13,"Mangas, Kyle",Out,G,"Mangas, Kyle Out G "
2025-12-13,"Wembanyama, Victor",Probable,Injury/Illness -,"Wembanyama, Victor Probable Injury/Illness - "
2025-12-13,"Joe, Isaiah",Out,Injury/Illness -,"Joe, Isaiah Out Injury/Illness - "
2025-12-13,"Sorber, Thomas",Out,Injury/Illness -,"Sorber, Thomas Out Injury/Illness - "
2025-12-13,"Topic, Nikola",Out,Injury/Illness -,"Topic, Nikola Out Injury/Illness - "
2025-12-13,"Branham, Malaki",Out,Injury/Illness -,"Branham, Malaki Out Injury/Illness - "
2025-12-13,"Cooper, Sharife",Out,G,"Cooper, Sharife Out G "
2025-12-13,"Coulibaly, Bilal",Out,Injury/Illness -,"Coulibaly, Bilal Out Injury/Illness - "
2025-12-13,"Johnson, AJ",Out,G,"Johnson, AJ Out G "
2025-12-13,"Kispert, Corey",Out,Injury/Illness -,"Kispert, Corey Out Injury/Illness - "
2025-12-13,"Middleton, Khris",Out,Injury/Illness -,"Middleton, Khris Out Injury/Illness - "
2025-12-13,"Sarr, Alex",Out,Injury/Illness -,"Sarr, Alex Out Injury/Illness - "
2025-12-13,"Bradley, Tony",Questionable,Injury/Illness -,"Bradley, Tony Questionable Injury/Illness - "
2025-12-13,"Haliburton, Tyrese",Out,Injury/Illness -,"Haliburton, Tyrese Out Injury/Illness - "
2025-12-13,"Jones, Kam",Doubtful,G,"Jones, Kam Doubtful G "
2025-12-13,"Nembhard, Andrew",Questionable,Injury/Illness -,"Nembhard, Andrew Questionable Injury/Illness - "
2025-12-13,"Nesmith, Aaron",Out,Injury/Illness -,"Nesmith, Aaron Out Injury/Illness - "
2025-12-13,"Sheppard, Ben",Out,Injury/Illness -,"Sheppard, Ben Out Injury/Illness - "
2025-12-13,"Toppin, Obi",Out,Injury/Illness -,"Toppin, Obi Out Injury/Illness - "
2025-12-13,"Ball, LaMelo",Out,Injury/Illness -,"Ball, LaMelo Out Injury/Illness - "
2025-12-13,"Connaughton, Pat",Out,Injury/Illness -,"Connaughton, Pat Out Injury/Illness - "
2025-12-13,"Mann, Tre",Out,Injury/Illness -,"Mann, Tre Out Injury/Illness - "
2025-12-13,"McNeeley, Liam",Out,G,"McNeeley, Liam Out G "
2025-12-13,"Reeves, Antonio",Out,G,"Reeves, Antonio Out G "
2025-12-13,"Salaun, Tidjane",Questionable,Injury/Illness -,"Salaun, Tidjane Questionable Injury/Illness - "
2025-12-13,"Sexton, Collin",Out,Injury/Illness -,"Sexton, Collin Out Injury/Illness - "
2025-12-13,"Williams, Grant",Out,Injury/Illness -,"Williams, Grant Out Injury/Illness - "
2025-12-13,"Allen, Jarrett",Probable,Injury/Illness -,"Allen, Jarrett Probable Injury/Illness - "
2025-12-13,"Livingston, Chris",Out,G,"Livingston, Chris Out G "
2025-12-13,"Merrill, Sam",Out,Injury/Illness -,"Merrill, Sam Out Injury/Illness - "
2025-12-13,"Mobley, Evan",Out,Injury/Illness -,"Mobley, Evan Out Injury/Illness - "
2025-12-13,"Nance Jr., Larry",Out,Injury/Illness -,"Nance Jr., Larry Out Injury/Illness - "
2025-12-13,"Strus, Max",Out,Injury/Illness -,"Strus, Max Out Injury/Illness - "
2025-12-13,"Travers, Luke",Out,G,"Travers, Luke Out G "
2025-12-13,"Antetokounmpo, Alex",Out,G,"Antetokounmpo, Alex Out G "
2025-12-13,"Antetokounmpo, Giannis",Out,Injury/Illness -,"Antetokounmpo, Giannis Out Injury/Illness - "
2025-12-13,"Green, AJ",Out,Injury/Illness -,"Green, AJ Out Injury/Illness - "
2025-12-13,"Prince, Taurean",Out,Injury/Illness -,"Prince, Taurean Out Injury/Illness - "
2025-12-13,"Sears, Mark",Out,G,"Sears, Mark Out G "
2025-12-13,"Highsmith, Haywood",Out,Injury/Illness -,"Highsmith, Haywood Out Injury/Illness - "
2025-12-13,"Saraf, Ben",Out,Injury/Illness -,"Saraf, Ben Out Injury/Illness - "
2025-12-13,"Thomas, Cam",Out,Injury/Illness -,"Thomas, Cam Out Injury/Illness - "
2025-12-13,"Broome, Johni",Doubtful,G,"Broome, Johni Doubtful G "
2025-12-13,"Embiid, Joel",Questionable,Injury/Illness -,"Embiid, Joel Questionable Injury/Illness - "
2025-12-13,"Maxey, Tyrese",Doubtful,Injury/Illness -,"Maxey, Tyrese Doubtful Injury/Illness - "
2025-12-13,"McCain, Jared",Available,Injury/Illness -,"McCain, Jared Available Injury/Illness - "
2025-12-13,"Oubre Jr., Kelly",Out,Injury/Illness -,"Oubre Jr., Kelly Out Injury/Illness - "
2025-12-13,"Sallis, Hunter",Doubtful,G,"Sallis, Hunter Doubtful G "
2025-12-13,"Watford, Trendon",Out,Injury/Illness -,"Watford, Trendon Out Injury/Illness - "
2025-12-13,"Walker, Nickeil",Questionable,Injury/Illness -,"Walker, Nickeil Questionable Injury/Illness - "
2025-12-13,"Dante, N'Faly",Out,Concussion,"Dante, N'Faly Out Concussion "
2025-12-13,"Djurisic, Nikola",Out,G,"Djurisic, Nikola Out G "
2025-12-13,"Houstan, Caleb",Questionable,G,"Houstan, Caleb Questionable G "
2025-12-13,"Ndiaye, Eli John",Out,G,"Ndiaye, Eli John Out G "
2025-12-13,"Porzingis, Kristaps",Out,Injury/Illness -,"Porzingis, Kristaps Out Injury/Illness - "
2025-12-13,"Toppin, Jacob",Out,Injury/Illness -,"Toppin, Jacob Out Injury/Illness - "
2025-12-13,"Young, Trae",Out,Injury/Illness -,"Young, Trae Out Injury/Illness - "
2025-12-13,"Alexander, Trey",Out,G,"Alexander, Trey Out G "
2025-12-13,"Dickinson, Hunter",Out,G,"Dickinson, Hunter Out G "
2025-12-13,"Murray, Dejounte",Out,Injury/Illness -,"Murray, Dejounte Out Injury/Illness - "
2025-12-13,"Williamson, Zion",Questionable,Injury/Illness -,"Williamson, Zion Questionable Injury/Illness - "
2025-12-13,"Dosunmu, Ayo",Doubtful,Injury/Illness -,"Dosunmu, Ayo Doubtful Injury/Illness - "
2025-12-13,"Essengue, Noa",Out,Injury/Illness -,"Essengue, Noa Out Injury/Illness - "
2025-12-13,"Flowers, Trentyn",Out,G,"Flowers, Trentyn Out G "
2025-12-13,"Huerter, Kevin",Questionable,Injury/Illness -,"Huerter, Kevin Questionable Injury/Illness - "
2025-12-13,"Miller, Emanuel",Out,G,"Miller, Emanuel Out G "
2025-12-13,"Olbrich, Lachlan",Out,G,"Olbrich, Lachlan Out G "
2025-12-13,"Terry, Dalen",Probable,Injury/Illness -,"Terry, Dalen Probable Injury/Illness - "
2025-12-13,"White, Coby",Probable,Injury/Illness -,"White, Coby Probable Injury/Illness - "
2025-12-13,"Beringer, Joan",Out,G,"Beringer, Joan Out G "
2025-12-13,"Conley, Mike",Out,Injury/Illness -,"Conley, Mike Out Injury/Illness - "
2025-12-13,"Edwards, Anthony",Questionable,Injury/Illness -,"Edwards, Anthony Questionable Injury/Illness - "
2025-12-13,"Freeman, Enrique",Out,G,"Freeman, Enrique Out G "
2025-12-13,"Hyland, Bones",Questionable,Injury/Illness -,"Hyland, Bones Questionable Injury/Illness - "
2025-12-13,"Zikarsky, Rocco",Out,G,"Zikarsky, Rocco Out G "
2025-12-14,"Branham, Malaki",Out,Injury/Illness -,"Branham, Malaki Out Injury/Illness - "
2025-12-14,"Cooper, Sharife",Out,G,"Cooper, Sharife Out G "
2025-12-14,"Coulibaly, Bilal",Out,Injury/Illness -,"Coulibaly, Bilal Out Injury/Illness - "
2025-12-14,"Johnson, AJ",Out,G,"Johnson, AJ Out G "
2025-12-14,"Kispert, Corey",Out,Injury/Illness -,"Kispert, Corey Out Injury/Illness - "
2025-12-14,"Middleton, Khris",Out,Injury/Illness -,"Middleton, Khris Out Injury/Illness - "
2025-12-14,"Sarr, Alex",Out,Injury/Illness -,"Sarr, Alex Out Injury/Illness - "
2025-12-14,"Bradley, Tony",Available,Injury/Illness -,"Bradley, Tony Available Injury/Illness - "
2025-12-14,"Haliburton, Tyrese",Out,Injury/Illness -,"Haliburton, Tyrese Out Injury/Illness - "
2025-12-14,"Jones, Kam",Out,G,"Jones, Kam Out G "
2025-12-14,"Nembhard, Andrew",Available,Injury/Illness -,"Nembhard, Andrew Available Injury/Illness - "
2025-12-14,"Nesmith, Aaron",Out,Injury/Illness -,"Nesmith, Aaron Out Injury/Illness - "
2025-12-14,"Peter, Taelon",Out,G,"Peter, Taelon Out G "
2025-12-14,"Sheppard, Ben",Out,Injury/Illness -,"Sheppard, Ben Out Injury/Illness - "
2025-12-14,"Toppin, Obi",Out,Injury/Illness -,"Toppin, Obi Out Injury/Illness - "
2025-12-14,"Ball, LaMelo",Out,Injury/Illness -,"Ball, LaMelo Out Injury/Illness - "
2025-12-14,"Connaughton, Pat",Out,Injury/Illness -,"Connaughton, Pat Out Injury/Illness - "
2025-12-14,"Mann, Tre",Out,Injury/Illness -,"Mann, Tre Out Injury/Illness - "
2025-12-14,"McNeeley, Liam",Out,G,"McNeeley, Liam Out G "
2025-12-14,"Reeves, Antonio",Out,G,"Reeves, Antonio Out G "
2025-12-14,"Salaun, Tidjane",Available,Injury/Illness -,"Salaun, Tidjane Available Injury/Illness - "
2025-12-14,"Sexton, Collin",Out,Injury/Illness -,"Sexton, Collin Out Injury/Illness - "
2025-12-14,"Williams, Grant",Out,Injury/Illness -,"Williams, Grant Out Injury/Illness - "
2025-12-14,"Allen, Jarrett",Available,Injury/Illness -,"Allen, Jarrett Available Injury/Illness - "
2025-12-14,"Livingston, Chris",Out,G,"Livingston, Chris Out G "
2025-12-14,"Merrill, Sam",Out,Injury/Illness -,"Merrill, Sam Out Injury/Illness - "
2025-12-14,"Mobley, Evan",Out,Injury/Illness -,"Mobley, Evan Out Injury/Illness - "
2025-12-14,"Nance Jr., Larry",Out,Injury/Illness -,"Nance Jr., Larry Out Injury/Illness - "
2025-12-14,"Strus, Max",Out,Injury/Illness -,"Strus, Max Out Injury/Illness - "
2025-12-14,"Travers, Luke",Out,G,"Travers, Luke Out G "
2025-12-14,"Antetokounmpo, Alex",Out,G,"Antetokounmpo, Alex Out G "
2025-12-14,"Antetokounmpo, Giannis",Out,Injury/Illness -,"Antetokounmpo, Giannis Out Injury/Illness - "
2025-12-14,"Green, AJ",Out,Injury/Illness -,"Green, AJ Out Injury/Illness - "
2025-12-14,"Prince, Taurean",Out,Injury/Illness -,"Prince, Taurean Out Injury/Illness - "
2025-12-14,"Sears, Mark",Out,G,"Sears, Mark Out G "
2025-12-14,"Highsmith, Haywood",Out,Injury/Illness -,"Highsmith, Haywood Out Injury/Illness - "
2025-12-14,"Saraf, Ben",Out,Injury/Illness -,"Saraf, Ben Out Injury/Illness - "
2025-12-14,"Thomas, Cam",Out,Injury/Illness -,"Thomas, Cam Out Injury/Illness - "
2025-12-14,"Broome, Johni",Out,G,"Broome, Johni Out G "
2025-12-14,"Embiid, Joel",Available,Injury/Illness -,"Embiid, Joel Available Injury/Illness - "
2025-12-14,"Maxey, Tyrese",Out,Injury/Illness -,"Maxey, Tyrese Out Injury/Illness - "
2025-12-14,"McCain, Jared",Available,Injury/Illness -,"McCain, Jared Available Injury/Illness - "
2025-12-14,"Oubre Jr., Kelly",Out,Injury/Illness -,"Oubre Jr., Kelly Out Injury/Illness - "
2025-12-14,"Sallis, Hunter",Out,G,"Sallis, Hunter Out G "
2025-12-14,"Watford, Trendon",Out,Injury/Illness -,"Watford, Trendon Out Injury/Illness - "
2025-12-14,"Walker, Nickeil",Available,Injury/Illness -,"Walker, Nickeil Available Injury/Illness - "
2025-12-14,"Dante, N'Faly",Out,Concussion,"Dante, N'Faly Out Concussion "
2025-12-14,"Djurisic, Nikola",Out,G,"Djurisic, Nikola Out G "
2025-12-14,"Houstan, Caleb",Out,G,"Houstan, Caleb Out G "
2025-12-14,"Ndiaye, Eli John",Out,G,"Ndiaye, Eli John Out G "
2025-12-14,"Porzingis, Kristaps",Out,Injury/Illness -,"Porzingis, Kristaps Out Injury/Illness - "
2025-12-14,"Toppin, Jacob",Out,Injury/Illness -,"Toppin, Jacob Out Injury/Illness - "
2025-12-14,"Young, Trae",Out,Injury/Illness -,"Young, Trae Out Injury/Illness - "
2025-12-14,"Alexander, Trey",Out,G,"Alexander, Trey Out G "
2025-12-14,"Dickinson, Hunter",Out,G,"Dickinson, Hunter Out G "
2025-12-14,"Murray, Dejounte",Out,Injury/Illness -,"Murray, Dejounte Out Injury/Illness - "
2025-12-14,"Williamson, Zion",Questionable,Injury/Illness -,"Williamson, Zion Questionable Injury/Illness - "
2025-12-14,"Dosunmu, Ayo",Out,Injury/Illness -,"Dosunmu, Ayo Out Injury/Illness - "
2025-12-14,"Essengue, Noa",Out,Injury/Illness -,"Essengue, Noa Out Injury/Illness - "
2025-12-14,"Flowers, Trentyn",Out,G,"Flowers, Trentyn Out G "
2025-12-14,"Miller, Emanuel",Out,G,"Miller, Emanuel Out G "
2025-12-14,"Olbrich, Lachlan",Out,G,"Olbrich, Lachlan Out G "
2025-12-14,"Eubanks, Drew",Out,Injury/Illness -,"Eubanks, Drew Out Injury/Illness - "
2025-12-14,"Plowden, Daeqwon",Out,G,"Plowden, Daeqwon Out G "
2025-12-14,"Sabonis, Domantas",Out,Injury/Illness -,"Sabonis, Domantas Out Injury/Illness - "
2025-12-14,"Schroder, Dennis",Questionable,Injury/Illness -,"Schroder, Dennis Questionable Injury/Illness - "
2025-12-14,"Stevens, Isaiah",Out,G,"Stevens, Isaiah Out G "
2025-12-14,"Beringer, Joan",Out,G,"Beringer, Joan Out G "
2025-12-14,"Conley, Mike",Out,Injury/Illness -,"Conley, Mike Out Injury/Illness - "
2025-12-14,"Edwards, Anthony",Out,Injury/Illness -,"Edwards, Anthony Out Injury/Illness - "
2025-12-14,"Freeman, Enrique",Out,G,"Freeman, Enrique Out G "
2025-12-14,"Hyland, Bones",Available,Injury/Illness -,"Hyland, Bones Available Injury/Illness - "
2025-12-14,"Zikarsky, Rocco",Out,G,"Zikarsky, Rocco Out G "
2025-12-14,"James, Bronny",Out,G,"James, Bronny Out G "
2025-12-14,"Kleber, Maxi",Out,Injury/Illness -,"Kleber, Maxi Out Injury/Illness - "
2025-12-14,"Reaves, Austin",Out,Injury/Illness -,"Reaves, Austin Out Injury/Illness - "
2025-12-14,"Booker, Devin",Questionable,Injury/Illness -,"Booker, Devin Questionable Injury/Illness - "
2025-12-14,"Brooks, Dillon",Questionable,Injury/Illness -,"Brooks, Dillon Questionable Injury/Illness - "
2025-12-14,"Green, Jalen",Out,Injury/Illness -,"Green, Jalen Out Injury/Illness - "
2025-12-14,"Livers, Isaiah",Out,Injury/Illness -,"Livers, Isaiah Out Injury/Illness - "
2025-12-14,"Curry, Seth",Questionable,Injury/Illness -,"Curry, Seth Questionable Injury/Illness - "
2025-12-14,"Horford, Al",Out,Injury/Illness -,"Horford, Al Out Injury/Illness - "
2025-12-14,"Payton II, Gary",Questionable,Injury/Illness -,"Payton II, Gary Questionable Injury/Illness - "
2025-12-14,"Clingan, Donovan",Questionable,Injury/Illness -,"Clingan, Donovan Questionable Injury/Illness - "
2025-12-14,"Henderson, Scoot",Out,Injury/Illness -,"Henderson, Scoot Out Injury/Illness - "
2025-12-14,"Holiday, Jrue",Out,Injury/Illness -,"Holiday, Jrue Out Injury/Illness - "
2025-12-14,"Lillard, Damian",Out,Injury/Illness -,"Lillard, Damian Out Injury/Illness - "
2025-12-14,"Thybulle, Matisse",Out,Injury/Illness -,"Thybulle, Matisse Out Injury/Illness - "
2025-12-14,"Wesley, Blake",Out,Injury/Illness -,"Wesley, Blake Out Injury/Illness - "
2025-12-14,"Williams III, Robert",Questionable,Injury/Illness -,"Williams III, Robert Questionable Injury/Illness - "
2025-12-14,"Yang, Hansen",Questionable,Injury/Illness -,"Yang, Hansen Questionable Injury/Illness - "
2025-12-14,"Jones, Isaac",Out,G,"Jones, Isaac Out G "
2025-12-14,"Klintman, Bobi",Out,G,"Klintman, Bobi Out G "
2025-12-14,"Moore Jr., Wendell",Out,G,"Moore Jr., Wendell Out G "
2025-12-14,"Smith, Tolu",Out,G,"Smith, Tolu Out G "
2025-12-14,"Harper Jr., Ron",Out,G,"Harper Jr., Ron Out G "
2025-12-14,"Shulga, Max",Out,G,"Shulga, Max Out G "
2025-12-14,"Tatum, Jayson",Out,Injury/Illness -,"Tatum, Jayson Out Injury/Illness - "
2025-12-14,"Williams, Amari",Questionable,G,"Williams, Amari Questionable G "
2025-12-14,"Barrett, RJ",Out,Injury/Illness -,"Barrett, RJ Out Injury/Illness - "
2025-12-14,"Battle, Jamison",Probable,Injury/Illness -,"Battle, Jamison Probable Injury/Illness - "
2025-12-14,"Hepburn, Chucky",Out,G,"Hepburn, Chucky Out G "
2025-12-14,"Martin, Alijah",Out,G,"Martin, Alijah Out G "
2025-12-14,"Herro, Tyler",Available,Injury/Illness -,"Herro, Tyler Available Injury/Illness - "
2025-12-14,"Jakucionis, Kasparas",Probable,Injury/Illness -,"Jakucionis, Kasparas Probable Injury/Illness - "
2025-12-14,"Larsson, Pelle",Out,Injury/Illness -,"Larsson, Pelle Out Injury/Illness - "
2025-12-14,"Rozier, Terry",Out,Not,"Rozier, Terry Out Not "
2025-12-14,"Smith, Dru",Available,Injury/Illness -,"Smith, Dru Available Injury/Illness - "
2025-12-14,"Eason, Tari",Questionable,Injury/Illness -,"Eason, Tari Questionable Injury/Illness - "
2025-12-14,"Smith, Dorian",Out,Injury/Illness -,"Smith, Dorian Out Injury/Illness - "
2025-12-14,"VanVleet, Fred",Out,Injury/Illness -,"VanVleet, Fred Out Injury/Illness - "
2025-12-15,"Jones, Isaac",Out,G,"Jones, Isaac Out G "
2025-12-15,"Klintman, Bobi",Out,G,"Klintman, Bobi Out G "
2025-12-15,"Moore Jr., Wendell",Out,G,"Moore Jr., Wendell Out G "
2025-12-15,"Smith, Tolu",Out,G,"Smith, Tolu Out G "
2025-12-15,"Harper Jr., Ron",Out,G,"Harper Jr., Ron Out G "
2025-12-15,"Pritchard, Payton",Available,Injury/Illness -,"Pritchard, Payton Available Injury/Illness - "
2025-12-15,"Shulga, Max",Out,G,"Shulga, Max Out G "
2025-12-15,"Tatum, Jayson",Out,Injury/Illness -,"Tatum, Jayson Out Injury/Illness - "
2025-12-15,"Barrett, RJ",Out,Injury/Illness -,"Barrett, RJ Out Injury/Illness - "
2025-12-15,"Battle, Jamison",Probable,Injury/Illness -,"Battle, Jamison Probable Injury/Illness - "
2025-12-15,"Hepburn, Chucky",Out,G,"Hepburn, Chucky Out G "
2025-12-15,"Martin, Alijah",Out,G,"Martin, Alijah Out G "
2025-12-15,"Herro, Tyler",Available,Injury/Illness -,"Herro, Tyler Available Injury/Illness - "
2025-12-15,"Jakucionis, Kasparas",Probable,Injury/Illness -,"Jakucionis, Kasparas Probable Injury/Illness - "
2025-12-15,"Larsson, Pelle",Out,Injury/Illness -,"Larsson, Pelle Out Injury/Illness - "
2025-12-15,"Rozier, Terry",Out,Not,"Rozier, Terry Out Not "
2025-12-15,"Smith, Dru",Available,Injury/Illness -,"Smith, Dru Available Injury/Illness - "
2025-12-15,"Davis, Anthony",Questionable,Injury/Illness -,"Davis, Anthony Questionable Injury/Illness - "
2025-12-15,"Exum, Dante",Out,Injury/Illness -,"Exum, Dante Out Injury/Illness - "
2025-12-15,"Gafford, Daniel",Questionable,Injury/Illness -,"Gafford, Daniel Questionable Injury/Illness - "
2025-12-15,"Irving, Kyrie",Out,Injury/Illness -,"Irving, Kyrie Out Injury/Illness - "
2025-12-15,"Lively II, Dereck",Out,Injury/Illness -,"Lively II, Dereck Out Injury/Illness - "
2025-12-15,"Russell, D'Angelo",Out,Injury/Illness -,"Russell, D'Angelo Out Injury/Illness - "
2025-12-15,"Williams, Brandon",Questionable,Injury/Illness -,"Williams, Brandon Questionable Injury/Illness - "
2025-12-15,"Harkless, Elijah",Out,G,"Harkless, Elijah Out G "
2025-12-15,"Kessler, Walker",Out,Injury/Illness -,"Kessler, Walker Out Injury/Illness - "
2025-12-15,"Niang, Georges",Out,Injury/Illness -,"Niang, Georges Out Injury/Illness - "
2025-12-15,"Nurkic, Jusuf",Out,Rest,"Nurkic, Jusuf Out Rest "
2025-12-15,"Tonje, John",Out,G,"Tonje, John Out G "
2025-12-15,"Tshiebwe, Oscar",Available,G,"Tshiebwe, Oscar Available G "
2025-12-15,"Eason, Tari",Questionable,Injury/Illness -,"Eason, Tari Questionable Injury/Illness - "
2025-12-15,"Smith, Dorian",Out,Injury/Illness -,"Smith, Dorian Out Injury/Illness - "
2025-12-15,"VanVleet, Fred",Out,Injury/Illness -,"VanVleet, Fred Out Injury/Illness - "
2025-12-15,"Bates, Tamar",Out,G,"Bates, Tamar Out G "
2025-12-15,"Braun, Christian",Out,Injury/Illness -,"Braun, Christian Out Injury/Illness - "
2025-12-15,"Gordon, Aaron",Out,Injury/Illness -,"Gordon, Aaron Out Injury/Illness - "
2025-12-15,"Holmes II, DaRon",Out,G,"Holmes II, DaRon Out G "
2025-12-15,"Jones, Curtis",Out,G,"Jones, Curtis Out G "
2025-12-15,"Strawther, Julian",Questionable,Injury/Illness -,"Strawther, Julian Questionable Injury/Illness - "
2025-12-15,"Clarke, Brandon",Doubtful,Injury/Illness -,"Clarke, Brandon Doubtful Injury/Illness - "
2025-12-15,"Edey, Zach",Out,Injury/Illness -,"Edey, Zach Out Injury/Illness - "
2025-12-15,"Jackson, GG",Out,G,"Jackson, GG Out G "
2025-12-15,"Jerome, Ty",Out,Injury/Illness -,"Jerome, Ty Out Injury/Illness - "
2025-12-15,"Konchar, John",Out,Injury/Illness -,"Konchar, John Out Injury/Illness - "
2025-12-15,"Pippen Jr., Scotty",Out,Injury/Illness -,"Pippen Jr., Scotty Out Injury/Illness - "
2025-12-15,"Small, Javon",Out,Injury/Illness -,"Small, Javon Out Injury/Illness - "
2025-12-15,"Batum, Nicolas",Questionable,Injury/Illness -,"Batum, Nicolas Questionable Injury/Illness - "
2025-12-15,"Beal, Bradley",Out,Injury/Illness -,"Beal, Bradley Out Injury/Illness - "
2025-12-15,"Harden, James",Questionable,Injury/Illness -,"Harden, James Questionable Injury/Illness - "
2025-12-15,"Jones Jr., Derrick",Out,Injury/Illness -,"Jones Jr., Derrick Out Injury/Illness - "
2025-12-15,"Paul, Chris",Out,Not,"Paul, Chris Out Not "
2025-12-16,"Mangas, Kyle",Out,G,"Mangas, Kyle Out G "
2025-12-16,"McBride, Miles",Out,Injury/Illness -,"McBride, Miles Out Injury/Illness - "
2025-12-16,"Shamet, Landry",Out,Injury/Illness -,"Shamet, Landry Out Injury/Illness - "
2025-12-16,"Dosunmu, Ayo",Questionable,Injury/Illness -,"Dosunmu, Ayo Questionable Injury/Illness - "
2025-12-16,"Essengue, Noa",Out,Injury/Illness -,"Essengue, Noa Out Injury/Illness - "
2025-12-16,"Flowers, Trentyn",Out,G,"Flowers, Trentyn Out G "
2025-12-16,"Miller, Emanuel",Out,G,"Miller, Emanuel Out G "
2025-12-16,"Olbrich, Lachlan",Out,G,"Olbrich, Lachlan Out G "
2025-12-16,"Beringer, Joan",Out,G,"Beringer, Joan Out G "
2025-12-16,"Conley, Mike",Out,Injury/Illness -,"Conley, Mike Out Injury/Illness - "
2025-12-16,"Edwards, Anthony",Questionable,Injury/Illness -,"Edwards, Anthony Questionable Injury/Illness - "
2025-12-16,"Freeman, Enrique",Out,G,"Freeman, Enrique Out G "
2025-12-16,"Zikarsky, Rocco",Out,G,"Zikarsky, Rocco Out G "
2025-12-17,"Livingston, Chris",Out,G,"Livingston, Chris Out G "
2025-12-17,"Merrill, Sam",Out,Injury/Illness -,"Merrill, Sam Out Injury/Illness - "
2025-12-17,"Mobley, Evan",Out,Injury/Illness -,"Mobley, Evan Out Injury/Illness - "
2025-12-17,"Nance Jr., Larry",Out,Injury/Illness -,"Nance Jr., Larry Out Injury/Illness - "
2025-12-17,"Strus, Max",Out,Injury/Illness -,"Strus, Max Out Injury/Illness - "
2025-12-17,"Travers, Luke",Out,G,"Travers, Luke Out G "
2025-12-17,"Dosunmu, Ayo",Questionable,Injury/Illness -,"Dosunmu, Ayo Questionable Injury/Illness - "
2025-12-17,"Essengue, Noa",Out,Injury/Illness -,"Essengue, Noa Out Injury/Illness - "
2025-12-17,"Flowers, Trentyn",Out,G,"Flowers, Trentyn Out G "
2025-12-17,"Miller, Emanuel",Out,G,"Miller, Emanuel Out G "
2025-12-17,"Olbrich, Lachlan",Out,G,"Olbrich, Lachlan Out G "
2025-12-17,"Clarke, Brandon",Questionable,Injury/Illness -,"Clarke, Brandon Questionable Injury/Illness - "
2025-12-17,"Edey, Zach",Out,Injury/Illness -,"Edey, Zach Out Injury/Illness - "
2025-12-17,"Jackson, GG",Out,G,"Jackson, GG Out G "
2025-12-17,"Jerome, Ty",Out,Injury/Illness -,"Jerome, Ty Out Injury/Illness - "
2025-12-17,"Konchar, John",Out,Injury/Illness -,"Konchar, John Out Injury/Illness - "
2025-12-17,"Morant, Ja",Doubtful,Injury/Illness -,"Morant, Ja Doubtful Injury/Illness - "
2025-12-17,"Pippen Jr., Scotty",Out,Injury/Illness -,"Pippen Jr., Scotty Out Injury/Illness - "
2025-12-17,"Small, Javon",Out,Injury/Illness -,"Small, Javon Out Injury/Illness - "
2025-12-17,"Spencer, Cam",Out,Personal,"Spencer, Cam Out Personal "
2025-12-17,"Beringer, Joan",Out,G,"Beringer, Joan Out G "
2025-12-17,"Conley, Mike",Out,Injury/Illness -,"Conley, Mike Out Injury/Illness - "
2025-12-17,"Edwards, Anthony",Questionable,Injury/Illness -,"Edwards, Anthony Questionable Injury/Illness - "
2025-12-17,"Freeman, Enrique",Out,G,"Freeman, Enrique Out G "
2025-12-17,"Zikarsky, Rocco",Out,G,"Zikarsky, Rocco Out G "
2025-12-17,"Dante, N'Faly",Doubtful,G,"Dante, N'Faly Doubtful G "
2025-12-17,"Djurisic, Nikola",Out,G,"Djurisic, Nikola Out G "
2025-12-17,"Houstan, Caleb",Doubtful,G,"Houstan, Caleb Doubtful G "
2025-12-17,"Ndiaye, Eli John",Out,G,"Ndiaye, Eli John Out G "
2025-12-17,"Porzingis, Kristaps",Out,Injury/Illness -,"Porzingis, Kristaps Out Injury/Illness - "
2025-12-17,"Young, Trae",Questionable,Injury/Illness -,"Young, Trae Questionable Injury/Illness - "
2025-12-17,"Ball, LaMelo",Questionable,Injury/Illness -,"Ball, LaMelo Questionable Injury/Illness - "
2025-12-17,"Connaughton, Pat",Out,Injury/Illness -,"Connaughton, Pat Out Injury/Illness - "
2025-12-17,"Mann, Tre",Out,Injury/Illness -,"Mann, Tre Out Injury/Illness - "
2025-12-17,"McNeeley, Liam",Out,G,"McNeeley, Liam Out G "
2025-12-17,"Peterson, Drew",Out,G,"Peterson, Drew Out G "
2025-12-17,"Reeves, Antonio",Out,G,"Reeves, Antonio Out G "
2025-12-17,"Sexton, Collin",Out,Injury/Illness -,"Sexton, Collin Out Injury/Illness - "
2025-12-17,"Williams, Grant",Out,Injury/Illness -,"Williams, Grant Out Injury/Illness - "
2025-12-17,"Anunoby, OG",Questionable,Injury/Illness -,"Anunoby, OG Questionable Injury/Illness - "
2025-12-17,"Hart, Josh",Questionable,Injury/Illness -,"Hart, Josh Questionable Injury/Illness - "
2025-12-17,"McBride, Miles",Out,Injury/Illness -,"McBride, Miles Out Injury/Illness - "
2025-12-17,"Robinson, Mitchell",Questionable,Injury/Illness -,"Robinson, Mitchell Questionable Injury/Illness - "
2025-12-17,"Shamet, Landry",Out,Injury/Illness -,"Shamet, Landry Out Injury/Illness - "
2025-12-17,"Towns, Karl- Anthony",Questionable,Injury/Illness -,"Towns, Karl- Anthony Questionable Injury/Illness - "
2025-12-17,"Haliburton, Tyrese",Out,Injury/Illness -,"Haliburton, Tyrese Out Injury/Illness - "
2025-12-17,"Jones, Kam",Doubtful,G,"Jones, Kam Doubtful G "
2025-12-17,"Nesmith, Aaron",Out,Injury/Illness -,"Nesmith, Aaron Out Injury/Illness - "
2025-12-17,"Peter, Taelon",Doubtful,G,"Peter, Taelon Doubtful G "
2025-12-17,"Sheppard, Ben",Out,Injury/Illness -,"Sheppard, Ben Out Injury/Illness - "
2025-12-17,"Toppin, Obi",Out,Injury/Illness -,"Toppin, Obi Out Injury/Illness - "
2025-12-17,"Herro, Tyler",Out,Injury/Illness -,"Herro, Tyler Out Injury/Illness - "
2025-12-17,"Jakucionis, Kasparas",Available,Injury/Illness -,"Jakucionis, Kasparas Available Injury/Illness - "
2025-12-17,"Jovic, Nikola",Out,Injury/Illness -,"Jovic, Nikola Out Injury/Illness - "
2025-12-17,"Larsson, Pelle",Out,Injury/Illness -,"Larsson, Pelle Out Injury/Illness - "
2025-12-17,"Powell, Norman",Questionable,Injury/Illness -,"Powell, Norman Questionable Injury/Illness - "
2025-12-17,"Rozier, Terry",Out,Not,"Rozier, Terry Out Not "
2025-12-17,"Smith, Dru",Available,Injury/Illness -,"Smith, Dru Available Injury/Illness - "
2025-12-17,"Young, Jahmir",Out,G,"Young, Jahmir Out G "
2025-12-17,"Etienne, Tyson",Out,G,"Etienne, Tyson Out G "
2025-12-17,"Highsmith, Haywood",Out,Injury/Illness -,"Highsmith, Haywood Out Injury/Illness - "
2025-12-17,"Saraf, Ben",Out,G,"Saraf, Ben Out G "
2025-12-17,"Thomas, Cam",Out,Injury/Illness -,"Thomas, Cam Out Injury/Illness - "
2025-12-17,"Traore, Nolan",Out,G,"Traore, Nolan Out G "
2025-12-17,"Eason, Tari",Questionable,Injury/Illness -,"Eason, Tari Questionable Injury/Illness - "
2025-12-17,"Smith, Dorian",Out,Injury/Illness -,"Smith, Dorian Out Injury/Illness - "
2025-12-17,"VanVleet, Fred",Out,Injury/Illness -,"VanVleet, Fred Out Injury/Illness - "
2025-12-17,"Alexander, Trey",Out,G,"Alexander, Trey Out G "
2025-12-17,"Dickinson, Hunter",Out,G,"Dickinson, Hunter Out G "
2025-12-17,"Murray, Dejounte",Out,Injury/Illness -,"Murray, Dejounte Out Injury/Illness - "
2025-12-17,"Davis, Anthony",Questionable,Injury/Illness -,"Davis, Anthony Questionable Injury/Illness - "
2025-12-17,"Exum, Dante",Out,Injury/Illness -,"Exum, Dante Out Injury/Illness - "
2025-12-17,"Irving, Kyrie",Out,Injury/Illness -,"Irving, Kyrie Out Injury/Illness - "
2025-12-17,"Lively II, Dereck",Out,Injury/Illness -,"Lively II, Dereck Out Injury/Illness - "
2025-12-17,"Russell, D'Angelo",Questionable,Injury/Illness -,"Russell, D'Angelo Questionable Injury/Illness - "
2025-12-17,"Williams, Brandon",Questionable,Injury/Illness -,"Williams, Brandon Questionable Injury/Illness - "
2025-12-17,"Cain, Jamal",Out,G,"Cain, Jamal Out G "
2025-12-17,"Castleton, Colin",Out,G,"Castleton, Colin Out G "
2025-12-17,"Silva, Tristan",Questionable,Injury/Illness -,"Silva, Tristan Questionable Injury/Illness - "
2025-12-17,"Robinson, Orlando",Out,G,"Robinson, Orlando Out G "
2025-12-17,"Suggs, Jalen",Out,Injury/Illness -,"Suggs, Jalen Out Injury/Illness - "
2025-12-17,"Wagner, Franz",Out,Injury/Illness -,"Wagner, Franz Out Injury/Illness - "
2025-12-17,"Wagner, Moritz",Out,Injury/Illness -,"Wagner, Moritz Out Injury/Illness - "
2025-12-17,"Bates, Tamar",Out,G,"Bates, Tamar Out G "
2025-12-17,"Braun, Christian",Out,Injury/Illness -,"Braun, Christian Out Injury/Illness - "
2025-12-17,"Gordon, Aaron",Out,Injury/Illness -,"Gordon, Aaron Out Injury/Illness - "
2025-12-17,"Hardaway Jr., Tim",Questionable,Injury/Illness -,"Hardaway Jr., Tim Questionable Injury/Illness - "
2025-12-17,"Holmes II, DaRon",Out,G,"Holmes II, DaRon Out G "
2025-12-17,"Jones, Curtis",Out,G,"Jones, Curtis Out G "
2025-12-17,"Watson, Peyton",Questionable,Injury/Illness -,"Watson, Peyton Questionable Injury/Illness - "
2025-12-18,"Dante, N'Faly",Out,G,"Dante, N'Faly Out G "
2025-12-18,"Djurisic, Nikola",Out,G,"Djurisic, Nikola Out G "
2025-12-18,"Houstan, Caleb",Out,G,"Houstan, Caleb Out G "
2025-12-18,"Ndiaye, Eli John",Out,G,"Ndiaye, Eli John Out G "
2025-12-18,"Porzingis, Kristaps",Out,Injury/Illness -,"Porzingis, Kristaps Out Injury/Illness - "
2025-12-18,"Young, Trae",Available,Injury/Illness -,"Young, Trae Available Injury/Illness - "
2025-12-18,"Ball, LaMelo",Probable,Injury/Illness -,"Ball, LaMelo Probable Injury/Illness - "
2025-12-18,"Connaughton, Pat",Out,Injury/Illness -,"Connaughton, Pat Out Injury/Illness - "
2025-12-18,"Mann, Tre",Out,Injury/Illness -,"Mann, Tre Out Injury/Illness - "
2025-12-18,"McNeeley, Liam",Out,G,"McNeeley, Liam Out G "
2025-12-18,"Peterson, Drew",Out,G,"Peterson, Drew Out G "
2025-12-18,"Reeves, Antonio",Out,G,"Reeves, Antonio Out G "
2025-12-18,"Sexton, Collin",Out,Injury/Illness -,"Sexton, Collin Out Injury/Illness - "
2025-12-18,"Williams, Grant",Out,Injury/Illness -,"Williams, Grant Out Injury/Illness - "
2025-12-18,"Anunoby, OG",Available,Injury/Illness -,"Anunoby, OG Available Injury/Illness - "
2025-12-18,"Hart, Josh",Out,Injury/Illness -,"Hart, Josh Out Injury/Illness - "
2025-12-18,"McBride, Miles",Out,Injury/Illness -,"McBride, Miles Out Injury/Illness - "
2025-12-18,"Robinson, Mitchell",Out,Injury/Illness -,"Robinson, Mitchell Out Injury/Illness - "
2025-12-18,"Shamet, Landry",Out,Injury/Illness -,"Shamet, Landry Out Injury/Illness - "
2025-12-18,"Towns, Karl- Anthony",Out,Injury/Illness -,"Towns, Karl- Anthony Out Injury/Illness - "
2025-12-18,"Haliburton, Tyrese",Out,Injury/Illness -,"Haliburton, Tyrese Out Injury/Illness - "
2025-12-18,"Jones, Kam",Doubtful,G,"Jones, Kam Doubtful G "
2025-12-18,"Nesmith, Aaron",Out,Injury/Illness -,"Nesmith, Aaron Out Injury/Illness - "
2025-12-18,"Peter, Taelon",Doubtful,G,"Peter, Taelon Doubtful G "
2025-12-18,"Sheppard, Ben",Out,Injury/Illness -,"Sheppard, Ben Out Injury/Illness - "
2025-12-18,"Toppin, Obi",Out,Injury/Illness -,"Toppin, Obi Out Injury/Illness - "
2025-12-18,"Herro, Tyler",Out,Injury/Illness -,"Herro, Tyler Out Injury/Illness - "
2025-12-18,"Jakucionis, Kasparas",Available,Injury/Illness -,"Jakucionis, Kasparas Available Injury/Illness - "
2025-12-18,"Jovic, Nikola",Out,Injury/Illness -,"Jovic, Nikola Out Injury/Illness - "
2025-12-18,"Larsson, Pelle",Out,Injury/Illness -,"Larsson, Pelle Out Injury/Illness - "
2025-12-18,"Powell, Norman",Available,Injury/Illness -,"Powell, Norman Available Injury/Illness - "
2025-12-18,"Rozier, Terry",Out,Not,"Rozier, Terry Out Not "
2025-12-18,"Smith, Dru",Available,Injury/Illness -,"Smith, Dru Available Injury/Illness - "
2025-12-18,"Young, Jahmir",Out,G,"Young, Jahmir Out G "
2025-12-18,"Etienne, Tyson",Out,G,"Etienne, Tyson Out G "
2025-12-18,"Highsmith, Haywood",Out,Injury/Illness -,"Highsmith, Haywood Out Injury/Illness - "
2025-12-18,"Saraf, Ben",Out,G,"Saraf, Ben Out G "
2025-12-18,"Thomas, Cam",Out,Injury/Illness -,"Thomas, Cam Out Injury/Illness - "
2025-12-18,"Traore, Nolan",Out,G,"Traore, Nolan Out G "
2025-12-18,"Eason, Tari",Questionable,Injury/Illness -,"Eason, Tari Questionable Injury/Illness - "
2025-12-18,"Smith, Dorian",Out,Injury/Illness -,"Smith, Dorian Out Injury/Illness - "
2025-12-18,"VanVleet, Fred",Out,Injury/Illness -,"VanVleet, Fred Out Injury/Illness - "
2025-12-18,"Alexander, Trey",Out,G,"Alexander, Trey Out G "
2025-12-18,"Dickinson, Hunter",Out,G,"Dickinson, Hunter Out G "
2025-12-18,"Murray, Dejounte",Out,Injury/Illness -,"Murray, Dejounte Out Injury/Illness - "
2025-12-18,"Beal, Bradley",Out,Injury/Illness -,"Beal, Bradley Out Injury/Illness - "
2025-12-18,"Christie, Cam",Questionable,Injury/Illness -,"Christie, Cam Questionable Injury/Illness - "
2025-12-18,"Harden, James",Out,Injury/Illness -,"Harden, James Out Injury/Illness - "
2025-12-18,"Jones Jr., Derrick",Out,Injury/Illness -,"Jones Jr., Derrick Out Injury/Illness - "
2025-12-18,"Niederhauser, Yanic Konan",Out,Injury/Illness -,"Niederhauser, Yanic Konan Out Injury/Illness - "
2025-12-18,"Paul, Chris",Out,Not,"Paul, Chris Out Not "
2025-12-18,"Hartenstein, Isaiah",Out,Injury/Illness -,"Hartenstein, Isaiah Out Injury/Illness - "
2025-12-18,"Sorber, Thomas",Out,Injury/Illness -,"Sorber, Thomas Out Injury/Illness - "
2025-12-18,"Topic, Nikola",Out,Injury/Illness -,"Topic, Nikola Out Injury/Illness - "
2025-12-18,"Williams, Jaylin",Out,Injury/Illness -,"Williams, Jaylin Out Injury/Illness - "
2025-12-18,"Barrett, RJ",Out,Injury/Illness -,"Barrett, RJ Out Injury/Illness - "
2025-12-18,"Hepburn, Chucky",Out,G,"Hepburn, Chucky Out G "
2025-12-18,"Martin, Alijah",Out,G,"Martin, Alijah Out G "
2025-12-18,"Mogbo, Jonathan",Out,G,"Mogbo, Jonathan Out G "
2025-12-18,"Poeltl, Jakob",Questionable,Injury/Illness -,"Poeltl, Jakob Questionable Injury/Illness - "
2025-12-18,"Antetokounmpo, Alex",Out,G,"Antetokounmpo, Alex Out G "
2025-12-18,"Antetokounmpo, Giannis",Out,Injury/Illness -,"Antetokounmpo, Giannis Out Injury/Illness - "
2025-12-18,"Anthony, Cole",Questionable,Injury/Illness -,"Anthony, Cole Questionable Injury/Illness - "
2025-12-18,"Green, AJ",Questionable,Injury/Illness -,"Green, AJ Questionable Injury/Illness - "
2025-12-18,"Kuzma, Kyle",Questionable,Injury/Illness -,"Kuzma, Kyle Questionable Injury/Illness - "
2025-12-18,"Prince, Taurean",Out,Injury/Illness -,"Prince, Taurean Out Injury/Illness - "
2025-12-18,"Branham, Malaki",Out,Injury/Illness -,"Branham, Malaki Out Injury/Illness - "
2025-12-18,"Kispert, Corey",Out,Injury/Illness -,"Kispert, Corey Out Injury/Illness - "
2025-12-18,"Middleton, Khris",Out,Injury/Illness -,"Middleton, Khris Out Injury/Illness - "
2025-12-18,"Ingram, Harrison",Out,G,"Ingram, Harrison Out G "
2025-12-18,"Garcia, David",Out,G,"Garcia, David Out G "
2025-12-18,"Mangas, Kyle",Out,G,"Mangas, Kyle Out G "
2025-12-18,"Jones, Isaac",Out,G,"Jones, Isaac Out G "
2025-12-18,"Klintman, Bobi",Out,G,"Klintman, Bobi Out G "
2025-12-18,"Lanier, Chaz",Out,G,"Lanier, Chaz Out G "
2025-12-18,"Moore Jr., Wendell",Out,G,"Moore Jr., Wendell Out G "
2025-12-18,"Smith, Tolu",Out,G,"Smith, Tolu Out G "
2025-12-18,"Davis, Anthony",Questionable,Injury/Illness -,"Davis, Anthony Questionable Injury/Illness - "
2025-12-18,"Exum, Dante",Out,Injury/Illness -,"Exum, Dante Out Injury/Illness - "
2025-12-18,"Irving, Kyrie",Out,Injury/Illness -,"Irving, Kyrie Out Injury/Illness - "
2025-12-18,"Lively II, Dereck",Out,Injury/Illness -,"Lively II, Dereck Out Injury/Illness - "
2025-12-18,"Marshall, Naji",Questionable,Injury/Illness -,"Marshall, Naji Questionable Injury/Illness - "
2025-12-18,"Russell, D'Angelo",Questionable,Injury/Illness -,"Russell, D'Angelo Questionable Injury/Illness - "
2025-12-18,"Williams, Brandon",Questionable,Injury/Illness -,"Williams, Brandon Questionable Injury/Illness - "
2025-12-18,"Curry, Seth",Questionable,Injury/Illness -,"Curry, Seth Questionable Injury/Illness - "
2025-12-18,"Horford, Al",Out,Injury/Illness -,"Horford, Al Out Injury/Illness - "
2025-12-18,"Spencer, Pat",Out,Personal,"Spencer, Pat Out Personal "
2025-12-18,"Allen, Grayson",Questionable,Injury/Illness -,"Allen, Grayson Questionable Injury/Illness - "
2025-12-18,"Brea, Koby",Out,G,"Brea, Koby Out G "
2025-12-18,"Goodwin, Jordan",Available,Injury/Illness -,"Goodwin, Jordan Available Injury/Illness - "
2025-12-18,"Green, Jalen",Out,Injury/Illness -,"Green, Jalen Out Injury/Illness - "
2025-12-18,"Livers, Isaiah",Questionable,Injury/Illness -,"Livers, Isaiah Questionable Injury/Illness - "
2025-12-18,"Ayton, Deandre",Out,Injury/Illness -,"Ayton, Deandre Out Injury/Illness - "
2025-12-18,"James, Bronny",Out,G,"James, Bronny Out G "
2025-12-18,"Kleber, Maxi",Available,Injury/Illness -,"Kleber, Maxi Available Injury/Illness - "
2025-12-18,"Reaves, Austin",Out,Injury/Illness -,"Reaves, Austin Out Injury/Illness - "
2025-12-18,"Vincent, Gabe",Out,Injury/Illness -,"Vincent, Gabe Out Injury/Illness - "
2025-12-18,"Harkless, Elijah",Out,G,"Harkless, Elijah Out G "
2025-12-18,"Kessler, Walker",Out,Injury/Illness -,"Kessler, Walker Out Injury/Illness - "
2025-12-18,"Markkanen, Lauri",Out,Injury/Illness -,"Markkanen, Lauri Out Injury/Illness - "
2025-12-18,"Niang, Georges",Out,Injury/Illness -,"Niang, Georges Out Injury/Illness - "
2025-12-18,"Tonje, John",Out,G,"Tonje, John Out G "
2025-12-18,"Tshiebwe, Oscar",Out,G,"Tshiebwe, Oscar Out G "
2025-12-18,"Cain, Jamal",Out,G,"Cain, Jamal Out G "
2025-12-18,"Castleton, Colin",Out,G,"Castleton, Colin Out G "
2025-12-18,"Silva, Tristan",Questionable,Injury/Illness -,"Silva, Tristan Questionable Injury/Illness - "
2025-12-18,"Isaac, Jonathan",Questionable,Injury/Illness -,"Isaac, Jonathan Questionable Injury/Illness - "
2025-12-18,"Robinson, Orlando",Out,G,"Robinson, Orlando Out G "
2025-12-18,"Suggs, Jalen",Out,Injury/Illness -,"Suggs, Jalen Out Injury/Illness - "
2025-12-18,"Wagner, Franz",Out,Injury/Illness -,"Wagner, Franz Out Injury/Illness - "
2025-12-18,"Wagner, Moritz",Out,Injury/Illness -,"Wagner, Moritz Out Injury/Illness - "
2025-12-18,"Bates, Tamar",Out,G,"Bates, Tamar Out G "
2025-12-18,"Braun, Christian",Out,Injury/Illness -,"Braun, Christian Out Injury/Illness - "
2025-12-18,"Gordon, Aaron",Out,Injury/Illness -,"Gordon, Aaron Out Injury/Illness - "
2025-12-18,"Hardaway Jr., Tim",Questionable,Injury/Illness -,"Hardaway Jr., Tim Questionable Injury/Illness - "
2025-12-18,"Holmes II, DaRon",Out,G,"Holmes II, DaRon Out G "
2025-12-18,"Jones, Curtis",Out,G,"Jones, Curtis Out G "
2025-12-18,"Watson, Peyton",Questionable,Injury/Illness -,"Watson, Peyton Questionable Injury/Illness - "
2025-12-18,"Carter, Devin",Out,G,"Carter, Devin Out G "
2025-12-18,"Eubanks, Drew",Out,Injury/Illness -,"Eubanks, Drew Out Injury/Illness - "
2025-12-18,"LaVine, Zach",Out,Injury/Illness -,"LaVine, Zach Out Injury/Illness - "
2025-12-18,"Plowden, Daeqwon",Out,G,"Plowden, Daeqwon Out G "
2025-12-18,"Sabonis, Domantas",Out,Injury/Illness -,"Sabonis, Domantas Out Injury/Illness - "
2025-12-18,"Schroder, Dennis",Questionable,Injury/Illness -,"Schroder, Dennis Questionable Injury/Illness - "
2025-12-18,"Stevens, Isaiah",Out,G,"Stevens, Isaiah Out G "
2025-12-18,"Cooke, Javonte",Out,G,"Cooke, Javonte Out G "
2025-12-18,"Henderson, Scoot",Out,Injury/Illness -,"Henderson, Scoot Out Injury/Illness - "
2025-12-18,"Holiday, Jrue",Out,Injury/Illness -,"Holiday, Jrue Out Injury/Illness - "
2025-12-18,"Lillard, Damian",Out,Injury/Illness -,"Lillard, Damian Out Injury/Illness - "
2025-12-18,"Thybulle, Matisse",Out,Injury/Illness -,"Thybulle, Matisse Out Injury/Illness - "
2025-12-18,"Wesley, Blake",Out,Injury/Illness -,"Wesley, Blake Out Injury/Illness - "
2025-12-18,"Harper Jr., Ron",Out,G,"Harper Jr., Ron Out G "
2025-12-18,"Hauser, Sam",Probable,Injury/Illness -,"Hauser, Sam Probable Injury/Illness - "
2025-12-18,"Minott, Josh",Probable,Injury/Illness -,"Minott, Josh Probable Injury/Illness - "
2025-12-18,"Shulga, Max",Out,G,"Shulga, Max Out G "
2025-12-18,"Tatum, Jayson",Out,Injury/Illness -,"Tatum, Jayson Out Injury/Illness - "
2025-12-18,"Williams, Amari",Out,G,"Williams, Amari Out G "
2025-12-18,"Broome, Johni",Doubtful,G,"Broome, Johni Doubtful G "
2025-12-18,"Embiid, Joel",Questionable,Injury/Illness -,"Embiid, Joel Questionable Injury/Illness - "
2025-12-18,"McCain, Jared",Available,Injury/Illness -,"McCain, Jared Available Injury/Illness - "
2025-12-18,"Oubre Jr., Kelly",Out,Injury/Illness -,"Oubre Jr., Kelly Out Injury/Illness - "
2025-12-18,"Sallis, Hunter",Doubtful,G,"Sallis, Hunter Doubtful G "
2025-12-18,"Watford, Trendon",Out,Injury/Illness -,"Watford, Trendon Out Injury/Illness - "
2025-12-18,"Collins, Zach",Probable,Injury/Illness -,"Collins, Zach Probable Injury/Illness - "
2025-12-18,"Dosunmu, Ayo",Questionable,Injury/Illness -,"Dosunmu, Ayo Questionable Injury/Illness - "
2025-12-18,"Essengue, Noa",Out,Injury/Illness -,"Essengue, Noa Out Injury/Illness - "
2025-12-18,"Flowers, Trentyn",Out,G,"Flowers, Trentyn Out G "
2025-12-18,"Jones, Tre",Questionable,Injury/Illness -,"Jones, Tre Questionable Injury/Illness - "
2025-12-18,"Miller, Emanuel",Out,G,"Miller, Emanuel Out G "
2025-12-18,"Olbrich, Lachlan",Out,G,"Olbrich, Lachlan Out G "
2025-12-18,"Livingston, Chris",Out,G,"Livingston, Chris Out G "
2025-12-18,"Merrill, Sam",Out,Injury/Illness -,"Merrill, Sam Out Injury/Illness - "
2025-12-18,"Mitchell, Donovan",Questionable,Injury/Illness -,"Mitchell, Donovan Questionable Injury/Illness - "
2025-12-18,"Mobley, Evan",Out,Injury/Illness -,"Mobley, Evan Out Injury/Illness - "
2025-12-18,"Nance Jr., Larry",Out,Injury/Illness -,"Nance Jr., Larry Out Injury/Illness - "
2025-12-18,"Strus, Max",Out,Injury/Illness -,"Strus, Max Out Injury/Illness - "
2025-12-18,"Travers, Luke",Out,G,"Travers, Luke Out G "
2025-12-18,"Beringer, Joan",Out,G,"Beringer, Joan Out G "
2025-12-18,"Conley, Mike",Out,Injury/Illness -,"Conley, Mike Out Injury/Illness - "
2025-12-18,"Edwards, Anthony",Questionable,Injury/Illness -,"Edwards, Anthony Questionable Injury/Illness - "
2025-12-18,"Freeman, Enrique",Out,G,"Freeman, Enrique Out G "
2025-12-18,"Zikarsky, Rocco",Out,G,"Zikarsky, Rocco Out G "
2025-12-19,"Herro, Tyler",Out,Injury/Illness -,"Herro, Tyler Out Injury/Illness - "
2025-12-19,"Jakucionis, Kasparas",Available,Injury/Illness -,"Jakucionis, Kasparas Available Injury/Illness - "
2025-12-19,"Jovic, Nikola",Out,Injury/Illness -,"Jovic, Nikola Out Injury/Illness - "
2025-12-19,"Larsson, Pelle",Out,Injury/Illness -,"Larsson, Pelle Out Injury/Illness - "
2025-12-19,"Mitchell, Davion",Questionable,Injury/Illness -,"Mitchell, Davion Questionable Injury/Illness - "
2025-12-19,"Powell, Norman",Available,Injury/Illness -,"Powell, Norman Available Injury/Illness - "
2025-12-19,"Rozier, Terry",Out,Not,"Rozier, Terry Out Not "
2025-12-19,"Wiggins, Andrew",Questionable,Injury/Illness -,"Wiggins, Andrew Questionable Injury/Illness - "
2025-12-19,"Young, Jahmir",Out,G,"Young, Jahmir Out G "
2025-12-19,"Harper Jr., Ron",Out,G,"Harper Jr., Ron Out G "
2025-12-19,"Hauser, Sam",Available,Injury/Illness -,"Hauser, Sam Available Injury/Illness - "
2025-12-19,"Minott, Josh",Available,Injury/Illness -,"Minott, Josh Available Injury/Illness - "
2025-12-19,"Shulga, Max",Out,G,"Shulga, Max Out G "
2025-12-19,"Tatum, Jayson",Out,Injury/Illness -,"Tatum, Jayson Out Injury/Illness - "
2025-12-19,"Williams, Amari",Out,G,"Williams, Amari Out G "
2025-12-19,"Broome, Johni",Out,G,"Broome, Johni Out G "
2025-12-19,"Embiid, Joel",Out,Injury/Illness -,"Embiid, Joel Out Injury/Illness - "
2025-12-19,"McCain, Jared",Available,Injury/Illness -,"McCain, Jared Available Injury/Illness - "
2025-12-19,"Oubre Jr., Kelly",Out,Injury/Illness -,"Oubre Jr., Kelly Out Injury/Illness - "
2025-12-19,"Sallis, Hunter",Out,G,"Sallis, Hunter Out G "
2025-12-19,"Watford, Trendon",Out,Injury/Illness -,"Watford, Trendon Out Injury/Illness - "
2025-12-19,"Dadiet, Pacome",Out,G,"Dadiet, Pacome Out G "
2025-12-19,"Hart, Josh",Available,Injury/Illness -,"Hart, Josh Available Injury/Illness - "
2025-12-19,"McBride, Miles",Out,Injury/Illness -,"McBride, Miles Out Injury/Illness - "
2025-12-19,"Shamet, Landry",Out,Injury/Illness -,"Shamet, Landry Out Injury/Illness - "
2025-12-19,"Towns, Karl- Anthony",Available,Injury/Illness -,"Towns, Karl- Anthony Available Injury/Illness - "
2025-12-19,"Collins, Zach",Probable,Injury/Illness -,"Collins, Zach Probable Injury/Illness - "
2025-12-19,"Dosunmu, Ayo",Probable,Injury/Illness -,"Dosunmu, Ayo Probable Injury/Illness - "
2025-12-19,"Essengue, Noa",Out,Injury/Illness -,"Essengue, Noa Out Injury/Illness - "
2025-12-19,"Flowers, Trentyn",Out,G,"Flowers, Trentyn Out G "
2025-12-19,"Jones, Tre",Probable,Injury/Illness -,"Jones, Tre Probable Injury/Illness - "
2025-12-19,"Miller, Emanuel",Out,G,"Miller, Emanuel Out G "
2025-12-19,"Olbrich, Lachlan",Out,G,"Olbrich, Lachlan Out G "
2025-12-19,"Livingston, Chris",Out,G,"Livingston, Chris Out G "
2025-12-19,"Merrill, Sam",Out,Injury/Illness -,"Merrill, Sam Out Injury/Illness - "
2025-12-19,"Mitchell, Donovan",Questionable,Injury/Illness -,"Mitchell, Donovan Questionable Injury/Illness - "
2025-12-19,"Mobley, Evan",Out,Injury/Illness -,"Mobley, Evan Out Injury/Illness - "
2025-12-19,"Nance Jr., Larry",Out,Injury/Illness -,"Nance Jr., Larry Out Injury/Illness - "
2025-12-19,"Porter Jr., Craig",Questionable,Injury/Illness -,"Porter Jr., Craig Questionable Injury/Illness - "
2025-12-19,"Strus, Max",Out,Injury/Illness -,"Strus, Max Out Injury/Illness - "
2025-12-19,"Travers, Luke",Questionable,G,"Travers, Luke Questionable G "
2025-12-19,"Ingram, Harrison",Out,G,"Ingram, Harrison Out G "
2025-12-19,"Garcia, David",Out,G,"Garcia, David Out G "
2025-12-19,"Mangas, Kyle",Out,G,"Mangas, Kyle Out G "
2025-12-19,"Dante, N'Faly",Out,G,"Dante, N'Faly Out G "
2025-12-19,"Djurisic, Nikola",Out,G,"Djurisic, Nikola Out G "
2025-12-19,"Houstan, Caleb",Out,G,"Houstan, Caleb Out G "
2025-12-19,"Ndiaye, Eli John",Out,G,"Ndiaye, Eli John Out G "
2025-12-19,"Porzingis, Kristaps",Out,Injury/Illness -,"Porzingis, Kristaps Out Injury/Illness - "
2025-12-19,"Young, Trae",Out,Injury/Illness -,"Young, Trae Out Injury/Illness - "
2025-12-19,"Sorber, Thomas",Out,Injury/Illness -,"Sorber, Thomas Out Injury/Illness - "
2025-12-19,"Topic, Nikola",Out,Injury/Illness -,"Topic, Nikola Out Injury/Illness - "
2025-12-19,"Wiggins, Aaron",Questionable,Injury/Illness -,"Wiggins, Aaron Questionable Injury/Illness - "
2025-12-19,"Williams, Jaylin",Out,Injury/Illness -,"Williams, Jaylin Out Injury/Illness - "
2025-12-19,"Youngblood, Chris",Out,G,"Youngblood, Chris Out G "
2025-12-19,"Beringer, Joan",Out,G,"Beringer, Joan Out G "
2025-12-19,"Clark, Jaylen",Questionable,Injury/Illness -,"Clark, Jaylen Questionable Injury/Illness - "
2025-12-19,"Conley, Mike",Out,Injury/Illness -,"Conley, Mike Out Injury/Illness - "
2025-12-19,"Edwards, Anthony",Questionable,Injury/Illness -,"Edwards, Anthony Questionable Injury/Illness - "
2025-12-19,"Freeman, Enrique",Out,G,"Freeman, Enrique Out G "
2025-12-19,"Zikarsky, Rocco",Out,G,"Zikarsky, Rocco Out G "
2025-12-19,"Bates, Tamar",Out,G,"Bates, Tamar Out G "
2025-12-19,"Braun, Christian",Out,Injury/Illness -,"Braun, Christian Out Injury/Illness - "
2025-12-19,"Gordon, Aaron",Out,Injury/Illness -,"Gordon, Aaron Out Injury/Illness - "
2025-12-19,"Holmes II, DaRon",Out,G,"Holmes II, DaRon Out G "
2025-12-19,"Jones, Curtis",Out,G,"Jones, Curtis Out G "
2025-12-19,"Watson, Peyton",Questionable,Injury/Illness -,"Watson, Peyton Questionable Injury/Illness - "
2025-12-19,"Barrett, RJ",Out,Injury/Illness -,"Barrett, RJ Out Injury/Illness - "
2025-12-19,"Hepburn, Chucky",Out,G,"Hepburn, Chucky Out G "
2025-12-19,"Martin, Alijah",Out,G,"Martin, Alijah Out G "
2025-12-19,"Mogbo, Jonathan",Out,G,"Mogbo, Jonathan Out G "
2025-12-19,"Poeltl, Jakob",Questionable,Injury/Illness -,"Poeltl, Jakob Questionable Injury/Illness - "
2025-12-19,"Davis, Anthony",Probable,Injury/Illness -,"Davis, Anthony Probable Injury/Illness - "
2025-12-19,"Exum, Dante",Out,Injury/Illness -,"Exum, Dante Out Injury/Illness - "
2025-12-19,"Irving, Kyrie",Out,Injury/Illness -,"Irving, Kyrie Out Injury/Illness - "
2025-12-19,"Lively II, Dereck",Out,Injury/Illness -,"Lively II, Dereck Out Injury/Illness - "
2025-12-19,"Thompson, Klay",Questionable,Injury/Illness -,"Thompson, Klay Questionable Injury/Illness - "
2025-12-19,"Bradley, Tony",Questionable,Injury/Illness -,"Bradley, Tony Questionable Injury/Illness - "
2025-12-19,"Haliburton, Tyrese",Out,Injury/Illness -,"Haliburton, Tyrese Out Injury/Illness - "
2025-12-19,"Jones, Kam",Doubtful,G,"Jones, Kam Doubtful G "
2025-12-19,"Nesmith, Aaron",Out,Injury/Illness -,"Nesmith, Aaron Out Injury/Illness - "
2025-12-19,"Peter, Taelon",Doubtful,G,"Peter, Taelon Doubtful G "
2025-12-19,"Sheppard, Ben",Out,Injury/Illness -,"Sheppard, Ben Out Injury/Illness - "
2025-12-19,"Toppin, Obi",Out,Injury/Illness -,"Toppin, Obi Out Injury/Illness - "
2025-12-19,"Alexander, Trey",Out,G,"Alexander, Trey Out G "
2025-12-19,"Dickinson, Hunter",Out,G,"Dickinson, Hunter Out G "
2025-12-19,"Murray, Dejounte",Out,Injury/Illness -,"Murray, Dejounte Out Injury/Illness - "
2025-12-19,"Connaughton, Pat",Questionable,Injury/Illness -,"Connaughton, Pat Questionable Injury/Illness - "
2025-12-19,"Mann, Tre",Probable,Injury/Illness -,"Mann, Tre Probable Injury/Illness - "
2025-12-19,"McNeeley, Liam",Out,G,"McNeeley, Liam Out G "
2025-12-19,"Peterson, Drew",Out,G,"Peterson, Drew Out G "
2025-12-19,"Reeves, Antonio",Out,G,"Reeves, Antonio Out G "
2025-12-19,"Sexton, Collin",Doubtful,Injury/Illness -,"Sexton, Collin Doubtful Injury/Illness - "
2025-12-19,"Williams, Grant",Out,Injury/Illness -,"Williams, Grant Out Injury/Illness - "
2025-12-19,"Jones, Isaac",Out,G,"Jones, Isaac Out G "
2025-12-19,"Klintman, Bobi",Out,G,"Klintman, Bobi Out G "
2025-12-19,"Lanier, Chaz",Out,G,"Lanier, Chaz Out G "
2025-12-19,"LeVert, Caris",Questionable,Injury/Illness -,"LeVert, Caris Questionable Injury/Illness - "
2025-12-19,"Moore Jr., Wendell",Out,G,"Moore Jr., Wendell Out G "
2025-12-19,"Robinson, Duncan",Probable,Injury/Illness -,"Robinson, Duncan Probable Injury/Illness - "
2025-12-19,"Smith, Tolu",Out,G,"Smith, Tolu Out G "
2025-12-19,"Branham, Malaki",Questionable,Injury/Illness -,"Branham, Malaki Questionable Injury/Illness - "
2025-12-19,"Cooper, Sharife",Out,G,"Cooper, Sharife Out G "
2025-12-19,"Johnson, AJ",Out,G,"Johnson, AJ Out G "
2025-12-19,"Kispert, Corey",Out,Injury/Illness -,"Kispert, Corey Out Injury/Illness - "
2025-12-19,"Middleton, Khris",Questionable,Injury/Illness -,"Middleton, Khris Questionable Injury/Illness - "
2025-12-19,"Castleton, Colin",Out,G,"Castleton, Colin Out G "
2025-12-19,"Silva, Tristan",Questionable,Injury/Illness -,"Silva, Tristan Questionable Injury/Illness - "
2025-12-19,"Isaac, Jonathan",Questionable,Injury/Illness -,"Isaac, Jonathan Questionable Injury/Illness - "
2025-12-19,"Suggs, Jalen",Doubtful,Injury/Illness -,"Suggs, Jalen Doubtful Injury/Illness - "
2025-12-19,"Wagner, Franz",Out,Injury/Illness -,"Wagner, Franz Out Injury/Illness - "
2025-12-19,"Wagner, Moritz",Out,Injury/Illness -,"Wagner, Moritz Out Injury/Illness - "
2025-12-20,"Eason, Tari",Out,Injury/Illness -,"Eason, Tari Out Injury/Illness - "
2025-12-20,"Smith, Dorian",Out,Injury/Illness -,"Smith, Dorian Out Injury/Illness - "
2025-12-20,"VanVleet, Fred",Out,Injury/Illness -,"VanVleet, Fred Out Injury/Illness - "
2025-12-20,"Bates, Tamar",Out,G,"Bates, Tamar Out G "
2025-12-20,"Braun, Christian",Out,Injury/Illness -,"Braun, Christian Out Injury/Illness - "
2025-12-20,"Gordon, Aaron",Out,Injury/Illness -,"Gordon, Aaron Out Injury/Illness - "
2025-12-20,"Holmes II, DaRon",Out,G,"Holmes II, DaRon Out G "
2025-12-20,"Jones, Curtis",Out,G,"Jones, Curtis Out G "
2025-12-20,"Watson, Peyton",Out,Injury/Illness -,"Watson, Peyton Out Injury/Illness - "
2025-12-20,"Brown, Jaylen",Out,Injury/Illness -,"Brown, Jaylen Out Injury/Illness - "
2025-12-20,"Harper Jr., Ron",Out,G,"Harper Jr., Ron Out G "
2025-12-20,"Shulga, Max",Out,G,"Shulga, Max Out G "
2025-12-20,"Tatum, Jayson",Out,Injury/Illness -,"Tatum, Jayson Out Injury/Illness - "
2025-12-20,"Williams, Amari",Out,G,"Williams, Amari Out G "
2025-12-20,"Barrett, RJ",Out,Injury/Illness -,"Barrett, RJ Out Injury/Illness - "
2025-12-20,"Hepburn, Chucky",Out,G,"Hepburn, Chucky Out G "
2025-12-20,"Martin, Alijah",Out,G,"Martin, Alijah Out G "
2025-12-20,"Mogbo, Jonathan",Out,G,"Mogbo, Jonathan Out G "
2025-12-20,"Poeltl, Jakob",Out,Injury/Illness -,"Poeltl, Jakob Out Injury/Illness - "
2025-12-20,"Davis, Anthony",Available,Injury/Illness -,"Davis, Anthony Available Injury/Illness - "
2025-12-20,"Exum, Dante",Out,Injury/Illness -,"Exum, Dante Out Injury/Illness - "
2025-12-20,"Irving, Kyrie",Out,Injury/Illness -,"Irving, Kyrie Out Injury/Illness - "
2025-12-20,"Lively II, Dereck",Out,Injury/Illness -,"Lively II, Dereck Out Injury/Illness - "
2025-12-20,"Thompson, Klay",Available,Injury/Illness -,"Thompson, Klay Available Injury/Illness - "
2025-12-20,"Broome, Johni",Out,G,"Broome, Johni Out G "
2025-12-20,"Embiid, Joel",Doubtful,Injury/Illness -,"Embiid, Joel Doubtful Injury/Illness - "
2025-12-20,"George, Paul",Out,Injury/Illness -,"George, Paul Out Injury/Illness - "
2025-12-20,"Oubre Jr., Kelly",Out,Injury/Illness -,"Oubre Jr., Kelly Out Injury/Illness - "
2025-12-20,"Sallis, Hunter",Out,G,"Sallis, Hunter Out G "
2025-12-20,"Watford, Trendon",Out,Injury/Illness -,"Watford, Trendon Out Injury/Illness - "
2025-12-20,"Bradley, Tony",Available,Injury/Illness -,"Bradley, Tony Available Injury/Illness - "
2025-12-20,"Haliburton, Tyrese",Out,Injury/Illness -,"Haliburton, Tyrese Out Injury/Illness - "
2025-12-20,"Jones, Kam",Out,G,"Jones, Kam Out G "
2025-12-20,"Nesmith, Aaron",Out,Injury/Illness -,"Nesmith, Aaron Out Injury/Illness - "
2025-12-20,"Peter, Taelon",Out,G,"Peter, Taelon Out G "
2025-12-20,"Sheppard, Ben",Out,Injury/Illness -,"Sheppard, Ben Out Injury/Illness - "
2025-12-20,"Toppin, Obi",Out,Injury/Illness -,"Toppin, Obi Out Injury/Illness - "
2025-12-20,"Alexander, Trey",Out,G,"Alexander, Trey Out G "
2025-12-20,"Dickinson, Hunter",Out,G,"Dickinson, Hunter Out G "
2025-12-20,"Murray, Dejounte",Out,Injury/Illness -,"Murray, Dejounte Out Injury/Illness - "
2025-12-20,"Connaughton, Pat",Available,Injury/Illness -,"Connaughton, Pat Available Injury/Illness - "
2025-12-20,"Mann, Tre",Available,Injury/Illness -,"Mann, Tre Available Injury/Illness - "
2025-12-20,"McNeeley, Liam",Out,G,"McNeeley, Liam Out G "
2025-12-20,"Peterson, Drew",Out,G,"Peterson, Drew Out G "
2025-12-20,"Reeves, Antonio",Out,G,"Reeves, Antonio Out G "
2025-12-20,"Sexton, Collin",Out,Injury/Illness -,"Sexton, Collin Out Injury/Illness - "
2025-12-20,"Williams, Grant",Out,Injury/Illness -,"Williams, Grant Out Injury/Illness - "
2025-12-20,"Jones, Isaac",Out,G,"Jones, Isaac Out G "
2025-12-20,"Klintman, Bobi",Out,G,"Klintman, Bobi Out G "
2025-12-20,"Lanier, Chaz",Out,G,"Lanier, Chaz Out G "
2025-12-20,"LeVert, Caris",Probable,Injury/Illness -,"LeVert, Caris Probable Injury/Illness - "
2025-12-20,"Moore Jr., Wendell",Out,G,"Moore Jr., Wendell Out G "
2025-12-20,"Robinson, Duncan",Available,Injury/Illness -,"Robinson, Duncan Available Injury/Illness - "
2025-12-20,"Smith, Tolu",Out,G,"Smith, Tolu Out G "
2025-12-20,"Branham, Malaki",Available,Injury/Illness -,"Branham, Malaki Available Injury/Illness - "
2025-12-20,"Cooper, Sharife",Out,G,"Cooper, Sharife Out G "
2025-12-20,"Coulibaly, Bilal",Out,Injury/Illness -,"Coulibaly, Bilal Out Injury/Illness - "
2025-12-20,"Johnson, AJ",Out,G,"Johnson, AJ Out G "
2025-12-20,"Kispert, Corey",Out,Injury/Illness -,"Kispert, Corey Out Injury/Illness - "
2025-12-20,"Middleton, Khris",Available,Injury/Illness -,"Middleton, Khris Available Injury/Illness - "
2025-12-20,"Watkins, Jamir",Questionable,Injury/Illness -,"Watkins, Jamir Questionable Injury/Illness - "
2025-12-20,"Whitmore, Cam",Questionable,Injury/Illness -,"Whitmore, Cam Questionable Injury/Illness - "
2025-12-20,"Edey, Zach",Out,Injury/Illness -,"Edey, Zach Out Injury/Illness - "
2025-12-20,"Jackson, GG",Out,G,"Jackson, GG Out G "
2025-12-20,"Jerome, Ty",Out,Injury/Illness -,"Jerome, Ty Out Injury/Illness - "
2025-12-20,"Konchar, John",Out,Injury/Illness -,"Konchar, John Out Injury/Illness - "
2025-12-20,"Mashack, Jahmai",Out,G,"Mashack, Jahmai Out G "
2025-12-20,"Morant, Ja",Out,Injury/Illness -,"Morant, Ja Out Injury/Illness - "
2025-12-20,"Pippen Jr., Scotty",Out,Injury/Illness -,"Pippen Jr., Scotty Out Injury/Illness - "
2025-12-20,"Small, Javon",Out,Injury/Illness -,"Small, Javon Out Injury/Illness - "
2025-12-20,"Williams Jr., Vince",Out,Injury/Illness -,"Williams Jr., Vince Out Injury/Illness - "
2025-12-20,"Allen, Grayson",Out,Injury/Illness -,"Allen, Grayson Out Injury/Illness - "
2025-12-20,"Brea, Koby",Out,G,"Brea, Koby Out G "
2025-12-20,"Goodwin, Jordan",Available,Injury/Illness -,"Goodwin, Jordan Available Injury/Illness - "
2025-12-20,"Green, Jalen",Out,Injury/Illness -,"Green, Jalen Out Injury/Illness - "
2025-12-20,"Livers, Isaiah",Available,Injury/Illness -,"Livers, Isaiah Available Injury/Illness - "
2025-12-20,"Curry, Seth",Out,Injury/Illness -,"Curry, Seth Out Injury/Illness - "
2025-12-20,"Horford, Al",Out,Injury/Illness -,"Horford, Al Out Injury/Illness - "
2025-12-20,"Kuminga, Jonathan",Out,Injury/Illness -,"Kuminga, Jonathan Out Injury/Illness - "
2025-12-20,"Castleton, Colin",Out,G,"Castleton, Colin Out G "
2025-12-20,"Silva, Tristan",Questionable,Injury/Illness -,"Silva, Tristan Questionable Injury/Illness - "
2025-12-20,"Isaac, Jonathan",Questionable,Injury/Illness -,"Isaac, Jonathan Questionable Injury/Illness - "
2025-12-20,"Suggs, Jalen",Doubtful,Injury/Illness -,"Suggs, Jalen Doubtful Injury/Illness - "
2025-12-20,"Wagner, Franz",Out,Injury/Illness -,"Wagner, Franz Out Injury/Illness - "
2025-12-20,"Wagner, Moritz",Out,Injury/Illness -,"Wagner, Moritz Out Injury/Illness - "
2025-12-20,"Harkless, Elijah",Out,G,"Harkless, Elijah Out G "
2025-12-20,"Kessler, Walker",Out,Injury/Illness -,"Kessler, Walker Out Injury/Illness - "
2025-12-20,"Markkanen, Lauri",Out,Injury/Illness -,"Markkanen, Lauri Out Injury/Illness - "
2025-12-20,"Niang, Georges",Out,Injury/Illness -,"Niang, Georges Out Injury/Illness - "
2025-12-20,"Tonje, John",Out,G,"Tonje, John Out G "
2025-12-20,"Tshiebwe, Oscar",Out,G,"Tshiebwe, Oscar Out G "
2025-12-20,"Cooke, Javonte",Out,G,"Cooke, Javonte Out G "
2025-12-20,"Grant, Jerami",Questionable,Injury/Illness -,"Grant, Jerami Questionable Injury/Illness - "
2025-12-20,"Henderson, Scoot",Out,Injury/Illness -,"Henderson, Scoot Out Injury/Illness - "
2025-12-20,"Holiday, Jrue",Out,Injury/Illness -,"Holiday, Jrue Out Injury/Illness - "
2025-12-20,"Lillard, Damian",Out,Injury/Illness -,"Lillard, Damian Out Injury/Illness - "
2025-12-20,"Thybulle, Matisse",Out,Injury/Illness -,"Thybulle, Matisse Out Injury/Illness - "
2025-12-20,"Wesley, Blake",Out,Injury/Illness -,"Wesley, Blake Out Injury/Illness - "
2025-12-20,"Carter, Devin",Out,G,"Carter, Devin Out G "
2025-12-20,"Eubanks, Drew",Out,Injury/Illness -,"Eubanks, Drew Out Injury/Illness - "
2025-12-20,"LaVine, Zach",Out,Injury/Illness -,"LaVine, Zach Out Injury/Illness - "
2025-12-20,"McDermott, Doug",Questionable,Injury/Illness -,"McDermott, Doug Questionable Injury/Illness - "
2025-12-20,"Plowden, Daeqwon",Out,G,"Plowden, Daeqwon Out G "
2025-12-20,"Sabonis, Domantas",Out,Injury/Illness -,"Sabonis, Domantas Out Injury/Illness - "
2025-12-20,"Stevens, Isaiah",Out,G,"Stevens, Isaiah Out G "
2025-12-20,"Ayton, Deandre",Out,Injury/Illness -,"Ayton, Deandre Out Injury/Illness - "
2025-12-20,"Hachimura, Rui",Out,Injury/Illness -,"Hachimura, Rui Out Injury/Illness - "
2025-12-20,"James, Bronny",Out,G,"James, Bronny Out G "
2025-12-20,"Reaves, Austin",Out,Injury/Illness -,"Reaves, Austin Out Injury/Illness - "
2025-12-20,"Vincent, Gabe",Out,Injury/Illness -,"Vincent, Gabe Out Injury/Illness - "
2025-12-20,"Beal, Bradley",Out,Injury/Illness -,"Beal, Bradley Out Injury/Illness - "
2025-12-20,"Christie, Cam",Questionable,Injury/Illness -,"Christie, Cam Questionable Injury/Illness - "
2025-12-20,"Jones Jr., Derrick",Out,Injury/Illness -,"Jones Jr., Derrick Out Injury/Illness - "
2025-12-20,"Niederhauser, Yanic Konan",Out,Injury/Illness -,"Niederhauser, Yanic Konan Out Injury/Illness - "
2025-12-20,"Paul, Chris",Out,Not,"Paul, Chris Out Not "
2025-12-20,"Dosunmu, Ayo",Probable,Injury/Illness -,"Dosunmu, Ayo Probable Injury/Illness - "
2025-12-20,"Essengue, Noa",Out,Injury/Illness -,"Essengue, Noa Out Injury/Illness - "
2025-12-20,"Flowers, Trentyn",Out,G,"Flowers, Trentyn Out G "
2025-12-20,"Miller, Emanuel",Out,G,"Miller, Emanuel Out G "
2025-12-20,"Olbrich, Lachlan",Out,G,"Olbrich, Lachlan Out G "
2025-12-20,"Smith, Jalen",Probable,Injury/Illness -,"Smith, Jalen Probable Injury/Illness - "
2025-12-20,"White, Coby",Questionable,Injury/Illness -,"White, Coby Questionable Injury/Illness - "
2025-12-20,"Dante, N'Faly",Out,G,"Dante, N'Faly Out G "
2025-12-20,"Djurisic, Nikola",Out,G,"Djurisic, Nikola Out G "
2025-12-20,"Houstan, Caleb",Doubtful,G,"Houstan, Caleb Doubtful G "
2025-12-20,"Ndiaye, Eli John",Out,G,"Ndiaye, Eli John Out G "
2025-12-20,"Porzingis, Kristaps",Out,Injury/Illness -,"Porzingis, Kristaps Out Injury/Illness - "
2025-12-20,"Herro, Tyler",Out,Injury/Illness -,"Herro, Tyler Out Injury/Illness - "
2025-12-20,"Jakucionis, Kasparas",Available,Injury/Illness -,"Jakucionis, Kasparas Available Injury/Illness - "
2025-12-20,"Jovic, Nikola",Out,Injury/Illness -,"Jovic, Nikola Out Injury/Illness - "
2025-12-20,"Larsson, Pelle",Out,Injury/Illness -,"Larsson, Pelle Out Injury/Illness - "
2025-12-20,"Mitchell, Davion",Questionable,Injury/Illness -,"Mitchell, Davion Questionable Injury/Illness - "
2025-12-20,"Powell, Norman",Available,Injury/Illness -,"Powell, Norman Available Injury/Illness - "
2025-12-20,"Rozier, Terry",Out,Not,"Rozier, Terry Out Not "
2025-12-20,"Wiggins, Andrew",Questionable,Injury/Illness -,"Wiggins, Andrew Questionable Injury/Illness - "
2025-12-20,"Young, Jahmir",Out,G,"Young, Jahmir Out G "
2025-12-20,"McBride, Miles",Out,Injury/Illness -,"McBride, Miles Out Injury/Illness - "
2025-12-20,"Shamet, Landry",Out,Injury/Illness -,"Shamet, Landry Out Injury/Illness - "
2025-12-20,"Etienne, Tyson",Out,G,"Etienne, Tyson Out G "
2025-12-20,"Highsmith, Haywood",Out,Injury/Illness -,"Highsmith, Haywood Out Injury/Illness - "
2025-12-20,"Powell, Drake",Out,Injury/Illness -,"Powell, Drake Out Injury/Illness - "
2025-12-20,"Saraf, Ben",Out,G,"Saraf, Ben Out G "
2025-12-20,"Thomas, Cam",Out,Injury/Illness -,"Thomas, Cam Out Injury/Illness - "
2025-12-20,"Antetokounmpo, Alex",Out,G,"Antetokounmpo, Alex Out G "
2025-12-20,"Antetokounmpo, Giannis",Out,Injury/Illness -,"Antetokounmpo, Giannis Out Injury/Illness - "
2025-12-20,"Prince, Taurean",Out,Injury/Illness -,"Prince, Taurean Out Injury/Illness - "
2025-12-20,"Beringer, Joan",Out,G,"Beringer, Joan Out G "
2025-12-20,"Conley, Mike",Questionable,Injury/Illness -,"Conley, Mike Questionable Injury/Illness - "
2025-12-20,"Freeman, Enrique",Out,G,"Freeman, Enrique Out G "
2025-12-20,"Zikarsky, Rocco",Out,G,"Zikarsky, Rocco Out G "
2025-12-20,"Ingram, Harrison",Out,G,"Ingram, Harrison Out G "
2025-12-20,"Garcia, David",Out,G,"Garcia, David Out G "
2025-12-20,"Mangas, Kyle",Out,G,"Mangas, Kyle Out G "
2025-12-21,"Dosunmu, Ayo",Available,Injury/Illness -,"Dosunmu, Ayo Available Injury/Illness - "
2025-12-21,"Essengue, Noa",Out,Injury/Illness -,"Essengue, Noa Out Injury/Illness - "
2025-12-21,"Flowers, Trentyn",Out,G,"Flowers, Trentyn Out G "
2025-12-21,"Miller, Emanuel",Out,G,"Miller, Emanuel Out G "
2025-12-21,"Olbrich, Lachlan",Out,G,"Olbrich, Lachlan Out G "
2025-12-21,"Dante, N'Faly",Out,G,"Dante, N'Faly Out G "
2025-12-21,"Djurisic, Nikola",Out,G,"Djurisic, Nikola Out G "
2025-12-21,"Houstan, Caleb",Out,G,"Houstan, Caleb Out G "
2025-12-21,"Ndiaye, Eli John",Out,G,"Ndiaye, Eli John Out G "
2025-12-21,"Porzingis, Kristaps",Out,Injury/Illness -,"Porzingis, Kristaps Out Injury/Illness - "
2025-12-21,"Herro, Tyler",Out,Injury/Illness -,"Herro, Tyler Out Injury/Illness - "
2025-12-21,"Jakucionis, Kasparas",Available,Injury/Illness -,"Jakucionis, Kasparas Available Injury/Illness - "
2025-12-21,"Jovic, Nikola",Out,Injury/Illness -,"Jovic, Nikola Out Injury/Illness - "
2025-12-21,"Larsson, Pelle",Out,Injury/Illness -,"Larsson, Pelle Out Injury/Illness - "
2025-12-21,"Mitchell, Davion",Available,Injury/Illness -,"Mitchell, Davion Available Injury/Illness - "
2025-12-21,"Powell, Norman",Available,Injury/Illness -,"Powell, Norman Available Injury/Illness - "
2025-12-21,"Rozier, Terry",Out,Not,"Rozier, Terry Out Not "
2025-12-21,"Wiggins, Andrew",Available,Injury/Illness -,"Wiggins, Andrew Available Injury/Illness - "
2025-12-21,"Young, Jahmir",Out,G,"Young, Jahmir Out G "
2025-12-21,"McBride, Miles",Out,Injury/Illness -,"McBride, Miles Out Injury/Illness - "
2025-12-21,"Shamet, Landry",Out,Injury/Illness -,"Shamet, Landry Out Injury/Illness - "
2025-12-21,"Barrett, RJ",Out,Injury/Illness -,"Barrett, RJ Out Injury/Illness - "
2025-12-21,"Hepburn, Chucky",Out,G,"Hepburn, Chucky Out G "
2025-12-21,"Martin, Alijah",Out,G,"Martin, Alijah Out G "
2025-12-21,"Mogbo, Jonathan",Out,G,"Mogbo, Jonathan Out G "
2025-12-21,"Poeltl, Jakob",Available,Injury/Illness -,"Poeltl, Jakob Available Injury/Illness - "
2025-12-21,"Etienne, Tyson",Out,G,"Etienne, Tyson Out G "
2025-12-21,"Highsmith, Haywood",Out,Injury/Illness -,"Highsmith, Haywood Out Injury/Illness - "
2025-12-21,"Powell, Drake",Out,Injury/Illness -,"Powell, Drake Out Injury/Illness - "
2025-12-21,"Saraf, Ben",Out,G,"Saraf, Ben Out G "
2025-12-21,"Thomas, Cam",Out,Injury/Illness -,"Thomas, Cam Out Injury/Illness - "
2025-12-21,"Antetokounmpo, Alex",Out,G,"Antetokounmpo, Alex Out G "
2025-12-21,"Antetokounmpo, Giannis",Out,Injury/Illness -,"Antetokounmpo, Giannis Out Injury/Illness - "
2025-12-21,"Prince, Taurean",Out,Injury/Illness -,"Prince, Taurean Out Injury/Illness - "
2025-12-21,"Beringer, Joan",Out,G,"Beringer, Joan Out G "
2025-12-21,"Conley, Mike",Available,Injury/Illness -,"Conley, Mike Available Injury/Illness - "
2025-12-21,"Freeman, Enrique",Out,G,"Freeman, Enrique Out G "
2025-12-21,"Zikarsky, Rocco",Out,G,"Zikarsky, Rocco Out G "
2025-12-21,"Ingram, Harrison",Out,G,"Ingram, Harrison Out G "
2025-12-21,"Garcia, David",Out,G,"Garcia, David Out G "
2025-12-21,"Mangas, Kyle",Out,G,"Mangas, Kyle Out G "
2025-12-21,"Bagley III, Marvin",Out,Injury/Illness -,"Bagley III, Marvin Out Injury/Illness - "
2025-12-21,"Cooper, Sharife",Out,G,"Cooper, Sharife Out G "
2025-12-21,"Coulibaly, Bilal",Out,Injury/Illness -,"Coulibaly, Bilal Out Injury/Illness - "
2025-12-21,"Johnson, AJ",Out,G,"Johnson, AJ Out G "
2025-12-21,"Kispert, Corey",Out,Injury/Illness -,"Kispert, Corey Out Injury/Illness - "
2025-12-21,"Middleton, Khris",Out,Injury/Illness -,"Middleton, Khris Out Injury/Illness - "
2025-12-21,"Sarr, Alex",Out,Injury/Illness -,"Sarr, Alex Out Injury/Illness - "
2025-12-21,"Watkins, Jamir",Questionable,Injury/Illness -,"Watkins, Jamir Questionable Injury/Illness - "
2025-12-21,"Whitmore, Cam",Out,Injury/Illness -,"Whitmore, Cam Out Injury/Illness - "
2025-12-21,"Smith, Dorian",Out,Injury/Illness -,"Smith, Dorian Out Injury/Illness - "
2025-12-21,"VanVleet, Fred",Out,Injury/Illness -,"VanVleet, Fred Out Injury/Illness - "
2025-12-21,"Carter, Devin",Out,G,"Carter, Devin Out G "
2025-12-21,"Eubanks, Drew",Out,Injury/Illness -,"Eubanks, Drew Out Injury/Illness - "
2025-12-21,"LaVine, Zach",Out,Injury/Illness -,"LaVine, Zach Out Injury/Illness - "
2025-12-21,"McDermott, Doug",Questionable,Injury/Illness -,"McDermott, Doug Questionable Injury/Illness - "
2025-12-21,"Plowden, Daeqwon",Out,G,"Plowden, Daeqwon Out G "
2025-12-21,"Sabonis, Domantas",Out,Injury/Illness -,"Sabonis, Domantas Out Injury/Illness - "
2025-12-21,"Stevens, Isaiah",Out,G,"Stevens, Isaiah Out G "
2025-12-21,"Ball, LaMelo",Probable,Injury/Illness -,"Ball, LaMelo Probable Injury/Illness - "
2025-12-21,"Kalkbrenner, Ryan",Questionable,Injury/Illness -,"Kalkbrenner, Ryan Questionable Injury/Illness - "
2025-12-21,"McNeeley, Liam",Out,G,"McNeeley, Liam Out G "
2025-12-21,"Peterson, Drew",Out,G,"Peterson, Drew Out G "
2025-12-21,"Reeves, Antonio",Out,G,"Reeves, Antonio Out G "
2025-12-21,"Sexton, Collin",Doubtful,Injury/Illness -,"Sexton, Collin Doubtful Injury/Illness - "
2025-12-21,"Williams, Grant",Out,Injury/Illness -,"Williams, Grant Out Injury/Illness - "
2025-12-21,"Livingston, Chris",Out,G,"Livingston, Chris Out G "
2025-12-21,"Merrill, Sam",Probable,Injury/Illness -,"Merrill, Sam Probable Injury/Illness - "
2025-12-21,"Mitchell, Donovan",Probable,Injury/Illness -,"Mitchell, Donovan Probable Injury/Illness - "
2025-12-21,"Mobley, Evan",Out,Injury/Illness -,"Mobley, Evan Out Injury/Illness - "
2025-12-21,"Nance Jr., Larry",Out,Injury/Illness -,"Nance Jr., Larry Out Injury/Illness - "
2025-12-21,"Porter Jr., Craig",Probable,Injury/Illness -,"Porter Jr., Craig Probable Injury/Illness - "
2025-12-21,"Strus, Max",Out,Injury/Illness -,"Strus, Max Out Injury/Illness - "
2025-12-21,"Travers, Luke",Out,G,"Travers, Luke Out G "
2025-12-21,"Furphy, Johnny",Questionable,Injury/Illness -,"Furphy, Johnny Questionable Injury/Illness - "
2025-12-21,"Haliburton, Tyrese",Out,Injury/Illness -,"Haliburton, Tyrese Out Injury/Illness - "
2025-12-21,"Jones, Kam",Questionable,G,"Jones, Kam Questionable G "
2025-12-21,"Nesmith, Aaron",Out,Injury/Illness -,"Nesmith, Aaron Out Injury/Illness - "
2025-12-21,"Peter, Taelon",Probable,G,"Peter, Taelon Probable G "
2025-12-21,"Sheppard, Ben",Out,Injury/Illness -,"Sheppard, Ben Out Injury/Illness - "
2025-12-21,"Toppin, Obi",Out,Injury/Illness -,"Toppin, Obi Out Injury/Illness - "
2025-12-21,"Brown, Jaylen",Questionable,Injury/Illness -,"Brown, Jaylen Questionable Injury/Illness - "
2025-12-21,"Harper Jr., Ron",Out,G,"Harper Jr., Ron Out G "
2025-12-21,"Shulga, Max",Out,G,"Shulga, Max Out G "
2025-12-21,"Tatum, Jayson",Out,Injury/Illness -,"Tatum, Jayson Out Injury/Illness - "
2025-12-21,"Walsh, Jordan",Questionable,Injury/Illness -,"Walsh, Jordan Questionable Injury/Illness - "
2025-12-21,"Williams, Amari",Out,G,"Williams, Amari Out G "
2025-12-21,"Christie, Max",Questionable,Injury/Illness -,"Christie, Max Questionable Injury/Illness - "
2025-12-21,"Cisse, Moussa",Questionable,G,"Cisse, Moussa Questionable G "
2025-12-21,"Exum, Dante",Out,Injury/Illness -,"Exum, Dante Out Injury/Illness - "
2025-12-21,"Flagg, Cooper",Questionable,Injury/Illness -,"Flagg, Cooper Questionable Injury/Illness - "
2025-12-21,"Irving, Kyrie",Out,Injury/Illness -,"Irving, Kyrie Out Injury/Illness - "
2025-12-21,"Kelly, Miles",Questionable,G,"Kelly, Miles Questionable G "
2025-12-21,"Lively II, Dereck",Out,Injury/Illness -,"Lively II, Dereck Out Injury/Illness - "
2025-12-21,"Thompson, Klay",Questionable,Injury/Illness -,"Thompson, Klay Questionable Injury/Illness - "
2025-12-21,"Alexander, Trey",Out,G,"Alexander, Trey Out G "
2025-12-21,"Dickinson, Hunter",Out,G,"Dickinson, Hunter Out G "
2025-12-21,"Jones, Herbert",Questionable,Injury/Illness -,"Jones, Herbert Questionable Injury/Illness - "
2025-12-21,"Murray, Dejounte",Out,Injury/Illness -,"Murray, Dejounte Out Injury/Illness - "
2025-12-21,"Curry, Seth",Out,Injury/Illness -,"Curry, Seth Out Injury/Illness - "
2025-12-21,"Horford, Al",Out,Injury/Illness -,"Horford, Al Out Injury/Illness - "
2025-12-23,"Highsmith, Haywood",Out,Injury/Illness -,"Highsmith, Haywood Out Injury/Illness - "
2025-12-23,"Mann, Terance",Probable,Injury/Illness -,"Mann, Terance Probable Injury/Illness - "
2025-12-23,"Powell, Drake",Out,Injury/Illness -,"Powell, Drake Out Injury/Illness - "
2025-12-23,"Saraf, Ben",Probable,Injury/Illness -,"Saraf, Ben Probable Injury/Illness - "
2025-12-23,"Thomas, Cam",Out,Injury/Illness -,"Thomas, Cam Out Injury/Illness - "
2025-12-23,"Barlow, Dominick",Out,Injury/Illness -,"Barlow, Dominick Out Injury/Illness - "
2025-12-23,"Edgecombe, VJ",Out,Injury/Illness -,"Edgecombe, VJ Out Injury/Illness - "
2025-12-23,"Embiid, Joel",Probable,Injury/Illness -,"Embiid, Joel Probable Injury/Illness - "
2025-12-23,"Grimes, Quentin",Out,Injury/Illness -,"Grimes, Quentin Out Injury/Illness - "
2025-12-23,"Oubre Jr., Kelly",Out,Injury/Illness -,"Oubre Jr., Kelly Out Injury/Illness - "
2025-12-23,"Watford, Trendon",Out,Injury/Illness -,"Watford, Trendon Out Injury/Illness - "
2025-12-23,"Bagley III, Marvin",Available,Injury/Illness -,"Bagley III, Marvin Available Injury/Illness - "
2025-12-23,"Coulibaly, Bilal",Available,Injury/Illness -,"Coulibaly, Bilal Available Injury/Illness - "
2025-12-23,"Whitmore, Cam",Out,Injury/Illness -,"Whitmore, Cam Out Injury/Illness - "
2025-12-23,"Green, Josh",Probable,Injury/Illness -,"Green, Josh Probable Injury/Illness - "
2025-12-23,"Kalkbrenner, Ryan",Out,Injury/Illness -,"Kalkbrenner, Ryan Out Injury/Illness - "
2025-12-23,"Plumlee, Mason",Out,Injury/Illness -,"Plumlee, Mason Out Injury/Illness - "
2025-12-23,"Sexton, Collin",Probable,Injury/Illness -,"Sexton, Collin Probable Injury/Illness - "
2025-12-23,"Williams, Grant",Out,Injury/Illness -,"Williams, Grant Out Injury/Illness - "
2025-12-23,"Essengue, Noa",Out,Injury/Illness -,"Essengue, Noa Out Injury/Illness - "
2025-12-23,"Flowers, Trentyn",Out,G,"Flowers, Trentyn Out G "
2025-12-23,"Miller, Emanuel",Out,G,"Miller, Emanuel Out G "
2025-12-23,"Olbrich, Lachlan",Out,G,"Olbrich, Lachlan Out G "
2025-12-23,"Daniels, Dyson",Out,Injury/Illness -,"Daniels, Dyson Out Injury/Illness - "
2025-12-23,"Dante, N'Faly",Out,Injury/Illness -,"Dante, N'Faly Out Injury/Illness - "
2025-12-23,"Djurisic, Nikola",Out,Coach's,"Djurisic, Nikola Out Coach's "
2025-12-23,"Gueye, Mouhamed",Out,Injury/Illness -,"Gueye, Mouhamed Out Injury/Illness - "
2025-12-23,"Houstan, Caleb",Available,G,"Houstan, Caleb Available G "
2025-12-23,"Ndiaye, Eli John",Out,G,"Ndiaye, Eli John Out G "
2025-12-23,"Porzingis, Kristaps",Out,Injury/Illness -,"Porzingis, Kristaps Out Injury/Illness - "
2025-12-23,"Antetokounmpo, Alex",Out,G,"Antetokounmpo, Alex Out G "
2025-12-23,"Antetokounmpo, Giannis",Out,Injury/Illness -,"Antetokounmpo, Giannis Out Injury/Illness - "
2025-12-23,"Prince, Taurean",Out,Injury/Illness -,"Prince, Taurean Out Injury/Illness - "
2025-12-23,"Haliburton, Tyrese",Out,Injury/Illness -,"Haliburton, Tyrese Out Injury/Illness - "
2025-12-23,"Jackson, Isaiah",Out,Injury/Illness -,"Jackson, Isaiah Out Injury/Illness - "
2025-12-23,"Jones, Kam",Questionable,G,"Jones, Kam Questionable G "
2025-12-23,"Nesmith, Aaron",Out,Injury/Illness -,"Nesmith, Aaron Out Injury/Illness - "
2025-12-23,"Peter, Taelon",Probable,G,"Peter, Taelon Probable G "
2025-12-23,"Sheppard, Ben",Out,Injury/Illness -,"Sheppard, Ben Out Injury/Illness - "
2025-12-23,"Toppin, Obi",Out,Injury/Illness -,"Toppin, Obi Out Injury/Illness - "
2025-12-23,"Alexander, Trey",Out,G,"Alexander, Trey Out G "
2025-12-23,"Dickinson, Hunter",Out,G,"Dickinson, Hunter Out G "
2025-12-23,"Jones, Herbert",Out,Injury/Illness -,"Jones, Herbert Out Injury/Illness - "
2025-12-23,"Murray, Dejounte",Out,Injury/Illness -,"Murray, Dejounte Out Injury/Illness - "
2025-12-23,"Poole, Jordan",Questionable,Injury/Illness -,"Poole, Jordan Questionable Injury/Illness - "
2025-12-23,"Ball, Lonzo",Out,Rest -,"Ball, Lonzo Out Rest - "
2025-12-23,"Garland, Darius",Questionable,Injury/Illness -,"Garland, Darius Questionable Injury/Illness - "
2025-12-23,"Livingston, Chris",Out,G,"Livingston, Chris Out G "
2025-12-23,"Mobley, Evan",Out,Injury/Illness -,"Mobley, Evan Out Injury/Illness - "
2025-12-23,"Nance Jr., Larry",Out,Injury/Illness -,"Nance Jr., Larry Out Injury/Illness - "
2025-12-23,"Strus, Max",Out,Injury/Illness -,"Strus, Max Out Injury/Illness - "
2025-12-23,"Travers, Luke",Out,G,"Travers, Luke Out G "
2025-12-23,"Barrett, RJ",Out,Injury/Illness -,"Barrett, RJ Out Injury/Illness - "
2025-12-23,"Poeltl, Jakob",Out,Injury/Illness -,"Poeltl, Jakob Out Injury/Illness - "
2025-12-23,"Herro, Tyler",Out,Injury/Illness -,"Herro, Tyler Out Injury/Illness - "
2025-12-23,"Jakucionis, Kasparas",Available,Injury/Illness -,"Jakucionis, Kasparas Available Injury/Illness - "
2025-12-23,"Jaquez Jr., Jaime",Available,Injury/Illness -,"Jaquez Jr., Jaime Available Injury/Illness - "
2025-12-23,"Jovic, Nikola",Out,Injury/Illness -,"Jovic, Nikola Out Injury/Illness - "
2025-12-23,"Larsson, Pelle",Out,Injury/Illness -,"Larsson, Pelle Out Injury/Illness - "
2025-12-23,"Mitchell, Davion",Available,Injury/Illness -,"Mitchell, Davion Available Injury/Illness - "
2025-12-23,"Powell, Norman",Available,Injury/Illness -,"Powell, Norman Available Injury/Illness - "
2025-12-23,"Rozier, Terry",Out,Not,"Rozier, Terry Out Not "
2025-12-23,"Smith, Dru",Available,Injury/Illness -,"Smith, Dru Available Injury/Illness - "
2025-12-23,"Wiggins, Andrew",Available,Injury/Illness -,"Wiggins, Andrew Available Injury/Illness - "
2025-12-23,"Young, Jahmir",Available,G,"Young, Jahmir Available G "
2025-12-23,"Bates, Tamar",Out,Injury/Illness -,"Bates, Tamar Out Injury/Illness - "
2025-12-23,"Braun, Christian",Out,Injury/Illness -,"Braun, Christian Out Injury/Illness - "
2025-12-23,"Gordon, Aaron",Out,Injury/Illness -,"Gordon, Aaron Out Injury/Illness - "
2025-12-23,"Valanciunas, Jonas",Probable,Injury/Illness -,"Valanciunas, Jonas Probable Injury/Illness - "
2025-12-23,"Watson, Peyton",Probable,Injury/Illness -,"Watson, Peyton Probable Injury/Illness - "
2025-12-23,"Christie, Max",Doubtful,Injury/Illness -,"Christie, Max Doubtful Injury/Illness - "
2025-12-23,"Cisse, Moussa",Probable,G,"Cisse, Moussa Probable G "
2025-12-23,"Exum, Dante",Out,Injury/Illness -,"Exum, Dante Out Injury/Illness - "
2025-12-23,"Irving, Kyrie",Out,Injury/Illness -,"Irving, Kyrie Out Injury/Illness - "
2025-12-23,"Kelly, Miles",Probable,G,"Kelly, Miles Probable G "
2025-12-23,"Lively II, Dereck",Out,Injury/Illness -,"Lively II, Dereck Out Injury/Illness - "
2025-12-23,"Powell, Dwight",Doubtful,Injury/Illness -,"Powell, Dwight Doubtful Injury/Illness - "
2025-12-23,"Thompson, Klay",Doubtful,Injury/Illness -,"Thompson, Klay Doubtful Injury/Illness - "
2025-12-23,"Williams, Brandon",Questionable,Injury/Illness -,"Williams, Brandon Questionable Injury/Illness - "
2025-12-23,"Anunoby, OG",Out,Injury/Illness -,"Anunoby, OG Out Injury/Illness - "
2025-12-23,"Brunson, Jalen",Out,Injury/Illness -,"Brunson, Jalen Out Injury/Illness - "
2025-12-23,"Dadiet, Pacome",Available,G,"Dadiet, Pacome Available G "
2025-12-23,"McBride, Miles",Out,Injury/Illness -,"McBride, Miles Out Injury/Illness - "
2025-12-23,"Shamet, Landry",Out,Injury/Illness -,"Shamet, Landry Out Injury/Illness - "
2025-12-23,"Yabusele, Guerschon",Out,Injury/Illness -,"Yabusele, Guerschon Out Injury/Illness - "
2025-12-23,"Beringer, Joan",Available,G,"Beringer, Joan Available G "
2025-12-23,"Freeman, Enrique",Available,G,"Freeman, Enrique Available G "
2025-12-23,"Ingles, Joe",Out,Personal,"Ingles, Joe Out Personal "
2025-12-23,"McDaniels, Jaden",Out,Injury/Illness -,"McDaniels, Jaden Out Injury/Illness - "
2025-12-23,"Zikarsky, Rocco",Available,G,"Zikarsky, Rocco Available G "
2025-12-23,"Dieng, Ousmane",Out,Injury/Illness -,"Dieng, Ousmane Out Injury/Illness - "
2025-12-23,"Mitchell, Ajay",Out,Concussion,"Mitchell, Ajay Out Concussion "
2025-12-23,"Sorber, Thomas",Out,Injury/Illness -,"Sorber, Thomas Out Injury/Illness - "
2025-12-23,"Topic, Nikola",Out,Injury/Illness -,"Topic, Nikola Out Injury/Illness - "
2025-12-23,"Wiggins, Aaron",Questionable,Injury/Illness -,"Wiggins, Aaron Questionable Injury/Illness - "
2025-12-23,"Williams, Jaylin",Out,Injury/Illness -,"Williams, Jaylin Out Injury/Illness - "
2025-12-23,"Ingram, Harrison",Out,G,"Ingram, Harrison Out G "
2025-12-23,"Garcia, David",Out,G,"Garcia, David Out G "
2025-12-23,"Umude, Stanley",Out,G,"Umude, Stanley Out G "
2025-12-23,"Wembanyama, Victor",Questionable,Injury/Illness -,"Wembanyama, Victor Questionable Injury/Illness - "
2025-12-23,"Doncic, Luka",Out,Injury/Illness -,"Doncic, Luka Out Injury/Illness - "
2025-12-23,"Hachimura, Rui",Out,Injury/Illness -,"Hachimura, Rui Out Injury/Illness - "
2025-12-23,"Reaves, Austin",Available,Injury/Illness -,"Reaves, Austin Available Injury/Illness - "
2025-12-23,"Vincent, Gabe",Out,Injury/Illness -,"Vincent, Gabe Out Injury/Illness - "
2025-12-23,"Allen, Grayson",Out,Injury/Illness -,"Allen, Grayson Out Injury/Illness - "
2025-12-23,"Goodwin, Jordan",Available,Injury/Illness -,"Goodwin, Jordan Available Injury/Illness - "
2025-12-23,"Green, Jalen",Out,Injury/Illness -,"Green, Jalen Out Injury/Illness - "
2025-12-23,"Clarke, Brandon",Out,Injury/Illness -,"Clarke, Brandon Out Injury/Illness - "
2025-12-23,"Coward, Cedric",Questionable,Injury/Illness -,"Coward, Cedric Questionable Injury/Illness - "
2025-12-23,"Edey, Zach",Out,Injury/Illness -,"Edey, Zach Out Injury/Illness - "
2025-12-23,"Jerome, Ty",Out,Injury/Illness -,"Jerome, Ty Out Injury/Illness - "
2025-12-23,"Konchar, John",Out,Injury/Illness -,"Konchar, John Out Injury/Illness - "
2025-12-23,"Morant, Ja",Out,Injury/Illness -,"Morant, Ja Out Injury/Illness - "
2025-12-23,"Pippen Jr., Scotty",Out,Injury/Illness -,"Pippen Jr., Scotty Out Injury/Illness - "
2025-12-23,"Small, Javon",Questionable,Injury/Illness -,"Small, Javon Questionable Injury/Illness - "
2025-12-23,"Williams Jr., Vince",Out,Injury/Illness -,"Williams Jr., Vince Out Injury/Illness - "
2025-12-23,"Harkless, Elijah",Out,G,"Harkless, Elijah Out G "
2025-12-23,"Kessler, Walker",Out,Injury/Illness -,"Kessler, Walker Out Injury/Illness - "
2025-12-23,"Markkanen, Lauri",Out,Injury/Illness -,"Markkanen, Lauri Out Injury/Illness - "
2025-12-23,"Niang, Georges",Out,Injury/Illness -,"Niang, Georges Out Injury/Illness - "
2025-12-23,"Nurkic, Jusuf",Out,Rest,"Nurkic, Jusuf Out Rest "
2025-12-23,"Tonje, John",Out,G,"Tonje, John Out G "
2025-12-23,"Holland II, Ronald",Questionable,Injury/Illness -,"Holland II, Ronald Questionable Injury/Illness - "
2025-12-23,"Jones, Isaac",Out,G,"Jones, Isaac Out G "
2025-12-23,"Klintman, Bobi",Out,G,"Klintman, Bobi Out G "
2025-12-23,"Lanier, Chaz",Out,G,"Lanier, Chaz Out G "
2025-12-23,"LeVert, Caris",Questionable,Injury/Illness -,"LeVert, Caris Questionable Injury/Illness - "
2025-12-23,"Moore Jr., Wendell",Out,G,"Moore Jr., Wendell Out G "
2025-12-23,"Smith, Tolu",Out,G,"Smith, Tolu Out G "
2025-12-23,"Carter, Devin",Doubtful,Injury/Illness -,"Carter, Devin Doubtful Injury/Illness - "
2025-12-23,"Eubanks, Drew",Out,Injury/Illness -,"Eubanks, Drew Out Injury/Illness - "
2025-12-23,"LaVine, Zach",Out,Injury/Illness -,"LaVine, Zach Out Injury/Illness - "
2025-12-23,"Plowden, Daeqwon",Out,G,"Plowden, Daeqwon Out G "
2025-12-23,"Sabonis, Domantas",Out,Injury/Illness -,"Sabonis, Domantas Out Injury/Illness - "
2025-12-23,"Stevens, Isaiah",Out,G,"Stevens, Isaiah Out G "
2025-12-23,"Bitadze, Goga",Questionable,Injury/Illness -,"Bitadze, Goga Questionable Injury/Illness - "
2025-12-23,"Castleton, Colin",Out,G,"Castleton, Colin Out G "
2025-12-23,"Silva, Tristan",Questionable,Injury/Illness -,"Silva, Tristan Questionable Injury/Illness - "
2025-12-23,"Isaac, Jonathan",Questionable,Injury/Illness -,"Isaac, Jonathan Questionable Injury/Illness - "
2025-12-23,"Suggs, Jalen",Out,Injury/Illness -,"Suggs, Jalen Out Injury/Illness - "
2025-12-23,"Wagner, Franz",Out,Injury/Illness -,"Wagner, Franz Out Injury/Illness - "
2025-12-23,"Wagner, Moritz",Out,Injury/Illness -,"Wagner, Moritz Out Injury/Illness - "
2025-12-23,"Grant, Jerami",Out,Injury/Illness -,"Grant, Jerami Out Injury/Illness - "
2025-12-23,"Henderson, Scoot",Out,Injury/Illness -,"Henderson, Scoot Out Injury/Illness - "
2025-12-23,"Holiday, Jrue",Out,Injury/Illness -,"Holiday, Jrue Out Injury/Illness - "
2025-12-23,"Lillard, Damian",Out,Injury/Illness -,"Lillard, Damian Out Injury/Illness - "
2025-12-23,"Thybulle, Matisse",Out,Injury/Illness -,"Thybulle, Matisse Out Injury/Illness - "
2025-12-23,"Wesley, Blake",Out,Injury/Illness -,"Wesley, Blake Out Injury/Illness - "
2025-12-23,"Williams III, Robert",Out,Injury/Illness -,"Williams III, Robert Out Injury/Illness - "
2025-12-23,"Smith, Dorian",Out,Injury/Illness -,"Smith, Dorian Out Injury/Illness - "
2025-12-23,"VanVleet, Fred",Out,Injury/Illness -,"VanVleet, Fred Out Injury/Illness - "
2025-12-23,"Beal, Bradley",Out,Injury/Illness -,"Beal, Bradley Out Injury/Illness - "
2025-12-23,"Jones Jr., Derrick",Out,Injury/Illness -,"Jones Jr., Derrick Out Injury/Illness - "
2025-12-23,"Paul, Chris",Out,Not,"Paul, Chris Out Not "
2025-12-23,"Zubac, Ivica",Out,Injury/Illness -,"Zubac, Ivica Out Injury/Illness - "
2025-12-24,"Dieng, Ousmane",Out,Injury/Illness -,"Dieng, Ousmane Out Injury/Illness - "
2025-12-24,"Mitchell, Ajay",Out,Concussion,"Mitchell, Ajay Out Concussion "
2025-12-24,"Sorber, Thomas",Out,Injury/Illness -,"Sorber, Thomas Out Injury/Illness - "
2025-12-24,"Topic, Nikola",Out,Injury/Illness -,"Topic, Nikola Out Injury/Illness - "
2025-12-24,"Williams, Jaylin",Out,Injury/Illness -,"Williams, Jaylin Out Injury/Illness - "
2025-12-24,"Christie, Max",Probable,Injury/Illness -,"Christie, Max Probable Injury/Illness - "
2025-12-24,"Cisse, Moussa",Questionable,G,"Cisse, Moussa Questionable G "
2025-12-24,"Exum, Dante",Out,Injury/Illness -,"Exum, Dante Out Injury/Illness - "
2025-12-24,"Irving, Kyrie",Out,Injury/Illness -,"Irving, Kyrie Out Injury/Illness - "
2025-12-24,"Kelly, Miles",Doubtful,G,"Kelly, Miles Doubtful G "
2025-12-24,"Lively II, Dereck",Out,Injury/Illness -,"Lively II, Dereck Out Injury/Illness - "
2025-12-24,"Powell, Dwight",Probable,Injury/Illness -,"Powell, Dwight Probable Injury/Illness - "
2025-12-24,"Thompson, Klay",Probable,Injury/Illness -,"Thompson, Klay Probable Injury/Illness - "
2025-12-24,"Williams, Brandon",Probable,Injury/Illness -,"Williams, Brandon Probable Injury/Illness - "
2025-12-24,"Cryer, LJ",Out,Injury/Illness -,"Cryer, LJ Out Injury/Illness - "
2025-12-24,"Curry, Seth",Out,Injury/Illness -,"Curry, Seth Out Injury/Illness - "
2025-12-24,"Horford, Al",Probable,Injury/Illness -,"Horford, Al Probable Injury/Illness - "
2025-12-24,"Livingston, Chris",Out,G,"Livingston, Chris Out G "
2025-12-24,"Mobley, Evan",Questionable,Injury/Illness -,"Mobley, Evan Questionable Injury/Illness - "
2025-12-24,"Nance Jr., Larry",Out,Injury/Illness -,"Nance Jr., Larry Out Injury/Illness - "
2025-12-24,"Strus, Max",Out,Injury/Illness -,"Strus, Max Out Injury/Illness - "
2025-12-24,"Travers, Luke",Out,G,"Travers, Luke Out G "
2025-12-24,"McBride, Miles",Out,Injury/Illness -,"McBride, Miles Out Injury/Illness - "
2025-12-24,"Shamet, Landry",Out,Injury/Illness -,"Shamet, Landry Out Injury/Illness - "
2025-12-24,"Yabusele, Guerschon",Questionable,Injury/Illness -,"Yabusele, Guerschon Questionable Injury/Illness - "
2025-12-25,"Ingram, Harrison",Out,G,"Ingram, Harrison Out G "
2025-12-25,"Garcia, David",Out,G,"Garcia, David Out G "
2025-12-25,"Umude, Stanley",Out,G,"Umude, Stanley Out G "
2025-12-25,"Dieng, Ousmane",Out,Injury/Illness -,"Dieng, Ousmane Out Injury/Illness - "
2025-12-25,"Mitchell, Ajay",Out,Concussion,"Mitchell, Ajay Out Concussion "
2025-12-25,"Sorber, Thomas",Out,Injury/Illness -,"Sorber, Thomas Out Injury/Illness - "
2025-12-25,"Topic, Nikola",Out,Injury/Illness -,"Topic, Nikola Out Injury/Illness - "
2025-12-25,"Williams, Jaylin",Out,Injury/Illness -,"Williams, Jaylin Out Injury/Illness - "
2025-12-25,"Christie, Max",Available,Injury/Illness -,"Christie, Max Available Injury/Illness - "
2025-12-25,"Cisse, Moussa",Out,G,"Cisse, Moussa Out G "
2025-12-25,"Exum, Dante",Out,Injury/Illness -,"Exum, Dante Out Injury/Illness - "
2025-12-25,"Irving, Kyrie",Out,Injury/Illness -,"Irving, Kyrie Out Injury/Illness - "
2025-12-25,"Kelly, Miles",Out,G,"Kelly, Miles Out G "
2025-12-25,"Lively II, Dereck",Out,Injury/Illness -,"Lively II, Dereck Out Injury/Illness - "
2025-12-25,"Powell, Dwight",Available,Injury/Illness -,"Powell, Dwight Available Injury/Illness - "
2025-12-25,"Thompson, Klay",Available,Injury/Illness -,"Thompson, Klay Available Injury/Illness - "
2025-12-25,"Williams, Brandon",Available,Injury/Illness -,"Williams, Brandon Available Injury/Illness - "
2025-12-25,"Cryer, LJ",Out,Injury/Illness -,"Cryer, LJ Out Injury/Illness - "
2025-12-25,"Curry, Seth",Out,Injury/Illness -,"Curry, Seth Out Injury/Illness - "
2025-12-25,"Horford, Al",Available,Injury/Illness -,"Horford, Al Available Injury/Illness - "
2025-12-25,"Smith, Dorian",Questionable,Injury/Illness -,"Smith, Dorian Questionable Injury/Illness - "
2025-12-25,"Sengun, Alperen",Questionable,Injury/Illness -,"Sengun, Alperen Questionable Injury/Illness - "
2025-12-25,"Tate, Jae'Sean",Questionable,Injury/Illness -,"Tate, Jae'Sean Questionable Injury/Illness - "
2025-12-25,"VanVleet, Fred",Out,Injury/Illness -,"VanVleet, Fred Out Injury/Illness - "
2025-12-25,"Doncic, Luka",Probable,Injury/Illness -,"Doncic, Luka Probable Injury/Illness - "
2025-12-25,"Hachimura, Rui",Probable,Injury/Illness -,"Hachimura, Rui Probable Injury/Illness - "
2025-12-25,"Hayes, Jaxson",Out,Injury/Illness -,"Hayes, Jaxson Out Injury/Illness - "
2025-12-25,"Vincent, Gabe",Out,Injury/Illness -,"Vincent, Gabe Out Injury/Illness - "
2025-12-25,"Hyland, Bones",Questionable,Injury/Illness -,"Hyland, Bones Questionable Injury/Illness - "
2025-12-25,"McDaniels, Jaden",Probable,Injury/Illness -,"McDaniels, Jaden Probable Injury/Illness - "
2025-12-25,"Bates, Tamar",Out,Injury/Illness -,"Bates, Tamar Out Injury/Illness - "
2025-12-25,"Braun, Christian",Out,Injury/Illness -,"Braun, Christian Out Injury/Illness - "
2025-12-25,"Gordon, Aaron",Out,Injury/Illness -,"Gordon, Aaron Out Injury/Illness - "
2025-12-25,"Johnson, Cameron",Out,Injury/Illness -,"Johnson, Cameron Out Injury/Illness - "
2025-12-25,"Valanciunas, Jonas",Probable,Injury/Illness -,"Valanciunas, Jonas Probable Injury/Illness - "
2025-12-25,"Livingston, Chris",Out,G,"Livingston, Chris Out G "
2025-12-25,"Mobley, Evan",Available,Injury/Illness -,"Mobley, Evan Available Injury/Illness - "
2025-12-25,"Nance Jr., Larry",Out,Injury/Illness -,"Nance Jr., Larry Out Injury/Illness - "
2025-12-25,"Strus, Max",Out,Injury/Illness -,"Strus, Max Out Injury/Illness - "
2025-12-25,"Travers, Luke",Out,G,"Travers, Luke Out G "
2025-12-25,"McBride, Miles",Out,Injury/Illness -,"McBride, Miles Out Injury/Illness - "
2025-12-25,"Shamet, Landry",Out,Injury/Illness -,"Shamet, Landry Out Injury/Illness - "
2025-12-25,"Yabusele, Guerschon",Available,Injury/Illness -,"Yabusele, Guerschon Available Injury/Illness - "
2025-12-25,"Boucher, Chris",Out,Personal,"Boucher, Chris Out Personal "
2025-12-25,"Harper Jr., Ron",Out,G,"Harper Jr., Ron Out G "
2025-12-25,"Shulga, Max",Out,G,"Shulga, Max Out G "
2025-12-25,"Tatum, Jayson",Out,Injury/Illness -,"Tatum, Jayson Out Injury/Illness - "
2025-12-25,"Walsh, Jordan",Probable,Injury/Illness -,"Walsh, Jordan Probable Injury/Illness - "
2025-12-25,"Williams, Amari",Out,G,"Williams, Amari Out G "
2025-12-25,"Haliburton, Tyrese",Out,Injury/Illness -,"Haliburton, Tyrese Out Injury/Illness - "
2025-12-25,"Jackson, Isaiah",Out,Injury/Illness -,"Jackson, Isaiah Out Injury/Illness - "
2025-12-25,"Nesmith, Aaron",Out,Injury/Illness -,"Nesmith, Aaron Out Injury/Illness - "
2025-12-25,"Peter, Taelon",Probable,G,"Peter, Taelon Probable G "
2025-12-25,"Sheppard, Ben",Out,Injury/Illness -,"Sheppard, Ben Out Injury/Illness - "
2025-12-25,"Toppin, Obi",Out,Injury/Illness -,"Toppin, Obi Out Injury/Illness - "
2025-12-25,"Kalkbrenner, Ryan",Out,Injury/Illness -,"Kalkbrenner, Ryan Out Injury/Illness - "
2025-12-25,"McNeeley, Liam",Out,G,"McNeeley, Liam Out G "
2025-12-25,"Plumlee, Mason",Out,Injury/Illness -,"Plumlee, Mason Out Injury/Illness - "
2025-12-25,"Reeves, Antonio",Out,G,"Reeves, Antonio Out G "
2025-12-25,"Simpson, KJ",Out,G,"Simpson, KJ Out G "
2025-12-25,"Williams, Grant",Out,Injury/Illness -,"Williams, Grant Out Injury/Illness - "
2025-12-25,"Bitadze, Goga",Questionable,Injury/Illness -,"Bitadze, Goga Questionable Injury/Illness - "
2025-12-25,"Castleton, Colin",Out,G,"Castleton, Colin Out G "
2025-12-25,"Silva, Tristan",Probable,Injury/Illness -,"Silva, Tristan Probable Injury/Illness - "
2025-12-25,"Suggs, Jalen",Doubtful,Injury/Illness -,"Suggs, Jalen Doubtful Injury/Illness - "
2025-12-25,"Wagner, Franz",Out,Injury/Illness -,"Wagner, Franz Out Injury/Illness - "
2025-12-25,"Wagner, Moritz",Out,Injury/Illness -,"Wagner, Moritz Out Injury/Illness - "
2025-12-25,"Adebayo, Bam",Questionable,Injury/Illness -,"Adebayo, Bam Questionable Injury/Illness - "
2025-12-25,"Goldin, Vladislav",Out,G,"Goldin, Vladislav Out G "
2025-12-25,"Herro, Tyler",Out,Injury/Illness -,"Herro, Tyler Out Injury/Illness - "
2025-12-25,"Jakucionis, Kasparas",Available,Injury/Illness -,"Jakucionis, Kasparas Available Injury/Illness - "
2025-12-25,"Jaquez Jr., Jaime",Available,Injury/Illness -,"Jaquez Jr., Jaime Available Injury/Illness - "
2025-12-25,"Johnson, Keshad",Questionable,Injury/Illness -,"Johnson, Keshad Questionable Injury/Illness - "
2025-12-25,"Jovic, Nikola",Probable,Injury/Illness -,"Jovic, Nikola Probable Injury/Illness - "
2025-12-25,"Larsson, Pelle",Probable,Injury/Illness -,"Larsson, Pelle Probable Injury/Illness - "
2025-12-25,"Mitchell, Davion",Available,Injury/Illness -,"Mitchell, Davion Available Injury/Illness - "
2025-12-25,"Rozier, Terry",Out,Not,"Rozier, Terry Out Not "
2025-12-25,"Smith, Dru",Available,Injury/Illness -,"Smith, Dru Available Injury/Illness - "
2025-12-25,"Wiggins, Andrew",Available,Injury/Illness -,"Wiggins, Andrew Available Injury/Illness - "
2025-12-25,"Young, Jahmir",Out,G,"Young, Jahmir Out G "
2025-12-25,"Dante, N'Faly",Out,Injury/Illness -,"Dante, N'Faly Out Injury/Illness - "
2025-12-25,"Djurisic, Nikola",Questionable,G,"Djurisic, Nikola Questionable G "
2025-12-25,"Gueye, Mouhamed",Questionable,Injury/Illness -,"Gueye, Mouhamed Questionable Injury/Illness - "
2025-12-25,"Houstan, Caleb",Questionable,G,"Houstan, Caleb Questionable G "
2025-12-25,"Ndiaye, Eli John",Out,G,"Ndiaye, Eli John Out G "
2025-12-25,"Porzingis, Kristaps",Out,Injury/Illness -,"Porzingis, Kristaps Out Injury/Illness - "
2025-12-25,"Williams, Malik",Questionable,G,"Williams, Malik Questionable G "
2025-12-25,"Barrett, RJ",Out,Injury/Illness -,"Barrett, RJ Out Injury/Illness - "
2025-12-25,"Hepburn, Chucky",Out,G,"Hepburn, Chucky Out G "
2025-12-25,"Martin, Alijah",Out,G,"Martin, Alijah Out G "
2025-12-25,"Boyles, Collin",Questionable,Injury/Illness -,"Boyles, Collin Questionable Injury/Illness - "
2025-12-25,"Poeltl, Jakob",Out,Injury/Illness -,"Poeltl, Jakob Out Injury/Illness - "
2025-12-25,"Kispert, Corey",Out,Injury/Illness -,"Kispert, Corey Out Injury/Illness - "
2025-12-25,"Whitmore, Cam",Out,Injury/Illness -,"Whitmore, Cam Out Injury/Illness - "
2025-12-25,"Barlow, Dominick",Questionable,Injury/Illness -,"Barlow, Dominick Questionable Injury/Illness - "
2025-12-25,"Edgecombe, VJ",Questionable,Injury/Illness -,"Edgecombe, VJ Questionable Injury/Illness - "
2025-12-25,"Embiid, Joel",Questionable,Injury/Illness -,"Embiid, Joel Questionable Injury/Illness - "
2025-12-25,"Grimes, Quentin",Questionable,Injury/Illness -,"Grimes, Quentin Questionable Injury/Illness - "
2025-12-25,"Oubre Jr., Kelly",Out,Injury/Illness -,"Oubre Jr., Kelly Out Injury/Illness - "
2025-12-25,"Watford, Trendon",Out,Injury/Illness -,"Watford, Trendon Out Injury/Illness - "
2025-12-25,"Essengue, Noa",Out,Injury/Illness -,"Essengue, Noa Out Injury/Illness - "
2025-12-25,"Flowers, Trentyn",Out,G,"Flowers, Trentyn Out G "
2025-12-25,"Miller, Emanuel",Out,G,"Miller, Emanuel Out G "
2025-12-25,"Olbrich, Lachlan",Out,G,"Olbrich, Lachlan Out G "
2025-12-25,"Antetokounmpo, Alex",Out,G,"Antetokounmpo, Alex Out G "
2025-12-25,"Antetokounmpo, Giannis",Out,Injury/Illness -,"Antetokounmpo, Giannis Out Injury/Illness - "
2025-12-25,"Prince, Taurean",Out,Injury/Illness -,"Prince, Taurean Out Injury/Illness - "
2025-12-25,"Trent Jr., Gary",Questionable,Injury/Illness -,"Trent Jr., Gary Questionable Injury/Illness - "
2025-12-25,"Alexander, Trey",Out,G,"Alexander, Trey Out G "
2025-12-25,"Dickinson, Hunter",Out,G,"Dickinson, Hunter Out G "
2025-12-25,"Jones, Herbert",Out,Injury/Illness -,"Jones, Herbert Out Injury/Illness - "
2025-12-25,"Murray, Dejounte",Out,Injury/Illness -,"Murray, Dejounte Out Injury/Illness - "
2025-12-25,"Poole, Jordan",Questionable,Injury/Illness -,"Poole, Jordan Questionable Injury/Illness - "
2025-12-26,"Boucher, Chris",Out,Personal,"Boucher, Chris Out Personal "
2025-12-26,"Harper Jr., Ron",Out,G,"Harper Jr., Ron Out G "
2025-12-26,"Shulga, Max",Out,G,"Shulga, Max Out G "
2025-12-26,"Tatum, Jayson",Out,Injury/Illness -,"Tatum, Jayson Out Injury/Illness - "
2025-12-26,"Walsh, Jordan",Available,Injury/Illness -,"Walsh, Jordan Available Injury/Illness - "
2025-12-26,"Williams, Amari",Out,G,"Williams, Amari Out G "
2025-12-26,"Haliburton, Tyrese",Out,Injury/Illness -,"Haliburton, Tyrese Out Injury/Illness - "
2025-12-26,"Jackson, Isaiah",Out,Injury/Illness -,"Jackson, Isaiah Out Injury/Illness - "
2025-12-26,"Nesmith, Aaron",Out,Injury/Illness -,"Nesmith, Aaron Out Injury/Illness - "
2025-12-26,"Peter, Taelon",Available,G,"Peter, Taelon Available G "
2025-12-26,"Sheppard, Ben",Out,Injury/Illness -,"Sheppard, Ben Out Injury/Illness - "
2025-12-26,"Toppin, Obi",Out,Injury/Illness -,"Toppin, Obi Out Injury/Illness - "
2025-12-26,"Kalkbrenner, Ryan",Out,Injury/Illness -,"Kalkbrenner, Ryan Out Injury/Illness - "
2025-12-26,"McNeeley, Liam",Out,G,"McNeeley, Liam Out G "
2025-12-26,"Plumlee, Mason",Out,Injury/Illness -,"Plumlee, Mason Out Injury/Illness - "
2025-12-26,"Reeves, Antonio",Out,G,"Reeves, Antonio Out G "
2025-12-26,"Simpson, KJ",Out,G,"Simpson, KJ Out G "
2025-12-26,"Williams, Grant",Out,Injury/Illness -,"Williams, Grant Out Injury/Illness - "
2025-12-26,"Bitadze, Goga",Out,Injury/Illness -,"Bitadze, Goga Out Injury/Illness - "
2025-12-26,"Castleton, Colin",Out,G,"Castleton, Colin Out G "
2025-12-26,"Silva, Tristan",Available,Injury/Illness -,"Silva, Tristan Available Injury/Illness - "
2025-12-26,"Suggs, Jalen",Out,Injury/Illness -,"Suggs, Jalen Out Injury/Illness - "
2025-12-26,"Wagner, Franz",Out,Injury/Illness -,"Wagner, Franz Out Injury/Illness - "
2025-12-26,"Wagner, Moritz",Out,Injury/Illness -,"Wagner, Moritz Out Injury/Illness - "
2025-12-26,"Adebayo, Bam",Out,Injury/Illness -,"Adebayo, Bam Out Injury/Illness - "
2025-12-26,"Goldin, Vladislav",Out,G,"Goldin, Vladislav Out G "
2025-12-26,"Herro, Tyler",Out,Injury/Illness -,"Herro, Tyler Out Injury/Illness - "
2025-12-26,"Jakucionis, Kasparas",Available,Injury/Illness -,"Jakucionis, Kasparas Available Injury/Illness - "
2025-12-26,"Jaquez Jr., Jaime",Available,Injury/Illness -,"Jaquez Jr., Jaime Available Injury/Illness - "
2025-12-26,"Johnson, Keshad",Available,Injury/Illness -,"Johnson, Keshad Available Injury/Illness - "
2025-12-26,"Jovic, Nikola",Available,Injury/Illness -,"Jovic, Nikola Available Injury/Illness - "
2025-12-26,"Larsson, Pelle",Available,Injury/Illness -,"Larsson, Pelle Available Injury/Illness - "
2025-12-26,"Mitchell, Davion",Available,Injury/Illness -,"Mitchell, Davion Available Injury/Illness - "
2025-12-26,"Rozier, Terry",Out,Not,"Rozier, Terry Out Not "
2025-12-26,"Smith, Dru",Available,Injury/Illness -,"Smith, Dru Available Injury/Illness - "
2025-12-26,"Wiggins, Andrew",Available,Injury/Illness -,"Wiggins, Andrew Available Injury/Illness - "
2025-12-26,"Young, Jahmir",Out,G,"Young, Jahmir Out G "
2025-12-26,"Dante, N'Faly",Out,Injury/Illness -,"Dante, N'Faly Out Injury/Illness - "
2025-12-26,"Djurisic, Nikola",Out,G,"Djurisic, Nikola Out G "
2025-12-26,"Gueye, Mouhamed",Available,Injury/Illness -,"Gueye, Mouhamed Available Injury/Illness - "
2025-12-26,"Houstan, Caleb",Out,G,"Houstan, Caleb Out G "
2025-12-26,"Ndiaye, Eli John",Out,G,"Ndiaye, Eli John Out G "
2025-12-26,"Porzingis, Kristaps",Out,Injury/Illness -,"Porzingis, Kristaps Out Injury/Illness - "
2025-12-26,"Williams, Malik",Out,G,"Williams, Malik Out G "
2025-12-26,"Barnes, Scottie",Questionable,Injury/Illness -,"Barnes, Scottie Questionable Injury/Illness - "
2025-12-26,"Barrett, RJ",Out,Injury/Illness -,"Barrett, RJ Out Injury/Illness - "
2025-12-26,"Hepburn, Chucky",Out,G,"Hepburn, Chucky Out G "
2025-12-26,"Martin, Alijah",Out,G,"Martin, Alijah Out G "
2025-12-26,"Boyles, Collin",Questionable,Injury/Illness -,"Boyles, Collin Questionable Injury/Illness - "
2025-12-26,"Poeltl, Jakob",Out,Injury/Illness -,"Poeltl, Jakob Out Injury/Illness - "
2025-12-26,"Champagnie, Justin",Questionable,Injury/Illness -,"Champagnie, Justin Questionable Injury/Illness - "
2025-12-26,"Kispert, Corey",Out,Injury/Illness -,"Kispert, Corey Out Injury/Illness - "
2025-12-26,"Whitmore, Cam",Out,Injury/Illness -,"Whitmore, Cam Out Injury/Illness - "
2025-12-26,"Barlow, Dominick",Probable,Injury/Illness -,"Barlow, Dominick Probable Injury/Illness - "
2025-12-26,"Edgecombe, VJ",Probable,Injury/Illness -,"Edgecombe, VJ Probable Injury/Illness - "
2025-12-26,"Embiid, Joel",Questionable,Injury/Illness -,"Embiid, Joel Questionable Injury/Illness - "
2025-12-26,"Grimes, Quentin",Probable,Injury/Illness -,"Grimes, Quentin Probable Injury/Illness - "
2025-12-26,"Oubre Jr., Kelly",Out,Injury/Illness -,"Oubre Jr., Kelly Out Injury/Illness - "
2025-12-26,"Watford, Trendon",Out,Injury/Illness -,"Watford, Trendon Out Injury/Illness - "
2025-12-26,"Essengue, Noa",Out,Injury/Illness -,"Essengue, Noa Out Injury/Illness - "
2025-12-26,"Flowers, Trentyn",Out,G,"Flowers, Trentyn Out G "
2025-12-26,"Miller, Emanuel",Out,G,"Miller, Emanuel Out G "
2025-12-26,"Olbrich, Lachlan",Out,G,"Olbrich, Lachlan Out G "
2025-12-26,"Williams, Patrick",Questionable,Injury/Illness -,"Williams, Patrick Questionable Injury/Illness - "
2025-12-26,"Antetokounmpo, Alex",Out,G,"Antetokounmpo, Alex Out G "
2025-12-26,"Antetokounmpo, Giannis",Out,Injury/Illness -,"Antetokounmpo, Giannis Out Injury/Illness - "
2025-12-26,"Prince, Taurean",Out,Injury/Illness -,"Prince, Taurean Out Injury/Illness - "
2025-12-26,"Trent Jr., Gary",Out,Injury/Illness -,"Trent Jr., Gary Out Injury/Illness - "
2025-12-26,"Clarke, Brandon",Out,Injury/Illness -,"Clarke, Brandon Out Injury/Illness - "
2025-12-26,"Coward, Cedric",Questionable,Injury/Illness -,"Coward, Cedric Questionable Injury/Illness - "
2025-12-26,"Edey, Zach",Out,Injury/Illness -,"Edey, Zach Out Injury/Illness - "
2025-12-26,"Jerome, Ty",Out,Injury/Illness -,"Jerome, Ty Out Injury/Illness - "
2025-12-26,"Konchar, John",Out,Injury/Illness -,"Konchar, John Out Injury/Illness - "
2025-12-26,"Morant, Ja",Questionable,Injury/Illness -,"Morant, Ja Questionable Injury/Illness - "
2025-12-26,"Pippen Jr., Scotty",Out,Injury/Illness -,"Pippen Jr., Scotty Out Injury/Illness - "
2025-12-26,"Williams Jr., Vince",Out,Injury/Illness -,"Williams Jr., Vince Out Injury/Illness - "
2025-12-26,"Allen, Grayson",Out,Injury/Illness -,"Allen, Grayson Out Injury/Illness - "
2025-12-26,"Goodwin, Jordan",Available,Injury/Illness -,"Goodwin, Jordan Available Injury/Illness - "
2025-12-26,"Green, Jalen",Out,Injury/Illness -,"Green, Jalen Out Injury/Illness - "
2025-12-26,"Alexander, Trey",Out,G,"Alexander, Trey Out G "
2025-12-26,"Dickinson, Hunter",Out,G,"Dickinson, Hunter Out G "
2025-12-26,"Jones, Herbert",Out,Injury/Illness -,"Jones, Herbert Out Injury/Illness - "
2025-12-26,"Murray, Dejounte",Out,Injury/Illness -,"Murray, Dejounte Out Injury/Illness - "
2025-12-26,"Poole, Jordan",Probable,Injury/Illness -,"Poole, Jordan Probable Injury/Illness - "
2025-12-26,"Holland II, Ronald",Questionable,Injury/Illness -,"Holland II, Ronald Questionable Injury/Illness - "
2025-12-26,"Jones, Isaac",Out,G,"Jones, Isaac Out G "
2025-12-26,"Klintman, Bobi",Out,G,"Klintman, Bobi Out G "
2025-12-26,"Moore Jr., Wendell",Out,G,"Moore Jr., Wendell Out G "
2025-12-26,"Smith, Tolu",Out,G,"Smith, Tolu Out G "
2025-12-26,"Harkless, Elijah",Out,G,"Harkless, Elijah Out G "
2025-12-26,"Kessler, Walker",Out,Injury/Illness -,"Kessler, Walker Out Injury/Illness - "
2025-12-26,"Niang, Georges",Out,Injury/Illness -,"Niang, Georges Out Injury/Illness - "
2025-12-26,"Tonje, John",Out,G,"Tonje, John Out G "
2025-12-26,"Tshiebwe, Oscar",Available,G,"Tshiebwe, Oscar Available G "
2025-12-26,"Beal, Bradley",Out,Injury/Illness -,"Beal, Bradley Out Injury/Illness - "
2025-12-26,"Dennis, RayJ",Out,G,"Dennis, RayJ Out G "
2025-12-26,"Jones Jr., Derrick",Out,Injury/Illness -,"Jones Jr., Derrick Out Injury/Illness - "
2025-12-26,"Paul, Chris",Out,Not,"Paul, Chris Out Not "
2025-12-26,"Zubac, Ivica",Out,Injury/Illness -,"Zubac, Ivica Out Injury/Illness - "
2025-12-26,"Cooke, Javonte",Out,G,"Cooke, Javonte Out G "
2025-12-26,"Grant, Jerami",Out,Injury/Illness -,"Grant, Jerami Out Injury/Illness - "
2025-12-26,"Henderson, Scoot",Out,Injury/Illness -,"Henderson, Scoot Out Injury/Illness - "
2025-12-26,"Holiday, Jrue",Out,Injury/Illness -,"Holiday, Jrue Out Injury/Illness - "
2025-12-26,"Lillard, Damian",Out,Injury/Illness -,"Lillard, Damian Out Injury/Illness - "
2025-12-26,"Murray, Kris",Probable,Injury/Illness -,"Murray, Kris Probable Injury/Illness - "
2025-12-26,"Thybulle, Matisse",Out,Injury/Illness -,"Thybulle, Matisse Out Injury/Illness - "
2025-12-26,"Wesley, Blake",Out,Injury/Illness -,"Wesley, Blake Out Injury/Illness - "
2025-12-26,"Williams III, Robert",Probable,Injury/Illness -,"Williams III, Robert Probable Injury/Illness - "
2025-12-26,"Bates, Tamar",Out,Injury/Illness -,"Bates, Tamar Out Injury/Illness - "
2025-12-26,"Braun, Christian",Out,Injury/Illness -,"Braun, Christian Out Injury/Illness - "
2025-12-26,"Gordon, Aaron",Out,Injury/Illness -,"Gordon, Aaron Out Injury/Illness - "
2025-12-26,"Johnson, Cameron",Out,Injury/Illness -,"Johnson, Cameron Out Injury/Illness - "
2025-12-26,"Livingston, Chris",Out,G,"Livingston, Chris Out G "
2025-12-26,"Nance Jr., Larry",Out,Injury/Illness -,"Nance Jr., Larry Out Injury/Illness - "
2025-12-26,"Strus, Max",Out,Injury/Illness -,"Strus, Max Out Injury/Illness - "
2025-12-26,"Travers, Luke",Out,G,"Travers, Luke Out G "
2025-12-26,"Sengun, Alperen",Questionable,Injury/Illness -,"Sengun, Alperen Questionable Injury/Illness - "
2025-12-26,"VanVleet, Fred",Out,Injury/Illness -,"VanVleet, Fred Out Injury/Illness - "
2025-12-26,"Hart, Josh",Out,Injury/Illness -,"Hart, Josh Out Injury/Illness - "
2025-12-26,"McBride, Miles",Questionable,Injury/Illness -,"McBride, Miles Questionable Injury/Illness - "
2025-12-26,"Shamet, Landry",Out,Injury/Illness -,"Shamet, Landry Out Injury/Illness - "
2025-12-27,"Cisse, Moussa",Available,G,"Cisse, Moussa Available G "
2025-12-27,"Davis, Anthony",Out,Injury/Illness -,"Davis, Anthony Out Injury/Illness - "
2025-12-27,"Exum, Dante",Out,Injury/Illness -,"Exum, Dante Out Injury/Illness - "
2025-12-27,"Irving, Kyrie",Out,Injury/Illness -,"Irving, Kyrie Out Injury/Illness - "
2025-12-27,"Kelly, Miles",Out,G,"Kelly, Miles Out G "
2025-12-27,"Lively II, Dereck",Out,Injury/Illness -,"Lively II, Dereck Out Injury/Illness - "
2025-12-27,"Williams, Brandon",Out,Injury/Illness -,"Williams, Brandon Out Injury/Illness - "
2025-12-27,"Carter, Devin",Out,Injury/Illness -,"Carter, Devin Out Injury/Illness - "
2025-12-27,"Eubanks, Drew",Out,Injury/Illness -,"Eubanks, Drew Out Injury/Illness - "
2025-12-27,"LaVine, Zach",Out,Injury/Illness -,"LaVine, Zach Out Injury/Illness - "
2025-12-27,"Murray, Keegan",Out,Injury/Illness -,"Murray, Keegan Out Injury/Illness - "
2025-12-27,"Plowden, Daeqwon",Out,G,"Plowden, Daeqwon Out G "
2025-12-27,"Sabonis, Domantas",Out,Injury/Illness -,"Sabonis, Domantas Out Injury/Illness - "
2025-12-27,"Stevens, Isaiah",Out,G,"Stevens, Isaiah Out G "
2025-12-27,"Bates, Tamar",Out,Injury/Illness -,"Bates, Tamar Out Injury/Illness - "
2025-12-27,"Braun, Christian",Out,Injury/Illness -,"Braun, Christian Out Injury/Illness - "
2025-12-27,"Gordon, Aaron",Out,Injury/Illness -,"Gordon, Aaron Out Injury/Illness - "
2025-12-27,"Johnson, Cameron",Out,Injury/Illness -,"Johnson, Cameron Out Injury/Illness - "
2025-12-27,"Bitadze, Goga",Out,Injury/Illness -,"Bitadze, Goga Out Injury/Illness - "
2025-12-27,"Castleton, Colin",Out,G,"Castleton, Colin Out G "
2025-12-27,"Suggs, Jalen",Out,Injury/Illness -,"Suggs, Jalen Out Injury/Illness - "
2025-12-27,"Wagner, Franz",Out,Injury/Illness -,"Wagner, Franz Out Injury/Illness - "
2025-12-27,"Wagner, Moritz",Out,Injury/Illness -,"Wagner, Moritz Out Injury/Illness - "
2025-12-27,"Allen, Grayson",Out,Injury/Illness -,"Allen, Grayson Out Injury/Illness - "
2025-12-27,"Dunn, Ryan",Out,Injury/Illness -,"Dunn, Ryan Out Injury/Illness - "
2025-12-27,"Goodwin, Jordan",Available,Injury/Illness -,"Goodwin, Jordan Available Injury/Illness - "
2025-12-27,"Green, Jalen",Out,Injury/Illness -,"Green, Jalen Out Injury/Illness - "
2025-12-27,"Williams, Mark",Available,Injury/Illness -,"Williams, Mark Available Injury/Illness - "
2025-12-27,"Alexander, Trey",Out,G,"Alexander, Trey Out G "
2025-12-27,"Dickinson, Hunter",Out,G,"Dickinson, Hunter Out G "
2025-12-27,"Jones, Herbert",Out,Injury/Illness -,"Jones, Herbert Out Injury/Illness - "
2025-12-27,"Murray, Dejounte",Out,Injury/Illness -,"Murray, Dejounte Out Injury/Illness - "
2025-12-27,"Etienne, Tyson",Out,G,"Etienne, Tyson Out G "
2025-12-27,"Highsmith, Haywood",Out,Injury/Illness -,"Highsmith, Haywood Out Injury/Illness - "
2025-12-27,"Johnson, Chaney",Out,Not,"Johnson, Chaney Out Not "
2025-12-27,"Saraf, Ben",Out,G,"Saraf, Ben Out G "
2025-12-27,"Conley, Mike",Available,Rest,"Conley, Mike Available Rest "
2025-12-27,"Dillingham, Rob",Questionable,Injury/Illness -,"Dillingham, Rob Questionable Injury/Illness - "
2025-12-27,"Edwards, Anthony",Available,Injury/Illness -,"Edwards, Anthony Available Injury/Illness - "
2025-12-27,"Shannon Jr., Terrence",Out,Injury/Illness -,"Shannon Jr., Terrence Out Injury/Illness - "
2025-12-27,"Garland, Darius",Probable,Injury/Illness -,"Garland, Darius Probable Injury/Illness - "
2025-12-27,"Livingston, Chris",Out,G,"Livingston, Chris Out G "
2025-12-27,"Nance Jr., Larry",Out,Injury/Illness -,"Nance Jr., Larry Out Injury/Illness - "
2025-12-27,"Strus, Max",Out,Injury/Illness -,"Strus, Max Out Injury/Illness - "
2025-12-27,"Tomlin, Nae'Qwan",Questionable,G,"Tomlin, Nae'Qwan Questionable G "
2025-12-27,"Travers, Luke",Out,G,"Travers, Luke Out G "
2025-12-27,"Sengun, Alperen",Questionable,Injury/Illness -,"Sengun, Alperen Questionable Injury/Illness - "
2025-12-27,"VanVleet, Fred",Out,Injury/Illness -,"VanVleet, Fred Out Injury/Illness - "
2025-12-27,"Haliburton, Tyrese",Out,Injury/Illness -,"Haliburton, Tyrese Out Injury/Illness - "
2025-12-27,"Jackson, Isaiah",Out,Injury/Illness -,"Jackson, Isaiah Out Injury/Illness - "
2025-12-27,"Nesmith, Aaron",Questionable,Injury/Illness -,"Nesmith, Aaron Questionable Injury/Illness - "
2025-12-27,"Sheppard, Ben",Out,Injury/Illness -,"Sheppard, Ben Out Injury/Illness - "
2025-12-27,"Toppin, Obi",Out,Injury/Illness -,"Toppin, Obi Out Injury/Illness - "
2025-12-27,"Adebayo, Bam",Out,Injury/Illness -,"Adebayo, Bam Out Injury/Illness - "
2025-12-27,"Goldin, Vladislav",Out,G,"Goldin, Vladislav Out G "
2025-12-27,"Herro, Tyler",Out,Injury/Illness -,"Herro, Tyler Out Injury/Illness - "
2025-12-27,"Jakucionis, Kasparas",Available,Injury/Illness -,"Jakucionis, Kasparas Available Injury/Illness - "
2025-12-27,"Johnson, Keshad",Available,Injury/Illness -,"Johnson, Keshad Available Injury/Illness - "
2025-12-27,"Jovic, Nikola",Available,Injury/Illness -,"Jovic, Nikola Available Injury/Illness - "
2025-12-27,"Larsson, Pelle",Available,Injury/Illness -,"Larsson, Pelle Available Injury/Illness - "
2025-12-27,"Rozier, Terry",Out,Not,"Rozier, Terry Out Not "
2025-12-27,"Ware, Kel'el",Probable,Injury/Illness -,"Ware, Kel'el Probable Injury/Illness - "
2025-12-27,"Young, Jahmir",Out,G,"Young, Jahmir Out G "
2025-12-27,"Antetokounmpo, Alex",Out,G,"Antetokounmpo, Alex Out G "
2025-12-27,"Antetokounmpo, Giannis",Questionable,Injury/Illness -,"Antetokounmpo, Giannis Questionable Injury/Illness - "
2025-12-27,"Prince, Taurean",Out,Injury/Illness -,"Prince, Taurean Out Injury/Illness - "
2025-12-27,"Sears, Mark",Out,G,"Sears, Mark Out G "
2025-12-27,"Trent Jr., Gary",Questionable,Injury/Illness -,"Trent Jr., Gary Questionable Injury/Illness - "
2025-12-27,"Essengue, Noa",Out,Injury/Illness -,"Essengue, Noa Out Injury/Illness - "
2025-12-27,"Flowers, Trentyn",Out,G,"Flowers, Trentyn Out G "
2025-12-27,"Giddey, Josh",Questionable,Injury/Illness -,"Giddey, Josh Questionable Injury/Illness - "
2025-12-27,"Miller, Emanuel",Out,G,"Miller, Emanuel Out G "
2025-12-27,"Olbrich, Lachlan",Out,G,"Olbrich, Lachlan Out G "
2025-12-27,"Hart, Josh",Out,Injury/Illness -,"Hart, Josh Out Injury/Illness - "
2025-12-27,"McBride, Miles",Questionable,Injury/Illness -,"McBride, Miles Questionable Injury/Illness - "
2025-12-27,"Shamet, Landry",Out,Injury/Illness -,"Shamet, Landry Out Injury/Illness - "
2025-12-27,"Dante, N'Faly",Out,Injury/Illness -,"Dante, N'Faly Out Injury/Illness - "
2025-12-27,"Djurisic, Nikola",Out,G,"Djurisic, Nikola Out G "
2025-12-27,"Houstan, Caleb",Doubtful,G,"Houstan, Caleb Doubtful G "
2025-12-27,"Ndiaye, Eli John",Out,G,"Ndiaye, Eli John Out G "
2025-12-27,"Porzingis, Kristaps",Out,Injury/Illness -,"Porzingis, Kristaps Out Injury/Illness - "
2025-12-27,"Williams, Malik",Doubtful,G,"Williams, Malik Doubtful G "
2025-12-27,"Young, Trae",Probable,Injury/Illness -,"Young, Trae Probable Injury/Illness - "
2025-12-27,"Bailey, Ace",Out,Injury/Illness -,"Bailey, Ace Out Injury/Illness - "
2025-12-27,"Harkless, Elijah",Out,G,"Harkless, Elijah Out G "
2025-12-27,"Kessler, Walker",Out,Injury/Illness -,"Kessler, Walker Out Injury/Illness - "
2025-12-27,"Love, Kevin",Out,Rest,"Love, Kevin Out Rest "
2025-12-27,"Niang, Georges",Out,Injury/Illness -,"Niang, Georges Out Injury/Illness - "
2025-12-27,"Tonje, John",Out,G,"Tonje, John Out G "
2025-12-27,"Fox, De'Aaron",Out,Injury/Illness -,"Fox, De'Aaron Out Injury/Illness - "
2025-12-27,"Ingram, Harrison",Out,G,"Ingram, Harrison Out G "
2025-12-27,"Garcia, David",Out,G,"Garcia, David Out G "
2025-12-27,"Umude, Stanley",Out,G,"Umude, Stanley Out G "
2025-12-27,"Cryer, LJ",Out,G,"Cryer, LJ Out G "
2025-12-27,"Curry, Seth",Out,Injury/Illness -,"Curry, Seth Out Injury/Illness - "
2025-12-27,"Leons, Malevy",Out,G,"Leons, Malevy Out G "
2025-12-27,"Melton, De'Anthony",Out,Injury/Illness -,"Melton, De'Anthony Out Injury/Illness - "
2025-12-27,"Podziemski, Brandin",Probable,Injury/Illness -,"Podziemski, Brandin Probable Injury/Illness - "
2025-12-27,"Barrett, RJ",Questionable,Injury/Illness -,"Barrett, RJ Questionable Injury/Illness - "
2025-12-27,"Hepburn, Chucky",Out,G,"Hepburn, Chucky Out G "
2025-12-27,"Martin, Alijah",Out,G,"Martin, Alijah Out G "
2025-12-27,"Boyles, Collin",Questionable,Injury/Illness -,"Boyles, Collin Questionable Injury/Illness - "
2025-12-27,"Poeltl, Jakob",Out,Injury/Illness -,"Poeltl, Jakob Out Injury/Illness - "
2025-12-27,"Clarke, Brandon",Out,Injury/Illness -,"Clarke, Brandon Out Injury/Illness - "
2025-12-27,"Edey, Zach",Out,Injury/Illness -,"Edey, Zach Out Injury/Illness - "
2025-12-27,"Jerome, Ty",Out,Injury/Illness -,"Jerome, Ty Out Injury/Illness - "
2025-12-27,"Konchar, John",Out,Injury/Illness -,"Konchar, John Out Injury/Illness - "
2025-12-27,"Landale, Jock",Questionable,Injury/Illness -,"Landale, Jock Questionable Injury/Illness - "
2025-12-27,"Mashack, Jahmai",Out,G,"Mashack, Jahmai Out G "
2025-12-27,"Pippen Jr., Scotty",Out,Injury/Illness -,"Pippen Jr., Scotty Out Injury/Illness - "
2025-12-27,"Williams Jr., Vince",Out,Injury/Illness -,"Williams Jr., Vince Out Injury/Illness - "
2025-12-27,"Branham, Malaki",Questionable,Injury/Illness -,"Branham, Malaki Questionable Injury/Illness - "
2025-12-27,"George, Kyshawn",Questionable,Injury/Illness -,"George, Kyshawn Questionable Injury/Illness - "
2025-12-27,"Kispert, Corey",Out,Injury/Illness -,"Kispert, Corey Out Injury/Illness - "
2025-12-27,"Whitmore, Cam",Out,Injury/Illness -,"Whitmore, Cam Out Injury/Illness - "
2025-12-28,"Cryer, LJ",Out,G,"Cryer, LJ Out G "
2025-12-28,"Curry, Seth",Out,Injury/Illness -,"Curry, Seth Out Injury/Illness - "
2025-12-28,"Davis, Trayce",Available,Injury/Illness -,"Davis, Trayce Available Injury/Illness - "
2025-12-28,"Leons, Malevy",Out,G,"Leons, Malevy Out G "
2025-12-28,"Melton, De'Anthony",Out,Injury/Illness -,"Melton, De'Anthony Out Injury/Illness - "
2025-12-28,"Podziemski, Brandin",Available,Injury/Illness -,"Podziemski, Brandin Available Injury/Illness - "
2025-12-28,"Barrett, RJ",Available,Injury/Illness -,"Barrett, RJ Available Injury/Illness - "
2025-12-28,"Hepburn, Chucky",Out,G,"Hepburn, Chucky Out G "
2025-12-28,"Martin, Alijah",Out,G,"Martin, Alijah Out G "
2025-12-28,"Boyles, Collin",Out,Injury/Illness -,"Boyles, Collin Out Injury/Illness - "
2025-12-28,"Poeltl, Jakob",Out,Injury/Illness -,"Poeltl, Jakob Out Injury/Illness - "
2025-12-28,"Beauchamp, MarJon",Out,G,"Beauchamp, MarJon Out G "
2025-12-28,"Broome, Johni",Out,G,"Broome, Johni Out G "
2025-12-28,"Embiid, Joel",Out,Injury/Illness -,"Embiid, Joel Out Injury/Illness - "
2025-12-28,"George, Paul",Available,Injury/Illness -,"George, Paul Available Injury/Illness - "
2025-12-28,"Oubre Jr., Kelly",Out,Injury/Illness -,"Oubre Jr., Kelly Out Injury/Illness - "
2025-12-28,"Watford, Trendon",Out,Injury/Illness -,"Watford, Trendon Out Injury/Illness - "
2025-12-28,"Dieng, Ousmane",Out,Injury/Illness -,"Dieng, Ousmane Out Injury/Illness - "
2025-12-28,"Sorber, Thomas",Out,Injury/Illness -,"Sorber, Thomas Out Injury/Illness - "
2025-12-28,"Topic, Nikola",Out,Injury/Illness -,"Topic, Nikola Out Injury/Illness - "
2025-12-28,"Williams, Jaylin",Out,Injury/Illness -,"Williams, Jaylin Out Injury/Illness - "
2025-12-28,"Boucher, Chris",Out,Personal,"Boucher, Chris Out Personal "
2025-12-28,"Harper Jr., Ron",Out,G,"Harper Jr., Ron Out G "
2025-12-28,"Shulga, Max",Out,G,"Shulga, Max Out G "
2025-12-28,"Tatum, Jayson",Out,Injury/Illness -,"Tatum, Jayson Out Injury/Illness - "
2025-12-28,"Williams, Amari",Out,G,"Williams, Amari Out G "
2025-12-28,"Cooke, Javonte",Out,G,"Cooke, Javonte Out G "
2025-12-28,"Grant, Jerami",Out,Injury/Illness -,"Grant, Jerami Out Injury/Illness - "
2025-12-28,"Henderson, Scoot",Out,Injury/Illness -,"Henderson, Scoot Out Injury/Illness - "
2025-12-28,"Holiday, Jrue",Out,Injury/Illness -,"Holiday, Jrue Out Injury/Illness - "
2025-12-28,"Lillard, Damian",Out,Injury/Illness -,"Lillard, Damian Out Injury/Illness - "
2025-12-28,"Thybulle, Matisse",Out,Injury/Illness -,"Thybulle, Matisse Out Injury/Illness - "
2025-12-28,"Wesley, Blake",Out,Injury/Illness -,"Wesley, Blake Out Injury/Illness - "
2025-12-28,"Williams III, Robert",Out,Injury/Illness -,"Williams III, Robert Out Injury/Illness - "
2025-12-28,"Clarke, Brandon",Out,Injury/Illness -,"Clarke, Brandon Out Injury/Illness - "
2025-12-28,"Edey, Zach",Out,Injury/Illness -,"Edey, Zach Out Injury/Illness - "
2025-12-28,"Jerome, Ty",Out,Injury/Illness -,"Jerome, Ty Out Injury/Illness - "
2025-12-28,"Konchar, John",Out,Injury/Illness -,"Konchar, John Out Injury/Illness - "
2025-12-28,"Landale, Jock",Out,Injury/Illness -,"Landale, Jock Out Injury/Illness - "
2025-12-28,"Mashack, Jahmai",Out,G,"Mashack, Jahmai Out G "
2025-12-28,"Pippen Jr., Scotty",Out,Injury/Illness -,"Pippen Jr., Scotty Out Injury/Illness - "
2025-12-28,"Small, Javon",Out,G,"Small, Javon Out G "
2025-12-28,"Williams Jr., Vince",Out,Injury/Illness -,"Williams Jr., Vince Out Injury/Illness - "
2025-12-28,"Branham, Malaki",Available,Injury/Illness -,"Branham, Malaki Available Injury/Illness - "
2025-12-28,"George, Kyshawn",Out,Injury/Illness -,"George, Kyshawn Out Injury/Illness - "
2025-12-28,"Kispert, Corey",Out,Injury/Illness -,"Kispert, Corey Out Injury/Illness - "
2025-12-28,"Whitmore, Cam",Out,Injury/Illness -,"Whitmore, Cam Out Injury/Illness - "
2025-12-28,"Jones, Isaac",Out,G,"Jones, Isaac Out G "
2025-12-28,"Klintman, Bobi",Out,G,"Klintman, Bobi Out G "
2025-12-28,"Moore Jr., Wendell",Out,G,"Moore Jr., Wendell Out G "
2025-12-28,"Smith, Tolu",Out,G,"Smith, Tolu Out G "
2025-12-28,"Beal, Bradley",Out,Injury/Illness -,"Beal, Bradley Out Injury/Illness - "
2025-12-28,"Bogdanovic, Bogdan",Out,Injury/Illness -,"Bogdanovic, Bogdan Out Injury/Illness - "
2025-12-28,"Christie, Cam",Probable,Injury/Illness -,"Christie, Cam Probable Injury/Illness - "
2025-12-28,"Collins, John",Questionable,Injury/Illness -,"Collins, John Questionable Injury/Illness - "
2025-12-28,"Paul, Chris",Out,Not,"Paul, Chris Out Not "
2025-12-28,"Zubac, Ivica",Out,Injury/Illness -,"Zubac, Ivica Out Injury/Illness - "
2025-12-28,"Carter, Devin",Out,Injury/Illness -,"Carter, Devin Out Injury/Illness - "
2025-12-28,"Eubanks, Drew",Out,Injury/Illness -,"Eubanks, Drew Out Injury/Illness - "
2025-12-28,"LaVine, Zach",Out,Injury/Illness -,"LaVine, Zach Out Injury/Illness - "
2025-12-28,"Murray, Keegan",Out,Injury/Illness -,"Murray, Keegan Out Injury/Illness - "
2025-12-28,"Plowden, Daeqwon",Out,G,"Plowden, Daeqwon Out G "
2025-12-28,"Sabonis, Domantas",Out,Injury/Illness -,"Sabonis, Domantas Out Injury/Illness - "
2025-12-28,"Stevens, Isaiah",Out,G,"Stevens, Isaiah Out G "
2025-12-28,"Hayes, Jaxson",Out,Injury/Illness -,"Hayes, Jaxson Out Injury/Illness - "
2025-12-28,"Reaves, Austin",Out,Injury/Illness -,"Reaves, Austin Out Injury/Illness - "
2025-12-28,"Timme, Drew",Questionable,Injury/Illness -,"Timme, Drew Questionable Injury/Illness - "
2025-12-28,"Vincent, Gabe",Out,Injury/Illness -,"Vincent, Gabe Out Injury/Illness - "
2025-12-28,"Antetokounmpo, Alex",Out,G,"Antetokounmpo, Alex Out G "
2025-12-28,"Nance, Pete",Out,G,"Nance, Pete Out G "
2025-12-28,"Prince, Taurean",Out,Injury/Illness -,"Prince, Taurean Out Injury/Illness - "
2025-12-28,"Sears, Mark",Out,G,"Sears, Mark Out G "
2025-12-28,"Trent Jr., Gary",Questionable,Injury/Illness -,"Trent Jr., Gary Questionable Injury/Illness - "
2025-12-28,"James, Sion",Questionable,Injury/Illness -,"James, Sion Questionable Injury/Illness - "
2025-12-28,"Kalkbrenner, Ryan",Out,Injury/Illness -,"Kalkbrenner, Ryan Out Injury/Illness - "
2025-12-28,"Knueppel, Kon",Out,Injury/Illness -,"Knueppel, Kon Out Injury/Illness - "
2025-12-28,"Plumlee, Mason",Out,Injury/Illness -,"Plumlee, Mason Out Injury/Illness - "
2025-12-28,"Reeves, Antonio",Out,G,"Reeves, Antonio Out G "
2025-12-28,"Simpson, KJ",Out,G,"Simpson, KJ Out G "
2025-12-28,"Williams, Grant",Out,Injury/Illness -,"Williams, Grant Out Injury/Illness - "
2025-12-28,"Allen, Grayson",Out,Injury/Illness -,"Allen, Grayson Out Injury/Illness - "
2025-12-28,"Dunn, Ryan",Questionable,Injury/Illness -,"Dunn, Ryan Questionable Injury/Illness - "
2025-12-28,"Goodwin, Jordan",Available,Injury/Illness -,"Goodwin, Jordan Available Injury/Illness - "
2025-12-28,"Green, Jalen",Out,Injury/Illness -,"Green, Jalen Out Injury/Illness - "
2025-12-28,"Bates, Tamar",Out,Injury/Illness -,"Bates, Tamar Out Injury/Illness - "
2025-12-28,"Braun, Christian",Out,Injury/Illness -,"Braun, Christian Out Injury/Illness - "
2025-12-28,"Gordon, Aaron",Out,Injury/Illness -,"Gordon, Aaron Out Injury/Illness - "
2025-12-28,"Johnson, Cameron",Out,Injury/Illness -,"Johnson, Cameron Out Injury/Illness - "
2025-12-28,"Adebayo, Bam",Probable,Injury/Illness -,"Adebayo, Bam Probable Injury/Illness - "
2025-12-28,"Goldin, Vladislav",Out,G,"Goldin, Vladislav Out G "
2025-12-28,"Herro, Tyler",Out,Injury/Illness -,"Herro, Tyler Out Injury/Illness - "
2025-12-28,"Jakucionis, Kasparas",Available,Injury/Illness -,"Jakucionis, Kasparas Available Injury/Illness - "
2025-12-28,"Johnson, Keshad",Available,Injury/Illness -,"Johnson, Keshad Available Injury/Illness - "
2025-12-28,"Jovic, Nikola",Available,Injury/Illness -,"Jovic, Nikola Available Injury/Illness - "
2025-12-28,"Larsson, Pelle",Available,Injury/Illness -,"Larsson, Pelle Available Injury/Illness - "
2025-12-28,"Rozier, Terry",Out,Not,"Rozier, Terry Out Not "
2025-12-28,"Ware, Kel'el",Available,Injury/Illness -,"Ware, Kel'el Available Injury/Illness - "
2025-12-28,"Young, Jahmir",Out,G,"Young, Jahmir Out G "
2025-12-28,"Etienne, Tyson",Out,G,"Etienne, Tyson Out G "
2025-12-28,"Highsmith, Haywood",Out,Injury/Illness -,"Highsmith, Haywood Out Injury/Illness - "
2025-12-28,"Johnson, Chaney",Out,G,"Johnson, Chaney Out G "
2025-12-28,"Saraf, Ben",Out,G,"Saraf, Ben Out G "
2025-12-28,"Bitadze, Goga",Questionable,Injury/Illness -,"Bitadze, Goga Questionable Injury/Illness - "
2025-12-28,"Castleton, Colin",Out,G,"Castleton, Colin Out G "
2025-12-28,"Suggs, Jalen",Doubtful,Injury/Illness -,"Suggs, Jalen Doubtful Injury/Illness - "
2025-12-28,"Wagner, Franz",Out,Injury/Illness -,"Wagner, Franz Out Injury/Illness - "
2025-12-28,"Wagner, Moritz",Out,Injury/Illness -,"Wagner, Moritz Out Injury/Illness - "
2025-12-28,"Crawford, Isaiah",Out,G,"Crawford, Isaiah Out G "
2025-12-28,"Sengun, Alperen",Questionable,Injury/Illness -,"Sengun, Alperen Questionable Injury/Illness - "
2025-12-28,"Smith, Tyler",Out,G,"Smith, Tyler Out G "
2025-12-28,"VanVleet, Fred",Out,Injury/Illness -,"VanVleet, Fred Out Injury/Illness - "
2025-12-28,"Collins, Zach",Out,Injury/Illness -,"Collins, Zach Out Injury/Illness - "
2025-12-28,"Essengue, Noa",Out,Injury/Illness -,"Essengue, Noa Out Injury/Illness - "
2025-12-28,"Flowers, Trentyn",Out,Injury/Illness -,"Flowers, Trentyn Out Injury/Illness - "
2025-12-28,"Giddey, Josh",Probable,Injury/Illness -,"Giddey, Josh Probable Injury/Illness - "
2025-12-28,"Miller, Emanuel",Out,G,"Miller, Emanuel Out G "
2025-12-28,"Olbrich, Lachlan",Out,Injury/Illness -,"Olbrich, Lachlan Out Injury/Illness - "
2025-12-28,"Alexander, Trey",Probable,G,"Alexander, Trey Probable G "
2025-12-28,"Dickinson, Hunter",Out,G,"Dickinson, Hunter Out G "
2025-12-28,"Jones, Herbert",Out,Injury/Illness -,"Jones, Herbert Out Injury/Illness - "
2025-12-28,"Murray, Dejounte",Out,Injury/Illness -,"Murray, Dejounte Out Injury/Illness - "
2025-12-29,"Antetokounmpo, Alex",Out,G,"Antetokounmpo, Alex Out G "
2025-12-29,"Nance, Pete",Out,G,"Nance, Pete Out G "
2025-12-29,"Prince, Taurean",Out,Injury/Illness -,"Prince, Taurean Out Injury/Illness - "
2025-12-29,"Sears, Mark",Out,G,"Sears, Mark Out G "
2025-12-29,"Trent Jr., Gary",Questionable,Injury/Illness -,"Trent Jr., Gary Questionable Injury/Illness - "
2025-12-29,"James, Sion",Questionable,Injury/Illness -,"James, Sion Questionable Injury/Illness - "
2025-12-29,"Kalkbrenner, Ryan",Out,Injury/Illness -,"Kalkbrenner, Ryan Out Injury/Illness - "
2025-12-29,"Knueppel, Kon",Out,Injury/Illness -,"Knueppel, Kon Out Injury/Illness - "
2025-12-29,"Plumlee, Mason",Out,Injury/Illness -,"Plumlee, Mason Out Injury/Illness - "
2025-12-29,"Reeves, Antonio",Out,G,"Reeves, Antonio Out G "
2025-12-29,"Simpson, KJ",Out,G,"Simpson, KJ Out G "
2025-12-29,"Williams, Grant",Out,Injury/Illness -,"Williams, Grant Out Injury/Illness - "
2025-12-29,"Allen, Grayson",Out,Injury/Illness -,"Allen, Grayson Out Injury/Illness - "
2025-12-29,"Dunn, Ryan",Out,Injury/Illness -,"Dunn, Ryan Out Injury/Illness - "
2025-12-29,"Goodwin, Jordan",Available,Injury/Illness -,"Goodwin, Jordan Available Injury/Illness - "
2025-12-29,"Green, Jalen",Out,Injury/Illness -,"Green, Jalen Out Injury/Illness - "
2025-12-29,"Williams, Mark",Out,League,"Williams, Mark Out League "
2025-12-29,"George, Kyshawn",Out,Injury/Illness -,"George, Kyshawn Out Injury/Illness - "
2025-12-29,"Kispert, Corey",Out,Injury/Illness -,"Kispert, Corey Out Injury/Illness - "
2025-12-29,"Middleton, Khris",Out,Injury/Illness -,"Middleton, Khris Out Injury/Illness - "
2025-12-29,"Whitmore, Cam",Out,Injury/Illness -,"Whitmore, Cam Out Injury/Illness - "
2025-12-29,"Bates, Tamar",Out,Injury/Illness -,"Bates, Tamar Out Injury/Illness - "
2025-12-29,"Braun, Christian",Out,Injury/Illness -,"Braun, Christian Out Injury/Illness - "
2025-12-29,"Gordon, Aaron",Out,Injury/Illness -,"Gordon, Aaron Out Injury/Illness - "
2025-12-29,"Johnson, Cameron",Out,Injury/Illness -,"Johnson, Cameron Out Injury/Illness - "
2025-12-29,"Adebayo, Bam",Probable,Injury/Illness -,"Adebayo, Bam Probable Injury/Illness - "
2025-12-29,"Goldin, Vladislav",Out,G,"Goldin, Vladislav Out G "
2025-12-29,"Herro, Tyler",Out,Injury/Illness -,"Herro, Tyler Out Injury/Illness - "
2025-12-29,"Jakucionis, Kasparas",Available,Injury/Illness -,"Jakucionis, Kasparas Available Injury/Illness - "
2025-12-29,"Johnson, Keshad",Available,Injury/Illness -,"Johnson, Keshad Available Injury/Illness - "
2025-12-29,"Jovic, Nikola",Available,Injury/Illness -,"Jovic, Nikola Available Injury/Illness - "
2025-12-29,"Larsson, Pelle",Available,Injury/Illness -,"Larsson, Pelle Available Injury/Illness - "
2025-12-29,"Rozier, Terry",Out,Not,"Rozier, Terry Out Not "
2025-12-29,"Ware, Kel'el",Available,Injury/Illness -,"Ware, Kel'el Available Injury/Illness - "
2025-12-29,"Young, Jahmir",Out,G,"Young, Jahmir Out G "
2025-12-29,"Butler III, Jimmy",Probable,Injury/Illness -,"Butler III, Jimmy Probable Injury/Illness - "
2025-12-29,"Cryer, LJ",Out,G,"Cryer, LJ Out G "
2025-12-29,"Curry, Seth",Out,Injury/Illness -,"Curry, Seth Out Injury/Illness - "
2025-12-29,"Horford, Al",Out,Injury/Illness -,"Horford, Al Out Injury/Illness - "
2025-12-29,"Leons, Malevy",Out,G,"Leons, Malevy Out G "
2025-12-29,"Etienne, Tyson",Out,G,"Etienne, Tyson Out G "
2025-12-29,"Highsmith, Haywood",Out,Injury/Illness -,"Highsmith, Haywood Out Injury/Illness - "
2025-12-29,"Johnson, Chaney",Out,G,"Johnson, Chaney Out G "
2025-12-29,"Saraf, Ben",Out,G,"Saraf, Ben Out G "
2025-12-29,"Williams, Ziaire",Probable,Injury/Illness -,"Williams, Ziaire Probable Injury/Illness - "
2025-12-29,"Bitadze, Goga",Questionable,Injury/Illness -,"Bitadze, Goga Questionable Injury/Illness - "
2025-12-29,"Castleton, Colin",Out,G,"Castleton, Colin Out G "
2025-12-29,"Suggs, Jalen",Doubtful,Injury/Illness -,"Suggs, Jalen Doubtful Injury/Illness - "
2025-12-29,"Wagner, Franz",Out,Injury/Illness -,"Wagner, Franz Out Injury/Illness - "
2025-12-29,"Wagner, Moritz",Out,Injury/Illness -,"Wagner, Moritz Out Injury/Illness - "
2025-12-29,"Barrett, RJ",Out,Injury/Illness -,"Barrett, RJ Out Injury/Illness - "
2025-12-29,"Hepburn, Chucky",Available,G,"Hepburn, Chucky Available G "
2025-12-29,"Martin, Alijah",Available,G,"Martin, Alijah Available G "
2025-12-29,"Boyles, Collin",Questionable,Injury/Illness -,"Boyles, Collin Questionable Injury/Illness - "
2025-12-29,"Poeltl, Jakob",Out,Injury/Illness -,"Poeltl, Jakob Out Injury/Illness - "
2025-12-29,"Dante, N'Faly",Out,Injury/Illness -,"Dante, N'Faly Out Injury/Illness - "
2025-12-29,"Djurisic, Nikola",Out,G,"Djurisic, Nikola Out G "
2025-12-29,"Houstan, Caleb",Available,G,"Houstan, Caleb Available G "
2025-12-29,"Johnson, Jalen",Out,Injury/Illness -,"Johnson, Jalen Out Injury/Illness - "
2025-12-29,"Ndiaye, Eli John",Out,G,"Ndiaye, Eli John Out G "
2025-12-29,"Porzingis, Kristaps",Out,Injury/Illness -,"Porzingis, Kristaps Out Injury/Illness - "
2025-12-29,"Williams, Malik",Available,G,"Williams, Malik Available G "
2025-12-29,"Young, Trae",Out,Injury/Illness -,"Young, Trae Out Injury/Illness - "
2025-12-29,"Barnhizer, Brooks",Out,G,"Barnhizer, Brooks Out G "
2025-12-29,"Dieng, Ousmane",Out,Injury/Illness -,"Dieng, Ousmane Out Injury/Illness - "
2025-12-29,"Hartenstein, Isaiah",Out,Injury/Illness -,"Hartenstein, Isaiah Out Injury/Illness - "
2025-12-29,"Mitchell, Ajay",Questionable,Injury/Illness -,"Mitchell, Ajay Questionable Injury/Illness - "
2025-12-29,"Sorber, Thomas",Out,Injury/Illness -,"Sorber, Thomas Out Injury/Illness - "
2025-12-29,"Topic, Nikola",Out,Injury/Illness -,"Topic, Nikola Out Injury/Illness - "
2025-12-29,"Williams, Jaylin",Out,Injury/Illness -,"Williams, Jaylin Out Injury/Illness - "
2025-12-29,"Livingston, Chris",Out,G,"Livingston, Chris Out G "
2025-12-29,"Nance Jr., Larry",Out,Injury/Illness -,"Nance Jr., Larry Out Injury/Illness - "
2025-12-29,"Strus, Max",Out,Injury/Illness -,"Strus, Max Out Injury/Illness - "
2025-12-29,"Travers, Luke",Out,G,"Travers, Luke Out G "
2025-12-29,"Fox, De'Aaron",Questionable,Injury/Illness -,"Fox, De'Aaron Questionable Injury/Illness - "
2025-12-29,"Ingram, Harrison",Out,G,"Ingram, Harrison Out G "
2025-12-29,"Garcia, David",Questionable,G,"Garcia, David Questionable G "
2025-12-29,"Umude, Stanley",Out,G,"Umude, Stanley Out G "
2025-12-29,"Haliburton, Tyrese",Out,Injury/Illness -,"Haliburton, Tyrese Out Injury/Illness - "
2025-12-29,"Huff, Jay",Available,Injury/Illness -,"Huff, Jay Available Injury/Illness - "
2025-12-29,"Jackson, Isaiah",Out,Injury/Illness -,"Jackson, Isaiah Out Injury/Illness - "
2025-12-29,"Sheppard, Ben",Out,Injury/Illness -,"Sheppard, Ben Out Injury/Illness - "
2025-12-29,"Toppin, Obi",Out,Injury/Illness -,"Toppin, Obi Out Injury/Illness - "
2025-12-29,"Crawford, Isaiah",Out,G,"Crawford, Isaiah Out G "
2025-12-29,"Sengun, Alperen",Out,Injury/Illness -,"Sengun, Alperen Out Injury/Illness - "
2025-12-29,"Smith, Tyler",Out,G,"Smith, Tyler Out G "
2025-12-29,"VanVleet, Fred",Out,Injury/Illness -,"VanVleet, Fred Out Injury/Illness - "
2025-12-29,"Shannon Jr., Terrence",Out,Injury/Illness -,"Shannon Jr., Terrence Out Injury/Illness - "
2025-12-29,"Zikarsky, Rocco",Out,G,"Zikarsky, Rocco Out G "
2025-12-29,"Collins, Zach",Out,Injury/Illness -,"Collins, Zach Out Injury/Illness - "
2025-12-29,"Essengue, Noa",Out,Injury/Illness -,"Essengue, Noa Out Injury/Illness - "
2025-12-29,"Flowers, Trentyn",Out,Injury/Illness -,"Flowers, Trentyn Out Injury/Illness - "
2025-12-29,"Miller, Emanuel",Out,Injury/Illness -,"Miller, Emanuel Out Injury/Illness - "
2025-12-29,"Olbrich, Lachlan",Out,Injury/Illness -,"Olbrich, Lachlan Out Injury/Illness - "
2025-12-29,"Hart, Josh",Out,Injury/Illness -,"Hart, Josh Out Injury/Illness - "
2025-12-29,"Kolek, Tyler",Questionable,Injury/Illness -,"Kolek, Tyler Questionable Injury/Illness - "
2025-12-29,"McBride, Miles",Probable,Injury/Illness -,"McBride, Miles Probable Injury/Illness - "
2025-12-29,"Robinson, Mitchell",Out,Injury/Illness -,"Robinson, Mitchell Out Injury/Illness - "
2025-12-29,"Shamet, Landry",Out,Injury/Illness -,"Shamet, Landry Out Injury/Illness - "
2025-12-29,"Alexander, Trey",Available,G,"Alexander, Trey Available G "
2025-12-29,"Alvarado, Jose",Out,League,"Alvarado, Jose Out League "
2025-12-29,"Dickinson, Hunter",Out,G,"Dickinson, Hunter Out G "
2025-12-29,"Jones, Herbert",Out,Injury/Illness -,"Jones, Herbert Out Injury/Illness - "
2025-12-29,"Murray, Dejounte",Out,Injury/Illness -,"Murray, Dejounte Out Injury/Illness - "
2025-12-29,"Cisse, Moussa",Questionable,G,"Cisse, Moussa Questionable G "
2025-12-29,"Davis, Anthony",Questionable,Injury/Illness -,"Davis, Anthony Questionable Injury/Illness - "
2025-12-29,"Exum, Dante",Out,Injury/Illness -,"Exum, Dante Out Injury/Illness - "
2025-12-29,"Irving, Kyrie",Out,Injury/Illness -,"Irving, Kyrie Out Injury/Illness - "
2025-12-29,"Kelly, Miles",Doubtful,G,"Kelly, Miles Doubtful G "
2025-12-29,"Lively II, Dereck",Out,Injury/Illness -,"Lively II, Dereck Out Injury/Illness - "
2025-12-29,"Williams, Brandon",Probable,Injury/Illness -,"Williams, Brandon Probable Injury/Illness - "
2025-12-29,"Grant, Jerami",Out,Injury/Illness -,"Grant, Jerami Out Injury/Illness - "
2025-12-29,"Henderson, Scoot",Out,Injury/Illness -,"Henderson, Scoot Out Injury/Illness - "
2025-12-29,"Holiday, Jrue",Out,Injury/Illness -,"Holiday, Jrue Out Injury/Illness - "
2025-12-29,"Lillard, Damian",Out,Injury/Illness -,"Lillard, Damian Out Injury/Illness - "
2025-12-29,"Murray, Kris",Questionable,Injury/Illness -,"Murray, Kris Questionable Injury/Illness - "
2025-12-29,"Thybulle, Matisse",Out,Injury/Illness -,"Thybulle, Matisse Out Injury/Illness - "
2025-12-29,"Wesley, Blake",Out,Injury/Illness -,"Wesley, Blake Out Injury/Illness - "
2025-12-29,"Williams III, Robert",Questionable,Injury/Illness -,"Williams III, Robert Questionable Injury/Illness - "
2025-12-30,"Beauchamp, MarJon",Out,G,"Beauchamp, MarJon Out G "
2025-12-30,"Broome, Johni",Out,G,"Broome, Johni Out G "
2025-12-30,"Embiid, Joel",Questionable,Injury/Illness -,"Embiid, Joel Questionable Injury/Illness - "
2025-12-30,"Oubre Jr., Kelly",Out,Injury/Illness -,"Oubre Jr., Kelly Out Injury/Illness - "
2025-12-30,"Watford, Trendon",Out,Injury/Illness -,"Watford, Trendon Out Injury/Illness - "
2025-12-30,"Pope, Kentavious",Out,Injury/Illness -,"Pope, Kentavious Out Injury/Illness - "
2025-12-30,"Clarke, Brandon",Out,Injury/Illness -,"Clarke, Brandon Out Injury/Illness - "
2025-12-30,"Edey, Zach",Out,Injury/Illness -,"Edey, Zach Out Injury/Illness - "
2025-12-30,"Jerome, Ty",Out,Injury/Illness -,"Jerome, Ty Out Injury/Illness - "
2025-12-30,"Konchar, John",Out,Injury/Illness -,"Konchar, John Out Injury/Illness - "
2025-12-30,"Landale, Jock",Questionable,Injury/Illness -,"Landale, Jock Questionable Injury/Illness - "
2025-12-30,"Mashack, Jahmai",Out,G,"Mashack, Jahmai Out G "
2025-12-30,"Pippen Jr., Scotty",Out,Injury/Illness -,"Pippen Jr., Scotty Out Injury/Illness - "
2025-12-30,"Prosper, Olivier- Maxence",Available,G,"Prosper, Olivier- Maxence Available G "
2025-12-30,"Small, Javon",Available,G,"Small, Javon Available G "
2025-12-30,"Williams Jr., Vince",Out,Injury/Illness -,"Williams Jr., Vince Out Injury/Illness - "
2025-12-30,"Boucher, Chris",Out,Personal,"Boucher, Chris Out Personal "
2025-12-30,"Harper Jr., Ron",Out,G,"Harper Jr., Ron Out G "
2025-12-30,"Shulga, Max",Out,G,"Shulga, Max Out G "
2025-12-30,"Tatum, Jayson",Out,Injury/Illness -,"Tatum, Jayson Out Injury/Illness - "
2025-12-30,"Williams, Amari",Out,G,"Williams, Amari Out G "
2025-12-30,"Bailey, Ace",Out,Injury/Illness -,"Bailey, Ace Out Injury/Illness - "
2025-12-30,"George, Keyonte",Questionable,Injury/Illness -,"George, Keyonte Questionable Injury/Illness - "
2025-12-30,"Harkless, Elijah",Out,G,"Harkless, Elijah Out G "
2025-12-30,"Kessler, Walker",Out,Injury/Illness -,"Kessler, Walker Out Injury/Illness - "
2025-12-30,"Love, Kevin",Out,Rest,"Love, Kevin Out Rest "
2025-12-30,"Niang, Georges",Out,Injury/Illness -,"Niang, Georges Out Injury/Illness - "
2025-12-30,"Tonje, John",Out,G,"Tonje, John Out G "
2025-12-30,"Jones, Isaac",Out,G,"Jones, Isaac Out G "
2025-12-30,"Klintman, Bobi",Out,G,"Klintman, Bobi Out G "
2025-12-30,"LeVert, Caris",Out,Injury/Illness -,"LeVert, Caris Out Injury/Illness - "
2025-12-30,"Moore Jr., Wendell",Out,G,"Moore Jr., Wendell Out G "
2025-12-30,"Smith, Tolu",Out,G,"Smith, Tolu Out G "
2025-12-30,"Hachimura, Rui",Out,Injury/Illness -,"Hachimura, Rui Out Injury/Illness - "
2025-12-30,"Reaves, Austin",Out,Injury/Illness -,"Reaves, Austin Out Injury/Illness - "
2025-12-30,"Vincent, Gabe",Out,Injury/Illness -,"Vincent, Gabe Out Injury/Illness - "
2025-12-30,"Cardwell, Dylan",Out,G,"Cardwell, Dylan Out G "
2025-12-30,"LaVine, Zach",Out,Injury/Illness -,"LaVine, Zach Out Injury/Illness - "
2025-12-30,"Plowden, Daeqwon",Out,G,"Plowden, Daeqwon Out G "
2025-12-30,"Sabonis, Domantas",Out,Injury/Illness -,"Sabonis, Domantas Out Injury/Illness - "
2025-12-30,"Stevens, Isaiah",Out,G,"Stevens, Isaiah Out G "
2025-12-30,"Beal, Bradley",Out,Injury/Illness -,"Beal, Bradley Out Injury/Illness - "
2025-12-30,"Bogdanovic, Bogdan",Out,Injury/Illness -,"Bogdanovic, Bogdan Out Injury/Illness - "
2025-12-30,"Collins, John",Questionable,Injury/Illness -,"Collins, John Questionable Injury/Illness - "
2025-12-30,"Paul, Chris",Out,Not,"Paul, Chris Out Not "
2025-12-30,"Zubac, Ivica",Out,Injury/Illness -,"Zubac, Ivica Out Injury/Illness - "
2025-12-30,"Cryer, LJ",Out,G,"Cryer, LJ Out G "
2025-12-30,"Curry, Seth",Out,Injury/Illness -,"Curry, Seth Out Injury/Illness - "
2025-12-30,"Leons, Malevy",Out,G,"Leons, Malevy Out G "
2025-12-30,"Bridges, Miles",Questionable,Injury/Illness -,"Bridges, Miles Questionable Injury/Illness - "
2025-12-30,"Connaughton, Pat",Questionable,Injury/Illness -,"Connaughton, Pat Questionable Injury/Illness - "
2025-12-30,"Kalkbrenner, Ryan",Out,Injury/Illness -,"Kalkbrenner, Ryan Out Injury/Illness - "
2025-12-30,"Knueppel, Kon",Probable,Injury/Illness -,"Knueppel, Kon Probable Injury/Illness - "
2025-12-30,"Plumlee, Mason",Out,Injury/Illness -,"Plumlee, Mason Out Injury/Illness - "
2025-12-30,"Williams, Grant",Out,Injury/Illness -,"Williams, Grant Out Injury/Illness - "
2025-12-30,"Shannon Jr., Terrence",Out,Injury/Illness -,"Shannon Jr., Terrence Out Injury/Illness - "
2025-12-30,"Zikarsky, Rocco",Out,G,"Zikarsky, Rocco Out G "
2025-12-30,"Dante, N'Faly",Out,Injury/Illness -,"Dante, N'Faly Out Injury/Illness - "
2025-12-30,"Djurisic, Nikola",Questionable,G,"Djurisic, Nikola Questionable G "
2025-12-30,"Houstan, Caleb",Questionable,G,"Houstan, Caleb Questionable G "
2025-12-30,"Ndiaye, Eli John",Out,G,"Ndiaye, Eli John Out G "
2025-12-30,"Williams, Malik",Questionable,G,"Williams, Malik Questionable G "
2025-12-30,"Young, Trae",Questionable,Injury/Illness -,"Young, Trae Questionable Injury/Illness - "
2025-12-30,"Bane, Desmond",Questionable,Injury/Illness -,"Bane, Desmond Questionable Injury/Illness - "
2025-12-30,"Castleton, Colin",Out,G,"Castleton, Colin Out G "
2025-12-30,"Isaac, Jonathan",Questionable,Injury/Illness -,"Isaac, Jonathan Questionable Injury/Illness - "
2025-12-30,"Suggs, Jalen",Questionable,Injury/Illness -,"Suggs, Jalen Questionable Injury/Illness - "
2025-12-30,"Wagner, Franz",Out,Injury/Illness -,"Wagner, Franz Out Injury/Illness - "
2025-12-30,"Wagner, Moritz",Out,Injury/Illness -,"Wagner, Moritz Out Injury/Illness - "
2025-12-30,"Haliburton, Tyrese",Out,Injury/Illness -,"Haliburton, Tyrese Out Injury/Illness - "
2025-12-30,"Jackson, Isaiah",Out,Injury/Illness -,"Jackson, Isaiah Out Injury/Illness - "
2025-12-30,"Sheppard, Ben",Questionable,Injury/Illness -,"Sheppard, Ben Questionable Injury/Illness - "
2025-12-30,"Toppin, Obi",Out,Injury/Illness -,"Toppin, Obi Out Injury/Illness - "
2025-12-30,"Allen, Grayson",Doubtful,Injury/Illness -,"Allen, Grayson Doubtful Injury/Illness - "
2025-12-30,"Dunn, Ryan",Questionable,Injury/Illness -,"Dunn, Ryan Questionable Injury/Illness - "
2025-12-30,"Goodwin, Jordan",Available,Injury/Illness -,"Goodwin, Jordan Available Injury/Illness - "
2025-12-30,"Green, Jalen",Out,Injury/Illness -,"Green, Jalen Out Injury/Illness - "
2025-12-30,"Livingston, Chris",Out,G,"Livingston, Chris Out G "
2025-12-30,"Merrill, Sam",Probable,Injury/Illness -,"Merrill, Sam Probable Injury/Illness - "
2025-12-30,"Nance Jr., Larry",Out,Injury/Illness -,"Nance Jr., Larry Out Injury/Illness - "
2025-12-30,"Strus, Max",Out,Injury/Illness -,"Strus, Max Out Injury/Illness - "
2025-12-30,"Travers, Luke",Out,G,"Travers, Luke Out G "
2025-12-30,"Alvarado, Jose",Out,League,"Alvarado, Jose Out League "
2025-12-30,"Dickinson, Hunter",Out,G,"Dickinson, Hunter Out G "
2025-12-30,"Jones, Herbert",Out,Injury/Illness -,"Jones, Herbert Out Injury/Illness - "
2025-12-30,"Murray, Dejounte",Out,Injury/Illness -,"Murray, Dejounte Out Injury/Illness - "
2025-12-30,"Bates, Tamar",Out,Injury/Illness -,"Bates, Tamar Out Injury/Illness - "
2025-12-30,"Braun, Christian",Out,Injury/Illness -,"Braun, Christian Out Injury/Illness - "
2025-12-30,"Gordon, Aaron",Out,Injury/Illness -,"Gordon, Aaron Out Injury/Illness - "
2025-12-30,"Johnson, Cameron",Out,Injury/Illness -,"Johnson, Cameron Out Injury/Illness - "
2025-12-30,"Jokic, Nikola",Out,Injury/Illness -,"Jokic, Nikola Out Injury/Illness - "
2025-12-30,"Strawther, Julian",Probable,Injury/Illness -,"Strawther, Julian Probable Injury/Illness - "
2025-12-30,"Hepburn, Chucky",Out,G,"Hepburn, Chucky Out G "
2025-12-30,"Martin, Alijah",Out,G,"Martin, Alijah Out G "
2025-12-30,"Mogbo, Jonathan",Out,G,"Mogbo, Jonathan Out G "
2025-12-30,"Poeltl, Jakob",Out,Injury/Illness -,"Poeltl, Jakob Out Injury/Illness - "
2025-12-30,"Branham, Malaki",Questionable,Injury/Illness -,"Branham, Malaki Questionable Injury/Illness - "
2025-12-30,"George, Kyshawn",Out,Injury/Illness -,"George, Kyshawn Out Injury/Illness - "
2025-12-30,"Kispert, Corey",Out,Injury/Illness -,"Kispert, Corey Out Injury/Illness - "
2025-12-30,"Whitmore, Cam",Out,Injury/Illness -,"Whitmore, Cam Out Injury/Illness - "
2025-12-30,"Antetokounmpo, Alex",Out,G,"Antetokounmpo, Alex Out G "
2025-12-30,"Nance, Pete",Out,G,"Nance, Pete Out G "
2025-12-30,"Prince, Taurean",Out,Injury/Illness -,"Prince, Taurean Out Injury/Illness - "
2025-12-30,"Sears, Mark",Out,G,"Sears, Mark Out G "
2025-12-31,"Cryer, LJ",Out,G,"Cryer, LJ Out G "
2025-12-31,"Curry, Seth",Out,Injury/Illness -,"Curry, Seth Out Injury/Illness - "
2025-12-31,"Leons, Malevy",Out,G,"Leons, Malevy Out G "
2025-12-31,"Bridges, Miles",Out,Injury/Illness -,"Bridges, Miles Out Injury/Illness - "
2025-12-31,"Connaughton, Pat",Available,Injury/Illness -,"Connaughton, Pat Available Injury/Illness - "
2025-12-31,"Kalkbrenner, Ryan",Out,Injury/Illness -,"Kalkbrenner, Ryan Out Injury/Illness - "
2025-12-31,"Knueppel, Kon",Available,Injury/Illness -,"Knueppel, Kon Available Injury/Illness - "
2025-12-31,"Plumlee, Mason",Out,Injury/Illness -,"Plumlee, Mason Out Injury/Illness - "
2025-12-31,"Williams, Grant",Out,Injury/Illness -,"Williams, Grant Out Injury/Illness - "
2025-12-31,"Shannon Jr., Terrence",Out,Injury/Illness -,"Shannon Jr., Terrence Out Injury/Illness - "
2025-12-31,"Zikarsky, Rocco",Out,G,"Zikarsky, Rocco Out G "
2025-12-31,"Dante, N'Faly",Out,Injury/Illness -,"Dante, N'Faly Out Injury/Illness - "
2025-12-31,"Djurisic, Nikola",Out,G,"Djurisic, Nikola Out G "
2025-12-31,"Houstan, Caleb",Out,G,"Houstan, Caleb Out G "
2025-12-31,"Ndiaye, Eli John",Out,G,"Ndiaye, Eli John Out G "
2025-12-31,"Williams, Malik",Out,G,"Williams, Malik Out G "
2025-12-31,"Young, Trae",Out,Injury/Illness -,"Young, Trae Out Injury/Illness - "
2025-12-31,"Bane, Desmond",Available,Injury/Illness -,"Bane, Desmond Available Injury/Illness - "
2025-12-31,"Castleton, Colin",Out,G,"Castleton, Colin Out G "
2025-12-31,"Howard, Jett",Out,Injury/Illness -,"Howard, Jett Out Injury/Illness - "
2025-12-31,"Isaac, Jonathan",Out,Injury/Illness -,"Isaac, Jonathan Out Injury/Illness - "
2025-12-31,"Suggs, Jalen",Available,Injury/Illness -,"Suggs, Jalen Available Injury/Illness - "
2025-12-31,"Wagner, Franz",Out,Injury/Illness -,"Wagner, Franz Out Injury/Illness - "
2025-12-31,"Wagner, Moritz",Out,Injury/Illness -,"Wagner, Moritz Out Injury/Illness - "
2025-12-31,"Haliburton, Tyrese",Out,Injury/Illness -,"Haliburton, Tyrese Out Injury/Illness - "
2025-12-31,"Jackson, Isaiah",Out,Injury/Illness -,"Jackson, Isaiah Out Injury/Illness - "
2025-12-31,"Sheppard, Ben",Available,Injury/Illness -,"Sheppard, Ben Available Injury/Illness - "
2025-12-31,"Toppin, Obi",Out,Injury/Illness -,"Toppin, Obi Out Injury/Illness - "
2025-12-31,"Allen, Grayson",Out,Injury/Illness -,"Allen, Grayson Out Injury/Illness - "
2025-12-31,"Dunn, Ryan",Available,Injury/Illness -,"Dunn, Ryan Available Injury/Illness - "
2025-12-31,"Goodwin, Jordan",Available,Injury/Illness -,"Goodwin, Jordan Available Injury/Illness - "
2025-12-31,"Green, Jalen",Out,Injury/Illness -,"Green, Jalen Out Injury/Illness - "
2025-12-31,"Hunter, De'Andre",Out,Injury/Illness -,"Hunter, De'Andre Out Injury/Illness - "
2025-12-31,"Livingston, Chris",Out,G,"Livingston, Chris Out G "
2025-12-31,"Merrill, Sam",Available,Injury/Illness -,"Merrill, Sam Available Injury/Illness - "
2025-12-31,"Nance Jr., Larry",Out,Injury/Illness -,"Nance Jr., Larry Out Injury/Illness - "
2025-12-31,"Strus, Max",Out,Injury/Illness -,"Strus, Max Out Injury/Illness - "
2025-12-31,"Travers, Luke",Out,G,"Travers, Luke Out G "
2025-12-31,"Alvarado, Jose",Out,League,"Alvarado, Jose Out League "
2025-12-31,"Dickinson, Hunter",Out,G,"Dickinson, Hunter Out G "
2025-12-31,"Jones, Herbert",Out,Injury/Illness -,"Jones, Herbert Out Injury/Illness - "
2025-12-31,"Murray, Dejounte",Out,Injury/Illness -,"Murray, Dejounte Out Injury/Illness - "
2025-12-31,"Collins, Zach",Out,Injury/Illness -,"Collins, Zach Out Injury/Illness - "
2025-12-31,"Essengue, Noa",Out,Injury/Illness -,"Essengue, Noa Out Injury/Illness - "
2025-12-31,"Flowers, Trentyn",Out,Injury/Illness -,"Flowers, Trentyn Out Injury/Illness - "
2025-12-31,"Giddey, Josh",Out,Injury/Illness -,"Giddey, Josh Out Injury/Illness - "
2025-12-31,"Miller, Emanuel",Out,Injury/Illness -,"Miller, Emanuel Out Injury/Illness - "
2025-12-31,"Olbrich, Lachlan",Out,Injury/Illness -,"Olbrich, Lachlan Out Injury/Illness - "
2025-12-31,"White, Coby",Out,Injury/Illness -,"White, Coby Out Injury/Illness - "
2025-12-31,"Hart, Josh",Out,Injury/Illness -,"Hart, Josh Out Injury/Illness - "
2025-12-31,"Hukporti, Ariel",Available,Injury/Illness -,"Hukporti, Ariel Available Injury/Illness - "
2025-12-31,"Kolek, Tyler",Available,Injury/Illness -,"Kolek, Tyler Available Injury/Illness - "
2025-12-31,"Robinson, Mitchell",Out,Injury/Illness -,"Robinson, Mitchell Out Injury/Illness - "
2025-12-31,"Shamet, Landry",Out,Injury/Illness -,"Shamet, Landry Out Injury/Illness - "
2025-12-31,"Castle, Stephon",Questionable,Injury/Illness -,"Castle, Stephon Questionable Injury/Illness - "
2025-12-31,"Ingram, Harrison",Out,G,"Ingram, Harrison Out G "
2025-12-31,"Garcia, David",Questionable,G,"Garcia, David Questionable G "
2025-12-31,"Umude, Stanley",Out,G,"Umude, Stanley Out G "
2025-12-31,"Vassell, Devin",Out,Injury/Illness -,"Vassell, Devin Out Injury/Illness - "
2025-12-31,"Bates, Tamar",Out,Injury/Illness -,"Bates, Tamar Out Injury/Illness - "
2025-12-31,"Braun, Christian",Out,Injury/Illness -,"Braun, Christian Out Injury/Illness - "
2025-12-31,"Gordon, Aaron",Out,Injury/Illness -,"Gordon, Aaron Out Injury/Illness - "
2025-12-31,"Johnson, Cameron",Out,Injury/Illness -,"Johnson, Cameron Out Injury/Illness - "
2025-12-31,"Jokic, Nikola",Out,Injury/Illness -,"Jokic, Nikola Out Injury/Illness - "
2025-12-31,"Strawther, Julian",Probable,Injury/Illness -,"Strawther, Julian Probable Injury/Illness - "
2025-12-31,"Hepburn, Chucky",Out,G,"Hepburn, Chucky Out G "
2025-12-31,"Martin, Alijah",Out,G,"Martin, Alijah Out G "
2025-12-31,"Poeltl, Jakob",Out,Injury/Illness -,"Poeltl, Jakob Out Injury/Illness - "
2025-12-31,"Grant, Jerami",Out,Injury/Illness -,"Grant, Jerami Out Injury/Illness - "
2025-12-31,"Henderson, Scoot",Out,Injury/Illness -,"Henderson, Scoot Out Injury/Illness - "
2025-12-31,"Holiday, Jrue",Out,Injury/Illness -,"Holiday, Jrue Out Injury/Illness - "
2025-12-31,"Lillard, Damian",Out,Injury/Illness -,"Lillard, Damian Out Injury/Illness - "
2025-12-31,"Murray, Kris",Questionable,Injury/Illness -,"Murray, Kris Questionable Injury/Illness - "
2025-12-31,"Thybulle, Matisse",Out,Injury/Illness -,"Thybulle, Matisse Out Injury/Illness - "
2025-12-31,"Wesley, Blake",Out,Injury/Illness -,"Wesley, Blake Out Injury/Illness - "
2025-12-31,"Barnhizer, Brooks",Out,G,"Barnhizer, Brooks Out G "
2025-12-31,"Dieng, Ousmane",Out,Injury/Illness -,"Dieng, Ousmane Out Injury/Illness - "
2025-12-31,"Hartenstein, Isaiah",Out,Injury/Illness -,"Hartenstein, Isaiah Out Injury/Illness - "
2025-12-31,"Sorber, Thomas",Out,Injury/Illness -,"Sorber, Thomas Out Injury/Illness - "
2025-12-31,"Topic, Nikola",Out,Injury/Illness -,"Topic, Nikola Out Injury/Illness - "
2025-12-31,"Williams, Jaylin",Out,Injury/Illness -,"Williams, Jaylin Out Injury/Illness - "
2025-12-31,"Branham, Malaki",Available,Injury/Illness -,"Branham, Malaki Available Injury/Illness - "
2025-12-31,"George, Kyshawn",Out,Injury/Illness -,"George, Kyshawn Out Injury/Illness - "
2025-12-31,"Kispert, Corey",Out,Injury/Illness -,"Kispert, Corey Out Injury/Illness - "
2025-12-31,"Whitmore, Cam",Out,Injury/Illness -,"Whitmore, Cam Out Injury/Illness - "
2025-12-31,"Antetokounmpo, Alex",Out,G,"Antetokounmpo, Alex Out G "
2025-12-31,"Nance, Pete",Out,G,"Nance, Pete Out G "
2025-12-31,"Prince, Taurean",Out,Injury/Illness -,"Prince, Taurean Out Injury/Illness - "
2025-12-31,"Sears, Mark",Out,G,"Sears, Mark Out G "
2025-12-31,"Adams, Steven",Questionable,Injury/Illness -,"Adams, Steven Questionable Injury/Illness - "
2025-12-31,"Capela, Clint",Questionable,Injury/Illness -,"Capela, Clint Questionable Injury/Illness - "
2025-12-31,"Crawford, Isaiah",Out,G,"Crawford, Isaiah Out G "
2025-12-31,"Eason, Tari",Questionable,Injury/Illness -,"Eason, Tari Questionable Injury/Illness - "
2025-12-31,"Sengun, Alperen",Questionable,Injury/Illness -,"Sengun, Alperen Questionable Injury/Illness - "
2025-12-31,"Smith, Tyler",Out,G,"Smith, Tyler Out G "
2025-12-31,"VanVleet, Fred",Out,Injury/Illness -,"VanVleet, Fred Out Injury/Illness - "
2025-12-31,"Demin, Egor",Out,Injury/Illness -,"Demin, Egor Out Injury/Illness - "
2025-12-31,"Etienne, Tyson",Out,G,"Etienne, Tyson Out G "
2025-12-31,"Highsmith, Haywood",Out,Injury/Illness -,"Highsmith, Haywood Out Injury/Illness - "
2025-12-31,"Johnson, Chaney",Out,G,"Johnson, Chaney Out G "
2025-12-31,"Mann, Terance",Questionable,Injury/Illness -,"Mann, Terance Questionable Injury/Illness - "
2025-12-31,"Porter Jr., Michael",Questionable,Injury/Illness -,"Porter Jr., Michael Questionable Injury/Illness - "
2025-12-31,"Saraf, Ben",Out,G,"Saraf, Ben Out G "
2025-12-31,"Adebayo, Bam",Available,Injury/Illness -,"Adebayo, Bam Available Injury/Illness - "
2025-12-31,"Fontecchio, Simone",Questionable,Injury/Illness -,"Fontecchio, Simone Questionable Injury/Illness - "
2025-12-31,"Goldin, Vladislav",Out,G,"Goldin, Vladislav Out G "
2025-12-31,"Herro, Tyler",Out,Injury/Illness -,"Herro, Tyler Out Injury/Illness - "
2025-12-31,"Johnson, Keshad",Available,Injury/Illness -,"Johnson, Keshad Available Injury/Illness - "
2025-12-31,"Jovic, Nikola",Available,Injury/Illness -,"Jovic, Nikola Available Injury/Illness - "
2025-12-31,"Larsson, Pelle",Out,Injury/Illness -,"Larsson, Pelle Out Injury/Illness - "
2025-12-31,"Rozier, Terry",Out,Not,"Rozier, Terry Out Not "
2025-12-31,"Smith, Dru",Available,Injury/Illness -,"Smith, Dru Available Injury/Illness - "
2025-12-31,"Ware, Kel'el",Available,Injury/Illness -,"Ware, Kel'el Available Injury/Illness - "
2025-12-31,"Young, Jahmir",Out,G,"Young, Jahmir Out G "
2025-12-31,"Harris, Tobias",Doubtful,Injury/Illness -,"Harris, Tobias Doubtful Injury/Illness - "
2025-12-31,"Jones, Isaac",Out,G,"Jones, Isaac Out G "
2025-12-31,"Klintman, Bobi",Out,G,"Klintman, Bobi Out G "
2025-12-31,"LeVert, Caris",Out,Injury/Illness -,"LeVert, Caris Out Injury/Illness - "
2025-12-31,"Moore Jr., Wendell",Out,G,"Moore Jr., Wendell Out G "
2025-12-31,"Smith, Tolu",Out,G,"Smith, Tolu Out G "
2025-12-31,"Cisse, Moussa",Questionable,G,"Cisse, Moussa Questionable G "
2025-12-31,"Exum, Dante",Out,Injury/Illness -,"Exum, Dante Out Injury/Illness - "
2025-12-31,"Irving, Kyrie",Out,Injury/Illness -,"Irving, Kyrie Out Injury/Illness - "
2025-12-31,"Kelly, Miles",Doubtful,G,"Kelly, Miles Doubtful G "
2025-12-31,"Lively II, Dereck",Out,Injury/Illness -,"Lively II, Dereck Out Injury/Illness - "
