report_date,player_name,current_status,reason,raw_snippet
2026-01-01,"Adams, Steven",Out,Injury/Illness -,"Adams, Steven Out Injury/Illness - "
2026-01-01,"Capela, Clint",Out,Injury/Illness -,"Capela, Clint Out Injury/Illness - "
2026-01-01,"Crawford, Isaiah",Out,G,"Crawford, Isaiah Out G "
2026-01-01,"Eason, Tari",Available,Injury/Illness -,"Eason, Tari Available Injury/Illness - "
2026-01-01,"Sengun, Alperen",Available,Injury/Illness -,"Sengun, Alperen Available Injury/Illness - "
2026-01-01,"Smith, Tyler",Out,G,"Smith, Tyler Out G "
2026-01-01,"VanVleet, Fred",Out,Injury/Illness -,"VanVleet, Fred Out Injury/Illness - "
2026-01-01,"Demin, Egor",Out,Injury/Illness -,"Demin, Egor Out Injury/Illness - "
2026-01-01,"Etienne, Tyson",Out,G,"Etienne, Tyson Out G "
2026-01-01,"Highsmith, Haywood",Out,Injury/Illness -,"Highsmith, Haywood Out Injury/Illness - "
2026-01-01,"Johnson, Chaney",Out,G,"Johnson, Chaney Out G "
2026-01-01,"Mann, Terance",Out,Injury/Illness -,"Mann, Terance Out Injury/Illness - "
2026-01-01,"Porter Jr., Michael",Out,Injury/Illness -,"Porter Jr., Michael Out Injury/Illness - "
2026-01-01,"Saraf, Ben",Out,G,"Saraf, Ben Out G "
2026-01-01,"Adebayo, Bam",Available,Injury/Illness -,"Adebayo, Bam Available Injury/Illness - "
2026-01-01,"Fontecchio, Simone",Available,Injury/Illness -,"Fontecchio, Simone Available Injury/Illness - "
2026-01-01,"Goldin, Vladislav",Out,G,"Goldin, Vladislav Out G "
2026-01-01,"Herro, Tyler",Out,Injury/Illness -,"Herro, Tyler Out Injury/Illness - "
2026-01-01,"Johnson, Keshad",Available,Injury/Illness -,"Johnson, Keshad Available Injury/Illness - "
2026-01-01,"Jovic, Nikola",Available,Injury/Illness -,"Jovic, Nikola Available Injury/Illness - "
2026-01-01,"Larsson, Pelle",Out,Injury/Illness -,"Larsson, Pelle Out Injury/Illness - "
2026-01-01,"Rozier, Terry",Out,Not,"Rozier, Terry Out Not "
2026-01-01,"Smith, Dru",Available,Injury/Illness -,"Smith, Dru Available Injury/Illness - "
2026-01-01,"Ware, Kel'el",Available,Injury/Illness -,"Ware, Kel'el Available Injury/Illness - "
2026-01-01,"Young, Jahmir",Out,G,"Young, Jahmir Out G "
2026-01-01,"Harris, Tobias",Out,Injury/Illness -,"Harris, Tobias Out Injury/Illness - "
2026-01-01,"Jones, Isaac",Out,G,"Jones, Isaac Out G "
2026-01-01,"Klintman, Bobi",Out,G,"Klintman, Bobi Out G "
2026-01-01,"LeVert, Caris",Out,Injury/Illness -,"LeVert, Caris Out Injury/Illness - "
2026-01-01,"Moore Jr., Wendell",Out,G,"Moore Jr., Wendell Out G "
2026-01-01,"Smith, Tolu",Available,G,"Smith, Tolu Available G "
2026-01-01,"Beauchamp, MarJon",Out,G,"Beauchamp, MarJon Out G "
2026-01-01,"Broome, Johni",Out,G,"Broome, Johni Out G "
2026-01-01,"Embiid, Joel",Probable,Injury/Illness -,"Embiid, Joel Probable Injury/Illness - "
2026-01-01,"Oubre Jr., Kelly",Out,Injury/Illness -,"Oubre Jr., Kelly Out Injury/Illness - "
2026-01-01,"Watford, Trendon",Out,Injury/Illness -,"Watford, Trendon Out Injury/Illness - "
2026-01-01,"Cisse, Moussa",Doubtful,G,"Cisse, Moussa Doubtful G "
2026-01-01,"Exum, Dante",Out,Injury/Illness -,"Exum, Dante Out Injury/Illness - "
2026-01-01,"Irving, Kyrie",Out,Injury/Illness -,"Irving, Kyrie Out Injury/Illness - "
2026-01-01,"Kelly, Miles",Doubtful,G,"Kelly, Miles Doubtful G "
2026-01-01,"Lively II, Dereck",Out,Injury/Illness -,"Lively II, Dereck Out Injury/Illness - "
2026-01-01,"Russell, D'Angelo",Questionable,Injury/Illness -,"Russell, D'Angelo Questionable Injury/Illness - "
2026-01-01,"Boucher, Chris",Available,Personal,"Boucher, Chris Available Personal "
2026-01-01,"Harper Jr., Ron",Out,G,"Harper Jr., Ron Out G "
2026-01-01,"Shulga, Max",Out,G,"Shulga, Max Out G "
2026-01-01,"Tatum, Jayson",Out,Injury/Illness -,"Tatum, Jayson Out Injury/Illness - "
2026-01-01,"Williams, Amari",Out,G,"Williams, Amari Out G "
2026-01-01,"Cardwell, Dylan",Out,G,"Cardwell, Dylan Out G "
2026-01-01,"LaVine, Zach",Out,Injury/Illness -,"LaVine, Zach Out Injury/Illness - "
2026-01-01,"Plowden, Daeqwon",Out,G,"Plowden, Daeqwon Out G "
2026-01-01,"Sabonis, Domantas",Out,Injury/Illness -,"Sabonis, Domantas Out Injury/Illness - "
2026-01-01,"Stevens, Isaiah",Out,G,"Stevens, Isaiah Out G "
2026-01-01,"Bailey, Ace",Out,Injury/Illness -,"Bailey, Ace Out Injury/Illness - "
2026-01-01,"George, Keyonte",Out,Injury/Illness -,"George, Keyonte Out Injury/Illness - "
2026-01-01,"Harkless, Elijah",Out,G,"Harkless, Elijah Out G "
2026-01-01,"Kessler, Walker",Out,Injury/Illness -,"Kessler, Walker Out Injury/Illness - "
2026-01-01,"Love, Kevin",Out,Rest,"Love, Kevin Out Rest "
2026-01-01,"Markkanen, Lauri",Out,Injury/Illness -,"Markkanen, Lauri Out Injury/Illness - "
2026-01-01,"Niang, Georges",Out,Injury/Illness -,"Niang, Georges Out Injury/Illness - "
2026-01-01,"Nurkic, Jusuf",Out,Injury/Illness -,"Nurkic, Jusuf Out Injury/Illness - "
2026-01-01,"Tonje, John",Out,G,"Tonje, John Out G "
2026-01-01,"Beal, Bradley",Out,Injury/Illness -,"Beal, Bradley Out Injury/Illness - "
2026-01-01,"Bogdanovic, Bogdan",Out,Injury/Illness -,"Bogdanovic, Bogdan Out Injury/Illness - "
2026-01-01,"Paul, Chris",Out,Not,"Paul, Chris Out Not "
2026-01-01,"Zubac, Ivica",Out,Injury/Illness -,"Zubac, Ivica Out Injury/Illness - "
2026-01-01,"George, Kyshawn",Out,Injury/Illness -,"George, Kyshawn Out Injury/Illness - "
2026-01-01,"Kispert, Corey",Out,Injury/Illness -,"Kispert, Corey Out Injury/Illness - "
2026-01-01,"Whitmore, Cam",Out,Injury/Illness -,"Whitmore, Cam Out Injury/Illness - "
2026-01-01,"Ingram, Harrison",Out,G,"Ingram, Harrison Out G "
2026-01-01,"Garcia, David",Out,G,"Garcia, David Out G "
2026-01-01,"Umude, Stanley",Out,G,"Umude, Stanley Out G "
2026-01-01,"Vassell, Devin",Out,Injury/Illness -,"Vassell, Devin Out Injury/Illness - "
2026-01-01,"Wembanyama, Victor",Out,Injury/Illness -,"Wembanyama, Victor Out Injury/Illness - "
2026-01-01,"Haliburton, Tyrese",Out,Injury/Illness -,"Haliburton, Tyrese Out Injury/Illness - "
2026-01-01,"Jackson, Isaiah",Out,Injury/Illness -,"Jackson, Isaiah Out Injury/Illness - "
2026-01-01,"Toppin, Obi",Out,Injury/Illness -,"Toppin, Obi Out Injury/Illness - "
2026-01-01,"Dante, N'Faly",Out,Injury/Illness -,"Dante, N'Faly Out Injury/Illness - "
2026-01-01,"Dennis, RayJ",Doubtful,G,"Dennis, RayJ Doubtful G "
2026-01-01,"Djurisic, Nikola",Doubtful,G,"Djurisic, Nikola Doubtful G "
2026-01-01,"Houstan, Caleb",Doubtful,G,"Houstan, Caleb Doubtful G "
2026-01-01,"Williams, Malik",Doubtful,G,"Williams, Malik Doubtful G "
2026-01-01,"Young, Trae",Questionable,Injury/Illness -,"Young, Trae Questionable Injury/Illness - "
2026-01-01,"Hart, Josh",Out,Injury/Illness -,"Hart, Josh Out Injury/Illness - "
2026-01-01,"Robinson, Mitchell",Questionable,Injury/Illness -,"Robinson, Mitchell Questionable Injury/Illness - "
2026-01-01,"Shamet, Landry",Out,Injury/Illness -,"Shamet, Landry Out Injury/Illness - "
2026-01-01,"Bates, Tamar",Out,Injury/Illness -,"Bates, Tamar Out Injury/Illness - "
2026-01-01,"Braun, Christian",Out,Injury/Illness -,"Braun, Christian Out Injury/Illness - "
2026-01-01,"Gordon, Aaron",Out,Injury/Illness -,"Gordon, Aaron Out Injury/Illness - "
2026-01-01,"Johnson, Cameron",Out,Injury/Illness -,"Johnson, Cameron Out Injury/Illness - "
2026-01-01,"Jokic, Nikola",Out,Injury/Illness -,"Jokic, Nikola Out Injury/Illness - "
2026-01-01,"Murray, Jamal",Probable,Injury/Illness -,"Murray, Jamal Probable Injury/Illness - "
2026-01-01,"Strawther, Julian",Probable,Injury/Illness -,"Strawther, Julian Probable Injury/Illness - "
2026-01-01,"Valanciunas, Jonas",Out,Injury/Illness -,"Valanciunas, Jonas Out Injury/Illness - "
2026-01-01,"Hunter, De'Andre",Questionable,Injury/Illness -,"Hunter, De'Andre Questionable Injury/Illness - "
2026-01-01,"Livingston, Chris",Out,G,"Livingston, Chris Out G "
2026-01-01,"Merrill, Sam",Questionable,Injury/Illness -,"Merrill, Sam Questionable Injury/Illness - "
2026-01-01,"Nance Jr., Larry",Out,Injury/Illness -,"Nance Jr., Larry Out Injury/Illness - "
2026-01-01,"Strus, Max",Out,Injury/Illness -,"Strus, Max Out Injury/Illness - "
2026-01-01,"Travers, Luke",Out,G,"Travers, Luke Out G "
2026-01-01,"Antetokounmpo, Alex",Out,G,"Antetokounmpo, Alex Out G "
2026-01-01,"Nance, Pete",Out,G,"Nance, Pete Out G "
2026-01-01,"Prince, Taurean",Out,Injury/Illness -,"Prince, Taurean Out Injury/Illness - "
2026-01-01,"Sears, Mark",Out,G,"Sears, Mark Out G "
2026-01-01,"Castleton, Colin",Out,G,"Castleton, Colin Out G "
2026-01-01,"Isaac, Jonathan",Questionable,Injury/Illness -,"Isaac, Jonathan Questionable Injury/Illness - "
2026-01-01,"Wagner, Franz",Out,Injury/Illness -,"Wagner, Franz Out Injury/Illness - "
2026-01-01,"Wagner, Moritz",Out,Injury/Illness -,"Wagner, Moritz Out Injury/Illness - "
2026-01-01,"Collins, Zach",Out,Injury/Illness -,"Collins, Zach Out Injury/Illness - "
2026-01-01,"Essengue, Noa",Out,Injury/Illness -,"Essengue, Noa Out Injury/Illness - "
2026-01-01,"Flowers, Trentyn",Out,Injury/Illness -,"Flowers, Trentyn Out Injury/Illness - "
2026-01-01,"Giddey, Josh",Out,Injury/Illness -,"Giddey, Josh Out Injury/Illness - "
2026-01-01,"Miller, Emanuel",Questionable,Injury/Illness -,"Miller, Emanuel Questionable Injury/Illness - "
2026-01-01,"Olbrich, Lachlan",Questionable,Injury/Illness -,"Olbrich, Lachlan Questionable Injury/Illness - "
2026-01-01,"White, Coby",Out,Injury/Illness -,"White, Coby Out Injury/Illness - "
2026-01-01,"Bey, Saddiq",Questionable,Injury/Illness -,"Bey, Saddiq Questionable Injury/Illness - "
2026-01-01,"Dickinson, Hunter",Out,G,"Dickinson, Hunter Out G "
2026-01-01,"Jones, Herbert",Out,Injury/Illness -,"Jones, Herbert Out Injury/Illness - "
2026-01-01,"Murray, Dejounte",Out,Injury/Illness -,"Murray, Dejounte Out Injury/Illness - "
2026-01-01,"Queen, Derik",Questionable,Injury/Illness -,"Queen, Derik Questionable Injury/Illness - "
2026-01-01,"Barnhizer, Brooks",Out,G,"Barnhizer, Brooks Out G "
2026-01-01,"Dieng, Ousmane",Out,Injury/Illness -,"Dieng, Ousmane Out Injury/Illness - "
2026-01-01,"Hartenstein, Isaiah",Out,Injury/Illness -,"Hartenstein, Isaiah Out Injury/Illness - "
2026-01-01,"Sorber, Thomas",Out,Injury/Illness -,"Sorber, Thomas Out Injury/Illness - "
2026-01-01,"Topic, Nikola",Out,Injury/Illness -,"Topic, Nikola Out Injury/Illness - "
2026-01-01,"Williams, Jaylin",Out,Injury/Illness -,"Williams, Jaylin Out Injury/Illness - "
2026-01-02,"Claxton, Nic",Out,Personal,"Claxton, Nic Out Personal "
2026-01-02,"Etienne, Tyson",Out,G,"Etienne, Tyson Out G "
2026-01-02,"Highsmith, Haywood",Out,Injury/Illness -,"Highsmith, Haywood Out Injury/Illness - "
2026-01-02,"Johnson, Chaney",Out,G,"Johnson, Chaney Out G "
2026-01-02,"Mann, Terance",Probable,Injury/Illness -,"Mann, Terance Probable Injury/Illness - "
2026-01-02,"Porter Jr., Michael",Out,Injury/Illness -,"Porter Jr., Michael Out Injury/Illness - "
2026-01-02,"Saraf, Ben",Out,G,"Saraf, Ben Out G "
2026-01-02,"Thomas, Cam",Out,Injury/Illness -,"Thomas, Cam Out Injury/Illness - "
2026-01-02,"George, Kyshawn",Out,Injury/Illness -,"George, Kyshawn Out Injury/Illness - "
2026-01-02,"Kispert, Corey",Out,Injury/Illness -,"Kispert, Corey Out Injury/Illness - "
2026-01-02,"Vukcevic, Tristan",Out,Injury/Illness -,"Vukcevic, Tristan Out Injury/Illness - "
2026-01-02,"Watkins, Jamir",Out,G,"Watkins, Jamir Out G "
2026-01-02,"Whitmore, Cam",Out,Injury/Illness -,"Whitmore, Cam Out Injury/Illness - "
2026-01-02,"Ingram, Harrison",Out,G,"Ingram, Harrison Out G "
2026-01-02,"Garcia, David",Out,G,"Garcia, David Out G "
2026-01-02,"Umude, Stanley",Out,G,"Umude, Stanley Out G "
2026-01-02,"Vassell, Devin",Out,Injury/Illness -,"Vassell, Devin Out Injury/Illness - "
2026-01-02,"Wembanyama, Victor",Out,Injury/Illness -,"Wembanyama, Victor Out Injury/Illness - "
2026-01-02,"Haliburton, Tyrese",Out,Injury/Illness -,"Haliburton, Tyrese Out Injury/Illness - "
2026-01-02,"Jackson, Isaiah",Out,Injury/Illness -,"Jackson, Isaiah Out Injury/Illness - "
2026-01-02,"Toppin, Obi",Out,Injury/Illness -,"Toppin, Obi Out Injury/Illness - "
2026-01-02,"Dante, N'Faly",Out,Injury/Illness -,"Dante, N'Faly Out Injury/Illness - "
2026-01-02,"Dennis, RayJ",Out,G,"Dennis, RayJ Out G "
2026-01-02,"Djurisic, Nikola",Out,G,"Djurisic, Nikola Out G "
2026-01-02,"Houstan, Caleb",Out,G,"Houstan, Caleb Out G "
2026-01-02,"Williams, Malik",Out,G,"Williams, Malik Out G "
2026-01-02,"Young, Trae",Out,Injury/Illness -,"Young, Trae Out Injury/Illness - "
2026-01-02,"Hart, Josh",Out,Injury/Illness -,"Hart, Josh Out Injury/Illness - "
2026-01-02,"Robinson, Mitchell",Questionable,Injury/Illness -,"Robinson, Mitchell Questionable Injury/Illness - "
2026-01-02,"Shamet, Landry",Out,Injury/Illness -,"Shamet, Landry Out Injury/Illness - "
2026-01-02,"Towns, Karl- Anthony",Questionable,Injury/Illness -,"Towns, Karl- Anthony Questionable Injury/Illness - "
2026-01-02,"Bates, Tamar",Out,Injury/Illness -,"Bates, Tamar Out Injury/Illness - "
2026-01-02,"Braun, Christian",Out,Injury/Illness -,"Braun, Christian Out Injury/Illness - "
2026-01-02,"Gordon, Aaron",Out,Injury/Illness -,"Gordon, Aaron Out Injury/Illness - "
2026-01-02,"Johnson, Cameron",Out,Injury/Illness -,"Johnson, Cameron Out Injury/Illness - "
2026-01-02,"Jokic, Nikola",Out,Injury/Illness -,"Jokic, Nikola Out Injury/Illness - "
2026-01-02,"Murray, Jamal",Probable,Injury/Illness -,"Murray, Jamal Probable Injury/Illness - "
2026-01-02,"Strawther, Julian",Probable,Injury/Illness -,"Strawther, Julian Probable Injury/Illness - "
2026-01-02,"Valanciunas, Jonas",Out,Injury/Illness -,"Valanciunas, Jonas Out Injury/Illness - "
2026-01-02,"Hunter, De'Andre",Probable,Injury/Illness -,"Hunter, De'Andre Probable Injury/Illness - "
2026-01-02,"Livingston, Chris",Out,G,"Livingston, Chris Out G "
2026-01-02,"Merrill, Sam",Questionable,Injury/Illness -,"Merrill, Sam Questionable Injury/Illness - "
2026-01-02,"Nance Jr., Larry",Out,Injury/Illness -,"Nance Jr., Larry Out Injury/Illness - "
2026-01-02,"Strus, Max",Out,Injury/Illness -,"Strus, Max Out Injury/Illness - "
2026-01-02,"Travers, Luke",Out,G,"Travers, Luke Out G "
2026-01-02,"Wade, Dean",Questionable,Injury/Illness -,"Wade, Dean Questionable Injury/Illness - "
2026-01-02,"Bridges, Miles",Probable,Injury/Illness -,"Bridges, Miles Probable Injury/Illness - "
2026-01-02,"Diabate, Moussa",Questionable,Injury/Illness -,"Diabate, Moussa Questionable Injury/Illness - "
2026-01-02,"Kalkbrenner, Ryan",Out,Injury/Illness -,"Kalkbrenner, Ryan Out Injury/Illness - "
2026-01-02,"Plumlee, Mason",Out,Injury/Illness -,"Plumlee, Mason Out Injury/Illness - "
2026-01-02,"Williams, Grant",Out,Injury/Illness -,"Williams, Grant Out Injury/Illness - "
2026-01-02,"Antetokounmpo, Alex",Out,G,"Antetokounmpo, Alex Out G "
2026-01-02,"Antetokounmpo, Giannis",Probable,Injury/Illness -,"Antetokounmpo, Giannis Probable Injury/Illness - "
2026-01-02,"Nance, Pete",Out,G,"Nance, Pete Out G "
2026-01-02,"Prince, Taurean",Out,Injury/Illness -,"Prince, Taurean Out Injury/Illness - "
2026-01-02,"Sears, Mark",Out,G,"Sears, Mark Out G "
2026-01-02,"Castleton, Colin",Out,G,"Castleton, Colin Out G "
2026-01-02,"Isaac, Jonathan",Questionable,Injury/Illness -,"Isaac, Jonathan Questionable Injury/Illness - "
2026-01-02,"Wagner, Franz",Out,Injury/Illness -,"Wagner, Franz Out Injury/Illness - "
2026-01-02,"Wagner, Moritz",Out,Injury/Illness -,"Wagner, Moritz Out Injury/Illness - "
2026-01-02,"Collins, Zach",Out,Injury/Illness -,"Collins, Zach Out Injury/Illness - "
2026-01-02,"Essengue, Noa",Out,Injury/Illness -,"Essengue, Noa Out Injury/Illness - "
2026-01-02,"Flowers, Trentyn",Out,Injury/Illness -,"Flowers, Trentyn Out Injury/Illness - "
2026-01-02,"Giddey, Josh",Out,Injury/Illness -,"Giddey, Josh Out Injury/Illness - "
2026-01-02,"Miller, Emanuel",Out,Injury/Illness -,"Miller, Emanuel Out Injury/Illness - "
2026-01-02,"Olbrich, Lachlan",Out,Injury/Illness -,"Olbrich, Lachlan Out Injury/Illness - "
2026-01-02,"White, Coby",Out,Injury/Illness -,"White, Coby Out Injury/Illness - "
2026-01-02,"Grant, Jerami",Out,Injury/Illness -,"Grant, Jerami Out Injury/Illness - "
2026-01-02,"Henderson, Scoot",Out,Injury/Illness -,"Henderson, Scoot Out Injury/Illness - "
2026-01-02,"Holiday, Jrue",Out,Injury/Illness -,"Holiday, Jrue Out Injury/Illness - "
2026-01-02,"Lillard, Damian",Out,Injury/Illness -,"Lillard, Damian Out Injury/Illness - "
2026-01-02,"Thybulle, Matisse",Out,Injury/Illness -,"Thybulle, Matisse Out Injury/Illness - "
2026-01-02,"Wesley, Blake",Out,Injury/Illness -,"Wesley, Blake Out Injury/Illness - "
2026-01-02,"Bey, Saddiq",Out,Injury/Illness -,"Bey, Saddiq Out Injury/Illness - "
2026-01-02,"Dickinson, Hunter",Out,G,"Dickinson, Hunter Out G "
2026-01-02,"Jones, Herbert",Out,Injury/Illness -,"Jones, Herbert Out Injury/Illness - "
2026-01-02,"Murphy III, Trey",Questionable,Injury/Illness -,"Murphy III, Trey Questionable Injury/Illness - "
2026-01-02,"Murray, Dejounte",Out,Injury/Illness -,"Murray, Dejounte Out Injury/Illness - "
2026-01-02,"Queen, Derik",Out,Injury/Illness -,"Queen, Derik Out Injury/Illness - "
2026-01-02,"Cardwell, Dylan",Out,G,"Cardwell, Dylan Out G "
2026-01-02,"LaVine, Zach",Out,Injury/Illness -,"LaVine, Zach Out Injury/Illness - "
2026-01-02,"Plowden, Daeqwon",Out,G,"Plowden, Daeqwon Out G "
2026-01-02,"Sabonis, Domantas",Out,Injury/Illness -,"Sabonis, Domantas Out Injury/Illness - "
2026-01-02,"Stevens, Isaiah",Out,G,"Stevens, Isaiah Out G "
2026-01-02,"Allen, Grayson",Questionable,Injury/Illness -,"Allen, Grayson Questionable Injury/Illness - "
2026-01-02,"Goodwin, Jordan",Available,Injury/Illness -,"Goodwin, Jordan Available Injury/Illness - "
2026-01-02,"Green, Jalen",Out,Injury/Illness -,"Green, Jalen Out Injury/Illness - "
2026-01-02,"Barnhizer, Brooks",Out,G,"Barnhizer, Brooks Out G "
2026-01-02,"Dieng, Ousmane",Out,Injury/Illness -,"Dieng, Ousmane Out Injury/Illness - "
2026-01-02,"Hartenstein, Isaiah",Out,Injury/Illness -,"Hartenstein, Isaiah Out Injury/Illness - "
2026-01-02,"Sorber, Thomas",Out,Injury/Illness -,"Sorber, Thomas Out Injury/Illness - "
2026-01-02,"Topic, Nikola",Out,Injury/Illness -,"Topic, Nikola Out Injury/Illness - "
2026-01-02,"Williams, Jaylin",Out,Injury/Illness -,"Williams, Jaylin Out Injury/Illness - "
2026-01-02,"Butler III, Jimmy",Out,Injury/Illness -,"Butler III, Jimmy Out Injury/Illness - "
2026-01-02,"Cryer, LJ",Out,G,"Cryer, LJ Out G "
2026-01-02,"Curry, Seth",Out,Injury/Illness -,"Curry, Seth Out Injury/Illness - "
2026-01-02,"Curry, Stephen",Out,Injury/Illness -,"Curry, Stephen Out Injury/Illness - "
2026-01-02,"Green, Draymond",Out,Rest,"Green, Draymond Out Rest "
2026-01-02,"Horford, Al",Probable,Injury/Illness -,"Horford, Al Probable Injury/Illness - "
2026-01-02,"Davis, Trayce",Available,Injury/Illness -,"Davis, Trayce Available Injury/Illness - "
2026-01-02,"Leons, Malevy",Out,G,"Leons, Malevy Out G "
2026-01-02,"Melton, De'Anthony",Out,Injury/Illness -,"Melton, De'Anthony Out Injury/Illness - "
2026-01-02,"Pope, Kentavious",Probable,Injury/Illness -,"Pope, Kentavious Probable Injury/Illness - "
2026-01-02,"Clarke, Brandon",Out,Injury/Illness -,"Clarke, Brandon Out Injury/Illness - "
2026-01-02,"Edey, Zach",Out,Injury/Illness -,"Edey, Zach Out Injury/Illness - "
2026-01-02,"Jerome, Ty",Out,Injury/Illness -,"Jerome, Ty Out Injury/Illness - "
2026-01-02,"Konchar, John",Out,Injury/Illness -,"Konchar, John Out Injury/Illness - "
2026-01-02,"Mashack, Jahmai",Out,G,"Mashack, Jahmai Out G "
2026-01-02,"Pippen Jr., Scotty",Out,Injury/Illness -,"Pippen Jr., Scotty Out Injury/Illness - "
2026-01-02,"Wells, Jaylen",Probable,Injury/Illness -,"Wells, Jaylen Probable Injury/Illness - "
2026-01-02,"Williams Jr., Vince",Out,Injury/Illness -,"Williams Jr., Vince Out Injury/Illness - "
2026-01-02,"Hachimura, Rui",Out,Injury/Illness -,"Hachimura, Rui Out Injury/Illness - "
2026-01-02,"Reaves, Austin",Out,Injury/Illness -,"Reaves, Austin Out Injury/Illness - "
2026-01-02,"Thiero, Adou",Out,Injury/Illness -,"Thiero, Adou Out Injury/Illness - "
2026-01-02,"Vanderbilt, Jarred",Probable,Injury/Illness -,"Vanderbilt, Jarred Probable Injury/Illness - "
2026-01-02,"Vincent, Gabe",Out,Injury/Illness -,"Vincent, Gabe Out Injury/Illness - "
2026-01-02,"Beringer, Joan",Out,G,"Beringer, Joan Out G "
2026-01-02,"Freeman, Enrique",Out,G,"Freeman, Enrique Out G "
2026-01-02,"Shannon Jr., Terrence",Out,Injury/Illness -,"Shannon Jr., Terrence Out Injury/Illness - "
2026-01-02,"Zikarsky, Rocco",Out,G,"Zikarsky, Rocco Out G "
2026-01-02,"Adebayo, Bam",Probable,Injury/Illness -,"Adebayo, Bam Probable Injury/Illness - "
2026-01-02,"Fontecchio, Simone",Available,Injury/Illness -,"Fontecchio, Simone Available Injury/Illness - "
2026-01-02,"Goldin, Vladislav",Out,G,"Goldin, Vladislav Out G "
2026-01-02,"Herro, Tyler",Out,Injury/Illness -,"Herro, Tyler Out Injury/Illness - "
2026-01-02,"Jaquez Jr., Jaime",Probable,Injury/Illness -,"Jaquez Jr., Jaime Probable Injury/Illness - "
2026-01-02,"Johnson, Keshad",Out,G,"Johnson, Keshad Out G "
2026-01-02,"Jovic, Nikola",Probable,Injury/Illness -,"Jovic, Nikola Probable Injury/Illness - "
2026-01-02,"Larsson, Pelle",Questionable,Injury/Illness -,"Larsson, Pelle Questionable Injury/Illness - "
2026-01-02,"Rozier, Terry",Out,Not,"Rozier, Terry Out Not "
2026-01-02,"Smith, Dru",Available,Injury/Illness -,"Smith, Dru Available Injury/Illness - "
2026-01-02,"Young, Jahmir",Out,G,"Young, Jahmir Out G "
2026-01-02,"Hepburn, Chucky",Out,G,"Hepburn, Chucky Out G "
2026-01-02,"Martin, Alijah",Out,G,"Martin, Alijah Out G "
2026-01-02,"Poeltl, Jakob",Out,Injury/Illness -,"Poeltl, Jakob Out Injury/Illness - "
2026-01-02,"Beauchamp, MarJon",Doubtful,G,"Beauchamp, MarJon Doubtful G "
2026-01-02,"Broome, Johni",Doubtful,G,"Broome, Johni Doubtful G "
2026-01-02,"Embiid, Joel",Probable,Injury/Illness -,"Embiid, Joel Probable Injury/Illness - "
2026-01-02,"Oubre Jr., Kelly",Out,Injury/Illness -,"Oubre Jr., Kelly Out Injury/Illness - "
2026-01-02,"Watford, Trendon",Out,Injury/Illness -,"Watford, Trendon Out Injury/Illness - "
2026-01-02,"Adams, Steven",Questionable,Injury/Illness -,"Adams, Steven Questionable Injury/Illness - "
2026-01-02,"Crawford, Isaiah",Out,G,"Crawford, Isaiah Out G "
2026-01-02,"Smith, Tyler",Out,G,"Smith, Tyler Out G "
2026-01-02,"VanVleet, Fred",Out,Injury/Illness -,"VanVleet, Fred Out Injury/Illness - "
2026-01-03,"Beringer, Joan",Out,G,"Beringer, Joan Out G "
2026-01-03,"Freeman, Enrique",Out,G,"Freeman, Enrique Out G "
2026-01-03,"Shannon Jr., Terrence",Out,Injury/Illness -,"Shannon Jr., Terrence Out Injury/Illness - "
2026-01-03,"Zikarsky, Rocco",Out,G,"Zikarsky, Rocco Out G "
2026-01-03,"Adebayo, Bam",Available,Injury/Illness -,"Adebayo, Bam Available Injury/Illness - "
2026-01-03,"Fontecchio, Simone",Available,Injury/Illness -,"Fontecchio, Simone Available Injury/Illness - "
2026-01-03,"Goldin, Vladislav",Out,G,"Goldin, Vladislav Out G "
2026-01-03,"Herro, Tyler",Out,Injury/Illness -,"Herro, Tyler Out Injury/Illness - "
2026-01-03,"Jaquez Jr., Jaime",Available,Injury/Illness -,"Jaquez Jr., Jaime Available Injury/Illness - "
2026-01-03,"Johnson, Keshad",Out,G,"Johnson, Keshad Out G "
2026-01-03,"Jovic, Nikola",Available,Injury/Illness -,"Jovic, Nikola Available Injury/Illness - "
2026-01-03,"Larsson, Pelle",Out,Injury/Illness -,"Larsson, Pelle Out Injury/Illness - "
2026-01-03,"Rozier, Terry",Out,Not,"Rozier, Terry Out Not "
2026-01-03,"Smith, Dru",Available,Injury/Illness -,"Smith, Dru Available Injury/Illness - "
2026-01-03,"Young, Jahmir",Out,G,"Young, Jahmir Out G "
2026-01-03,"Dante, N'Faly",Out,Injury/Illness -,"Dante, N'Faly Out Injury/Illness - "
2026-01-03,"Dennis, RayJ",Out,G,"Dennis, RayJ Out G "
2026-01-03,"Djurisic, Nikola",Out,G,"Djurisic, Nikola Out G "
2026-01-03,"Kennard, Luke",Out,Injury/Illness -,"Kennard, Luke Out Injury/Illness - "
2026-01-03,"Porzingis, Kristaps",Out,Return to,"Porzingis, Kristaps Out Return to "
2026-01-03,"Young, Trae",Out,Injury/Illness -,"Young, Trae Out Injury/Illness - "
2026-01-03,"Hepburn, Chucky",Out,G,"Hepburn, Chucky Out G "
2026-01-03,"Martin, Alijah",Available,G,"Martin, Alijah Available G "
2026-01-03,"Poeltl, Jakob",Out,Injury/Illness -,"Poeltl, Jakob Out Injury/Illness - "
2026-01-03,"Beauchamp, MarJon",Out,G,"Beauchamp, MarJon Out G "
2026-01-03,"Broome, Johni",Out,G,"Broome, Johni Out G "
2026-01-03,"Embiid, Joel",Probable,Injury/Illness -,"Embiid, Joel Probable Injury/Illness - "
2026-01-03,"Oubre Jr., Kelly",Out,Injury/Illness -,"Oubre Jr., Kelly Out Injury/Illness - "
2026-01-03,"Watford, Trendon",Out,Injury/Illness -,"Watford, Trendon Out Injury/Illness - "
2026-01-03,"Hart, Josh",Out,Injury/Illness -,"Hart, Josh Out Injury/Illness - "
2026-01-03,"Shamet, Landry",Out,Injury/Illness -,"Shamet, Landry Out Injury/Illness - "
2026-01-03,"Towns, Karl- Anthony",Questionable,Injury/Illness -,"Towns, Karl- Anthony Questionable Injury/Illness - "
2026-01-03,"Diabate, Moussa",Out,Injury/Illness -,"Diabate, Moussa Out Injury/Illness - "
2026-01-03,"Kalkbrenner, Ryan",Out,Injury/Illness -,"Kalkbrenner, Ryan Out Injury/Illness - "
2026-01-03,"Plumlee, Mason",Out,Injury/Illness -,"Plumlee, Mason Out Injury/Illness - "
2026-01-03,"Williams, Grant",Out,Injury/Illness -,"Williams, Grant Out Injury/Illness - "
2026-01-03,"Collins, Zach",Out,Injury/Illness -,"Collins, Zach Out Injury/Illness - "
2026-01-03,"Essengue, Noa",Out,Injury/Illness -,"Essengue, Noa Out Injury/Illness - "
2026-01-03,"Flowers, Trentyn",Out,Injury/Illness -,"Flowers, Trentyn Out Injury/Illness - "
2026-01-03,"Giddey, Josh",Out,Injury/Illness -,"Giddey, Josh Out Injury/Illness - "
2026-01-03,"Miller, Emanuel",Out,G,"Miller, Emanuel Out G "
2026-01-03,"White, Coby",Out,Injury/Illness -,"White, Coby Out Injury/Illness - "
2026-01-03,"Grant, Jerami",Out,Injury/Illness -,"Grant, Jerami Out Injury/Illness - "
2026-01-03,"Henderson, Scoot",Out,Injury/Illness -,"Henderson, Scoot Out Injury/Illness - "
2026-01-03,"Holiday, Jrue",Out,Injury/Illness -,"Holiday, Jrue Out Injury/Illness - "
2026-01-03,"Lillard, Damian",Out,Injury/Illness -,"Lillard, Damian Out Injury/Illness - "
2026-01-03,"Thybulle, Matisse",Out,Injury/Illness -,"Thybulle, Matisse Out Injury/Illness - "
2026-01-03,"Wesley, Blake",Out,Injury/Illness -,"Wesley, Blake Out Injury/Illness - "
2026-01-03,"Williams III, Robert",Out,Injury/Illness -,"Williams III, Robert Out Injury/Illness - "
2026-01-03,"Ingram, Harrison",Out,G,"Ingram, Harrison Out G "
2026-01-03,"Vassell, Devin",Out,Injury/Illness -,"Vassell, Devin Out Injury/Illness - "
2026-01-03,"Wembanyama, Victor",Out,Injury/Illness -,"Wembanyama, Victor Out Injury/Illness - "
2026-01-03,"Adams, Steven",Out,Injury/Illness -,"Adams, Steven Out Injury/Illness - "
2026-01-03,"Crawford, Isaiah",Out,G,"Crawford, Isaiah Out G "
2026-01-03,"Smith, Tyler",Out,G,"Smith, Tyler Out G "
2026-01-03,"VanVleet, Fred",Out,Injury/Illness -,"VanVleet, Fred Out Injury/Illness - "
2026-01-03,"Cisse, Moussa",Out,G,"Cisse, Moussa Out G "
2026-01-03,"Exum, Dante",Out,Injury/Illness -,"Exum, Dante Out Injury/Illness - "
2026-01-03,"Irving, Kyrie",Out,Injury/Illness -,"Irving, Kyrie Out Injury/Illness - "
2026-01-03,"Kelly, Miles",Out,G,"Kelly, Miles Out G "
2026-01-03,"Lively II, Dereck",Out,Injury/Illness -,"Lively II, Dereck Out Injury/Illness - "
2026-01-03,"Bailey, Ace",Out,Injury/Illness -,"Bailey, Ace Out Injury/Illness - "
2026-01-03,"George, Keyonte",Available,Injury/Illness -,"George, Keyonte Available Injury/Illness - "
2026-01-03,"Harkless, Elijah",Out,G,"Harkless, Elijah Out G "
2026-01-03,"Kessler, Walker",Out,Injury/Illness -,"Kessler, Walker Out Injury/Illness - "
2026-01-03,"Markkanen, Lauri",Probable,Injury/Illness -,"Markkanen, Lauri Probable Injury/Illness - "
2026-01-03,"Niang, Georges",Out,Injury/Illness -,"Niang, Georges Out Injury/Illness - "
2026-01-03,"Nurkic, Jusuf",Out,Injury/Illness -,"Nurkic, Jusuf Out Injury/Illness - "
2026-01-03,"Tonje, John",Out,G,"Tonje, John Out G "
2026-01-03,"Butler III, Jimmy",Questionable,Injury/Illness -,"Butler III, Jimmy Questionable Injury/Illness - "
2026-01-03,"Cryer, LJ",Out,G,"Cryer, LJ Out G "
2026-01-03,"Curry, Seth",Out,Injury/Illness -,"Curry, Seth Out Injury/Illness - "
2026-01-03,"Curry, Stephen",Questionable,Injury/Illness -,"Curry, Stephen Questionable Injury/Illness - "
2026-01-03,"Horford, Al",Out,Injury/Illness -,"Horford, Al Out Injury/Illness - "
2026-01-03,"Kuminga, Jonathan",Questionable,Injury/Illness -,"Kuminga, Jonathan Questionable Injury/Illness - "
2026-01-03,"Leons, Malevy",Out,G,"Leons, Malevy Out G "
2026-01-03,"Richard, Will",Probable,Injury/Illness -,"Richard, Will Probable Injury/Illness - "
2026-01-03,"Harper Jr., Ron",Out,G,"Harper Jr., Ron Out G "
2026-01-03,"Shulga, Max",Out,G,"Shulga, Max Out G "
2026-01-03,"Tatum, Jayson",Out,Injury/Illness -,"Tatum, Jayson Out Injury/Illness - "
2026-01-03,"Williams, Amari",Out,G,"Williams, Amari Out G "
2026-01-03,"Beal, Bradley",Out,Injury/Illness -,"Beal, Bradley Out Injury/Illness - "
2026-01-03,"Bogdanovic, Bogdan",Out,Injury/Illness -,"Bogdanovic, Bogdan Out Injury/Illness - "
2026-01-03,"Paul, Chris",Out,Not,"Paul, Chris Out Not "
2026-01-03,"Duren, Jalen",Out,Injury/Illness -,"Duren, Jalen Out Injury/Illness - "
2026-01-03,"Harris, Tobias",Out,Injury/Illness -,"Harris, Tobias Out Injury/Illness - "
2026-01-03,"Jones, Isaac",Out,G,"Jones, Isaac Out G "
2026-01-03,"Klintman, Bobi",Out,G,"Klintman, Bobi Out G "
2026-01-03,"LeVert, Caris",Out,Injury/Illness -,"LeVert, Caris Out Injury/Illness - "
2026-01-03,"Moore Jr., Wendell",Out,G,"Moore Jr., Wendell Out G "
2026-01-03,"Allen, Jarrett",Questionable,Injury/Illness -,"Allen, Jarrett Questionable Injury/Illness - "
2026-01-03,"Livingston, Chris",Out,G,"Livingston, Chris Out G "
2026-01-03,"Merrill, Sam",Questionable,Injury/Illness -,"Merrill, Sam Questionable Injury/Illness - "
2026-01-03,"Nance Jr., Larry",Out,Injury/Illness -,"Nance Jr., Larry Out Injury/Illness - "
2026-01-03,"Strus, Max",Out,Injury/Illness -,"Strus, Max Out Injury/Illness - "
2026-01-03,"Travers, Luke",Out,G,"Travers, Luke Out G "
2026-01-03,"Wade, Dean",Questionable,Injury/Illness -,"Wade, Dean Questionable Injury/Illness - "
2026-01-03,"Haliburton, Tyrese",Out,Injury/Illness -,"Haliburton, Tyrese Out Injury/Illness - "
2026-01-03,"Jackson, Isaiah",Out,Injury/Illness -,"Jackson, Isaiah Out Injury/Illness - "
2026-01-03,"Mathurin, Bennedict",Out,Injury/Illness -,"Mathurin, Bennedict Out Injury/Illness - "
2026-01-03,"Toppin, Obi",Out,Injury/Illness -,"Toppin, Obi Out Injury/Illness - "
2026-01-03,"Castleton, Colin",Out,G,"Castleton, Colin Out G "
2026-01-03,"Suggs, Jalen",Out,Injury/Illness -,"Suggs, Jalen Out Injury/Illness - "
2026-01-03,"Wagner, Franz",Out,Injury/Illness -,"Wagner, Franz Out Injury/Illness - "
2026-01-03,"Wagner, Moritz",Out,Injury/Illness -,"Wagner, Moritz Out Injury/Illness - "
2026-01-03,"Bates, Tamar",Out,Injury/Illness -,"Bates, Tamar Out Injury/Illness - "
2026-01-03,"Braun, Christian",Questionable,Injury/Illness -,"Braun, Christian Questionable Injury/Illness - "
2026-01-03,"Gordon, Aaron",Questionable,Injury/Illness -,"Gordon, Aaron Questionable Injury/Illness - "
2026-01-03,"Johnson, Cameron",Out,Injury/Illness -,"Johnson, Cameron Out Injury/Illness - "
2026-01-03,"Jokic, Nikola",Out,Injury/Illness -,"Jokic, Nikola Out Injury/Illness - "
2026-01-03,"Murray, Jamal",Probable,Injury/Illness -,"Murray, Jamal Probable Injury/Illness - "
2026-01-03,"Valanciunas, Jonas",Out,Injury/Illness -,"Valanciunas, Jonas Out Injury/Illness - "
2026-01-03,"Claxton, Nic",Out,Personal,"Claxton, Nic Out Personal "
2026-01-03,"Etienne, Tyson",Out,G,"Etienne, Tyson Out G "
2026-01-03,"Highsmith, Haywood",Out,Injury/Illness -,"Highsmith, Haywood Out Injury/Illness - "
2026-01-03,"Johnson, Chaney",Out,G,"Johnson, Chaney Out G "
2026-01-03,"Porter Jr., Michael",Probable,Injury/Illness -,"Porter Jr., Michael Probable Injury/Illness - "
2026-01-03,"Saraf, Ben",Out,G,"Saraf, Ben Out G "
2026-01-03,"George, Kyshawn",Out,Injury/Illness -,"George, Kyshawn Out Injury/Illness - "
2026-01-03,"Vukcevic, Tristan",Questionable,Injury/Illness -,"Vukcevic, Tristan Questionable Injury/Illness - "
2026-01-03,"Whitmore, Cam",Out,Injury/Illness -,"Whitmore, Cam Out Injury/Illness - "
2026-01-03,"Bey, Saddiq",Out,Injury/Illness -,"Bey, Saddiq Out Injury/Illness - "
2026-01-03,"Dickinson, Hunter",Out,G,"Dickinson, Hunter Out G "
2026-01-03,"Jones, Herbert",Out,Injury/Illness -,"Jones, Herbert Out Injury/Illness - "
2026-01-03,"Murphy III, Trey",Questionable,Injury/Illness -,"Murphy III, Trey Questionable Injury/Illness - "
2026-01-03,"Murray, Dejounte",Out,Injury/Illness -,"Murray, Dejounte Out Injury/Illness - "
2026-01-03,"Queen, Derik",Questionable,Injury/Illness -,"Queen, Derik Questionable Injury/Illness - "
2026-01-04,"Duren, Jalen",Out,Injury/Illness -,"Duren, Jalen Out Injury/Illness - "
2026-01-04,"Harris, Tobias",Out,Injury/Illness -,"Harris, Tobias Out Injury/Illness - "
2026-01-04,"Jones, Isaac",Out,G,"Jones, Isaac Out G "
2026-01-04,"Klintman, Bobi",Out,G,"Klintman, Bobi Out G "
2026-01-04,"LeVert, Caris",Out,Injury/Illness -,"LeVert, Caris Out Injury/Illness - "
2026-01-04,"Moore Jr., Wendell",Out,G,"Moore Jr., Wendell Out G "
2026-01-04,"Allen, Jarrett",Out,Injury/Illness -,"Allen, Jarrett Out Injury/Illness - "
2026-01-04,"Livingston, Chris",Out,G,"Livingston, Chris Out G "
2026-01-04,"Merrill, Sam",Available,Injury/Illness -,"Merrill, Sam Available Injury/Illness - "
2026-01-04,"Nance Jr., Larry",Out,Injury/Illness -,"Nance Jr., Larry Out Injury/Illness - "
2026-01-04,"Strus, Max",Out,Injury/Illness -,"Strus, Max Out Injury/Illness - "
2026-01-04,"Travers, Luke",Out,G,"Travers, Luke Out G "
2026-01-04,"Wade, Dean",Out,Injury/Illness -,"Wade, Dean Out Injury/Illness - "
2026-01-04,"Haliburton, Tyrese",Out,Injury/Illness -,"Haliburton, Tyrese Out Injury/Illness - "
2026-01-04,"Jackson, Isaiah",Out,Injury/Illness -,"Jackson, Isaiah Out Injury/Illness - "
2026-01-04,"Mathurin, Bennedict",Out,Injury/Illness -,"Mathurin, Bennedict Out Injury/Illness - "
2026-01-04,"Toppin, Obi",Out,Injury/Illness -,"Toppin, Obi Out Injury/Illness - "
2026-01-04,"Castleton, Colin",Out,G,"Castleton, Colin Out G "
2026-01-04,"Suggs, Jalen",Out,Injury/Illness -,"Suggs, Jalen Out Injury/Illness - "
2026-01-04,"Wagner, Franz",Out,Injury/Illness -,"Wagner, Franz Out Injury/Illness - "
2026-01-04,"Wagner, Moritz",Out,Injury/Illness -,"Wagner, Moritz Out Injury/Illness - "
2026-01-04,"Bates, Tamar",Out,Injury/Illness -,"Bates, Tamar Out Injury/Illness - "
2026-01-04,"Braun, Christian",Available,Injury/Illness -,"Braun, Christian Available Injury/Illness - "
2026-01-04,"Gordon, Aaron",Available,Injury/Illness -,"Gordon, Aaron Available Injury/Illness - "
2026-01-04,"Johnson, Cameron",Out,Injury/Illness -,"Johnson, Cameron Out Injury/Illness - "
2026-01-04,"Jokic, Nikola",Out,Injury/Illness -,"Jokic, Nikola Out Injury/Illness - "
2026-01-04,"Murray, Jamal",Available,Injury/Illness -,"Murray, Jamal Available Injury/Illness - "
2026-01-04,"Valanciunas, Jonas",Out,Injury/Illness -,"Valanciunas, Jonas Out Injury/Illness - "
2026-01-04,"Claxton, Nic",Out,Personal,"Claxton, Nic Out Personal "
2026-01-04,"Etienne, Tyson",Out,G,"Etienne, Tyson Out G "
2026-01-04,"Highsmith, Haywood",Out,Injury/Illness -,"Highsmith, Haywood Out Injury/Illness - "
2026-01-04,"Johnson, Chaney",Out,G,"Johnson, Chaney Out G "
2026-01-04,"Porter Jr., Michael",Available,Injury/Illness -,"Porter Jr., Michael Available Injury/Illness - "
2026-01-04,"Saraf, Ben",Out,G,"Saraf, Ben Out G "
2026-01-04,"Beringer, Joan",Out,G,"Beringer, Joan Out G "
2026-01-04,"Freeman, Enrique",Out,G,"Freeman, Enrique Out G "
2026-01-04,"Shannon Jr., Terrence",Out,Injury/Illness -,"Shannon Jr., Terrence Out Injury/Illness - "
2026-01-04,"Zikarsky, Rocco",Out,G,"Zikarsky, Rocco Out G "
2026-01-04,"Cooper, Sharife",Out,G,"Cooper, Sharife Out G "
2026-01-04,"George, Kyshawn",Out,Injury/Illness -,"George, Kyshawn Out Injury/Illness - "
2026-01-04,"Vukcevic, Tristan",Available,Injury/Illness -,"Vukcevic, Tristan Available Injury/Illness - "
2026-01-04,"Watkins, Jamir",Out,G,"Watkins, Jamir Out G "
2026-01-04,"Whitmore, Cam",Out,Injury/Illness -,"Whitmore, Cam Out Injury/Illness - "
2026-01-04,"Bey, Saddiq",Out,Injury/Illness -,"Bey, Saddiq Out Injury/Illness - "
2026-01-04,"Dickinson, Hunter",Out,G,"Dickinson, Hunter Out G "
2026-01-04,"Jones, Herbert",Out,Injury/Illness -,"Jones, Herbert Out Injury/Illness - "
2026-01-04,"Murphy III, Trey",Available,Injury/Illness -,"Murphy III, Trey Available Injury/Illness - "
2026-01-04,"Murray, Dejounte",Out,Injury/Illness -,"Murray, Dejounte Out Injury/Illness - "
2026-01-04,"Queen, Derik",Available,Injury/Illness -,"Queen, Derik Available Injury/Illness - "
2026-01-04,"Adebayo, Bam",Available,Injury/Illness -,"Adebayo, Bam Available Injury/Illness - "
2026-01-04,"Goldin, Vladislav",Out,G,"Goldin, Vladislav Out G "
2026-01-04,"Herro, Tyler",Available,Injury/Illness -,"Herro, Tyler Available Injury/Illness - "
2026-01-04,"Jaquez Jr., Jaime",Out,Injury/Illness -,"Jaquez Jr., Jaime Out Injury/Illness - "
2026-01-04,"Johnson, Keshad",Out,G,"Johnson, Keshad Out G "
2026-01-04,"Jovic, Nikola",Available,Injury/Illness -,"Jovic, Nikola Available Injury/Illness - "
2026-01-04,"Larsson, Pelle",Available,Injury/Illness -,"Larsson, Pelle Available Injury/Illness - "
2026-01-04,"Powell, Norman",Available,Injury/Illness -,"Powell, Norman Available Injury/Illness - "
2026-01-04,"Rozier, Terry",Out,Not,"Rozier, Terry Out Not "
2026-01-04,"Smith, Dru",Available,Injury/Illness -,"Smith, Dru Available Injury/Illness - "
2026-01-04,"Young, Jahmir",Out,G,"Young, Jahmir Out G "
2026-01-04,"Dieng, Ousmane",Out,Injury/Illness -,"Dieng, Ousmane Out Injury/Illness - "
2026-01-04,"Hartenstein, Isaiah",Out,Injury/Illness -,"Hartenstein, Isaiah Out Injury/Illness - "
2026-01-04,"Joe, Isaiah",Questionable,Injury/Illness -,"Joe, Isaiah Questionable Injury/Illness - "
2026-01-04,"Sorber, Thomas",Out,Injury/Illness -,"Sorber, Thomas Out Injury/Illness - "
2026-01-04,"Topic, Nikola",Out,Injury/Illness -,"Topic, Nikola Out Injury/Illness - "
2026-01-04,"Wallace, Cason",Questionable,Injury/Illness -,"Wallace, Cason Questionable Injury/Illness - "
2026-01-04,"Williams, Jaylin",Out,Injury/Illness -,"Williams, Jaylin Out Injury/Illness - "
2026-01-04,"Allen, Grayson",Questionable,Injury/Illness -,"Allen, Grayson Questionable Injury/Illness - "
2026-01-04,"Goodwin, Jordan",Available,Injury/Illness -,"Goodwin, Jordan Available Injury/Illness - "
2026-01-04,"Green, Jalen",Out,Injury/Illness -,"Green, Jalen Out Injury/Illness - "
2026-01-04,"Antetokounmpo, Alex",Out,G,"Antetokounmpo, Alex Out G "
2026-01-04,"Antetokounmpo, Giannis",Probable,Injury/Illness -,"Antetokounmpo, Giannis Probable Injury/Illness - "
2026-01-04,"Harris, Gary",Questionable,Injury/Illness -,"Harris, Gary Questionable Injury/Illness - "
2026-01-04,"Nance, Pete",Out,G,"Nance, Pete Out G "
2026-01-04,"Prince, Taurean",Out,Injury/Illness -,"Prince, Taurean Out Injury/Illness - "
2026-01-04,"Sears, Mark",Out,G,"Sears, Mark Out G "
2026-01-04,"Cardwell, Dylan",Out,G,"Cardwell, Dylan Out G "
2026-01-04,"Plowden, Daeqwon",Out,G,"Plowden, Daeqwon Out G "
2026-01-04,"Sabonis, Domantas",Out,Injury/Illness -,"Sabonis, Domantas Out Injury/Illness - "
2026-01-04,"Stevens, Isaiah",Out,G,"Stevens, Isaiah Out G "
2026-01-04,"Aldama, Santi",Questionable,Injury/Illness -,"Aldama, Santi Questionable Injury/Illness - "
2026-01-04,"Clarke, Brandon",Out,Injury/Illness -,"Clarke, Brandon Out Injury/Illness - "
2026-01-04,"Edey, Zach",Out,Injury/Illness -,"Edey, Zach Out Injury/Illness - "
2026-01-04,"Jerome, Ty",Out,Injury/Illness -,"Jerome, Ty Out Injury/Illness - "
2026-01-04,"Konchar, John",Out,Injury/Illness -,"Konchar, John Out Injury/Illness - "
2026-01-04,"Mashack, Jahmai",Out,G,"Mashack, Jahmai Out G "
2026-01-04,"Morant, Ja",Questionable,Injury/Illness -,"Morant, Ja Questionable Injury/Illness - "
2026-01-04,"Pippen Jr., Scotty",Out,Injury/Illness -,"Pippen Jr., Scotty Out Injury/Illness - "
2026-01-04,"Prosper, Olivier- Maxence",Questionable,G,"Prosper, Olivier- Maxence Questionable G "
2026-01-04,"Small, Javon",Questionable,G,"Small, Javon Questionable G "
2026-01-04,"Williams Jr., Vince",Out,Injury/Illness -,"Williams Jr., Vince Out Injury/Illness - "
2026-01-04,"Hachimura, Rui",Out,Injury/Illness -,"Hachimura, Rui Out Injury/Illness - "
2026-01-04,"Reaves, Austin",Out,Injury/Illness -,"Reaves, Austin Out Injury/Illness - "
2026-01-04,"Thiero, Adou",Out,Injury/Illness -,"Thiero, Adou Out Injury/Illness - "
2026-01-04,"Vincent, Gabe",Out,Injury/Illness -,"Vincent, Gabe Out Injury/Illness - "
2026-01-04,"Hart, Josh",Out,Injury/Illness -,"Hart, Josh Out Injury/Illness - "
2026-01-04,"Shamet, Landry",Out,Injury/Illness -,"Shamet, Landry Out Injury/Illness - "
2026-01-04,"Dante, N'Faly",Out,Injury/Illness -,"Dante, N'Faly Out Injury/Illness - "
2026-01-04,"Dennis, RayJ",Doubtful,G,"Dennis, RayJ Doubtful G "
2026-01-04,"Djurisic, Nikola",Doubtful,G,"Djurisic, Nikola Doubtful G "
2026-01-04,"Kennard, Luke",Questionable,Injury/Illness -,"Kennard, Luke Questionable Injury/Illness - "
2026-01-04,"Williams, Malik",Doubtful,G,"Williams, Malik Doubtful G "
2026-01-04,"Young, Trae",Out,Injury/Illness -,"Young, Trae Out Injury/Illness - "
2026-01-04,"Hepburn, Chucky",Out,G,"Hepburn, Chucky Out G "
2026-01-04,"Martin, Alijah",Out,G,"Martin, Alijah Out G "
2026-01-04,"Poeltl, Jakob",Out,Injury/Illness -,"Poeltl, Jakob Out Injury/Illness - "
2026-01-04,"Collins, Zach",Out,Injury/Illness -,"Collins, Zach Out Injury/Illness - "
2026-01-04,"Essengue, Noa",Out,Injury/Illness -,"Essengue, Noa Out Injury/Illness - "
2026-01-04,"Flowers, Trentyn",Out,Injury/Illness -,"Flowers, Trentyn Out Injury/Illness - "
2026-01-04,"Giddey, Josh",Out,Injury/Illness -,"Giddey, Josh Out Injury/Illness - "
2026-01-04,"Miller, Emanuel",Out,G,"Miller, Emanuel Out G "
2026-01-04,"Smith, Jalen",Out,Injury/Illness -,"Smith, Jalen Out Injury/Illness - "
2026-01-04,"White, Coby",Questionable,Injury/Illness -,"White, Coby Questionable Injury/Illness - "
2026-01-04,"Harper Jr., Ron",Probable,G,"Harper Jr., Ron Probable G "
2026-01-04,"Shulga, Max",Probable,G,"Shulga, Max Probable G "
2026-01-04,"Tatum, Jayson",Out,Injury/Illness -,"Tatum, Jayson Out Injury/Illness - "
2026-01-04,"Williams, Amari",Probable,G,"Williams, Amari Probable G "
2026-01-04,"Adams, Steven",Questionable,Injury/Illness -,"Adams, Steven Questionable Injury/Illness - "
2026-01-04,"Davison, JD",Out,G,"Davison, JD Out G "
2026-01-04,"Newton, Tristen",Out,G,"Newton, Tristen Out G "
2026-01-04,"Sengun, Alperen",Out,Injury/Illness -,"Sengun, Alperen Out Injury/Illness - "
2026-01-04,"VanVleet, Fred",Out,Injury/Illness -,"VanVleet, Fred Out Injury/Illness - "
2026-01-04,"Beauchamp, MarJon",Doubtful,G,"Beauchamp, MarJon Doubtful G "
2026-01-04,"Broome, Johni",Questionable,G,"Broome, Johni Questionable G "
2026-01-04,"Edwards, Justin",Questionable,G,"Edwards, Justin Questionable G "
2026-01-04,"Embiid, Joel",Probable,Injury/Illness -,"Embiid, Joel Probable Injury/Illness - "
2026-01-04,"Oubre Jr., Kelly",Out,Injury/Illness -,"Oubre Jr., Kelly Out Injury/Illness - "
2026-01-04,"Watford, Trendon",Out,Injury/Illness -,"Watford, Trendon Out Injury/Illness - "
2026-01-05,"Hart, Josh",Out,Injury/Illness -,"Hart, Josh Out Injury/Illness - "
2026-01-05,"Shamet, Landry",Out,Injury/Illness -,"Shamet, Landry Out Injury/Illness - "
2026-01-05,"Cunningham, Cade",Probable,Injury/Illness -,"Cunningham, Cade Probable Injury/Illness - "
2026-01-05,"Duren, Jalen",Out,Injury/Illness -,"Duren, Jalen Out Injury/Illness - "
2026-01-05,"Harris, Tobias",Out,Injury/Illness -,"Harris, Tobias Out Injury/Illness - "
2026-01-05,"Jones, Isaac",Out,G,"Jones, Isaac Out G "
2026-01-05,"Klintman, Bobi",Out,G,"Klintman, Bobi Out G "
2026-01-05,"LeVert, Caris",Doubtful,Injury/Illness -,"LeVert, Caris Doubtful Injury/Illness - "
2026-01-05,"Moore Jr., Wendell",Out,G,"Moore Jr., Wendell Out G "
2026-01-05,"Robinson, Duncan",Probable,Injury/Illness -,"Robinson, Duncan Probable Injury/Illness - "
2026-01-05,"Dante, N'Faly",Out,Injury/Illness -,"Dante, N'Faly Out Injury/Illness - "
2026-01-05,"Dennis, RayJ",Out,G,"Dennis, RayJ Out G "
2026-01-05,"Djurisic, Nikola",Out,G,"Djurisic, Nikola Out G "
2026-01-05,"Kennard, Luke",Questionable,Injury/Illness -,"Kennard, Luke Questionable Injury/Illness - "
2026-01-05,"Williams, Malik",Out,G,"Williams, Malik Out G "
2026-01-05,"Young, Trae",Out,Injury/Illness -,"Young, Trae Out Injury/Illness - "
2026-01-05,"Hepburn, Chucky",Out,G,"Hepburn, Chucky Out G "
2026-01-05,"Martin, Alijah",Out,G,"Martin, Alijah Out G "
2026-01-05,"Poeltl, Jakob",Out,Injury/Illness -,"Poeltl, Jakob Out Injury/Illness - "
2026-01-05,"Collins, Zach",Out,Injury/Illness -,"Collins, Zach Out Injury/Illness - "
2026-01-05,"Essengue, Noa",Out,Injury/Illness -,"Essengue, Noa Out Injury/Illness - "
2026-01-05,"Flowers, Trentyn",Out,Injury/Illness -,"Flowers, Trentyn Out Injury/Illness - "
2026-01-05,"Giddey, Josh",Out,Injury/Illness -,"Giddey, Josh Out Injury/Illness - "
2026-01-05,"Miller, Emanuel",Out,G,"Miller, Emanuel Out G "
2026-01-05,"Smith, Jalen",Out,Injury/Illness -,"Smith, Jalen Out Injury/Illness - "
2026-01-05,"White, Coby",Probable,Injury/Illness -,"White, Coby Probable Injury/Illness - "
2026-01-05,"Harper Jr., Ron",Available,G,"Harper Jr., Ron Available G "
2026-01-05,"Shulga, Max",Available,G,"Shulga, Max Available G "
2026-01-05,"Tatum, Jayson",Out,Injury/Illness -,"Tatum, Jayson Out Injury/Illness - "
2026-01-05,"Williams, Amari",Available,G,"Williams, Amari Available G "
2026-01-05,"Diabate, Moussa",Probable,Injury/Illness -,"Diabate, Moussa Probable Injury/Illness - "
2026-01-05,"Kalkbrenner, Ryan",Out,Injury/Illness -,"Kalkbrenner, Ryan Out Injury/Illness - "
2026-01-05,"Knueppel, Kon",Probable,Injury/Illness -,"Knueppel, Kon Probable Injury/Illness - "
2026-01-05,"Miller, Brandon",Probable,Injury/Illness -,"Miller, Brandon Probable Injury/Illness - "
2026-01-05,"Plumlee, Mason",Out,Injury/Illness -,"Plumlee, Mason Out Injury/Illness - "
2026-01-05,"Salaun, Tidjane",Probable,Injury/Illness -,"Salaun, Tidjane Probable Injury/Illness - "
2026-01-05,"Simpson, KJ",Out,G,"Simpson, KJ Out G "
2026-01-05,"Williams, Grant",Out,Injury/Illness -,"Williams, Grant Out Injury/Illness - "
2026-01-05,"Barnhizer, Brooks",Out,G,"Barnhizer, Brooks Out G "
2026-01-05,"Caruso, Alex",Out,Injury/Illness -,"Caruso, Alex Out Injury/Illness - "
2026-01-05,"Dieng, Ousmane",Out,Injury/Illness -,"Dieng, Ousmane Out Injury/Illness - "
2026-01-05,"Hartenstein, Isaiah",Out,Injury/Illness -,"Hartenstein, Isaiah Out Injury/Illness - "
2026-01-05,"Sorber, Thomas",Out,Injury/Illness -,"Sorber, Thomas Out Injury/Illness - "
2026-01-05,"Topic, Nikola",Out,Injury/Illness -,"Topic, Nikola Out Injury/Illness - "
2026-01-05,"Williams, Jaylin",Out,Injury/Illness -,"Williams, Jaylin Out Injury/Illness - "
2026-01-05,"Allen, Grayson",Probable,Injury/Illness -,"Allen, Grayson Probable Injury/Illness - "
2026-01-05,"Bouyea, Jamaree",Out,Concussion,"Bouyea, Jamaree Out Concussion "
2026-01-05,"Goodwin, Jordan",Available,Injury/Illness -,"Goodwin, Jordan Available Injury/Illness - "
2026-01-05,"Green, Jalen",Out,Injury/Illness -,"Green, Jalen Out Injury/Illness - "
2026-01-05,"Williams, Mark",Probable,Injury/Illness -,"Williams, Mark Probable Injury/Illness - "
2026-01-05,"Adams, Steven",Questionable,Injury/Illness -,"Adams, Steven Questionable Injury/Illness - "
2026-01-05,"Davison, JD",Out,G,"Davison, JD Out G "
2026-01-05,"Newton, Tristen",Out,G,"Newton, Tristen Out G "
2026-01-05,"Sengun, Alperen",Out,Injury/Illness -,"Sengun, Alperen Out Injury/Illness - "
2026-01-05,"VanVleet, Fred",Out,Injury/Illness -,"VanVleet, Fred Out Injury/Illness - "
2026-01-05,"Bates, Tamar",Out,Injury/Illness -,"Bates, Tamar Out Injury/Illness - "
2026-01-05,"Braun, Christian",Out,Injury/Illness -,"Braun, Christian Out Injury/Illness - "
2026-01-05,"Gordon, Aaron",Out,Injury/Illness -,"Gordon, Aaron Out Injury/Illness - "
2026-01-05,"Hardaway Jr., Tim",Out,Injury/Illness -,"Hardaway Jr., Tim Out Injury/Illness - "
2026-01-05,"Johnson, Cameron",Out,Injury/Illness -,"Johnson, Cameron Out Injury/Illness - "
2026-01-05,"Jokic, Nikola",Out,Injury/Illness -,"Jokic, Nikola Out Injury/Illness - "
2026-01-05,"Murray, Jamal",Out,Injury/Illness -,"Murray, Jamal Out Injury/Illness - "
2026-01-05,"Valanciunas, Jonas",Out,Injury/Illness -,"Valanciunas, Jonas Out Injury/Illness - "
2026-01-05,"Beauchamp, MarJon",Out,G,"Beauchamp, MarJon Out G "
2026-01-05,"Broome, Johni",Out,G,"Broome, Johni Out G "
2026-01-05,"Edwards, Justin",Available,G,"Edwards, Justin Available G "
2026-01-05,"Embiid, Joel",Probable,Injury/Illness -,"Embiid, Joel Probable Injury/Illness - "
2026-01-05,"Oubre Jr., Kelly",Out,Injury/Illness -,"Oubre Jr., Kelly Out Injury/Illness - "
2026-01-05,"Watford, Trendon",Out,Injury/Illness -,"Watford, Trendon Out Injury/Illness - "
2026-01-05,"Cryer, LJ",Out,G,"Cryer, LJ Out G "
2026-01-05,"Curry, Seth",Out,Injury/Illness -,"Curry, Seth Out Injury/Illness - "
2026-01-05,"Leons, Malevy",Out,G,"Leons, Malevy Out G "
2026-01-05,"Beal, Bradley",Out,Injury/Illness -,"Beal, Bradley Out Injury/Illness - "
2026-01-05,"Bogdanovic, Bogdan",Out,Injury/Illness -,"Bogdanovic, Bogdan Out Injury/Illness - "
2026-01-05,"Harden, James",Questionable,Injury/Illness -,"Harden, James Questionable Injury/Illness - "
2026-01-05,"Jones Jr., Derrick",Out,Injury/Illness -,"Jones Jr., Derrick Out Injury/Illness - "
2026-01-05,"Niederhauser, Yanic Konan",Probable,Injury/Illness -,"Niederhauser, Yanic Konan Probable Injury/Illness - "
2026-01-05,"Paul, Chris",Out,Not,"Paul, Chris Out Not "
2026-01-05,"Bailey, Ace",Questionable,Injury/Illness -,"Bailey, Ace Questionable Injury/Illness - "
2026-01-05,"Harkless, Elijah",Out,G,"Harkless, Elijah Out G "
2026-01-05,"Kessler, Walker",Out,Injury/Illness -,"Kessler, Walker Out Injury/Illness - "
2026-01-05,"Love, Kevin",Out,Rest,"Love, Kevin Out Rest "
2026-01-05,"Niang, Georges",Out,Injury/Illness -,"Niang, Georges Out Injury/Illness - "
2026-01-05,"Nurkic, Jusuf",Available,Injury/Illness -,"Nurkic, Jusuf Available Injury/Illness - "
2026-01-05,"Tonje, John",Out,G,"Tonje, John Out G "
2026-01-05,"Grant, Jerami",Out,Injury/Illness -,"Grant, Jerami Out Injury/Illness - "
2026-01-05,"Henderson, Scoot",Out,Injury/Illness -,"Henderson, Scoot Out Injury/Illness - "
2026-01-05,"Holiday, Jrue",Out,Injury/Illness -,"Holiday, Jrue Out Injury/Illness - "
2026-01-05,"Lillard, Damian",Out,Injury/Illness -,"Lillard, Damian Out Injury/Illness - "
2026-01-05,"Thybulle, Matisse",Out,Injury/Illness -,"Thybulle, Matisse Out Injury/Illness - "
2026-01-05,"Wesley, Blake",Out,Injury/Illness -,"Wesley, Blake Out Injury/Illness - "
2026-01-05,"Williams III, Robert",Probable,Injury/Illness -,"Williams III, Robert Probable Injury/Illness - "
2026-01-05,"Allen, Jarrett",Questionable,Injury/Illness -,"Allen, Jarrett Questionable Injury/Illness - "
2026-01-05,"Livingston, Chris",Out,G,"Livingston, Chris Out G "
2026-01-05,"Mitchell, Donovan",Out,Rest,"Mitchell, Donovan Out Rest "
2026-01-05,"Nance Jr., Larry",Out,Injury/Illness -,"Nance Jr., Larry Out Injury/Illness - "
2026-01-05,"Strus, Max",Out,Injury/Illness -,"Strus, Max Out Injury/Illness - "
2026-01-05,"Travers, Luke",Out,G,"Travers, Luke Out G "
2026-01-05,"Wade, Dean",Questionable,Injury/Illness -,"Wade, Dean Questionable Injury/Illness - "
2026-01-05,"Haliburton, Tyrese",Out,Injury/Illness -,"Haliburton, Tyrese Out Injury/Illness - "
2026-01-05,"Jackson, Isaiah",Out,Injury/Illness -,"Jackson, Isaiah Out Injury/Illness - "
2026-01-05,"Mathurin, Bennedict",Out,Injury/Illness -,"Mathurin, Bennedict Out Injury/Illness - "
2026-01-05,"Toppin, Obi",Out,Injury/Illness -,"Toppin, Obi Out Injury/Illness - "
2026-01-05,"Castleton, Colin",Out,G,"Castleton, Colin Out G "
2026-01-05,"Suggs, Jalen",Doubtful,Injury/Illness -,"Suggs, Jalen Doubtful Injury/Illness - "
2026-01-05,"Wagner, Franz",Out,Injury/Illness -,"Wagner, Franz Out Injury/Illness - "
2026-01-05,"Wagner, Moritz",Out,Injury/Illness -,"Wagner, Moritz Out Injury/Illness - "
2026-01-05,"George, Kyshawn",Out,Injury/Illness -,"George, Kyshawn Out Injury/Illness - "
2026-01-05,"Kispert, Corey",Out,Injury/Illness -,"Kispert, Corey Out Injury/Illness - "
2026-01-05,"Whitmore, Cam",Out,Injury/Illness -,"Whitmore, Cam Out Injury/Illness - "
2026-01-05,"Hachimura, Rui",Out,Injury/Illness -,"Hachimura, Rui Out Injury/Illness - "
2026-01-05,"Reaves, Austin",Out,Injury/Illness -,"Reaves, Austin Out Injury/Illness - "
2026-01-05,"Thiero, Adou",Out,Injury/Illness -,"Thiero, Adou Out Injury/Illness - "
2026-01-05,"Vincent, Gabe",Questionable,Injury/Illness -,"Vincent, Gabe Questionable Injury/Illness - "
2026-01-05,"Alexander, Trey",Out,G,"Alexander, Trey Out G "
2026-01-05,"Bey, Saddiq",Out,Injury/Illness -,"Bey, Saddiq Out Injury/Illness - "
2026-01-05,"Dickinson, Hunter",Out,G,"Dickinson, Hunter Out G "
2026-01-05,"Jones, Herbert",Questionable,Injury/Illness -,"Jones, Herbert Questionable Injury/Illness - "
2026-01-05,"Murray, Dejounte",Out,Injury/Illness -,"Murray, Dejounte Out Injury/Illness - "
2026-01-05,"Adebayo, Bam",Available,Injury/Illness -,"Adebayo, Bam Available Injury/Illness - "
2026-01-05,"Herro, Tyler",Questionable,Injury/Illness -,"Herro, Tyler Questionable Injury/Illness - "
2026-01-05,"Jaquez Jr., Jaime",Out,Injury/Illness -,"Jaquez Jr., Jaime Out Injury/Illness - "
2026-01-05,"Johnson, Keshad",Probable,Injury/Illness -,"Johnson, Keshad Probable Injury/Illness - "
2026-01-05,"Jovic, Nikola",Probable,Injury/Illness -,"Jovic, Nikola Probable Injury/Illness - "
2026-01-05,"Larsson, Pelle",Available,Injury/Illness -,"Larsson, Pelle Available Injury/Illness - "
2026-01-05,"Powell, Norman",Available,Injury/Illness -,"Powell, Norman Available Injury/Illness - "
2026-01-05,"Rozier, Terry",Out,Not,"Rozier, Terry Out Not "
2026-01-05,"Smith, Dru",Available,Injury/Illness -,"Smith, Dru Available Injury/Illness - "
2026-01-06,"Allen, Jarrett",Probable,Injury/Illness -,"Allen, Jarrett Probable Injury/Illness - "
2026-01-06,"Livingston, Chris",Out,G,"Livingston, Chris Out G "
2026-01-06,"Mitchell, Donovan",Out,Rest,"Mitchell, Donovan Out Rest "
2026-01-06,"Nance Jr., Larry",Out,Injury/Illness -,"Nance Jr., Larry Out Injury/Illness - "
2026-01-06,"Strus, Max",Out,Injury/Illness -,"Strus, Max Out Injury/Illness - "
2026-01-06,"Travers, Luke",Out,G,"Travers, Luke Out G "
2026-01-06,"Tyson, Jaylon",Questionable,Injury/Illness -,"Tyson, Jaylon Questionable Injury/Illness - "
2026-01-06,"Wade, Dean",Probable,Injury/Illness -,"Wade, Dean Probable Injury/Illness - "
2026-01-06,"Haliburton, Tyrese",Out,Injury/Illness -,"Haliburton, Tyrese Out Injury/Illness - "
2026-01-06,"Jackson, Isaiah",Out,Injury/Illness -,"Jackson, Isaiah Out Injury/Illness - "
2026-01-06,"Mathurin, Bennedict",Out,Injury/Illness -,"Mathurin, Bennedict Out Injury/Illness - "
2026-01-06,"Peter, Taelon",Out,G,"Peter, Taelon Out G "
2026-01-06,"Toppin, Obi",Out,Injury/Illness -,"Toppin, Obi Out Injury/Illness - "
2026-01-06,"Castleton, Colin",Out,G,"Castleton, Colin Out G "
2026-01-06,"Suggs, Jalen",Out,Injury/Illness -,"Suggs, Jalen Out Injury/Illness - "
2026-01-06,"Wagner, Franz",Out,Injury/Illness -,"Wagner, Franz Out Injury/Illness - "
2026-01-06,"Wagner, Moritz",Out,Injury/Illness -,"Wagner, Moritz Out Injury/Illness - "
2026-01-06,"George, Kyshawn",Out,Injury/Illness -,"George, Kyshawn Out Injury/Illness - "
2026-01-06,"Kispert, Corey",Out,Injury/Illness -,"Kispert, Corey Out Injury/Illness - "
2026-01-06,"Whitmore, Cam",Out,Injury/Illness -,"Whitmore, Cam Out Injury/Illness - "
2026-01-06,"Hachimura, Rui",Out,Injury/Illness -,"Hachimura, Rui Out Injury/Illness - "
2026-01-06,"Reaves, Austin",Out,Injury/Illness -,"Reaves, Austin Out Injury/Illness - "
2026-01-06,"Thiero, Adou",Out,Injury/Illness -,"Thiero, Adou Out Injury/Illness - "
2026-01-06,"Vincent, Gabe",Doubtful,Injury/Illness -,"Vincent, Gabe Doubtful Injury/Illness - "
2026-01-06,"Alexander, Trey",Out,G,"Alexander, Trey Out G "
2026-01-06,"Bey, Saddiq",Out,Injury/Illness -,"Bey, Saddiq Out Injury/Illness - "
2026-01-06,"Dickinson, Hunter",Out,G,"Dickinson, Hunter Out G "
2026-01-06,"Jones, Herbert",Questionable,Injury/Illness -,"Jones, Herbert Questionable Injury/Illness - "
2026-01-06,"Murray, Dejounte",Out,Injury/Illness -,"Murray, Dejounte Out Injury/Illness - "
2026-01-06,"Adebayo, Bam",Available,Injury/Illness -,"Adebayo, Bam Available Injury/Illness - "
2026-01-06,"Herro, Tyler",Available,Injury/Illness -,"Herro, Tyler Available Injury/Illness - "
2026-01-06,"Jaquez Jr., Jaime",Out,Injury/Illness -,"Jaquez Jr., Jaime Out Injury/Illness - "
2026-01-06,"Johnson, Keshad",Available,Injury/Illness -,"Johnson, Keshad Available Injury/Illness - "
2026-01-06,"Jovic, Nikola",Available,Injury/Illness -,"Jovic, Nikola Available Injury/Illness - "
2026-01-06,"Larsson, Pelle",Available,Injury/Illness -,"Larsson, Pelle Available Injury/Illness - "
2026-01-06,"Powell, Norman",Available,Injury/Illness -,"Powell, Norman Available Injury/Illness - "
2026-01-06,"Rozier, Terry",Out,Not,"Rozier, Terry Out Not "
2026-01-06,"Smith, Dru",Available,Injury/Illness -,"Smith, Dru Available Injury/Illness - "
2026-01-06,"Edwards, Anthony",Questionable,Injury/Illness -,"Edwards, Anthony Questionable Injury/Illness - "
2026-01-06,"Freeman, Enrique",Out,G,"Freeman, Enrique Out G "
2026-01-06,"Shannon Jr., Terrence",Out,Injury/Illness -,"Shannon Jr., Terrence Out Injury/Illness - "
2026-01-06,"Zikarsky, Rocco",Out,G,"Zikarsky, Rocco Out G "
2026-01-06,"Ingram, Harrison",Out,G,"Ingram, Harrison Out G "
2026-01-06,"Garcia, David",Out,G,"Garcia, David Out G "
2026-01-06,"Umude, Stanley",Out,G,"Umude, Stanley Out G "
2026-01-06,"Vassell, Devin",Out,Injury/Illness -,"Vassell, Devin Out Injury/Illness - "
2026-01-06,"Wembanyama, Victor",Questionable,Injury/Illness -,"Wembanyama, Victor Questionable Injury/Illness - "
2026-01-06,"Clarke, Brandon",Out,Injury/Illness -,"Clarke, Brandon Out Injury/Illness - "
2026-01-06,"Coward, Cedric",Out,Injury/Illness -,"Coward, Cedric Out Injury/Illness - "
2026-01-06,"Edey, Zach",Out,Injury/Illness -,"Edey, Zach Out Injury/Illness - "
2026-01-06,"Jerome, Ty",Out,Injury/Illness -,"Jerome, Ty Out Injury/Illness - "
2026-01-06,"Konchar, John",Out,Injury/Illness -,"Konchar, John Out Injury/Illness - "
2026-01-06,"Mashack, Jahmai",Out,G,"Mashack, Jahmai Out G "
2026-01-06,"Morant, Ja",Doubtful,Injury/Illness -,"Morant, Ja Doubtful Injury/Illness - "
2026-01-06,"Pippen Jr., Scotty",Out,Injury/Illness -,"Pippen Jr., Scotty Out Injury/Illness - "
2026-01-06,"Williams Jr., Vince",Probable,Injury/Illness -,"Williams Jr., Vince Probable Injury/Illness - "
2026-01-06,"Cisse, Moussa",Out,G,"Cisse, Moussa Out G "
2026-01-06,"Exum, Dante",Out,Injury/Illness -,"Exum, Dante Out Injury/Illness - "
2026-01-06,"Irving, Kyrie",Out,Injury/Illness -,"Irving, Kyrie Out Injury/Illness - "
2026-01-06,"Kelly, Miles",Out,G,"Kelly, Miles Out G "
2026-01-06,"Lively II, Dereck",Out,Injury/Illness -,"Lively II, Dereck Out Injury/Illness - "
2026-01-06,"Murray, Keegan",Out,Injury/Illness -,"Murray, Keegan Out Injury/Illness - "
2026-01-06,"Sabonis, Domantas",Out,Injury/Illness -,"Sabonis, Domantas Out Injury/Illness - "
2026-01-06,"Stevens, Isaiah",Out,G,"Stevens, Isaiah Out G "
2026-01-06,"Buzelis, Matas",Questionable,Injury/Illness -,"Buzelis, Matas Questionable Injury/Illness - "
2026-01-06,"Collins, Zach",Out,Injury/Illness -,"Collins, Zach Out Injury/Illness - "
2026-01-06,"Essengue, Noa",Out,Injury/Illness -,"Essengue, Noa Out Injury/Illness - "
2026-01-06,"Flowers, Trentyn",Out,Not,"Flowers, Trentyn Out Not "
2026-01-06,"Giddey, Josh",Out,Injury/Illness -,"Giddey, Josh Out Injury/Illness - "
2026-01-06,"Miller, Emanuel",Out,G,"Miller, Emanuel Out G "
2026-01-06,"Smith, Jalen",Out,Injury/Illness -,"Smith, Jalen Out Injury/Illness - "
2026-01-06,"White, Coby",Questionable,Injury/Illness -,"White, Coby Questionable Injury/Illness - "
2026-01-06,"Duren, Jalen",Out,Injury/Illness -,"Duren, Jalen Out Injury/Illness - "
2026-01-06,"Harris, Tobias",Out,Injury/Illness -,"Harris, Tobias Out Injury/Illness - "
2026-01-06,"Jones, Isaac",Out,G,"Jones, Isaac Out G "
2026-01-06,"Klintman, Bobi",Out,G,"Klintman, Bobi Out G "
2026-01-06,"LeVert, Caris",Probable,Injury/Illness -,"LeVert, Caris Probable Injury/Illness - "
2026-01-06,"Moore Jr., Wendell",Out,G,"Moore Jr., Wendell Out G "
2026-01-06,"Robinson, Duncan",Probable,Injury/Illness -,"Robinson, Duncan Probable Injury/Illness - "
2026-01-06,"Bates, Tamar",Out,Injury/Illness -,"Bates, Tamar Out Injury/Illness - "
2026-01-06,"Braun, Christian",Questionable,Injury/Illness -,"Braun, Christian Questionable Injury/Illness - "
2026-01-06,"Gordon, Aaron",Questionable,Injury/Illness -,"Gordon, Aaron Questionable Injury/Illness - "
2026-01-06,"Hardaway Jr., Tim",Questionable,Injury/Illness -,"Hardaway Jr., Tim Questionable Injury/Illness - "
2026-01-06,"Johnson, Cameron",Out,Injury/Illness -,"Johnson, Cameron Out Injury/Illness - "
2026-01-06,"Jokic, Nikola",Out,Injury/Illness -,"Jokic, Nikola Out Injury/Illness - "
2026-01-06,"Murray, Jamal",Questionable,Injury/Illness -,"Murray, Jamal Questionable Injury/Illness - "
2026-01-06,"Valanciunas, Jonas",Out,Injury/Illness -,"Valanciunas, Jonas Out Injury/Illness - "
2026-01-06,"Harper Jr., Ron",Out,G,"Harper Jr., Ron Out G "
2026-01-06,"Minott, Josh",Out,Injury/Illness -,"Minott, Josh Out Injury/Illness - "
2026-01-06,"Shulga, Max",Out,G,"Shulga, Max Out G "
2026-01-06,"Tatum, Jayson",Out,Injury/Illness -,"Tatum, Jayson Out Injury/Illness - "
2026-01-06,"Williams, Amari",Out,G,"Williams, Amari Out G "
2026-01-06,"Bamba, Mo",Out,Not,"Bamba, Mo Out Not "
2026-01-06,"Hepburn, Chucky",Out,G,"Hepburn, Chucky Out G "
2026-01-06,"Martin, Alijah",Out,G,"Martin, Alijah Out G "
2026-01-06,"Poeltl, Jakob",Out,Injury/Illness -,"Poeltl, Jakob Out Injury/Illness - "
2026-01-06,"Diabate, Moussa",Probable,Injury/Illness -,"Diabate, Moussa Probable Injury/Illness - "
2026-01-06,"Kalkbrenner, Ryan",Out,Injury/Illness -,"Kalkbrenner, Ryan Out Injury/Illness - "
2026-01-06,"Miller, Brandon",Probable,Injury/Illness -,"Miller, Brandon Probable Injury/Illness - "
2026-01-06,"Plumlee, Mason",Out,Injury/Illness -,"Plumlee, Mason Out Injury/Illness - "
2026-01-06,"Salaun, Tidjane",Questionable,Injury/Illness -,"Salaun, Tidjane Questionable Injury/Illness - "
2026-01-06,"Simpson, KJ",Out,G,"Simpson, KJ Out G "
2026-01-06,"Williams, Grant",Out,Injury/Illness -,"Williams, Grant Out Injury/Illness - "
2026-01-06,"Beauchamp, MarJon",Doubtful,G,"Beauchamp, MarJon Doubtful G "
2026-01-06,"Broome, Johni",Doubtful,G,"Broome, Johni Doubtful G "
2026-01-06,"Embiid, Joel",Questionable,Injury/Illness -,"Embiid, Joel Questionable Injury/Illness - "
2026-01-06,"Oubre Jr., Kelly",Questionable,Injury/Illness -,"Oubre Jr., Kelly Questionable Injury/Illness - "
2026-01-06,"Watford, Trendon",Questionable,Injury/Illness -,"Watford, Trendon Questionable Injury/Illness - "
2026-01-06,"Beal, Bradley",Out,Injury/Illness -,"Beal, Bradley Out Injury/Illness - "
2026-01-06,"Bogdanovic, Bogdan",Out,Injury/Illness -,"Bogdanovic, Bogdan Out Injury/Illness - "
2026-01-06,"Harden, James",Questionable,Injury/Illness -,"Harden, James Questionable Injury/Illness - "
2026-01-06,"Jones Jr., Derrick",Out,Injury/Illness -,"Jones Jr., Derrick Out Injury/Illness - "
2026-01-06,"Paul, Chris",Out,Not,"Paul, Chris Out Not "
2026-01-06,"Hart, Josh",Out,Injury/Illness -,"Hart, Josh Out Injury/Illness - "
2026-01-06,"Shamet, Landry",Out,Injury/Illness -,"Shamet, Landry Out Injury/Illness - "
2026-01-06,"Dante, N'Faly",Out,Injury/Illness -,"Dante, N'Faly Out Injury/Illness - "
2026-01-06,"Dennis, RayJ",Questionable,G,"Dennis, RayJ Questionable G "
2026-01-06,"Djurisic, Nikola",Questionable,G,"Djurisic, Nikola Questionable G "
2026-01-06,"Houstan, Caleb",Questionable,G,"Houstan, Caleb Questionable G "
2026-01-06,"Williams, Malik",Questionable,G,"Williams, Malik Questionable G "
2026-01-06,"Young, Trae",Questionable,Injury/Illness -,"Young, Trae Questionable Injury/Illness - "
2026-01-06,"Etienne, Tyson",Out,G,"Etienne, Tyson Out G "
2026-01-06,"Highsmith, Haywood",Out,Injury/Illness -,"Highsmith, Haywood Out Injury/Illness - "
2026-01-06,"Johnson, Chaney",Out,G,"Johnson, Chaney Out G "
2026-01-06,"Saraf, Ben",Out,Injury/Illness -,"Saraf, Ben Out Injury/Illness - "
2026-01-06,"Crawford, Isaiah",Out,Injury/Illness -,"Crawford, Isaiah Out Injury/Illness - "
2026-01-06,"Newton, Tristen",Out,G,"Newton, Tristen Out G "
2026-01-06,"Sengun, Alperen",Out,Injury/Illness -,"Sengun, Alperen Out Injury/Illness - "
2026-01-06,"VanVleet, Fred",Out,Injury/Illness -,"VanVleet, Fred Out Injury/Illness - "
2026-01-07,"Collins, Zach",Out,Injury/Illness -,"Collins, Zach Out Injury/Illness - "
2026-01-07,"Essengue, Noa",Out,Injury/Illness -,"Essengue, Noa Out Injury/Illness - "
2026-01-07,"Giddey, Josh",Out,Injury/Illness -,"Giddey, Josh Out Injury/Illness - "
2026-01-07,"Miller, Emanuel",Out,G,"Miller, Emanuel Out G "
2026-01-07,"Smith, Jalen",Out,Injury/Illness -,"Smith, Jalen Out Injury/Illness - "
2026-01-07,"White, Coby",Out,Injury/Illness -,"White, Coby Out Injury/Illness - "
2026-01-07,"Cunningham, Cade",Questionable,Injury/Illness -,"Cunningham, Cade Questionable Injury/Illness - "
2026-01-07,"Duren, Jalen",Out,Injury/Illness -,"Duren, Jalen Out Injury/Illness - "
2026-01-07,"Harris, Tobias",Out,Injury/Illness -,"Harris, Tobias Out Injury/Illness - "
2026-01-07,"Jones, Isaac",Out,G,"Jones, Isaac Out G "
2026-01-07,"Klintman, Bobi",Out,G,"Klintman, Bobi Out G "
2026-01-07,"LeVert, Caris",Probable,Injury/Illness -,"LeVert, Caris Probable Injury/Illness - "
2026-01-07,"Moore Jr., Wendell",Out,G,"Moore Jr., Wendell Out G "
2026-01-07,"Robinson, Duncan",Probable,Injury/Illness -,"Robinson, Duncan Probable Injury/Illness - "
2026-01-07,"Bates, Tamar",Out,Injury/Illness -,"Bates, Tamar Out Injury/Illness - "
2026-01-07,"Braun, Christian",Probable,Injury/Illness -,"Braun, Christian Probable Injury/Illness - "
2026-01-07,"Gordon, Aaron",Probable,Injury/Illness -,"Gordon, Aaron Probable Injury/Illness - "
2026-01-07,"Hardaway Jr., Tim",Probable,Injury/Illness -,"Hardaway Jr., Tim Probable Injury/Illness - "
2026-01-07,"Johnson, Cameron",Out,Injury/Illness -,"Johnson, Cameron Out Injury/Illness - "
2026-01-07,"Jokic, Nikola",Out,Injury/Illness -,"Jokic, Nikola Out Injury/Illness - "
2026-01-07,"Jones, Spencer",Probable,Injury/Illness -,"Jones, Spencer Probable Injury/Illness - "
2026-01-07,"Murray, Jamal",Probable,Injury/Illness -,"Murray, Jamal Probable Injury/Illness - "
2026-01-07,"Pickett, Jalen",Probable,Injury/Illness -,"Pickett, Jalen Probable Injury/Illness - "
2026-01-07,"Valanciunas, Jonas",Out,Injury/Illness -,"Valanciunas, Jonas Out Injury/Illness - "
2026-01-07,"Harper Jr., Ron",Out,G,"Harper Jr., Ron Out G "
2026-01-07,"Minott, Josh",Out,Injury/Illness -,"Minott, Josh Out Injury/Illness - "
2026-01-07,"Shulga, Max",Out,G,"Shulga, Max Out G "
2026-01-07,"Tatum, Jayson",Out,Injury/Illness -,"Tatum, Jayson Out Injury/Illness - "
2026-01-07,"Williams, Amari",Out,G,"Williams, Amari Out G "
2026-01-07,"Hepburn, Chucky",Out,G,"Hepburn, Chucky Out G "
2026-01-07,"Martin, Alijah",Out,G,"Martin, Alijah Out G "
2026-01-07,"Poeltl, Jakob",Out,Injury/Illness -,"Poeltl, Jakob Out Injury/Illness - "
2026-01-07,"Diabate, Moussa",Probable,Injury/Illness -,"Diabate, Moussa Probable Injury/Illness - "
2026-01-07,"Kalkbrenner, Ryan",Out,Injury/Illness -,"Kalkbrenner, Ryan Out Injury/Illness - "
2026-01-07,"Miller, Brandon",Questionable,Injury/Illness -,"Miller, Brandon Questionable Injury/Illness - "
2026-01-07,"Plumlee, Mason",Out,Injury/Illness -,"Plumlee, Mason Out Injury/Illness - "
2026-01-07,"Salaun, Tidjane",Probable,Injury/Illness -,"Salaun, Tidjane Probable Injury/Illness - "
2026-01-07,"Simpson, KJ",Out,G,"Simpson, KJ Out G "
2026-01-07,"Williams, Grant",Out,Injury/Illness -,"Williams, Grant Out Injury/Illness - "
2026-01-07,"Cooper, Sharife",Out,G,"Cooper, Sharife Out G "
2026-01-07,"George, Kyshawn",Out,Injury/Illness -,"George, Kyshawn Out Injury/Illness - "
2026-01-07,"McCollum, CJ",Out,Injury/Illness -,"McCollum, CJ Out Injury/Illness - "
2026-01-07,"Middleton, Khris",Out,Injury/Illness -,"Middleton, Khris Out Injury/Illness - "
2026-01-07,"Riley, Will",Out,G,"Riley, Will Out G "
2026-01-07,"Watkins, Jamir",Out,G,"Watkins, Jamir Out G "
2026-01-07,"Whitmore, Cam",Out,Injury/Illness -,"Whitmore, Cam Out Injury/Illness - "
2026-01-07,"Beauchamp, MarJon",Out,G,"Beauchamp, MarJon Out G "
2026-01-07,"Broome, Johni",Out,G,"Broome, Johni Out G "
2026-01-07,"Embiid, Joel",Probable,Injury/Illness -,"Embiid, Joel Probable Injury/Illness - "
2026-01-07,"Oubre Jr., Kelly",Probable,Injury/Illness -,"Oubre Jr., Kelly Probable Injury/Illness - "
2026-01-07,"Watford, Trendon",Probable,Injury/Illness -,"Watford, Trendon Probable Injury/Illness - "
2026-01-07,"Beal, Bradley",Out,Injury/Illness -,"Beal, Bradley Out Injury/Illness - "
2026-01-07,"Bogdanovic, Bogdan",Out,Injury/Illness -,"Bogdanovic, Bogdan Out Injury/Illness - "
2026-01-07,"Harden, James",Probable,Injury/Illness -,"Harden, James Probable Injury/Illness - "
2026-01-07,"Jones Jr., Derrick",Out,Injury/Illness -,"Jones Jr., Derrick Out Injury/Illness - "
2026-01-07,"Paul, Chris",Out,Not,"Paul, Chris Out Not "
2026-01-07,"Hart, Josh",Out,Injury/Illness -,"Hart, Josh Out Injury/Illness - "
2026-01-07,"Shamet, Landry",Out,Injury/Illness -,"Shamet, Landry Out Injury/Illness - "
2026-01-07,"Alvarado, Jose",Out,Injury/Illness -,"Alvarado, Jose Out Injury/Illness - "
2026-01-07,"Bey, Saddiq",Out,Injury/Illness -,"Bey, Saddiq Out Injury/Illness - "
2026-01-07,"Dickinson, Hunter",Out,G,"Dickinson, Hunter Out G "
2026-01-07,"Jones, Herbert",Questionable,Injury/Illness -,"Jones, Herbert Questionable Injury/Illness - "
2026-01-07,"Murphy III, Trey",Questionable,Injury/Illness -,"Murphy III, Trey Questionable Injury/Illness - "
2026-01-07,"Murray, Dejounte",Out,Injury/Illness -,"Murray, Dejounte Out Injury/Illness - "
2026-01-07,"Dante, N'Faly",Out,Injury/Illness -,"Dante, N'Faly Out Injury/Illness - "
2026-01-07,"Dennis, RayJ",Out,G,"Dennis, RayJ Out G "
2026-01-07,"Djurisic, Nikola",Out,G,"Djurisic, Nikola Out G "
2026-01-07,"Houstan, Caleb",Out,G,"Houstan, Caleb Out G "
2026-01-07,"Okongwu, Onyeka",Questionable,Injury/Illness -,"Okongwu, Onyeka Questionable Injury/Illness - "
2026-01-07,"Williams, Malik",Out,G,"Williams, Malik Out G "
2026-01-07,"Young, Trae",Out,Injury/Illness -,"Young, Trae Out Injury/Illness - "
2026-01-07,"Castleton, Colin",Out,G,"Castleton, Colin Out G "
2026-01-07,"Suggs, Jalen",Out,Injury/Illness -,"Suggs, Jalen Out Injury/Illness - "
2026-01-07,"Wagner, Franz",Out,Injury/Illness -,"Wagner, Franz Out Injury/Illness - "
2026-01-07,"Wagner, Moritz",Out,Injury/Illness -,"Wagner, Moritz Out Injury/Illness - "
2026-01-07,"Etienne, Tyson",Out,G,"Etienne, Tyson Out G "
2026-01-07,"Highsmith, Haywood",Out,Injury/Illness -,"Highsmith, Haywood Out Injury/Illness - "
2026-01-07,"Johnson, Chaney",Out,G,"Johnson, Chaney Out G "
2026-01-07,"Saraf, Ben",Out,Injury/Illness -,"Saraf, Ben Out Injury/Illness - "
2026-01-07,"Bouyea, Jamaree",Out,Concussion,"Bouyea, Jamaree Out Concussion "
2026-01-07,"Goodwin, Jordan",Available,Injury/Illness -,"Goodwin, Jordan Available Injury/Illness - "
2026-01-07,"Green, Jalen",Out,Injury/Illness -,"Green, Jalen Out Injury/Illness - "
2026-01-07,"Aldama, Santi",Questionable,Injury/Illness -,"Aldama, Santi Questionable Injury/Illness - "
2026-01-07,"Clarke, Brandon",Out,Injury/Illness -,"Clarke, Brandon Out Injury/Illness - "
2026-01-07,"Coward, Cedric",Out,Injury/Illness -,"Coward, Cedric Out Injury/Illness - "
2026-01-07,"Edey, Zach",Out,Injury/Illness -,"Edey, Zach Out Injury/Illness - "
2026-01-07,"Jackson Jr., Jaren",Questionable,Injury/Illness -,"Jackson Jr., Jaren Questionable Injury/Illness - "
2026-01-07,"Jerome, Ty",Out,Injury/Illness -,"Jerome, Ty Out Injury/Illness - "
2026-01-07,"Konchar, John",Out,Injury/Illness -,"Konchar, John Out Injury/Illness - "
2026-01-07,"Mashack, Jahmai",Out,G,"Mashack, Jahmai Out G "
2026-01-07,"Morant, Ja",Questionable,Injury/Illness -,"Morant, Ja Questionable Injury/Illness - "
2026-01-07,"Pippen Jr., Scotty",Out,Injury/Illness -,"Pippen Jr., Scotty Out Injury/Illness - "
2026-01-07,"Williams Jr., Vince",Questionable,Injury/Illness -,"Williams Jr., Vince Questionable Injury/Illness - "
2026-01-07,"Bailey, Ace",Questionable,Injury/Illness -,"Bailey, Ace Questionable Injury/Illness - "
2026-01-07,"Harkless, Elijah",Out,G,"Harkless, Elijah Out G "
2026-01-07,"Kessler, Walker",Out,Injury/Illness -,"Kessler, Walker Out Injury/Illness - "
2026-01-07,"Love, Kevin",Out,Rest,"Love, Kevin Out Rest "
2026-01-07,"Niang, Georges",Out,Injury/Illness -,"Niang, Georges Out Injury/Illness - "
2026-01-07,"Tonje, John",Out,G,"Tonje, John Out G "
2026-01-07,"Caruso, Alex",Out,Injury/Illness -,"Caruso, Alex Out Injury/Illness - "
2026-01-07,"Dieng, Ousmane",Out,Injury/Illness -,"Dieng, Ousmane Out Injury/Illness - "
2026-01-07,"Alexander, Shai",Questionable,Injury/Illness -,"Alexander, Shai Questionable Injury/Illness - "
2026-01-07,"Hartenstein, Isaiah",Out,Injury/Illness -,"Hartenstein, Isaiah Out Injury/Illness - "
2026-01-07,"Sorber, Thomas",Out,Injury/Illness -,"Sorber, Thomas Out Injury/Illness - "
2026-01-07,"Topic, Nikola",Out,Injury/Illness -,"Topic, Nikola Out Injury/Illness - "
2026-01-07,"Williams, Jaylin",Out,Injury/Illness -,"Williams, Jaylin Out Injury/Illness - "
2026-01-07,"Hachimura, Rui",Out,Injury/Illness -,"Hachimura, Rui Out Injury/Illness - "
2026-01-07,"James, LeBron",Questionable,Injury/Illness -,"James, LeBron Questionable Injury/Illness - "
2026-01-07,"Reaves, Austin",Out,Injury/Illness -,"Reaves, Austin Out Injury/Illness - "
2026-01-07,"Thiero, Adou",Out,Injury/Illness -,"Thiero, Adou Out Injury/Illness - "
2026-01-07,"Ingram, Harrison",Questionable,G,"Ingram, Harrison Questionable G "
2026-01-07,"Umude, Stanley",Questionable,G,"Umude, Stanley Questionable G "
2026-01-07,"Vassell, Devin",Out,Injury/Illness -,"Vassell, Devin Out Injury/Illness - "
2026-01-07,"Wembanyama, Victor",Questionable,Injury/Illness -,"Wembanyama, Victor Questionable Injury/Illness - "
2026-01-07,"Crawford, Isaiah",Out,Injury/Illness -,"Crawford, Isaiah Out Injury/Illness - "
2026-01-07,"Newton, Tristen",Out,G,"Newton, Tristen Out G "
2026-01-07,"Sengun, Alperen",Out,Injury/Illness -,"Sengun, Alperen Out Injury/Illness - "
2026-01-07,"VanVleet, Fred",Out,Injury/Illness -,"VanVleet, Fred Out Injury/Illness - "
2026-01-07,"Grant, Jerami",Out,Injury/Illness -,"Grant, Jerami Out Injury/Illness - "
2026-01-07,"Henderson, Scoot",Out,Injury/Illness -,"Henderson, Scoot Out Injury/Illness - "
2026-01-07,"Holiday, Jrue",Out,Injury/Illness -,"Holiday, Jrue Out Injury/Illness - "
2026-01-07,"Lillard, Damian",Out,Injury/Illness -,"Lillard, Damian Out Injury/Illness - "
2026-01-07,"Murray, Kris",Out,Injury/Illness -,"Murray, Kris Out Injury/Illness - "
2026-01-07,"Thybulle, Matisse",Out,Injury/Illness -,"Thybulle, Matisse Out Injury/Illness - "
2026-01-07,"Wesley, Blake",Out,Injury/Illness -,"Wesley, Blake Out Injury/Illness - "
2026-01-07,"Antetokounmpo, Alex",Out,G,"Antetokounmpo, Alex Out G "
2026-01-07,"Nance, Pete",Out,G,"Nance, Pete Out G "
2026-01-07,"Prince, Taurean",Out,Injury/Illness -,"Prince, Taurean Out Injury/Illness - "
2026-01-07,"Sears, Mark",Out,G,"Sears, Mark Out G "
2026-01-07,"Cryer, LJ",Out,G,"Cryer, LJ Out G "
2026-01-07,"Curry, Seth",Out,Injury/Illness -,"Curry, Seth Out Injury/Illness - "
2026-01-07,"Green, Draymond",Probable,Injury/Illness -,"Green, Draymond Probable Injury/Illness - "
2026-01-07,"Leons, Malevy",Out,G,"Leons, Malevy Out G "
2026-01-07,"Payton II, Gary",Questionable,Injury/Illness -,"Payton II, Gary Questionable Injury/Illness - "
2026-01-07,"Haliburton, Tyrese",Out,Injury/Illness -,"Haliburton, Tyrese Out Injury/Illness - "
2026-01-07,"Jackson, Isaiah",Out,Injury/Illness -,"Jackson, Isaiah Out Injury/Illness - "
2026-01-07,"Mathurin, Bennedict",Out,Injury/Illness -,"Mathurin, Bennedict Out Injury/Illness - "
2026-01-07,"Peter, Taelon",Doubtful,G,"Peter, Taelon Doubtful G "
2026-01-07,"Toppin, Obi",Out,Injury/Illness -,"Toppin, Obi Out Injury/Illness - "
2026-01-07,"Freeman, Enrique",Out,G,"Freeman, Enrique Out G "
2026-01-07,"Shannon Jr., Terrence",Out,Injury/Illness -,"Shannon Jr., Terrence Out Injury/Illness - "
2026-01-07,"Zikarsky, Rocco",Out,G,"Zikarsky, Rocco Out G "
2026-01-08,"Haliburton, Tyrese",Out,Injury/Illness -,"Haliburton, Tyrese Out Injury/Illness - "
2026-01-08,"Jackson, Isaiah",Out,Injury/Illness -,"Jackson, Isaiah Out Injury/Illness - "
2026-01-08,"Mathurin, Bennedict",Out,Injury/Illness -,"Mathurin, Bennedict Out Injury/Illness - "
2026-01-08,"Nembhard, Andrew",Questionable,Injury/Illness -,"Nembhard, Andrew Questionable Injury/Illness - "
2026-01-08,"Peter, Taelon",Doubtful,G,"Peter, Taelon Doubtful G "
2026-01-08,"Toppin, Obi",Out,Injury/Illness -,"Toppin, Obi Out Injury/Illness - "
2026-01-08,"Ball, LaMelo",Probable,Injury/Illness -,"Ball, LaMelo Probable Injury/Illness - "
2026-01-08,"Kalkbrenner, Ryan",Out,Injury/Illness -,"Kalkbrenner, Ryan Out Injury/Illness - "
2026-01-08,"Miller, Brandon",Probable,Injury/Illness -,"Miller, Brandon Probable Injury/Illness - "
2026-01-08,"Plumlee, Mason",Out,Injury/Illness -,"Plumlee, Mason Out Injury/Illness - "
2026-01-08,"Salaun, Tidjane",Probable,Injury/Illness -,"Salaun, Tidjane Probable Injury/Illness - "
2026-01-08,"Simpson, KJ",Out,G,"Simpson, KJ Out G "
2026-01-08,"Williams, Grant",Out,Injury/Illness -,"Williams, Grant Out Injury/Illness - "
2026-01-08,"Garland, Darius",Questionable,Injury/Illness -,"Garland, Darius Questionable Injury/Illness - "
2026-01-08,"Livingston, Chris",Out,G,"Livingston, Chris Out G "
2026-01-08,"Nance Jr., Larry",Questionable,Injury/Illness -,"Nance Jr., Larry Questionable Injury/Illness - "
2026-01-08,"Strus, Max",Out,Injury/Illness -,"Strus, Max Out Injury/Illness - "
2026-01-08,"Travers, Luke",Out,G,"Travers, Luke Out G "
2026-01-08,"Tyson, Jaylon",Probable,Injury/Illness -,"Tyson, Jaylon Probable Injury/Illness - "
2026-01-08,"Wade, Dean",Out,Injury/Illness -,"Wade, Dean Out Injury/Illness - "
2026-01-08,"Edwards, Anthony",Questionable,Injury/Illness -,"Edwards, Anthony Questionable Injury/Illness - "
2026-01-08,"Freeman, Enrique",Out,G,"Freeman, Enrique Out G "
2026-01-08,"Shannon Jr., Terrence",Out,Injury/Illness -,"Shannon Jr., Terrence Out Injury/Illness - "
2026-01-08,"Zikarsky, Rocco",Out,G,"Zikarsky, Rocco Out G "
2026-01-08,"Adebayo, Bam",Available,Injury/Illness -,"Adebayo, Bam Available Injury/Illness - "
2026-01-08,"Goldin, Vladislav",Out,G,"Goldin, Vladislav Out G "
2026-01-08,"Herro, Tyler",Available,Injury/Illness -,"Herro, Tyler Available Injury/Illness - "
2026-01-08,"Jaquez Jr., Jaime",Probable,Injury/Illness -,"Jaquez Jr., Jaime Probable Injury/Illness - "
2026-01-08,"Johnson, Keshad",Available,Injury/Illness -,"Johnson, Keshad Available Injury/Illness - "
2026-01-08,"Jovic, Nikola",Available,Injury/Illness -,"Jovic, Nikola Available Injury/Illness - "
2026-01-08,"Larsson, Pelle",Available,Injury/Illness -,"Larsson, Pelle Available Injury/Illness - "
2026-01-08,"Powell, Norman",Available,Injury/Illness -,"Powell, Norman Available Injury/Illness - "
2026-01-08,"Rozier, Terry",Out,Not,"Rozier, Terry Out Not "
2026-01-08,"Smith, Dru",Available,Injury/Illness -,"Smith, Dru Available Injury/Illness - "
2026-01-08,"Young, Jahmir",Out,G,"Young, Jahmir Out G "
2026-01-08,"Collins, Zach",Out,Injury/Illness -,"Collins, Zach Out Injury/Illness - "
2026-01-08,"Essengue, Noa",Out,Injury/Illness -,"Essengue, Noa Out Injury/Illness - "
2026-01-08,"Giddey, Josh",Out,Injury/Illness -,"Giddey, Josh Out Injury/Illness - "
2026-01-08,"Huerter, Kevin",Questionable,Injury/Illness -,"Huerter, Kevin Questionable Injury/Illness - "
2026-01-08,"Kawamura, Yuki",Out,G,"Kawamura, Yuki Out G "
2026-01-08,"Smith, Jalen",Out,Injury/Illness -,"Smith, Jalen Out Injury/Illness - "
2026-01-08,"Cisse, Moussa",Out,G,"Cisse, Moussa Out G "
2026-01-08,"Exum, Dante",Out,Injury/Illness -,"Exum, Dante Out Injury/Illness - "
2026-01-08,"Irving, Kyrie",Out,Injury/Illness -,"Irving, Kyrie Out Injury/Illness - "
2026-01-08,"Kelly, Miles",Out,G,"Kelly, Miles Out G "
2026-01-08,"Lively II, Dereck",Out,Injury/Illness -,"Lively II, Dereck Out Injury/Illness - "
2026-01-08,"Williams, Brandon",Probable,Injury/Illness -,"Williams, Brandon Probable Injury/Illness - "
2026-01-08,"Bailey, Ace",Questionable,Injury/Illness -,"Bailey, Ace Questionable Injury/Illness - "
2026-01-08,"Harkless, Elijah",Out,G,"Harkless, Elijah Out G "
2026-01-08,"Kessler, Walker",Out,Injury/Illness -,"Kessler, Walker Out Injury/Illness - "
2026-01-08,"Niang, Georges",Out,Injury/Illness -,"Niang, Georges Out Injury/Illness - "
2026-01-08,"Nurkic, Jusuf",Questionable,Injury/Illness -,"Nurkic, Jusuf Questionable Injury/Illness - "
2026-01-08,"Tonje, John",Out,G,"Tonje, John Out G "
2026-01-08,"Alvarado, Jose",Out,Injury/Illness -,"Alvarado, Jose Out Injury/Illness - "
2026-01-08,"Bey, Saddiq",Out,Injury/Illness -,"Bey, Saddiq Out Injury/Illness - "
2026-01-08,"Dickinson, Hunter",Out,G,"Dickinson, Hunter Out G "
2026-01-08,"Jones, Herbert",Doubtful,Injury/Illness -,"Jones, Herbert Doubtful Injury/Illness - "
2026-01-08,"Murphy III, Trey",Questionable,Injury/Illness -,"Murphy III, Trey Questionable Injury/Illness - "
2026-01-08,"Murray, Dejounte",Out,Injury/Illness -,"Murray, Dejounte Out Injury/Illness - "
2026-01-08,"Kispert, Corey",Out,Trade,"Kispert, Corey Out Trade "
2026-01-08,"McCollum, CJ",Out,Trade,"McCollum, CJ Out Trade "
2026-01-08,"Whitmore, Cam",Out,Injury/Illness -,"Whitmore, Cam Out Injury/Illness - "
2026-01-08,"Beauchamp, MarJon",Doubtful,G,"Beauchamp, MarJon Doubtful G "
2026-01-08,"Broome, Johni",Doubtful,G,"Broome, Johni Doubtful G "
2026-01-08,"Edwards, Justin",Doubtful,G,"Edwards, Justin Doubtful G "
2026-01-08,"Embiid, Joel",Questionable,Injury/Illness -,"Embiid, Joel Questionable Injury/Illness - "
2026-01-08,"Oubre Jr., Kelly",Available,Injury/Illness -,"Oubre Jr., Kelly Available Injury/Illness - "
2026-01-08,"Castleton, Colin",Out,G,"Castleton, Colin Out G "
2026-01-08,"Richardson, Jase",Questionable,Injury/Illness -,"Richardson, Jase Questionable Injury/Illness - "
2026-01-08,"Suggs, Jalen",Out,Injury/Illness -,"Suggs, Jalen Out Injury/Illness - "
2026-01-08,"Wagner, Franz",Out,Injury/Illness -,"Wagner, Franz Out Injury/Illness - "
2026-01-08,"Wagner, Moritz",Out,Injury/Illness -,"Wagner, Moritz Out Injury/Illness - "
2026-01-08,"Barnes, Scottie",Questionable,Injury/Illness -,"Barnes, Scottie Questionable Injury/Illness - "
2026-01-08,"Hepburn, Chucky",Out,G,"Hepburn, Chucky Out G "
2026-01-08,"Ingram, Brandon",Questionable,Injury/Illness -,"Ingram, Brandon Questionable Injury/Illness - "
2026-01-08,"Poeltl, Jakob",Out,Injury/Illness -,"Poeltl, Jakob Out Injury/Illness - "
2026-01-08,"Harper Jr., Ron",Out,G,"Harper Jr., Ron Out G "
2026-01-08,"Minott, Josh",Out,Injury/Illness -,"Minott, Josh Out Injury/Illness - "
2026-01-08,"Shulga, Max",Out,G,"Shulga, Max Out G "
2026-01-08,"Tatum, Jayson",Out,Injury/Illness -,"Tatum, Jayson Out Injury/Illness - "
2026-01-08,"Williams, Amari",Out,G,"Williams, Amari Out G "
2026-01-08,"Beal, Bradley",Out,Injury/Illness -,"Beal, Bradley Out Injury/Illness - "
2026-01-08,"Bogdanovic, Bogdan",Out,Injury/Illness -,"Bogdanovic, Bogdan Out Injury/Illness - "
2026-01-08,"Jones Jr., Derrick",Out,Injury/Illness -,"Jones Jr., Derrick Out Injury/Illness - "
2026-01-08,"Leonard, Kawhi",Questionable,Injury/Illness -,"Leonard, Kawhi Questionable Injury/Illness - "
2026-01-08,"Paul, Chris",Out,Not,"Paul, Chris Out Not "
2026-01-08,"Etienne, Tyson",Out,G,"Etienne, Tyson Out G "
2026-01-08,"Highsmith, Haywood",Out,Injury/Illness -,"Highsmith, Haywood Out Injury/Illness - "
2026-01-08,"Johnson, Chaney",Out,G,"Johnson, Chaney Out G "
2026-01-08,"Porter Jr., Michael",Probable,Injury/Illness -,"Porter Jr., Michael Probable Injury/Illness - "
2026-01-08,"Saraf, Ben",Out,Injury/Illness -,"Saraf, Ben Out Injury/Illness - "
2026-01-08,"Hart, Josh",Out,Injury/Illness -,"Hart, Josh Out Injury/Illness - "
2026-01-08,"Jemison III, Trey",Out,G,"Jemison III, Trey Out G "
2026-01-08,"Shamet, Landry",Out,Injury/Illness -,"Shamet, Landry Out Injury/Illness - "
2026-01-08,"Crawford, Isaiah",Out,Injury/Illness -,"Crawford, Isaiah Out Injury/Illness - "
2026-01-08,"Newton, Tristen",Out,G,"Newton, Tristen Out G "
2026-01-08,"Sengun, Alperen",Out,Injury/Illness -,"Sengun, Alperen Out Injury/Illness - "
2026-01-08,"VanVleet, Fred",Out,Injury/Illness -,"VanVleet, Fred Out Injury/Illness - "
2026-01-08,"Cryer, LJ",Out,G,"Cryer, LJ Out G "
2026-01-08,"Curry, Seth",Out,Injury/Illness -,"Curry, Seth Out Injury/Illness - "
2026-01-08,"Leons, Malevy",Out,G,"Leons, Malevy Out G "
2026-01-08,"Payton II, Gary",Probable,Injury/Illness -,"Payton II, Gary Probable Injury/Illness - "
2026-01-09,"Alvarado, Jose",Out,Injury/Illness -,"Alvarado, Jose Out Injury/Illness - "
2026-01-09,"Bey, Saddiq",Out,Injury/Illness -,"Bey, Saddiq Out Injury/Illness - "
2026-01-09,"Dickinson, Hunter",Out,G,"Dickinson, Hunter Out G "
2026-01-09,"Jones, Herbert",Out,Injury/Illness -,"Jones, Herbert Out Injury/Illness - "
2026-01-09,"Murphy III, Trey",Questionable,Injury/Illness -,"Murphy III, Trey Questionable Injury/Illness - "
2026-01-09,"Murray, Dejounte",Out,Injury/Illness -,"Murray, Dejounte Out Injury/Illness - "
2026-01-09,"Whitmore, Cam",Out,Injury/Illness -,"Whitmore, Cam Out Injury/Illness - "
2026-01-09,"Young, Trae",Out,Injury/Illness -,"Young, Trae Out Injury/Illness - "
2026-01-09,"Beauchamp, MarJon",Out,G,"Beauchamp, MarJon Out G "
2026-01-09,"Broome, Johni",Out,G,"Broome, Johni Out G "
2026-01-09,"Edwards, Justin",Out,G,"Edwards, Justin Out G "
2026-01-09,"Embiid, Joel",Probable,Injury/Illness -,"Embiid, Joel Probable Injury/Illness - "
2026-01-09,"Oubre Jr., Kelly",Available,Injury/Illness -,"Oubre Jr., Kelly Available Injury/Illness - "
2026-01-09,"Castleton, Colin",Out,G,"Castleton, Colin Out G "
2026-01-09,"Richardson, Jase",Available,Injury/Illness -,"Richardson, Jase Available Injury/Illness - "
2026-01-09,"Suggs, Jalen",Out,Injury/Illness -,"Suggs, Jalen Out Injury/Illness - "
2026-01-09,"Wagner, Franz",Out,Injury/Illness -,"Wagner, Franz Out Injury/Illness - "
2026-01-09,"Wagner, Moritz",Out,Injury/Illness -,"Wagner, Moritz Out Injury/Illness - "
2026-01-09,"Barnes, Scottie",Doubtful,Injury/Illness -,"Barnes, Scottie Doubtful Injury/Illness - "
2026-01-09,"Hepburn, Chucky",Out,G,"Hepburn, Chucky Out G "
2026-01-09,"Ingram, Brandon",Questionable,Injury/Illness -,"Ingram, Brandon Questionable Injury/Illness - "
2026-01-09,"Poeltl, Jakob",Out,Injury/Illness -,"Poeltl, Jakob Out Injury/Illness - "
2026-01-09,"Harper Jr., Ron",Out,G,"Harper Jr., Ron Out G "
2026-01-09,"Minott, Josh",Out,Injury/Illness -,"Minott, Josh Out Injury/Illness - "
2026-01-09,"Shulga, Max",Out,G,"Shulga, Max Out G "
2026-01-09,"Tatum, Jayson",Out,Injury/Illness -,"Tatum, Jayson Out Injury/Illness - "
2026-01-09,"Williams, Amari",Out,G,"Williams, Amari Out G "
2026-01-09,"Beal, Bradley",Out,Injury/Illness -,"Beal, Bradley Out Injury/Illness - "
2026-01-09,"Bogdanovic, Bogdan",Out,Injury/Illness -,"Bogdanovic, Bogdan Out Injury/Illness - "
2026-01-09,"Jones Jr., Derrick",Out,Injury/Illness -,"Jones Jr., Derrick Out Injury/Illness - "
2026-01-09,"Leonard, Kawhi",Questionable,Injury/Illness -,"Leonard, Kawhi Questionable Injury/Illness - "
2026-01-09,"Paul, Chris",Out,Not,"Paul, Chris Out Not "
2026-01-09,"Etienne, Tyson",Out,G,"Etienne, Tyson Out G "
2026-01-09,"Highsmith, Haywood",Out,Injury/Illness -,"Highsmith, Haywood Out Injury/Illness - "
2026-01-09,"Johnson, Chaney",Out,G,"Johnson, Chaney Out G "
2026-01-09,"Porter Jr., Michael",Available,Injury/Illness -,"Porter Jr., Michael Available Injury/Illness - "
2026-01-09,"Saraf, Ben",Out,Injury/Illness -,"Saraf, Ben Out Injury/Illness - "
2026-01-09,"Caruso, Alex",Questionable,Injury/Illness -,"Caruso, Alex Questionable Injury/Illness - "
2026-01-09,"Alexander, Shai",Out,Injury/Illness -,"Alexander, Shai Out Injury/Illness - "
2026-01-09,"Hartenstein, Isaiah",Out,Injury/Illness -,"Hartenstein, Isaiah Out Injury/Illness - "
2026-01-09,"Holmgren, Chet",Out,Injury/Illness -,"Holmgren, Chet Out Injury/Illness - "
2026-01-09,"Sorber, Thomas",Out,Injury/Illness -,"Sorber, Thomas Out Injury/Illness - "
2026-01-09,"Topic, Nikola",Out,Injury/Illness -,"Topic, Nikola Out Injury/Illness - "
2026-01-09,"Wallace, Cason",Out,Injury/Illness -,"Wallace, Cason Out Injury/Illness - "
2026-01-09,"Williams, Jaylin",Out,Injury/Illness -,"Williams, Jaylin Out Injury/Illness - "
2026-01-09,"Clarke, Brandon",Out,Injury/Illness -,"Clarke, Brandon Out Injury/Illness - "
2026-01-09,"Coward, Cedric",Questionable,Injury/Illness -,"Coward, Cedric Questionable Injury/Illness - "
2026-01-09,"Edey, Zach",Out,Injury/Illness -,"Edey, Zach Out Injury/Illness - "
2026-01-09,"Jerome, Ty",Out,Injury/Illness -,"Jerome, Ty Out Injury/Illness - "
2026-01-09,"Konchar, John",Doubtful,Injury/Illness -,"Konchar, John Doubtful Injury/Illness - "
2026-01-09,"Morant, Ja",Out,Injury/Illness -,"Morant, Ja Out Injury/Illness - "
2026-01-09,"Pippen Jr., Scotty",Out,Injury/Illness -,"Pippen Jr., Scotty Out Injury/Illness - "
2026-01-09,"Williams Jr., Vince",Questionable,Injury/Illness -,"Williams Jr., Vince Questionable Injury/Illness - "
2026-01-09,"Dante, N'Faly",Out,Injury/Illness -,"Dante, N'Faly Out Injury/Illness - "
2026-01-09,"Dennis, RayJ",Doubtful,G,"Dennis, RayJ Doubtful G "
2026-01-09,"Djurisic, Nikola",Doubtful,G,"Djurisic, Nikola Doubtful G "
2026-01-09,"Houstan, Caleb",Doubtful,G,"Houstan, Caleb Doubtful G "
2026-01-09,"Kispert, Corey",Out,Not,"Kispert, Corey Out Not "
2026-01-09,"McCollum, CJ",Out,Not,"McCollum, CJ Out Not "
2026-01-09,"Porzingis, Kristaps",Questionable,Injury/Illness -,"Porzingis, Kristaps Questionable Injury/Illness - "
2026-01-09,"Risacher, Zaccharie",Questionable,Injury/Illness -,"Risacher, Zaccharie Questionable Injury/Illness - "
2026-01-09,"Bates, Tamar",Out,Injury/Illness -,"Bates, Tamar Out Injury/Illness - "
2026-01-09,"Braun, Christian",Probable,Injury/Illness -,"Braun, Christian Probable Injury/Illness - "
2026-01-09,"Brown, Bruce",Probable,Injury/Illness -,"Brown, Bruce Probable Injury/Illness - "
2026-01-09,"Gordon, Aaron",Probable,Injury/Illness -,"Gordon, Aaron Probable Injury/Illness - "
2026-01-09,"Johnson, Cameron",Out,Injury/Illness -,"Johnson, Cameron Out Injury/Illness - "
2026-01-09,"Jokic, Nikola",Out,Injury/Illness -,"Jokic, Nikola Out Injury/Illness - "
2026-01-09,"Jones, Spencer",Doubtful,Injury/Illness -,"Jones, Spencer Doubtful Injury/Illness - "
2026-01-09,"Murray, Jamal",Questionable,Injury/Illness -,"Murray, Jamal Questionable Injury/Illness - "
2026-01-09,"Valanciunas, Jonas",Out,Injury/Illness -,"Valanciunas, Jonas Out Injury/Illness - "
2026-01-09,"Hart, Josh",Out,Injury/Illness -,"Hart, Josh Out Injury/Illness - "
2026-01-09,"Jemison III, Trey",Out,G,"Jemison III, Trey Out G "
2026-01-09,"Shamet, Landry",Out,Injury/Illness -,"Shamet, Landry Out Injury/Illness - "
2026-01-09,"Yabusele, Guerschon",Questionable,Injury/Illness -,"Yabusele, Guerschon Questionable Injury/Illness - "
2026-01-09,"Bouyea, Jamaree",Out,Concussion,"Bouyea, Jamaree Out Concussion "
2026-01-09,"Goodwin, Jordan",Available,Injury/Illness -,"Goodwin, Jordan Available Injury/Illness - "
2026-01-09,"Green, Jalen",Out,Injury/Illness -,"Green, Jalen Out Injury/Illness - "
2026-01-09,"Crawford, Isaiah",Out,Injury/Illness -,"Crawford, Isaiah Out Injury/Illness - "
2026-01-09,"Newton, Tristen",Out,G,"Newton, Tristen Out G "
2026-01-09,"Sengun, Alperen",Out,Injury/Illness -,"Sengun, Alperen Out Injury/Illness - "
2026-01-09,"VanVleet, Fred",Out,Injury/Illness -,"VanVleet, Fred Out Injury/Illness - "
2026-01-09,"Grant, Jerami",Out,Injury/Illness -,"Grant, Jerami Out Injury/Illness - "
2026-01-09,"Henderson, Scoot",Out,Injury/Illness -,"Henderson, Scoot Out Injury/Illness - "
2026-01-09,"Holiday, Jrue",Out,Injury/Illness -,"Holiday, Jrue Out Injury/Illness - "
2026-01-09,"Lillard, Damian",Out,Injury/Illness -,"Lillard, Damian Out Injury/Illness - "
2026-01-09,"Murray, Kris",Out,Injury/Illness -,"Murray, Kris Out Injury/Illness - "
2026-01-09,"Thybulle, Matisse",Out,Injury/Illness -,"Thybulle, Matisse Out Injury/Illness - "
2026-01-09,"Wesley, Blake",Out,Injury/Illness -,"Wesley, Blake Out Injury/Illness - "
2026-01-09,"Murray, Keegan",Out,Injury/Illness -,"Murray, Keegan Out Injury/Illness - "
2026-01-09,"Plowden, Daeqwon",Out,G,"Plowden, Daeqwon Out G "
2026-01-09,"Sabonis, Domantas",Out,Injury/Illness -,"Sabonis, Domantas Out Injury/Illness - "
2026-01-09,"Stevens, Isaiah",Out,G,"Stevens, Isaiah Out G "
2026-01-09,"Cryer, LJ",Out,G,"Cryer, LJ Out G "
2026-01-09,"Curry, Seth",Out,Injury/Illness -,"Curry, Seth Out Injury/Illness - "
2026-01-09,"Leons, Malevy",Out,G,"Leons, Malevy Out G "
2026-01-09,"Payton II, Gary",Available,Injury/Illness -,"Payton II, Gary Available Injury/Illness - "
2026-01-09,"Antetokounmpo, Alex",Out,G,"Antetokounmpo, Alex Out G "
2026-01-09,"Nance, Pete",Out,G,"Nance, Pete Out G "
2026-01-09,"Prince, Taurean",Out,Injury/Illness -,"Prince, Taurean Out Injury/Illness - "
2026-01-09,"Hachimura, Rui",Out,Injury/Illness -,"Hachimura, Rui Out Injury/Illness - "
2026-01-09,"James, LeBron",Probable,Injury/Illness -,"James, LeBron Probable Injury/Illness - "
2026-01-09,"Reaves, Austin",Out,Injury/Illness -,"Reaves, Austin Out Injury/Illness - "
2026-01-09,"Thiero, Adou",Out,Injury/Illness -,"Thiero, Adou Out Injury/Illness - "
2026-01-09,"Conley, Mike",Out,Rest,"Conley, Mike Out Rest "
2026-01-09,"Edwards, Anthony",Questionable,Injury/Illness -,"Edwards, Anthony Questionable Injury/Illness - "
2026-01-09,"Freeman, Enrique",Out,G,"Freeman, Enrique Out G "
2026-01-09,"Randle, Julius",Questionable,Injury/Illness -,"Randle, Julius Questionable Injury/Illness - "
2026-01-09,"Shannon Jr., Terrence",Out,Injury/Illness -,"Shannon Jr., Terrence Out Injury/Illness - "
2026-01-09,"Zikarsky, Rocco",Out,G,"Zikarsky, Rocco Out G "
2026-01-09,"Livingston, Chris",Out,G,"Livingston, Chris Out G "
2026-01-09,"Strus, Max",Out,Injury/Illness -,"Strus, Max Out Injury/Illness - "
2026-01-09,"Travers, Luke",Out,G,"Travers, Luke Out G "
2026-01-09,"Wade, Dean",Out,Injury/Illness -,"Wade, Dean Out Injury/Illness - "
2026-01-09,"Adebayo, Bam",Available,Injury/Illness -,"Adebayo, Bam Available Injury/Illness - "
2026-01-09,"Goldin, Vladislav",Out,G,"Goldin, Vladislav Out G "
2026-01-09,"Herro, Tyler",Available,Injury/Illness -,"Herro, Tyler Available Injury/Illness - "
2026-01-09,"Jaquez Jr., Jaime",Available,Injury/Illness -,"Jaquez Jr., Jaime Available Injury/Illness - "
2026-01-09,"Jovic, Nikola",Available,Injury/Illness -,"Jovic, Nikola Available Injury/Illness - "
2026-01-09,"Larsson, Pelle",Available,Injury/Illness -,"Larsson, Pelle Available Injury/Illness - "
2026-01-09,"Powell, Norman",Available,Injury/Illness -,"Powell, Norman Available Injury/Illness - "
2026-01-09,"Rozier, Terry",Out,Not,"Rozier, Terry Out Not "
2026-01-09,"Young, Jahmir",Out,G,"Young, Jahmir Out G "
2026-01-09,"Haliburton, Tyrese",Out,Injury/Illness -,"Haliburton, Tyrese Out Injury/Illness - "
2026-01-09,"Jackson, Isaiah",Out,Injury/Illness -,"Jackson, Isaiah Out Injury/Illness - "
2026-01-09,"Mathurin, Bennedict",Out,Injury/Illness -,"Mathurin, Bennedict Out Injury/Illness - "
2026-01-09,"Nembhard, Andrew",Questionable,Injury/Illness -,"Nembhard, Andrew Questionable Injury/Illness - "
2026-01-09,"Peter, Taelon",Doubtful,G,"Peter, Taelon Doubtful G "
2026-01-09,"Toppin, Obi",Out,Injury/Illness -,"Toppin, Obi Out Injury/Illness - "
2026-01-09,"Cunningham, Cade",Questionable,Injury/Illness -,"Cunningham, Cade Questionable Injury/Illness - "
2026-01-09,"Duren, Jalen",Out,Injury/Illness -,"Duren, Jalen Out Injury/Illness - "
2026-01-09,"Harris, Tobias",Out,Injury/Illness -,"Harris, Tobias Out Injury/Illness - "
2026-01-09,"Jones, Isaac",Out,G,"Jones, Isaac Out G "
2026-01-09,"Klintman, Bobi",Out,G,"Klintman, Bobi Out G "
2026-01-09,"Moore Jr., Wendell",Out,G,"Moore Jr., Wendell Out G "
2026-01-09,"Collins, Zach",Out,Injury/Illness -,"Collins, Zach Out Injury/Illness - "
2026-01-09,"Essengue, Noa",Out,Injury/Illness -,"Essengue, Noa Out Injury/Illness - "
2026-01-09,"Giddey, Josh",Out,Injury/Illness -,"Giddey, Josh Out Injury/Illness - "
2026-01-09,"Huerter, Kevin",Questionable,Injury/Illness -,"Huerter, Kevin Questionable Injury/Illness - "
2026-01-09,"Kawamura, Yuki",Out,G,"Kawamura, Yuki Out G "
2026-01-09,"Smith, Jalen",Questionable,Injury/Illness -,"Smith, Jalen Questionable Injury/Illness - "
2026-01-09,"Bryant, Carter",Questionable,G,"Bryant, Carter Questionable G "
2026-01-09,"Ingram, Harrison",Out,G,"Ingram, Harrison Out G "
2026-01-09,"Garcia, David",Out,G,"Garcia, David Out G "
2026-01-09,"Umude, Stanley",Out,G,"Umude, Stanley Out G "
2026-01-09,"Vassell, Devin",Out,Injury/Illness -,"Vassell, Devin Out Injury/Illness - "
2026-01-10,"Conley, Mike",Out,Rest,"Conley, Mike Out Rest "
2026-01-10,"Edwards, Anthony",Available,Injury/Illness -,"Edwards, Anthony Available Injury/Illness - "
2026-01-10,"Freeman, Enrique",Out,G,"Freeman, Enrique Out G "
2026-01-10,"Randle, Julius",Available,Injury/Illness -,"Randle, Julius Available Injury/Illness - "
2026-01-10,"Shannon Jr., Terrence",Out,Injury/Illness -,"Shannon Jr., Terrence Out Injury/Illness - "
2026-01-10,"Zikarsky, Rocco",Out,G,"Zikarsky, Rocco Out G "
2026-01-10,"Livingston, Chris",Out,G,"Livingston, Chris Out G "
2026-01-10,"Strus, Max",Out,Injury/Illness -,"Strus, Max Out Injury/Illness - "
2026-01-10,"Travers, Luke",Out,G,"Travers, Luke Out G "
2026-01-10,"Wade, Dean",Out,Injury/Illness -,"Wade, Dean Out Injury/Illness - "
2026-01-10,"Adebayo, Bam",Available,Injury/Illness -,"Adebayo, Bam Available Injury/Illness - "
2026-01-10,"Goldin, Vladislav",Out,G,"Goldin, Vladislav Out G "
2026-01-10,"Herro, Tyler",Available,Injury/Illness -,"Herro, Tyler Available Injury/Illness - "
2026-01-10,"Jaquez Jr., Jaime",Available,Injury/Illness -,"Jaquez Jr., Jaime Available Injury/Illness - "
2026-01-10,"Jovic, Nikola",Available,Injury/Illness -,"Jovic, Nikola Available Injury/Illness - "
2026-01-10,"Larsson, Pelle",Available,Injury/Illness -,"Larsson, Pelle Available Injury/Illness - "
2026-01-10,"Powell, Norman",Available,Injury/Illness -,"Powell, Norman Available Injury/Illness - "
2026-01-10,"Rozier, Terry",Out,Not,"Rozier, Terry Out Not "
2026-01-10,"Young, Jahmir",Out,G,"Young, Jahmir Out G "
2026-01-10,"Haliburton, Tyrese",Out,Injury/Illness -,"Haliburton, Tyrese Out Injury/Illness - "
2026-01-10,"Jackson, Isaiah",Out,Injury/Illness -,"Jackson, Isaiah Out Injury/Illness - "
2026-01-10,"Mathurin, Bennedict",Out,Injury/Illness -,"Mathurin, Bennedict Out Injury/Illness - "
2026-01-10,"Nembhard, Andrew",Questionable,Injury/Illness -,"Nembhard, Andrew Questionable Injury/Illness - "
2026-01-10,"Peter, Taelon",Doubtful,G,"Peter, Taelon Doubtful G "
2026-01-10,"Toppin, Obi",Out,Injury/Illness -,"Toppin, Obi Out Injury/Illness - "
2026-01-10,"Beal, Bradley",Out,Injury/Illness -,"Beal, Bradley Out Injury/Illness - "
2026-01-10,"Bogdanovic, Bogdan",Out,Injury/Illness -,"Bogdanovic, Bogdan Out Injury/Illness - "
2026-01-10,"Jones Jr., Derrick",Out,Injury/Illness -,"Jones Jr., Derrick Out Injury/Illness - "
2026-01-10,"Leonard, Kawhi",Questionable,Injury/Illness -,"Leonard, Kawhi Questionable Injury/Illness - "
2026-01-10,"Paul, Chris",Out,Not,"Paul, Chris Out Not "
2026-01-10,"Cunningham, Cade",Questionable,Injury/Illness -,"Cunningham, Cade Questionable Injury/Illness - "
2026-01-10,"Duren, Jalen",Out,Injury/Illness -,"Duren, Jalen Out Injury/Illness - "
2026-01-10,"Harris, Tobias",Out,Injury/Illness -,"Harris, Tobias Out Injury/Illness - "
2026-01-10,"Moore Jr., Wendell",Out,G,"Moore Jr., Wendell Out G "
2026-01-10,"Stewart, Isaiah",Questionable,Injury/Illness -,"Stewart, Isaiah Questionable Injury/Illness - "
2026-01-10,"Cisse, Moussa",Questionable,G,"Cisse, Moussa Questionable G "
2026-01-10,"Davis, Anthony",Out,Injury/Illness -,"Davis, Anthony Out Injury/Illness - "
2026-01-10,"Exum, Dante",Out,Injury/Illness -,"Exum, Dante Out Injury/Illness - "
2026-01-10,"Irving, Kyrie",Out,Injury/Illness -,"Irving, Kyrie Out Injury/Illness - "
2026-01-10,"Kelly, Miles",Questionable,G,"Kelly, Miles Questionable G "
2026-01-10,"Lively II, Dereck",Out,Injury/Illness -,"Lively II, Dereck Out Injury/Illness - "
2026-01-10,"Williams, Brandon",Out,Injury/Illness -,"Williams, Brandon Out Injury/Illness - "
2026-01-10,"Collins, Zach",Out,Injury/Illness -,"Collins, Zach Out Injury/Illness - "
2026-01-10,"Essengue, Noa",Out,Injury/Illness -,"Essengue, Noa Out Injury/Illness - "
2026-01-10,"Giddey, Josh",Out,Injury/Illness -,"Giddey, Josh Out Injury/Illness - "
2026-01-10,"Huerter, Kevin",Questionable,Injury/Illness -,"Huerter, Kevin Questionable Injury/Illness - "
2026-01-10,"Kawamura, Yuki",Out,G,"Kawamura, Yuki Out G "
2026-01-10,"Miller, Emanuel",Out,G,"Miller, Emanuel Out G "
2026-01-10,"Smith, Jalen",Probable,Injury/Illness -,"Smith, Jalen Probable Injury/Illness - "
2026-01-10,"Champagnie, Julian",Questionable,Injury/Illness -,"Champagnie, Julian Questionable Injury/Illness - "
2026-01-10,"Ingram, Harrison",Out,G,"Ingram, Harrison Out G "
2026-01-10,"Garcia, David",Out,G,"Garcia, David Out G "
2026-01-10,"Umude, Stanley",Out,G,"Umude, Stanley Out G "
2026-01-10,"Vassell, Devin",Out,Injury/Illness -,"Vassell, Devin Out Injury/Illness - "
2026-01-10,"Minott, Josh",Out,Injury/Illness -,"Minott, Josh Out Injury/Illness - "
2026-01-10,"Tatum, Jayson",Out,Injury/Illness -,"Tatum, Jayson Out Injury/Illness - "
2026-01-10,"Connaughton, Pat",Questionable,Injury/Illness -,"Connaughton, Pat Questionable Injury/Illness - "
2026-01-10,"Kalkbrenner, Ryan",Available,Injury/Illness -,"Kalkbrenner, Ryan Available Injury/Illness - "
2026-01-10,"McNeeley, Liam",Out,G,"McNeeley, Liam Out G "
2026-01-10,"Plumlee, Mason",Out,Injury/Illness -,"Plumlee, Mason Out Injury/Illness - "
2026-01-10,"Reeves, Antonio",Out,G,"Reeves, Antonio Out G "
2026-01-10,"Salaun, Tidjane",Available,Injury/Illness -,"Salaun, Tidjane Available Injury/Illness - "
2026-01-10,"Simpson, KJ",Out,G,"Simpson, KJ Out G "
2026-01-10,"Williams, Grant",Available,Injury/Illness -,"Williams, Grant Available Injury/Illness - "
2026-01-10,"Bailey, Ace",Out,Injury/Illness -,"Bailey, Ace Out Injury/Illness - "
2026-01-10,"Harkless, Elijah",Out,G,"Harkless, Elijah Out G "
2026-01-10,"Kessler, Walker",Out,Injury/Illness -,"Kessler, Walker Out Injury/Illness - "
2026-01-10,"Markkanen, Lauri",Out,Rest,"Markkanen, Lauri Out Rest "
2026-01-10,"Niang, Georges",Out,Injury/Illness -,"Niang, Georges Out Injury/Illness - "
2026-01-10,"Nurkic, Jusuf",Out,Injury/Illness -,"Nurkic, Jusuf Out Injury/Illness - "
2026-01-10,"Tonje, John",Out,G,"Tonje, John Out G "
2026-01-10,"Alvarado, Jose",Out,Injury/Illness -,"Alvarado, Jose Out Injury/Illness - "
2026-01-10,"Bey, Saddiq",Doubtful,Injury/Illness -,"Bey, Saddiq Doubtful Injury/Illness - "
2026-01-10,"Dickinson, Hunter",Out,G,"Dickinson, Hunter Out G "
2026-01-10,"Jones, Herbert",Out,Injury/Illness -,"Jones, Herbert Out Injury/Illness - "
2026-01-10,"Murray, Dejounte",Out,Injury/Illness -,"Murray, Dejounte Out Injury/Illness - "
2026-01-10,"Castleton, Colin",Out,G,"Castleton, Colin Out G "
2026-01-10,"Silva, Tristan",Questionable,Injury/Illness -,"Silva, Tristan Questionable Injury/Illness - "
2026-01-10,"Suggs, Jalen",Out,Injury/Illness -,"Suggs, Jalen Out Injury/Illness - "
2026-01-10,"Wagner, Franz",Out,Injury/Illness -,"Wagner, Franz Out Injury/Illness - "
2026-01-10,"Wagner, Moritz",Probable,Injury/Illness -,"Wagner, Moritz Probable Injury/Illness - "
2026-01-10,"Etienne, Tyson",Out,G,"Etienne, Tyson Out G "
2026-01-10,"Highsmith, Haywood",Out,Injury/Illness -,"Highsmith, Haywood Out Injury/Illness - "
2026-01-10,"Johnson, Chaney",Out,G,"Johnson, Chaney Out G "
2026-01-10,"Porter Jr., Michael",Out,Rest,"Porter Jr., Michael Out Rest "
2026-01-10,"Powell, Drake",Out,Injury/Illness -,"Powell, Drake Out Injury/Illness - "
2026-01-10,"Saraf, Ben",Out,G,"Saraf, Ben Out G "
2026-01-10,"Williams, Ziaire",Out,Injury/Illness -,"Williams, Ziaire Out Injury/Illness - "
2026-01-10,"Hart, Josh",Questionable,Injury/Illness -,"Hart, Josh Questionable Injury/Illness - "
2026-01-10,"Jemison III, Trey",Out,G,"Jemison III, Trey Out G "
2026-01-10,"Shamet, Landry",Out,Injury/Illness -,"Shamet, Landry Out Injury/Illness - "
2026-01-10,"Yabusele, Guerschon",Questionable,Injury/Illness -,"Yabusele, Guerschon Questionable Injury/Illness - "
2026-01-10,"Grant, Jerami",Out,Injury/Illness -,"Grant, Jerami Out Injury/Illness - "
2026-01-10,"Henderson, Scoot",Out,Injury/Illness -,"Henderson, Scoot Out Injury/Illness - "
2026-01-10,"Holiday, Jrue",Questionable,Injury/Illness -,"Holiday, Jrue Questionable Injury/Illness - "
2026-01-10,"Lillard, Damian",Out,Injury/Illness -,"Lillard, Damian Out Injury/Illness - "
2026-01-10,"Murray, Kris",Out,Injury/Illness -,"Murray, Kris Out Injury/Illness - "
2026-01-10,"Thybulle, Matisse",Out,Injury/Illness -,"Thybulle, Matisse Out Injury/Illness - "
2026-01-10,"Wesley, Blake",Out,Injury/Illness -,"Wesley, Blake Out Injury/Illness - "
2026-01-10,"Williams III, Robert",Questionable,Injury/Illness -,"Williams III, Robert Questionable Injury/Illness - "
2026-01-10,"Beauchamp, MarJon",Doubtful,G,"Beauchamp, MarJon Doubtful G "
2026-01-10,"Broome, Johni",Doubtful,G,"Broome, Johni Doubtful G "
2026-01-10,"Edwards, Justin",Doubtful,G,"Edwards, Justin Doubtful G "
2026-01-10,"Embiid, Joel",Questionable,Injury/Illness -,"Embiid, Joel Questionable Injury/Illness - "
2026-01-10,"Oubre Jr., Kelly",Available,Injury/Illness -,"Oubre Jr., Kelly Available Injury/Illness - "
2026-01-10,"Barnes, Scottie",Questionable,Injury/Illness -,"Barnes, Scottie Questionable Injury/Illness - "
2026-01-10,"Barrett, RJ",Out,Injury/Illness -,"Barrett, RJ Out Injury/Illness - "
2026-01-10,"Hepburn, Chucky",Out,Injury/Illness -,"Hepburn, Chucky Out Injury/Illness - "
2026-01-10,"Ingram, Brandon",Questionable,Injury/Illness -,"Ingram, Brandon Questionable Injury/Illness - "
2026-01-10,"Poeltl, Jakob",Out,Injury/Illness -,"Poeltl, Jakob Out Injury/Illness - "
2026-01-11,"Alvarado, Jose",Out,Injury/Illness -,"Alvarado, Jose Out Injury/Illness - "
2026-01-11,"Bey, Saddiq",Out,Injury/Illness -,"Bey, Saddiq Out Injury/Illness - "
2026-01-11,"Dickinson, Hunter",Out,G,"Dickinson, Hunter Out G "
2026-01-11,"Jones, Herbert",Out,Injury/Illness -,"Jones, Herbert Out Injury/Illness - "
2026-01-11,"Murray, Dejounte",Out,Injury/Illness -,"Murray, Dejounte Out Injury/Illness - "
2026-01-11,"Carter Jr., Wendell",Out,Injury/Illness -,"Carter Jr., Wendell Out Injury/Illness - "
2026-01-11,"Castleton, Colin",Out,G,"Castleton, Colin Out G "
2026-01-11,"Silva, Tristan",Available,Injury/Illness -,"Silva, Tristan Available Injury/Illness - "
2026-01-11,"Isaac, Jonathan",Available,Injury/Illness -,"Isaac, Jonathan Available Injury/Illness - "
2026-01-11,"Suggs, Jalen",Out,Injury/Illness -,"Suggs, Jalen Out Injury/Illness - "
2026-01-11,"Wagner, Franz",Out,Injury/Illness -,"Wagner, Franz Out Injury/Illness - "
2026-01-11,"Wagner, Moritz",Available,Injury/Illness -,"Wagner, Moritz Available Injury/Illness - "
2026-01-11,"Etienne, Tyson",Out,G,"Etienne, Tyson Out G "
2026-01-11,"Highsmith, Haywood",Out,Injury/Illness -,"Highsmith, Haywood Out Injury/Illness - "
2026-01-11,"Johnson, Chaney",Out,G,"Johnson, Chaney Out G "
2026-01-11,"Porter Jr., Michael",Out,Rest,"Porter Jr., Michael Out Rest "
2026-01-11,"Powell, Drake",Out,Injury/Illness -,"Powell, Drake Out Injury/Illness - "
2026-01-11,"Saraf, Ben",Out,G,"Saraf, Ben Out G "
2026-01-11,"Williams, Ziaire",Out,Injury/Illness -,"Williams, Ziaire Out Injury/Illness - "
2026-01-11,"Clarke, Brandon",Out,Injury/Illness -,"Clarke, Brandon Out Injury/Illness - "
2026-01-11,"Edey, Zach",Out,Injury/Illness -,"Edey, Zach Out Injury/Illness - "
2026-01-11,"Jerome, Ty",Out,Injury/Illness -,"Jerome, Ty Out Injury/Illness - "
2026-01-11,"Konchar, John",Available,Injury/Illness -,"Konchar, John Available Injury/Illness - "
2026-01-11,"Mashack, Jahmai",Out,G,"Mashack, Jahmai Out G "
2026-01-11,"Morant, Ja",Out,Injury/Illness -,"Morant, Ja Out Injury/Illness - "
2026-01-11,"Pippen Jr., Scotty",Out,Injury/Illness -,"Pippen Jr., Scotty Out Injury/Illness - "
2026-01-11,"Prosper, Olivier- Maxence",Out,G,"Prosper, Olivier- Maxence Out G "
2026-01-11,"Small, Javon",Out,G,"Small, Javon Out G "
2026-01-11,"Hart, Josh",Available,Injury/Illness -,"Hart, Josh Available Injury/Illness - "
2026-01-11,"Jemison III, Trey",Out,G,"Jemison III, Trey Out G "
2026-01-11,"Shamet, Landry",Out,Injury/Illness -,"Shamet, Landry Out Injury/Illness - "
2026-01-11,"Yabusele, Guerschon",Out,Injury/Illness -,"Yabusele, Guerschon Out Injury/Illness - "
2026-01-11,"Grant, Jerami",Out,Injury/Illness -,"Grant, Jerami Out Injury/Illness - "
2026-01-11,"Henderson, Scoot",Out,Injury/Illness -,"Henderson, Scoot Out Injury/Illness - "
2026-01-11,"Holiday, Jrue",Available,Injury/Illness -,"Holiday, Jrue Available Injury/Illness - "
2026-01-11,"Lillard, Damian",Out,Injury/Illness -,"Lillard, Damian Out Injury/Illness - "
2026-01-11,"Murray, Kris",Out,Injury/Illness -,"Murray, Kris Out Injury/Illness - "
2026-01-11,"Thybulle, Matisse",Out,Injury/Illness -,"Thybulle, Matisse Out Injury/Illness - "
2026-01-11,"Wesley, Blake",Out,Injury/Illness -,"Wesley, Blake Out Injury/Illness - "
2026-01-11,"Williams III, Robert",Available,Injury/Illness -,"Williams III, Robert Available Injury/Illness - "
2026-01-11,"Beauchamp, MarJon",Out,G,"Beauchamp, MarJon Out G "
2026-01-11,"Broome, Johni",Out,G,"Broome, Johni Out G "
2026-01-11,"Embiid, Joel",Out,Injury/Illness -,"Embiid, Joel Out Injury/Illness - "
2026-01-11,"Oubre Jr., Kelly",Available,Injury/Illness -,"Oubre Jr., Kelly Available Injury/Illness - "
2026-01-11,"Barnes, Scottie",Available,Injury/Illness -,"Barnes, Scottie Available Injury/Illness - "
2026-01-11,"Barrett, RJ",Out,Injury/Illness -,"Barrett, RJ Out Injury/Illness - "
2026-01-11,"Hepburn, Chucky",Out,Injury/Illness -,"Hepburn, Chucky Out Injury/Illness - "
2026-01-11,"Ingram, Brandon",Out,Injury/Illness -,"Ingram, Brandon Out Injury/Illness - "
2026-01-11,"Poeltl, Jakob",Out,Injury/Illness -,"Poeltl, Jakob Out Injury/Illness - "
2026-01-11,"Goldin, Vladislav",Out,G,"Goldin, Vladislav Out G "
2026-01-11,"Herro, Tyler",Questionable,Injury/Illness -,"Herro, Tyler Questionable Injury/Illness - "
2026-01-11,"Larsson, Pelle",Available,Injury/Illness -,"Larsson, Pelle Available Injury/Illness - "
2026-01-11,"Powell, Norman",Questionable,Injury/Illness -,"Powell, Norman Questionable Injury/Illness - "
2026-01-11,"Rozier, Terry",Out,Not,"Rozier, Terry Out Not "
2026-01-11,"Young, Jahmir",Out,G,"Young, Jahmir Out G "
2026-01-11,"Hartenstein, Isaiah",Out,Injury/Illness -,"Hartenstein, Isaiah Out Injury/Illness - "
2026-01-11,"Sorber, Thomas",Out,Injury/Illness -,"Sorber, Thomas Out Injury/Illness - "
2026-01-11,"Topic, Nikola",Out,Injury/Illness -,"Topic, Nikola Out Injury/Illness - "
2026-01-11,"Ingram, Harrison",Out,G,"Ingram, Harrison Out G "
2026-01-11,"Garcia, David",Out,G,"Garcia, David Out G "
2026-01-11,"Umude, Stanley",Out,G,"Umude, Stanley Out G "
2026-01-11,"Vassell, Devin",Out,Injury/Illness -,"Vassell, Devin Out Injury/Illness - "
2026-01-11,"Wembanyama, Victor",Questionable,Injury/Illness -,"Wembanyama, Victor Questionable Injury/Illness - "
2026-01-11,"Edwards, Anthony",Questionable,Injury/Illness -,"Edwards, Anthony Questionable Injury/Illness - "
2026-01-11,"Freeman, Enrique",Out,G,"Freeman, Enrique Out G "
2026-01-11,"Shannon Jr., Terrence",Out,Injury/Illness -,"Shannon Jr., Terrence Out Injury/Illness - "
2026-01-11,"Zikarsky, Rocco",Out,G,"Zikarsky, Rocco Out G "
2026-01-11,"Antetokounmpo, Alex",Out,G,"Antetokounmpo, Alex Out G "
2026-01-11,"Nance, Pete",Out,G,"Nance, Pete Out G "
2026-01-11,"Porter Jr., Kevin",Probable,Injury/Illness -,"Porter Jr., Kevin Probable Injury/Illness - "
2026-01-11,"Prince, Taurean",Out,Injury/Illness -,"Prince, Taurean Out Injury/Illness - "
2026-01-11,"Bates, Tamar",Out,Injury/Illness -,"Bates, Tamar Out Injury/Illness - "
2026-01-11,"Braun, Christian",Probable,Injury/Illness -,"Braun, Christian Probable Injury/Illness - "
2026-01-11,"Gordon, Aaron",Probable,Injury/Illness -,"Gordon, Aaron Probable Injury/Illness - "
2026-01-11,"Johnson, Cameron",Out,Injury/Illness -,"Johnson, Cameron Out Injury/Illness - "
2026-01-11,"Jokic, Nikola",Out,Injury/Illness -,"Jokic, Nikola Out Injury/Illness - "
2026-01-11,"Jones, Curtis",Out,G,"Jones, Curtis Out G "
2026-01-11,"Jones, Spencer",Questionable,Injury/Illness -,"Jones, Spencer Questionable Injury/Illness - "
2026-01-11,"Murray, Jamal",Questionable,Injury/Illness -,"Murray, Jamal Questionable Injury/Illness - "
2026-01-11,"Valanciunas, Jonas",Out,Injury/Illness -,"Valanciunas, Jonas Out Injury/Illness - "
2026-01-11,"Cooper, Sharife",Out,G,"Cooper, Sharife Out G "
2026-01-11,"Watkins, Jamir",Out,G,"Watkins, Jamir Out G "
2026-01-11,"Whitmore, Cam",Out,Injury/Illness -,"Whitmore, Cam Out Injury/Illness - "
2026-01-11,"Young, Trae",Out,Injury/Illness -,"Young, Trae Out Injury/Illness - "
2026-01-11,"Bouyea, Jamaree",Out,Concussion,"Bouyea, Jamaree Out Concussion "
2026-01-11,"Goodwin, Jordan",Available,Injury/Illness -,"Goodwin, Jordan Available Injury/Illness - "
2026-01-11,"Green, Jalen",Out,Injury/Illness -,"Green, Jalen Out Injury/Illness - "
2026-01-11,"Dante, N'Faly",Out,Injury/Illness -,"Dante, N'Faly Out Injury/Illness - "
2026-01-11,"Dennis, RayJ",Out,G,"Dennis, RayJ Out G "
2026-01-11,"Djurisic, Nikola",Out,G,"Djurisic, Nikola Out G "
2026-01-11,"Houstan, Caleb",Out,G,"Houstan, Caleb Out G "
2026-01-11,"Porzingis, Kristaps",Questionable,Injury/Illness -,"Porzingis, Kristaps Questionable Injury/Illness - "
2026-01-11,"Risacher, Zaccharie",Out,Injury/Illness -,"Risacher, Zaccharie Out Injury/Illness - "
2026-01-11,"Cryer, LJ",Out,G,"Cryer, LJ Out G "
2026-01-11,"Curry, Seth",Out,Injury/Illness -,"Curry, Seth Out Injury/Illness - "
2026-01-11,"Leons, Malevy",Out,G,"Leons, Malevy Out G "
2026-01-11,"Eason, Tari",Out,Injury/Illness -,"Eason, Tari Out Injury/Illness - "
2026-01-11,"Newton, Tristen",Out,G,"Newton, Tristen Out G "
2026-01-11,"Sengun, Alperen",Questionable,Injury/Illness -,"Sengun, Alperen Questionable Injury/Illness - "
2026-01-11,"VanVleet, Fred",Out,Injury/Illness -,"VanVleet, Fred Out Injury/Illness - "
2026-01-11,"Murray, Keegan",Out,Injury/Illness -,"Murray, Keegan Out Injury/Illness - "
2026-01-11,"Plowden, Daeqwon",Out,G,"Plowden, Daeqwon Out G "
2026-01-11,"Sabonis, Domantas",Out,Injury/Illness -,"Sabonis, Domantas Out Injury/Illness - "
2026-01-11,"Schroder, Dennis",Out,League,"Schroder, Dennis Out League "
2026-01-11,"Stevens, Isaiah",Out,G,"Stevens, Isaiah Out G "
2026-01-11,"Bailey, Ace",Questionable,Injury/Illness -,"Bailey, Ace Questionable Injury/Illness - "
2026-01-11,"Harkless, Elijah",Out,G,"Harkless, Elijah Out G "
2026-01-11,"Kessler, Walker",Out,Injury/Illness -,"Kessler, Walker Out Injury/Illness - "
2026-01-11,"Niang, Georges",Out,Injury/Illness -,"Niang, Georges Out Injury/Illness - "
2026-01-11,"Nurkic, Jusuf",Probable,Injury/Illness -,"Nurkic, Jusuf Probable Injury/Illness - "
2026-01-11,"Tonje, John",Out,G,"Tonje, John Out G "
2026-01-11,"Tshiebwe, Oscar",Out,G,"Tshiebwe, Oscar Out G "
2026-01-11,"Livingston, Chris",Out,G,"Livingston, Chris Out G "
2026-01-11,"Strus, Max",Out,Injury/Illness -,"Strus, Max Out Injury/Illness - "
2026-01-11,"Travers, Luke",Out,G,"Travers, Luke Out G "
2026-01-11,"Wade, Dean",Out,Injury/Illness -,"Wade, Dean Out Injury/Illness - "
2026-01-11,"Brown, Jaylen",Doubtful,Injury/Illness -,"Brown, Jaylen Doubtful Injury/Illness - "
2026-01-11,"Hauser, Sam",Questionable,Injury/Illness -,"Hauser, Sam Questionable Injury/Illness - "
2026-01-11,"Minott, Josh",Out,Injury/Illness -,"Minott, Josh Out Injury/Illness - "
2026-01-11,"Tatum, Jayson",Out,Injury/Illness -,"Tatum, Jayson Out Injury/Illness - "
2026-01-11,"Haliburton, Tyrese",Out,Injury/Illness -,"Haliburton, Tyrese Out Injury/Illness - "
2026-01-11,"Jackson, Isaiah",Out,Injury/Illness -,"Jackson, Isaiah Out Injury/Illness - "
2026-01-11,"Jones, Kam",Questionable,G,"Jones, Kam Questionable G "
2026-01-11,"Mathurin, Bennedict",Out,Injury/Illness -,"Mathurin, Bennedict Out Injury/Illness - "
2026-01-11,"Nembhard, Andrew",Questionable,Injury/Illness -,"Nembhard, Andrew Questionable Injury/Illness - "
2026-01-11,"Peter, Taelon",Questionable,G,"Peter, Taelon Questionable G "
2026-01-11,"Thompson, Ethan",Questionable,G,"Thompson, Ethan Questionable G "
2026-01-11,"Toppin, Obi",Out,Injury/Illness -,"Toppin, Obi Out Injury/Illness - "
2026-01-12,"Bailey, Ace",Available,Injury/Illness -,"Bailey, Ace Available Injury/Illness - "
2026-01-12,"Harkless, Elijah",Out,G,"Harkless, Elijah Out G "
2026-01-12,"Kessler, Walker",Out,Injury/Illness -,"Kessler, Walker Out Injury/Illness - "
2026-01-12,"Niang, Georges",Out,Injury/Illness -,"Niang, Georges Out Injury/Illness - "
2026-01-12,"Nurkic, Jusuf",Available,Injury/Illness -,"Nurkic, Jusuf Available Injury/Illness - "
2026-01-12,"Tonje, John",Out,G,"Tonje, John Out G "
2026-01-12,"Tshiebwe, Oscar",Out,G,"Tshiebwe, Oscar Out G "
2026-01-12,"Livingston, Chris",Out,G,"Livingston, Chris Out G "
2026-01-12,"Strus, Max",Out,Injury/Illness -,"Strus, Max Out Injury/Illness - "
2026-01-12,"Travers, Luke",Out,G,"Travers, Luke Out G "
2026-01-12,"Wade, Dean",Out,Injury/Illness -,"Wade, Dean Out Injury/Illness - "
2026-01-12,"Brown, Jaylen",Doubtful,Injury/Illness -,"Brown, Jaylen Doubtful Injury/Illness - "
2026-01-12,"Hauser, Sam",Questionable,Injury/Illness -,"Hauser, Sam Questionable Injury/Illness - "
2026-01-12,"Minott, Josh",Out,Injury/Illness -,"Minott, Josh Out Injury/Illness - "
2026-01-12,"Tatum, Jayson",Out,Injury/Illness -,"Tatum, Jayson Out Injury/Illness - "
2026-01-12,"Haliburton, Tyrese",Out,Injury/Illness -,"Haliburton, Tyrese Out Injury/Illness - "
2026-01-12,"Jackson, Isaiah",Out,Injury/Illness -,"Jackson, Isaiah Out Injury/Illness - "
2026-01-12,"Jones, Kam",Questionable,G,"Jones, Kam Questionable G "
2026-01-12,"Mathurin, Bennedict",Out,Injury/Illness -,"Mathurin, Bennedict Out Injury/Illness - "
2026-01-12,"Nembhard, Andrew",Questionable,Injury/Illness -,"Nembhard, Andrew Questionable Injury/Illness - "
2026-01-12,"Peter, Taelon",Questionable,G,"Peter, Taelon Questionable G "
2026-01-12,"Thompson, Ethan",Questionable,G,"Thompson, Ethan Questionable G "
2026-01-12,"Toppin, Obi",Out,Injury/Illness -,"Toppin, Obi Out Injury/Illness - "
2026-01-12,"Beauchamp, MarJon",Out,G,"Beauchamp, MarJon Out G "
2026-01-12,"Broome, Johni",Out,G,"Broome, Johni Out G "
2026-01-12,"Embiid, Joel",Questionable,Injury/Illness -,"Embiid, Joel Questionable Injury/Illness - "
2026-01-12,"George, Paul",Questionable,Injury/Illness -,"George, Paul Questionable Injury/Illness - "
2026-01-12,"Oubre Jr., Kelly",Available,Injury/Illness -,"Oubre Jr., Kelly Available Injury/Illness - "
2026-01-12,"Barrett, RJ",Out,Injury/Illness -,"Barrett, RJ Out Injury/Illness - "
2026-01-12,"Hepburn, Chucky",Out,G,"Hepburn, Chucky Out G "
2026-01-12,"Ingram, Brandon",Questionable,Injury/Illness -,"Ingram, Brandon Questionable Injury/Illness - "
2026-01-12,"Poeltl, Jakob",Out,Injury/Illness -,"Poeltl, Jakob Out Injury/Illness - "
2026-01-12,"Walter, Ja'Kobe",Out,Injury/Illness -,"Walter, Ja'Kobe Out Injury/Illness - "
2026-01-12,"Demin, Egor",Out,Injury/Illness -,"Demin, Egor Out Injury/Illness - "
2026-01-12,"Highsmith, Haywood",Out,Injury/Illness -,"Highsmith, Haywood Out Injury/Illness - "
2026-01-12,"Saraf, Ben",Out,G,"Saraf, Ben Out G "
2026-01-12,"Thomas, Cam",Out,Injury/Illness -,"Thomas, Cam Out Injury/Illness - "
2026-01-12,"Williams, Ziaire",Out,Injury/Illness -,"Williams, Ziaire Out Injury/Illness - "
2026-01-12,"Cisse, Moussa",Probable,Injury/Illness -,"Cisse, Moussa Probable Injury/Illness - "
2026-01-12,"Davis, Anthony",Out,Injury/Illness -,"Davis, Anthony Out Injury/Illness - "
2026-01-12,"Exum, Dante",Out,Injury/Illness -,"Exum, Dante Out Injury/Illness - "
2026-01-12,"Gafford, Daniel",Questionable,Injury/Illness -,"Gafford, Daniel Questionable Injury/Illness - "
2026-01-12,"Irving, Kyrie",Out,Injury/Illness -,"Irving, Kyrie Out Injury/Illness - "
2026-01-12,"Kelly, Miles",Questionable,G,"Kelly, Miles Questionable G "
2026-01-12,"Lively II, Dereck",Out,Injury/Illness -,"Lively II, Dereck Out Injury/Illness - "
2026-01-12,"Williams, Brandon",Doubtful,Injury/Illness -,"Williams, Brandon Doubtful Injury/Illness - "
2026-01-12,"Reaves, Austin",Out,Injury/Illness -,"Reaves, Austin Out Injury/Illness - "
2026-01-12,"Thiero, Adou",Out,Injury/Illness -,"Thiero, Adou Out Injury/Illness - "
2026-01-12,"Murray, Keegan",Out,Injury/Illness -,"Murray, Keegan Out Injury/Illness - "
2026-01-12,"Plowden, Daeqwon",Out,G,"Plowden, Daeqwon Out G "
2026-01-12,"Sabonis, Domantas",Out,Injury/Illness -,"Sabonis, Domantas Out Injury/Illness - "
2026-01-12,"Schroder, Dennis",Out,League,"Schroder, Dennis Out League "
2026-01-12,"Stevens, Isaiah",Out,G,"Stevens, Isaiah Out G "
2026-01-12,"Bridges, Miles",Probable,Injury/Illness -,"Bridges, Miles Probable Injury/Illness - "
2026-01-12,"Connaughton, Pat",Out,Injury/Illness -,"Connaughton, Pat Out Injury/Illness - "
2026-01-12,"McNeeley, Liam",Out,G,"McNeeley, Liam Out G "
2026-01-12,"Plumlee, Mason",Out,Injury/Illness -,"Plumlee, Mason Out Injury/Illness - "
2026-01-12,"Reeves, Antonio",Out,G,"Reeves, Antonio Out G "
2026-01-12,"Sexton, Collin",Questionable,Injury/Illness -,"Sexton, Collin Questionable Injury/Illness - "
2026-01-12,"Simpson, KJ",Out,G,"Simpson, KJ Out G "
2026-01-12,"Beal, Bradley",Out,Injury/Illness -,"Beal, Bradley Out Injury/Illness - "
2026-01-12,"Bogdanovic, Bogdan",Out,Injury/Illness -,"Bogdanovic, Bogdan Out Injury/Illness - "
2026-01-12,"Jones Jr., Derrick",Out,Injury/Illness -,"Jones Jr., Derrick Out Injury/Illness - "
2026-01-12,"Leonard, Kawhi",Questionable,Injury/Illness -,"Leonard, Kawhi Questionable Injury/Illness - "
2026-01-12,"Paul, Chris",Out,Not,"Paul, Chris Out Not "
2026-01-12,"Bouyea, Jamaree",Out,Concussion,"Bouyea, Jamaree Out Concussion "
2026-01-12,"Goodwin, Jordan",Available,Injury/Illness -,"Goodwin, Jordan Available Injury/Illness - "
2026-01-12,"Green, Jalen",Out,Injury/Illness -,"Green, Jalen Out Injury/Illness - "
2026-01-12,"Gardner, Myron",Out,G,"Gardner, Myron Out G "
2026-01-12,"Goldin, Vladislav",Out,G,"Goldin, Vladislav Out G "
2026-01-12,"Herro, Tyler",Available,Injury/Illness -,"Herro, Tyler Available Injury/Illness - "
2026-01-12,"Larsson, Pelle",Available,Injury/Illness -,"Larsson, Pelle Available Injury/Illness - "
2026-01-12,"Powell, Norman",Questionable,Injury/Illness -,"Powell, Norman Questionable Injury/Illness - "
2026-01-12,"Rozier, Terry",Out,Not,"Rozier, Terry Out Not "
2026-01-12,"Young, Jahmir",Out,G,"Young, Jahmir Out G "
2026-01-12,"Collins, Zach",Out,Injury/Illness -,"Collins, Zach Out Injury/Illness - "
2026-01-12,"Essengue, Noa",Out,Injury/Illness -,"Essengue, Noa Out Injury/Illness - "
2026-01-12,"Giddey, Josh",Out,Injury/Illness -,"Giddey, Josh Out Injury/Illness - "
2026-01-12,"Kawamura, Yuki",Out,G,"Kawamura, Yuki Out G "
2026-01-12,"Miller, Emanuel",Out,G,"Miller, Emanuel Out G "
2026-01-12,"Olbrich, Lachlan",Out,G,"Olbrich, Lachlan Out G "
2026-01-12,"Phillips, Julian",Probable,Injury/Illness -,"Phillips, Julian Probable Injury/Illness - "
2026-01-12,"White, Coby",Out,Injury/Illness -,"White, Coby Out Injury/Illness - "
2026-01-12,"Bates, Tamar",Out,Injury/Illness -,"Bates, Tamar Out Injury/Illness - "
2026-01-12,"Braun, Christian",Out,Injury/Illness -,"Braun, Christian Out Injury/Illness - "
2026-01-12,"Gordon, Aaron",Probable,Injury/Illness -,"Gordon, Aaron Probable Injury/Illness - "
2026-01-12,"Johnson, Cameron",Out,Injury/Illness -,"Johnson, Cameron Out Injury/Illness - "
2026-01-12,"Jokic, Nikola",Out,Injury/Illness -,"Jokic, Nikola Out Injury/Illness - "
2026-01-12,"Jones, Curtis",Out,G,"Jones, Curtis Out G "
2026-01-12,"Jones, Spencer",Probable,Injury/Illness -,"Jones, Spencer Probable Injury/Illness - "
2026-01-12,"Murray, Jamal",Questionable,Injury/Illness -,"Murray, Jamal Questionable Injury/Illness - "
2026-01-12,"Valanciunas, Jonas",Out,Injury/Illness -,"Valanciunas, Jonas Out Injury/Illness - "
2026-01-12,"Alvarado, Jose",Out,Injury/Illness -,"Alvarado, Jose Out Injury/Illness - "
2026-01-12,"Bey, Saddiq",Questionable,Injury/Illness -,"Bey, Saddiq Questionable Injury/Illness - "
2026-01-12,"Dickinson, Hunter",Out,G,"Dickinson, Hunter Out G "
2026-01-12,"Jones, Herbert",Out,Injury/Illness -,"Jones, Herbert Out Injury/Illness - "
2026-01-12,"Murray, Dejounte",Out,Injury/Illness -,"Murray, Dejounte Out Injury/Illness - "
2026-01-12,"Edwards, Anthony",Out,Injury/Illness -,"Edwards, Anthony Out Injury/Illness - "
2026-01-12,"Freeman, Enrique",Out,G,"Freeman, Enrique Out G "
2026-01-12,"Gobert, Rudy",Out,League,"Gobert, Rudy Out League "
2026-01-12,"Shannon Jr., Terrence",Out,Injury/Illness -,"Shannon Jr., Terrence Out Injury/Illness - "
2026-01-12,"Zikarsky, Rocco",Out,G,"Zikarsky, Rocco Out G "
2026-01-12,"Antetokounmpo, Alex",Out,G,"Antetokounmpo, Alex Out G "
2026-01-12,"Nance, Pete",Out,G,"Nance, Pete Out G "
2026-01-12,"Prince, Taurean",Out,Injury/Illness -,"Prince, Taurean Out Injury/Illness - "
2026-01-12,"Turner, Myles",Questionable,Injury/Illness -,"Turner, Myles Questionable Injury/Illness - "
2026-01-12,"Cryer, LJ",Out,G,"Cryer, LJ Out G "
2026-01-12,"Curry, Seth",Out,Injury/Illness -,"Curry, Seth Out Injury/Illness - "
2026-01-12,"Leons, Malevy",Out,G,"Leons, Malevy Out G "
2026-01-13,"Bouyea, Jamaree",Out,Concussion,"Bouyea, Jamaree Out Concussion "
2026-01-13,"Goodwin, Jordan",Available,Injury/Illness -,"Goodwin, Jordan Available Injury/Illness - "
2026-01-13,"Green, Jalen",Out,Injury/Illness -,"Green, Jalen Out Injury/Illness - "
2026-01-13,"Gardner, Myron",Out,G,"Gardner, Myron Out G "
2026-01-13,"Goldin, Vladislav",Out,G,"Goldin, Vladislav Out G "
2026-01-13,"Herro, Tyler",Available,Injury/Illness -,"Herro, Tyler Available Injury/Illness - "
2026-01-13,"Larsson, Pelle",Available,Injury/Illness -,"Larsson, Pelle Available Injury/Illness - "
2026-01-13,"Powell, Norman",Questionable,Injury/Illness -,"Powell, Norman Questionable Injury/Illness - "
2026-01-13,"Rozier, Terry",Out,Not,"Rozier, Terry Out Not "
2026-01-13,"Young, Jahmir",Out,G,"Young, Jahmir Out G "
2026-01-13,"Collins, Zach",Out,Injury/Illness -,"Collins, Zach Out Injury/Illness - "
2026-01-13,"Essengue, Noa",Out,Injury/Illness -,"Essengue, Noa Out Injury/Illness - "
2026-01-13,"Giddey, Josh",Out,Injury/Illness -,"Giddey, Josh Out Injury/Illness - "
2026-01-13,"Kawamura, Yuki",Out,G,"Kawamura, Yuki Out G "
2026-01-13,"Miller, Emanuel",Out,G,"Miller, Emanuel Out G "
2026-01-13,"Olbrich, Lachlan",Out,G,"Olbrich, Lachlan Out G "
2026-01-13,"Phillips, Julian",Questionable,Injury/Illness -,"Phillips, Julian Questionable Injury/Illness - "
2026-01-13,"White, Coby",Out,Injury/Illness -,"White, Coby Out Injury/Illness - "
2026-01-13,"Crawford, Isaiah",Out,G,"Crawford, Isaiah Out G "
2026-01-13,"Eason, Tari",Out,Injury/Illness -,"Eason, Tari Out Injury/Illness - "
2026-01-13,"Smith, Dorian",Out,Injury/Illness -,"Smith, Dorian Out Injury/Illness - "
2026-01-13,"Newton, Tristen",Out,G,"Newton, Tristen Out G "
2026-01-13,"VanVleet, Fred",Out,Injury/Illness -,"VanVleet, Fred Out Injury/Illness - "
2026-01-13,"Bates, Tamar",Out,Injury/Illness -,"Bates, Tamar Out Injury/Illness - "
2026-01-13,"Braun, Christian",Out,Injury/Illness -,"Braun, Christian Out Injury/Illness - "
2026-01-13,"Gordon, Aaron",Probable,Injury/Illness -,"Gordon, Aaron Probable Injury/Illness - "
2026-01-13,"Johnson, Cameron",Out,Injury/Illness -,"Johnson, Cameron Out Injury/Illness - "
2026-01-13,"Jokic, Nikola",Out,Injury/Illness -,"Jokic, Nikola Out Injury/Illness - "
2026-01-13,"Jones, Curtis",Out,G,"Jones, Curtis Out G "
2026-01-13,"Jones, Spencer",Probable,Injury/Illness -,"Jones, Spencer Probable Injury/Illness - "
2026-01-13,"Murray, Jamal",Questionable,Injury/Illness -,"Murray, Jamal Questionable Injury/Illness - "
2026-01-13,"Valanciunas, Jonas",Out,Injury/Illness -,"Valanciunas, Jonas Out Injury/Illness - "
2026-01-13,"Alvarado, Jose",Out,Injury/Illness -,"Alvarado, Jose Out Injury/Illness - "
2026-01-13,"Bey, Saddiq",Probable,Injury/Illness -,"Bey, Saddiq Probable Injury/Illness - "
2026-01-13,"Dickinson, Hunter",Out,G,"Dickinson, Hunter Out G "
2026-01-13,"Jones, Herbert",Out,Injury/Illness -,"Jones, Herbert Out Injury/Illness - "
2026-01-13,"Murray, Dejounte",Out,Injury/Illness -,"Murray, Dejounte Out Injury/Illness - "
2026-01-13,"Edwards, Anthony",Out,Injury/Illness -,"Edwards, Anthony Out Injury/Illness - "
2026-01-13,"Freeman, Enrique",Out,G,"Freeman, Enrique Out G "
2026-01-13,"Gobert, Rudy",Out,League,"Gobert, Rudy Out League "
2026-01-13,"Shannon Jr., Terrence",Out,Injury/Illness -,"Shannon Jr., Terrence Out Injury/Illness - "
2026-01-13,"Zikarsky, Rocco",Out,G,"Zikarsky, Rocco Out G "
2026-01-13,"Antetokounmpo, Alex",Out,G,"Antetokounmpo, Alex Out G "
2026-01-13,"Nance, Pete",Available,G,"Nance, Pete Available G "
2026-01-13,"Prince, Taurean",Out,Injury/Illness -,"Prince, Taurean Out Injury/Illness - "
2026-01-13,"Turner, Myles",Questionable,Injury/Illness -,"Turner, Myles Questionable Injury/Illness - "
2026-01-13,"Ingram, Harrison",Out,G,"Ingram, Harrison Out G "
2026-01-13,"Garcia, David",Out,G,"Garcia, David Out G "
2026-01-13,"Umude, Stanley",Out,G,"Umude, Stanley Out G "
2026-01-13,"Vassell, Devin",Out,Injury/Illness -,"Vassell, Devin Out Injury/Illness - "
2026-01-13,"Dort, Luguentz",Out,Injury/Illness -,"Dort, Luguentz Out Injury/Illness - "
2026-01-13,"Hartenstein, Isaiah",Out,Injury/Illness -,"Hartenstein, Isaiah Out Injury/Illness - "
2026-01-13,"Sorber, Thomas",Out,Injury/Illness -,"Sorber, Thomas Out Injury/Illness - "
2026-01-13,"Topic, Nikola",Out,Injury/Illness -,"Topic, Nikola Out Injury/Illness - "
2026-01-13,"Dante, N'Faly",Out,Injury/Illness -,"Dante, N'Faly Out Injury/Illness - "
2026-01-13,"Dennis, RayJ",Out,G,"Dennis, RayJ Out G "
2026-01-13,"Djurisic, Nikola",Out,G,"Djurisic, Nikola Out G "
2026-01-13,"Houstan, Caleb",Out,G,"Houstan, Caleb Out G "
2026-01-13,"Kennard, Luke",Out,Injury/Illness -,"Kennard, Luke Out Injury/Illness - "
2026-01-13,"Newell, Asa",Available,Injury/Illness -,"Newell, Asa Available Injury/Illness - "
2026-01-13,"Porzingis, Kristaps",Out,Injury/Illness -,"Porzingis, Kristaps Out Injury/Illness - "
2026-01-13,"Risacher, Zaccharie",Out,Injury/Illness -,"Risacher, Zaccharie Out Injury/Illness - "
2026-01-13,"Doncic, Luka",Questionable,Injury/Illness -,"Doncic, Luka Questionable Injury/Illness - "
2026-01-13,"Hayes, Jaxson",Out,Injury/Illness -,"Hayes, Jaxson Out Injury/Illness - "
2026-01-13,"James, LeBron",Questionable,Injury/Illness -,"James, LeBron Questionable Injury/Illness - "
2026-01-13,"Reaves, Austin",Out,Injury/Illness -,"Reaves, Austin Out Injury/Illness - "
2026-01-13,"Thiero, Adou",Out,Injury/Illness -,"Thiero, Adou Out Injury/Illness - "
2026-01-13,"Avdija, Deni",Out,Injury/Illness -,"Avdija, Deni Out Injury/Illness - "
2026-01-13,"Grant, Jerami",Doubtful,Injury/Illness -,"Grant, Jerami Doubtful Injury/Illness - "
2026-01-13,"Henderson, Scoot",Out,Injury/Illness -,"Henderson, Scoot Out Injury/Illness - "
2026-01-13,"Lillard, Damian",Out,Injury/Illness -,"Lillard, Damian Out Injury/Illness - "
2026-01-13,"Murray, Kris",Out,Injury/Illness -,"Murray, Kris Out Injury/Illness - "
2026-01-13,"Thybulle, Matisse",Out,Injury/Illness -,"Thybulle, Matisse Out Injury/Illness - "
2026-01-13,"Wesley, Blake",Out,Injury/Illness -,"Wesley, Blake Out Injury/Illness - "
2026-01-13,"Cryer, LJ",Out,G,"Cryer, LJ Out G "
2026-01-13,"Curry, Seth",Out,Injury/Illness -,"Curry, Seth Out Injury/Illness - "
2026-01-13,"Leons, Malevy",Out,G,"Leons, Malevy Out G "
2026-01-13,"Livingston, Chris",Out,G,"Livingston, Chris Out G "
2026-01-13,"Strus, Max",Out,Injury/Illness -,"Strus, Max Out Injury/Illness - "
2026-01-13,"Travers, Luke",Out,G,"Travers, Luke Out G "
2026-01-13,"Wade, Dean",Out,Injury/Illness -,"Wade, Dean Out Injury/Illness - "
2026-01-13,"Beauchamp, MarJon",Doubtful,G,"Beauchamp, MarJon Doubtful G "
2026-01-13,"Broome, Johni",Doubtful,G,"Broome, Johni Doubtful G "
2026-01-13,"Edgecombe, VJ",Probable,Injury/Illness -,"Edgecombe, VJ Probable Injury/Illness - "
2026-01-13,"Embiid, Joel",Probable,Injury/Illness -,"Embiid, Joel Probable Injury/Illness - "
2026-01-13,"George, Paul",Probable,Injury/Illness -,"George, Paul Probable Injury/Illness - "
2026-01-13,"Oubre Jr., Kelly",Available,Injury/Illness -,"Oubre Jr., Kelly Available Injury/Illness - "
2026-01-13,"Barrett, RJ",Out,Injury/Illness -,"Barrett, RJ Out Injury/Illness - "
2026-01-13,"Hepburn, Chucky",Out,G,"Hepburn, Chucky Out G "
2026-01-13,"Poeltl, Jakob",Out,Injury/Illness -,"Poeltl, Jakob Out Injury/Illness - "
2026-01-13,"Walter, Ja'Kobe",Out,Injury/Illness -,"Walter, Ja'Kobe Out Injury/Illness - "
2026-01-13,"Haliburton, Tyrese",Out,Injury/Illness -,"Haliburton, Tyrese Out Injury/Illness - "
2026-01-13,"Jackson, Isaiah",Out,Injury/Illness -,"Jackson, Isaiah Out Injury/Illness - "
2026-01-13,"Mathurin, Bennedict",Out,Injury/Illness -,"Mathurin, Bennedict Out Injury/Illness - "
2026-01-13,"Peter, Taelon",Doubtful,G,"Peter, Taelon Doubtful G "
2026-01-13,"Thompson, Ethan",Questionable,G,"Thompson, Ethan Questionable G "
2026-01-13,"Toppin, Obi",Out,Injury/Illness -,"Toppin, Obi Out Injury/Illness - "
2026-01-13,"Christie, Max",Doubtful,Injury/Illness -,"Christie, Max Doubtful Injury/Illness - "
2026-01-13,"Cisse, Moussa",Questionable,G,"Cisse, Moussa Questionable G "
2026-01-13,"Davis, Anthony",Out,Injury/Illness -,"Davis, Anthony Out Injury/Illness - "
2026-01-13,"Exum, Dante",Out,Injury/Illness -,"Exum, Dante Out Injury/Illness - "
2026-01-13,"Irving, Kyrie",Out,Injury/Illness -,"Irving, Kyrie Out Injury/Illness - "
2026-01-13,"Kelly, Miles",Questionable,G,"Kelly, Miles Questionable G "
2026-01-13,"Lively II, Dereck",Out,Injury/Illness -,"Lively II, Dereck Out Injury/Illness - "
2026-01-13,"Williams, Brandon",Questionable,Injury/Illness -,"Williams, Brandon Questionable Injury/Illness - "
2026-01-14,"Livingston, Chris",Out,G,"Livingston, Chris Out G "
2026-01-14,"Strus, Max",Out,Injury/Illness -,"Strus, Max Out Injury/Illness - "
2026-01-14,"Travers, Luke",Out,G,"Travers, Luke Out G "
2026-01-14,"Wade, Dean",Out,Injury/Illness -,"Wade, Dean Out Injury/Illness - "
2026-01-14,"Beauchamp, MarJon",Out,G,"Beauchamp, MarJon Out G "
2026-01-14,"Broome, Johni",Out,G,"Broome, Johni Out G "
2026-01-14,"Edgecombe, VJ",Probable,Injury/Illness -,"Edgecombe, VJ Probable Injury/Illness - "
2026-01-14,"Embiid, Joel",Probable,Injury/Illness -,"Embiid, Joel Probable Injury/Illness - "
2026-01-14,"George, Paul",Probable,Injury/Illness -,"George, Paul Probable Injury/Illness - "
2026-01-14,"Oubre Jr., Kelly",Probable,Injury/Illness -,"Oubre Jr., Kelly Probable Injury/Illness - "
2026-01-14,"Barrett, RJ",Out,Injury/Illness -,"Barrett, RJ Out Injury/Illness - "
2026-01-14,"Hepburn, Chucky",Out,G,"Hepburn, Chucky Out G "
2026-01-14,"Mamukelashvili, Sandro",Questionable,Injury/Illness -,"Mamukelashvili, Sandro Questionable Injury/Illness - "
2026-01-14,"Poeltl, Jakob",Out,Injury/Illness -,"Poeltl, Jakob Out Injury/Illness - "
2026-01-14,"Quickley, Immanuel",Questionable,Injury/Illness -,"Quickley, Immanuel Questionable Injury/Illness - "
2026-01-14,"Temple, Garrett",Questionable,Injury/Illness -,"Temple, Garrett Questionable Injury/Illness - "
2026-01-14,"Walter, Ja'Kobe",Out,Injury/Illness -,"Walter, Ja'Kobe Out Injury/Illness - "
2026-01-14,"Haliburton, Tyrese",Out,Injury/Illness -,"Haliburton, Tyrese Out Injury/Illness - "
2026-01-14,"Jackson, Isaiah",Out,Injury/Illness -,"Jackson, Isaiah Out Injury/Illness - "
2026-01-14,"Mathurin, Bennedict",Out,Injury/Illness -,"Mathurin, Bennedict Out Injury/Illness - "
2026-01-14,"Peter, Taelon",Doubtful,G,"Peter, Taelon Doubtful G "
2026-01-14,"Thompson, Ethan",Questionable,G,"Thompson, Ethan Questionable G "
2026-01-14,"Toppin, Obi",Out,Injury/Illness -,"Toppin, Obi Out Injury/Illness - "
2026-01-14,"Highsmith, Haywood",Out,Injury/Illness -,"Highsmith, Haywood Out Injury/Illness - "
2026-01-14,"Saraf, Ben",Out,G,"Saraf, Ben Out G "
2026-01-14,"Williams, Ziaire",Out,Injury/Illness -,"Williams, Ziaire Out Injury/Illness - "
2026-01-14,"Alvarado, Jose",Out,Injury/Illness -,"Alvarado, Jose Out Injury/Illness - "
2026-01-14,"Dickinson, Hunter",Out,G,"Dickinson, Hunter Out G "
2026-01-14,"Jones, Herbert",Out,Injury/Illness -,"Jones, Herbert Out Injury/Illness - "
2026-01-14,"Murray, Dejounte",Out,Injury/Illness -,"Murray, Dejounte Out Injury/Illness - "
2026-01-14,"Harkless, Elijah",Out,G,"Harkless, Elijah Out G "
2026-01-14,"Kessler, Walker",Out,Injury/Illness -,"Kessler, Walker Out Injury/Illness - "
2026-01-14,"Love, Kevin",Out,Rest,"Love, Kevin Out Rest "
2026-01-14,"Markkanen, Lauri",Out,Injury/Illness -,"Markkanen, Lauri Out Injury/Illness - "
2026-01-14,"Niang, Georges",Out,Injury/Illness -,"Niang, Georges Out Injury/Illness - "
2026-01-14,"Tonje, John",Out,G,"Tonje, John Out G "
2026-01-14,"Tshiebwe, Oscar",Out,G,"Tshiebwe, Oscar Out G "
2026-01-14,"Collins, Zach",Out,Injury/Illness -,"Collins, Zach Out Injury/Illness - "
2026-01-14,"Essengue, Noa",Out,Injury/Illness -,"Essengue, Noa Out Injury/Illness - "
2026-01-14,"Giddey, Josh",Out,Injury/Illness -,"Giddey, Josh Out Injury/Illness - "
2026-01-14,"Kawamura, Yuki",Out,G,"Kawamura, Yuki Out G "
2026-01-14,"Miller, Emanuel",Out,G,"Miller, Emanuel Out G "
2026-01-14,"Olbrich, Lachlan",Out,G,"Olbrich, Lachlan Out G "
2026-01-14,"Phillips, Julian",Questionable,Injury/Illness -,"Phillips, Julian Questionable Injury/Illness - "
2026-01-14,"Bates, Tamar",Out,Injury/Illness -,"Bates, Tamar Out Injury/Illness - "
2026-01-14,"Braun, Christian",Out,Injury/Illness -,"Braun, Christian Out Injury/Illness - "
2026-01-14,"Brown, Bruce",Questionable,Injury/Illness -,"Brown, Bruce Questionable Injury/Illness - "
2026-01-14,"Gordon, Aaron",Probable,Injury/Illness -,"Gordon, Aaron Probable Injury/Illness - "
2026-01-14,"Johnson, Cameron",Out,Injury/Illness -,"Johnson, Cameron Out Injury/Illness - "
2026-01-14,"Jokic, Nikola",Out,Injury/Illness -,"Jokic, Nikola Out Injury/Illness - "
2026-01-14,"Jones, Spencer",Probable,Injury/Illness -,"Jones, Spencer Probable Injury/Illness - "
2026-01-14,"Murray, Jamal",Questionable,Injury/Illness -,"Murray, Jamal Questionable Injury/Illness - "
2026-01-14,"Valanciunas, Jonas",Out,Injury/Illness -,"Valanciunas, Jonas Out Injury/Illness - "
2026-01-14,"Christie, Max",Doubtful,Injury/Illness -,"Christie, Max Doubtful Injury/Illness - "
2026-01-14,"Cisse, Moussa",Questionable,G,"Cisse, Moussa Questionable G "
2026-01-14,"Davis, Anthony",Out,Injury/Illness -,"Davis, Anthony Out Injury/Illness - "
2026-01-14,"Exum, Dante",Out,Injury/Illness -,"Exum, Dante Out Injury/Illness - "
2026-01-14,"Irving, Kyrie",Out,Injury/Illness -,"Irving, Kyrie Out Injury/Illness - "
2026-01-14,"Kelly, Miles",Questionable,G,"Kelly, Miles Questionable G "
2026-01-14,"Lively II, Dereck",Out,Injury/Illness -,"Lively II, Dereck Out Injury/Illness - "
2026-01-14,"Williams, Brandon",Questionable,Injury/Illness -,"Williams, Brandon Questionable Injury/Illness - "
2026-01-14,"Hukporti, Ariel",Questionable,Injury/Illness -,"Hukporti, Ariel Questionable Injury/Illness - "
2026-01-14,"Jemison III, Trey",Out,G,"Jemison III, Trey Out G "
2026-01-14,"Shamet, Landry",Out,Injury/Illness -,"Shamet, Landry Out Injury/Illness - "
2026-01-14,"Murray, Keegan",Out,Injury/Illness -,"Murray, Keegan Out Injury/Illness - "
2026-01-14,"Sabonis, Domantas",Out,Injury/Illness -,"Sabonis, Domantas Out Injury/Illness - "
2026-01-14,"Schroder, Dennis",Out,League,"Schroder, Dennis Out League "
2026-01-14,"Stevens, Isaiah",Out,G,"Stevens, Isaiah Out G "
2026-01-14,"Cooper, Sharife",Out,G,"Cooper, Sharife Out G "
2026-01-14,"Watkins, Jamir",Out,G,"Watkins, Jamir Out G "
2026-01-14,"Whitmore, Cam",Out,Injury/Illness -,"Whitmore, Cam Out Injury/Illness - "
2026-01-14,"Young, Trae",Out,Injury/Illness -,"Young, Trae Out Injury/Illness - "
2026-01-14,"Beal, Bradley",Out,Injury/Illness -,"Beal, Bradley Out Injury/Illness - "
2026-01-14,"Bogdanovic, Bogdan",Out,Injury/Illness -,"Bogdanovic, Bogdan Out Injury/Illness - "
2026-01-14,"Jones Jr., Derrick",Out,Injury/Illness -,"Jones Jr., Derrick Out Injury/Illness - "
2026-01-14,"Leonard, Kawhi",Questionable,Injury/Illness -,"Leonard, Kawhi Questionable Injury/Illness - "
2026-01-14,"Paul, Chris",Out,Not,"Paul, Chris Out Not "
2026-01-14,"Zubac, Ivica",Out,Injury/Illness -,"Zubac, Ivica Out Injury/Illness - "
2026-01-14,"Clarke, Brandon",Out,Injury/Illness -,"Clarke, Brandon Out Injury/Illness - "
2026-01-14,"Edey, Zach",Out,Injury/Illness -,"Edey, Zach Out Injury/Illness - "
2026-01-14,"Jerome, Ty",Out,Injury/Illness -,"Jerome, Ty Out Injury/Illness - "
2026-01-14,"Morant, Ja",Out,Injury/Illness -,"Morant, Ja Out Injury/Illness - "
2026-01-14,"Pippen Jr., Scotty",Out,Injury/Illness -,"Pippen Jr., Scotty Out Injury/Illness - "
2026-01-14,"Castleton, Colin",Out,Injury/Illness -,"Castleton, Colin Out Injury/Illness - "
2026-01-14,"Suggs, Jalen",Out,Injury/Illness -,"Suggs, Jalen Out Injury/Illness - "
2026-01-14,"Booker, Devin",Questionable,Injury/Illness -,"Booker, Devin Questionable Injury/Illness - "
2026-01-14,"Bouyea, Jamaree",Out,Concussion,"Bouyea, Jamaree Out Concussion "
2026-01-14,"Goodwin, Jordan",Available,Injury/Illness -,"Goodwin, Jordan Available Injury/Illness - "
2026-01-14,"Green, Jalen",Out,Injury/Illness -,"Green, Jalen Out Injury/Illness - "
2026-01-14,"Davis, Nigel",Questionable,Injury/Illness -,"Davis, Nigel Questionable Injury/Illness - "
2026-01-14,"O'Neale, Royce",Probable,Injury/Illness -,"O'Neale, Royce Probable Injury/Illness - "
2026-01-14,"Duren, Jalen",Probable,Injury/Illness -,"Duren, Jalen Probable Injury/Illness - "
2026-01-14,"Harris, Tobias",Probable,Injury/Illness -,"Harris, Tobias Probable Injury/Illness - "
2026-01-14,"Jones, Isaac",Out,G,"Jones, Isaac Out G "
2026-01-14,"Klintman, Bobi",Out,G,"Klintman, Bobi Out G "
2026-01-14,"Lanier, Chaz",Out,G,"Lanier, Chaz Out G "
2026-01-14,"Moore Jr., Wendell",Out,G,"Moore Jr., Wendell Out G "
2026-01-14,"Smith, Tolu",Out,G,"Smith, Tolu Out G "
2026-01-14,"Stewart, Isaiah",Probable,Injury/Illness -,"Stewart, Isaiah Probable Injury/Illness - "
2026-01-14,"Minott, Josh",Out,Injury/Illness -,"Minott, Josh Out Injury/Illness - "
2026-01-14,"Tatum, Jayson",Out,Injury/Illness -,"Tatum, Jayson Out Injury/Illness - "
2026-01-14,"Gardner, Myron",Out,G,"Gardner, Myron Out G "
2026-01-14,"Goldin, Vladislav",Out,G,"Goldin, Vladislav Out G "
2026-01-14,"Herro, Tyler",Probable,Injury/Illness -,"Herro, Tyler Probable Injury/Illness - "
2026-01-14,"Jaquez Jr., Jaime",Questionable,Injury/Illness -,"Jaquez Jr., Jaime Questionable Injury/Illness - "
2026-01-14,"Jovic, Nikola",Probable,Injury/Illness -,"Jovic, Nikola Probable Injury/Illness - "
2026-01-14,"Larsson, Pelle",Available,Injury/Illness -,"Larsson, Pelle Available Injury/Illness - "
2026-01-14,"Mitchell, Davion",Doubtful,Injury/Illness -,"Mitchell, Davion Doubtful Injury/Illness - "
2026-01-14,"Powell, Norman",Available,Injury/Illness -,"Powell, Norman Available Injury/Illness - "
2026-01-14,"Rozier, Terry",Out,Not,"Rozier, Terry Out Not "
2026-01-14,"Young, Jahmir",Out,G,"Young, Jahmir Out G "
2026-01-14,"Antetokounmpo, Alex",Out,G,"Antetokounmpo, Alex Out G "
2026-01-14,"Antetokounmpo, Giannis",Probable,Injury/Illness -,"Antetokounmpo, Giannis Probable Injury/Illness - "
2026-01-14,"Prince, Taurean",Out,Injury/Illness -,"Prince, Taurean Out Injury/Illness - "
2026-01-15,"Clarke, Brandon",Out,Injury/Illness -,"Clarke, Brandon Out Injury/Illness - "
2026-01-15,"Edey, Zach",Out,Injury/Illness -,"Edey, Zach Out Injury/Illness - "
2026-01-15,"Jerome, Ty",Out,Injury/Illness -,"Jerome, Ty Out Injury/Illness - "
2026-01-15,"Mashack, Jahmai",Out,G,"Mashack, Jahmai Out G "
2026-01-15,"Morant, Ja",Out,Injury/Illness -,"Morant, Ja Out Injury/Illness - "
2026-01-15,"Pippen Jr., Scotty",Out,Injury/Illness -,"Pippen Jr., Scotty Out Injury/Illness - "
2026-01-15,"Prosper, Olivier- Maxence",Out,G,"Prosper, Olivier- Maxence Out G "
2026-01-15,"Small, Javon",Out,G,"Small, Javon Out G "
2026-01-15,"Castleton, Colin",Out,Injury/Illness -,"Castleton, Colin Out Injury/Illness - "
2026-01-15,"Howard, Jett",Out,Injury/Illness -,"Howard, Jett Out Injury/Illness - "
2026-01-15,"Suggs, Jalen",Out,Injury/Illness -,"Suggs, Jalen Out Injury/Illness - "
2026-01-15,"Booker, Devin",Out,Injury/Illness -,"Booker, Devin Out Injury/Illness - "
2026-01-15,"Bouyea, Jamaree",Out,Concussion,"Bouyea, Jamaree Out Concussion "
2026-01-15,"Goodwin, Jordan",Available,Injury/Illness -,"Goodwin, Jordan Available Injury/Illness - "
2026-01-15,"Green, Jalen",Out,Injury/Illness -,"Green, Jalen Out Injury/Illness - "
2026-01-15,"Davis, Nigel",Questionable,Injury/Illness -,"Davis, Nigel Questionable Injury/Illness - "
2026-01-15,"O'Neale, Royce",Available,Injury/Illness -,"O'Neale, Royce Available Injury/Illness - "
2026-01-15,"Duren, Jalen",Probable,Injury/Illness -,"Duren, Jalen Probable Injury/Illness - "
2026-01-15,"Harris, Tobias",Probable,Injury/Illness -,"Harris, Tobias Probable Injury/Illness - "
2026-01-15,"Jones, Isaac",Out,G,"Jones, Isaac Out G "
2026-01-15,"Klintman, Bobi",Out,G,"Klintman, Bobi Out G "
2026-01-15,"Lanier, Chaz",Out,G,"Lanier, Chaz Out G "
2026-01-15,"Moore Jr., Wendell",Out,G,"Moore Jr., Wendell Out G "
2026-01-15,"Reed, Paul",Out,Personal,"Reed, Paul Out Personal "
2026-01-15,"Smith, Tolu",Out,G,"Smith, Tolu Out G "
2026-01-15,"Stewart, Isaiah",Probable,Injury/Illness -,"Stewart, Isaiah Probable Injury/Illness - "
2026-01-15,"Minott, Josh",Out,Injury/Illness -,"Minott, Josh Out Injury/Illness - "
2026-01-15,"Tatum, Jayson",Out,Injury/Illness -,"Tatum, Jayson Out Injury/Illness - "
2026-01-15,"Gardner, Myron",Out,G,"Gardner, Myron Out G "
2026-01-15,"Goldin, Vladislav",Out,G,"Goldin, Vladislav Out G "
2026-01-15,"Herro, Tyler",Available,Injury/Illness -,"Herro, Tyler Available Injury/Illness - "
2026-01-15,"Jaquez Jr., Jaime",Out,Injury/Illness -,"Jaquez Jr., Jaime Out Injury/Illness - "
2026-01-15,"Jovic, Nikola",Available,Injury/Illness -,"Jovic, Nikola Available Injury/Illness - "
2026-01-15,"Larsson, Pelle",Available,Injury/Illness -,"Larsson, Pelle Available Injury/Illness - "
2026-01-15,"Mitchell, Davion",Out,Injury/Illness -,"Mitchell, Davion Out Injury/Illness - "
2026-01-15,"Powell, Norman",Available,Injury/Illness -,"Powell, Norman Available Injury/Illness - "
2026-01-15,"Rozier, Terry",Out,Not,"Rozier, Terry Out Not "
2026-01-15,"Young, Jahmir",Out,G,"Young, Jahmir Out G "
2026-01-15,"Dort, Luguentz",Questionable,Injury/Illness -,"Dort, Luguentz Questionable Injury/Illness - "
2026-01-15,"Hartenstein, Isaiah",Out,Injury/Illness -,"Hartenstein, Isaiah Out Injury/Illness - "
2026-01-15,"Sorber, Thomas",Out,Injury/Illness -,"Sorber, Thomas Out Injury/Illness - "
2026-01-15,"Topic, Nikola",Out,Injury/Illness -,"Topic, Nikola Out Injury/Illness - "
2026-01-15,"Crawford, Isaiah",Out,G,"Crawford, Isaiah Out G "
2026-01-15,"Eason, Tari",Out,Injury/Illness -,"Eason, Tari Out Injury/Illness - "
2026-01-15,"Smith, Dorian",Out,Injury/Illness -,"Smith, Dorian Out Injury/Illness - "
2026-01-15,"Newton, Tristen",Out,G,"Newton, Tristen Out G "
2026-01-15,"VanVleet, Fred",Out,Injury/Illness -,"VanVleet, Fred Out Injury/Illness - "
2026-01-15,"Antetokounmpo, Alex",Out,G,"Antetokounmpo, Alex Out G "
2026-01-15,"Antetokounmpo, Giannis",Probable,Injury/Illness -,"Antetokounmpo, Giannis Probable Injury/Illness - "
2026-01-15,"Kuzma, Kyle",Questionable,Injury/Illness -,"Kuzma, Kyle Questionable Injury/Illness - "
2026-01-15,"Prince, Taurean",Out,Injury/Illness -,"Prince, Taurean Out Injury/Illness - "
2026-01-15,"Ingram, Harrison",Out,G,"Ingram, Harrison Out G "
2026-01-15,"Garcia, David",Out,G,"Garcia, David Out G "
2026-01-15,"Umude, Stanley",Out,G,"Umude, Stanley Out G "
2026-01-15,"Vassell, Devin",Out,Injury/Illness -,"Vassell, Devin Out Injury/Illness - "
2026-01-15,"Harkless, Elijah",Out,G,"Harkless, Elijah Out G "
2026-01-15,"Kessler, Walker",Out,Injury/Illness -,"Kessler, Walker Out Injury/Illness - "
2026-01-15,"Markkanen, Lauri",Out,Injury/Illness -,"Markkanen, Lauri Out Injury/Illness - "
2026-01-15,"Niang, Georges",Out,Injury/Illness -,"Niang, Georges Out Injury/Illness - "
2026-01-15,"Tonje, John",Out,G,"Tonje, John Out G "
2026-01-15,"Tshiebwe, Oscar",Out,G,"Tshiebwe, Oscar Out G "
2026-01-15,"Christie, Max",Doubtful,Injury/Illness -,"Christie, Max Doubtful Injury/Illness - "
2026-01-15,"Cisse, Moussa",Questionable,G,"Cisse, Moussa Questionable G "
2026-01-15,"Davis, Anthony",Out,Injury/Illness -,"Davis, Anthony Out Injury/Illness - "
2026-01-15,"Exum, Dante",Out,Injury/Illness -,"Exum, Dante Out Injury/Illness - "
2026-01-15,"Flagg, Cooper",Doubtful,Injury/Illness -,"Flagg, Cooper Doubtful Injury/Illness - "
2026-01-15,"Gafford, Daniel",Questionable,Injury/Illness -,"Gafford, Daniel Questionable Injury/Illness - "
2026-01-15,"Irving, Kyrie",Out,Injury/Illness -,"Irving, Kyrie Out Injury/Illness - "
2026-01-15,"Kelly, Miles",Questionable,G,"Kelly, Miles Questionable G "
2026-01-15,"Lively II, Dereck",Out,Injury/Illness -,"Lively II, Dereck Out Injury/Illness - "
2026-01-15,"Dante, N'Faly",Out,Injury/Illness -,"Dante, N'Faly Out Injury/Illness - "
2026-01-15,"Dennis, RayJ",Out,G,"Dennis, RayJ Out G "
2026-01-15,"Djurisic, Nikola",Out,G,"Djurisic, Nikola Out G "
2026-01-15,"Gueye, Mouhamed",Probable,Injury/Illness -,"Gueye, Mouhamed Probable Injury/Illness - "
2026-01-15,"Houstan, Caleb",Out,G,"Houstan, Caleb Out G "
2026-01-15,"Kennard, Luke",Probable,Injury/Illness -,"Kennard, Luke Probable Injury/Illness - "
2026-01-15,"Porzingis, Kristaps",Out,Injury/Illness -,"Porzingis, Kristaps Out Injury/Illness - "
2026-01-15,"Risacher, Zaccharie",Out,Injury/Illness -,"Risacher, Zaccharie Out Injury/Illness - "
2026-01-15,"Avdija, Deni",Out,Injury/Illness -,"Avdija, Deni Out Injury/Illness - "
2026-01-15,"Grant, Jerami",Probable,Injury/Illness -,"Grant, Jerami Probable Injury/Illness - "
2026-01-15,"Henderson, Scoot",Out,Injury/Illness -,"Henderson, Scoot Out Injury/Illness - "
2026-01-15,"Lillard, Damian",Out,Injury/Illness -,"Lillard, Damian Out Injury/Illness - "
2026-01-15,"Murray, Kris",Out,Injury/Illness -,"Murray, Kris Out Injury/Illness - "
2026-01-15,"Thybulle, Matisse",Out,Injury/Illness -,"Thybulle, Matisse Out Injury/Illness - "
2026-01-15,"Wesley, Blake",Out,Injury/Illness -,"Wesley, Blake Out Injury/Illness - "
2026-01-15,"Brunson, Jalen",Out,Injury/Illness -,"Brunson, Jalen Out Injury/Illness - "
2026-01-15,"Jemison III, Trey",Out,G,"Jemison III, Trey Out G "
2026-01-15,"Robinson, Mitchell",Out,Injury/Illness -,"Robinson, Mitchell Out Injury/Illness - "
2026-01-15,"Shamet, Landry",Questionable,Injury/Illness -,"Shamet, Landry Questionable Injury/Illness - "
2026-01-15,"Cryer, LJ",Out,G,"Cryer, LJ Out G "
2026-01-15,"Curry, Seth",Out,Injury/Illness -,"Curry, Seth Out Injury/Illness - "
2026-01-15,"Leons, Malevy",Out,G,"Leons, Malevy Out G "
2026-01-15,"Diabate, Moussa",Probable,Injury/Illness -,"Diabate, Moussa Probable Injury/Illness - "
2026-01-15,"McNeeley, Liam",Out,G,"McNeeley, Liam Out G "
2026-01-15,"Plumlee, Mason",Out,Injury/Illness -,"Plumlee, Mason Out Injury/Illness - "
2026-01-15,"Reeves, Antonio",Out,G,"Reeves, Antonio Out G "
2026-01-15,"Sexton, Collin",Probable,Injury/Illness -,"Sexton, Collin Probable Injury/Illness - "
2026-01-15,"Simpson, KJ",Out,G,"Simpson, KJ Out G "
2026-01-15,"Hayes, Jaxson",Out,Injury/Illness -,"Hayes, Jaxson Out Injury/Illness - "
2026-01-15,"Reaves, Austin",Out,Injury/Illness -,"Reaves, Austin Out Injury/Illness - "
2026-01-15,"Thiero, Adou",Out,Injury/Illness -,"Thiero, Adou Out Injury/Illness - "
2026-01-15,"Garland, Darius",Out,Injury/Illness -,"Garland, Darius Out Injury/Illness - "
2026-01-15,"Livingston, Chris",Out,G,"Livingston, Chris Out G "
2026-01-15,"Merrill, Sam",Out,Injury/Illness -,"Merrill, Sam Out Injury/Illness - "
2026-01-15,"Strus, Max",Out,Injury/Illness -,"Strus, Max Out Injury/Illness - "
2026-01-15,"Travers, Luke",Out,G,"Travers, Luke Out G "
2026-01-15,"Wade, Dean",Out,Injury/Illness -,"Wade, Dean Out Injury/Illness - "
2026-01-15,"Barlow, Dominick",Questionable,Injury/Illness -,"Barlow, Dominick Questionable Injury/Illness - "
2026-01-15,"Beauchamp, MarJon",Doubtful,G,"Beauchamp, MarJon Doubtful G "
2026-01-15,"Broome, Johni",Doubtful,G,"Broome, Johni Doubtful G "
2026-01-15,"Embiid, Joel",Probable,Injury/Illness -,"Embiid, Joel Probable Injury/Illness - "
2026-01-15,"George, Paul",Probable,Injury/Illness -,"George, Paul Probable Injury/Illness - "
2026-01-15,"Oubre Jr., Kelly",Available,Injury/Illness -,"Oubre Jr., Kelly Available Injury/Illness - "
2026-01-15,"Alvarado, Jose",Out,Injury/Illness -,"Alvarado, Jose Out Injury/Illness - "
2026-01-15,"Dickinson, Hunter",Out,G,"Dickinson, Hunter Out G "
2026-01-15,"Jones, Herbert",Out,Injury/Illness -,"Jones, Herbert Out Injury/Illness - "
2026-01-15,"Murray, Dejounte",Out,Injury/Illness -,"Murray, Dejounte Out Injury/Illness - "
2026-01-15,"Haliburton, Tyrese",Out,Injury/Illness -,"Haliburton, Tyrese Out Injury/Illness - "
2026-01-15,"Jackson, Isaiah",Out,Injury/Illness -,"Jackson, Isaiah Out Injury/Illness - "
2026-01-15,"Mathurin, Bennedict",Out,Injury/Illness -,"Mathurin, Bennedict Out Injury/Illness - "
2026-01-15,"Peter, Taelon",Doubtful,G,"Peter, Taelon Doubtful G "
2026-01-15,"Thompson, Ethan",Questionable,G,"Thompson, Ethan Questionable G "
2026-01-15,"Toppin, Obi",Out,Injury/Illness -,"Toppin, Obi Out Injury/Illness - "
2026-01-15,"Collins, Zach",Out,Injury/Illness -,"Collins, Zach Out Injury/Illness - "
2026-01-15,"Essengue, Noa",Out,Injury/Illness -,"Essengue, Noa Out Injury/Illness - "
2026-01-15,"Giddey, Josh",Out,Injury/Illness -,"Giddey, Josh Out Injury/Illness - "
2026-01-15,"Huerter, Kevin",Probable,Injury/Illness -,"Huerter, Kevin Probable Injury/Illness - "
2026-01-15,"Kawamura, Yuki",Out,G,"Kawamura, Yuki Out G "
2026-01-15,"Miller, Emanuel",Out,G,"Miller, Emanuel Out G "
2026-01-15,"Olbrich, Lachlan",Out,G,"Olbrich, Lachlan Out G "
2026-01-15,"Phillips, Julian",Questionable,Injury/Illness -,"Phillips, Julian Questionable Injury/Illness - "
2026-01-15,"Highsmith, Haywood",Out,Injury/Illness -,"Highsmith, Haywood Out Injury/Illness - "
2026-01-15,"Saraf, Ben",Out,G,"Saraf, Ben Out G "
2026-01-15,"Williams, Ziaire",Out,Return to,"Williams, Ziaire Out Return to "
2026-01-15,"Beal, Bradley",Out,Injury/Illness -,"Beal, Bradley Out Injury/Illness - "
2026-01-15,"Bogdanovic, Bogdan",Out,Injury/Illness -,"Bogdanovic, Bogdan Out Injury/Illness - "
2026-01-15,"Collins, John",Questionable,Injury/Illness -,"Collins, John Questionable Injury/Illness - "
2026-01-15,"Jones Jr., Derrick",Out,Injury/Illness -,"Jones Jr., Derrick Out Injury/Illness - "
2026-01-15,"Leonard, Kawhi",Questionable,Injury/Illness -,"Leonard, Kawhi Questionable Injury/Illness - "
2026-01-15,"Paul, Chris",Out,Not,"Paul, Chris Out Not "
2026-01-15,"Zubac, Ivica",Questionable,Injury/Illness -,"Zubac, Ivica Questionable Injury/Illness - "
2026-01-15,"Barrett, RJ",Out,Injury/Illness -,"Barrett, RJ Out Injury/Illness - "
2026-01-15,"Battle, Jamison",Doubtful,Injury/Illness -,"Battle, Jamison Doubtful Injury/Illness - "
2026-01-15,"Hepburn, Chucky",Out,G,"Hepburn, Chucky Out G "
2026-01-15,"Mamukelashvili, Sandro",Questionable,Injury/Illness -,"Mamukelashvili, Sandro Questionable Injury/Illness - "
2026-01-15,"Poeltl, Jakob",Out,Injury/Illness -,"Poeltl, Jakob Out Injury/Illness - "
2026-01-15,"Quickley, Immanuel",Questionable,Injury/Illness -,"Quickley, Immanuel Questionable Injury/Illness - "
2026-01-15,"Temple, Garrett",Questionable,Injury/Illness -,"Temple, Garrett Questionable Injury/Illness - "
2026-01-15,"Walter, Ja'Kobe",Out,Injury/Illness -,"Walter, Ja'Kobe Out Injury/Illness - "
2026-01-16,"Garland, Darius",Out,Injury/Illness -,"Garland, Darius Out Injury/Illness - "
2026-01-16,"Livingston, Chris",Out,G,"Livingston, Chris Out G "
2026-01-16,"Merrill, Sam",Out,Injury/Illness -,"Merrill, Sam Out Injury/Illness - "
2026-01-16,"Strus, Max",Out,Injury/Illness -,"Strus, Max Out Injury/Illness - "
2026-01-16,"Travers, Luke",Out,G,"Travers, Luke Out G "
2026-01-16,"Wade, Dean",Out,Injury/Illness -,"Wade, Dean Out Injury/Illness - "
2026-01-16,"Barlow, Dominick",Available,Injury/Illness -,"Barlow, Dominick Available Injury/Illness - "
2026-01-16,"Beauchamp, MarJon",Out,G,"Beauchamp, MarJon Out G "
2026-01-16,"Broome, Johni",Out,G,"Broome, Johni Out G "
2026-01-16,"Embiid, Joel",Probable,Injury/Illness -,"Embiid, Joel Probable Injury/Illness - "
2026-01-16,"George, Paul",Probable,Injury/Illness -,"George, Paul Probable Injury/Illness - "
2026-01-16,"Oubre Jr., Kelly",Available,Injury/Illness -,"Oubre Jr., Kelly Available Injury/Illness - "
2026-01-16,"Alvarado, Jose",Out,Injury/Illness -,"Alvarado, Jose Out Injury/Illness - "
2026-01-16,"Dickinson, Hunter",Out,G,"Dickinson, Hunter Out G "
2026-01-16,"Jones, Herbert",Out,Injury/Illness -,"Jones, Herbert Out Injury/Illness - "
2026-01-16,"Murray, Dejounte",Out,Injury/Illness -,"Murray, Dejounte Out Injury/Illness - "
2026-01-16,"Haliburton, Tyrese",Out,Injury/Illness -,"Haliburton, Tyrese Out Injury/Illness - "
2026-01-16,"Jackson, Isaiah",Out,Injury/Illness -,"Jackson, Isaiah Out Injury/Illness - "
2026-01-16,"Jones, Kam",Questionable,Injury/Illness -,"Jones, Kam Questionable Injury/Illness - "
2026-01-16,"Mathurin, Bennedict",Out,Injury/Illness -,"Mathurin, Bennedict Out Injury/Illness - "
2026-01-16,"Peter, Taelon",Doubtful,G,"Peter, Taelon Doubtful G "
2026-01-16,"Thompson, Ethan",Questionable,G,"Thompson, Ethan Questionable G "
2026-01-16,"Toppin, Obi",Out,Injury/Illness -,"Toppin, Obi Out Injury/Illness - "
2026-01-16,"Collins, Zach",Out,Injury/Illness -,"Collins, Zach Out Injury/Illness - "
2026-01-16,"Essengue, Noa",Out,Injury/Illness -,"Essengue, Noa Out Injury/Illness - "
2026-01-16,"Giddey, Josh",Out,Injury/Illness -,"Giddey, Josh Out Injury/Illness - "
2026-01-16,"Huerter, Kevin",Probable,Injury/Illness -,"Huerter, Kevin Probable Injury/Illness - "
2026-01-16,"Kawamura, Yuki",Out,G,"Kawamura, Yuki Out G "
2026-01-16,"Miller, Emanuel",Out,G,"Miller, Emanuel Out G "
2026-01-16,"Olbrich, Lachlan",Out,G,"Olbrich, Lachlan Out G "
2026-01-16,"Phillips, Julian",Questionable,Injury/Illness -,"Phillips, Julian Questionable Injury/Illness - "
2026-01-16,"Etienne, Tyson",Out,G,"Etienne, Tyson Out G "
2026-01-16,"Highsmith, Haywood",Out,Injury/Illness -,"Highsmith, Haywood Out Injury/Illness - "
2026-01-16,"Johnson, Chaney",Out,G,"Johnson, Chaney Out G "
2026-01-16,"Saraf, Ben",Out,G,"Saraf, Ben Out G "
2026-01-16,"Williams, Ziaire",Out,Return to,"Williams, Ziaire Out Return to "
2026-01-16,"Beal, Bradley",Out,Injury/Illness -,"Beal, Bradley Out Injury/Illness - "
2026-01-16,"Bogdanovic, Bogdan",Out,Injury/Illness -,"Bogdanovic, Bogdan Out Injury/Illness - "
2026-01-16,"Collins, John",Questionable,Injury/Illness -,"Collins, John Questionable Injury/Illness - "
2026-01-16,"Jones Jr., Derrick",Out,Injury/Illness -,"Jones Jr., Derrick Out Injury/Illness - "
2026-01-16,"Leonard, Kawhi",Out,Injury/Illness -,"Leonard, Kawhi Out Injury/Illness - "
2026-01-16,"Paul, Chris",Out,Not,"Paul, Chris Out Not "
2026-01-16,"Zubac, Ivica",Questionable,Injury/Illness -,"Zubac, Ivica Questionable Injury/Illness - "
2026-01-16,"Barrett, RJ",Out,Injury/Illness -,"Barrett, RJ Out Injury/Illness - "
2026-01-16,"Battle, Jamison",Out,Injury/Illness -,"Battle, Jamison Out Injury/Illness - "
2026-01-16,"Hepburn, Chucky",Out,G,"Hepburn, Chucky Out G "
2026-01-16,"Mamukelashvili, Sandro",Probable,Injury/Illness -,"Mamukelashvili, Sandro Probable Injury/Illness - "
2026-01-16,"Poeltl, Jakob",Out,Injury/Illness -,"Poeltl, Jakob Out Injury/Illness - "
2026-01-16,"Quickley, Immanuel",Doubtful,Injury/Illness -,"Quickley, Immanuel Doubtful Injury/Illness - "
2026-01-16,"Temple, Garrett",Probable,Injury/Illness -,"Temple, Garrett Probable Injury/Illness - "
2026-01-16,"Walter, Ja'Kobe",Out,Injury/Illness -,"Walter, Ja'Kobe Out Injury/Illness - "
2026-01-16,"Edwards, Anthony",Out,Injury/Illness -,"Edwards, Anthony Out Injury/Illness - "
2026-01-16,"Freeman, Enrique",Out,G,"Freeman, Enrique Out G "
2026-01-16,"Shannon Jr., Terrence",Out,Injury/Illness -,"Shannon Jr., Terrence Out Injury/Illness - "
2026-01-16,"Zikarsky, Rocco",Out,G,"Zikarsky, Rocco Out G "
2026-01-16,"Crawford, Isaiah",Out,G,"Crawford, Isaiah Out G "
2026-01-16,"Eason, Tari",Questionable,Injury/Illness -,"Eason, Tari Questionable Injury/Illness - "
2026-01-16,"Newton, Tristen",Out,G,"Newton, Tristen Out G "
2026-01-16,"VanVleet, Fred",Out,Injury/Illness -,"VanVleet, Fred Out Injury/Illness - "
2026-01-16,"Cooper, Sharife",Out,G,"Cooper, Sharife Out G "
2026-01-16,"Coulibaly, Bilal",Out,Injury/Illness -,"Coulibaly, Bilal Out Injury/Illness - "
2026-01-16,"Middleton, Khris",Out,Injury/Illness -,"Middleton, Khris Out Injury/Illness - "
2026-01-16,"Vukcevic, Tristan",Out,Injury/Illness -,"Vukcevic, Tristan Out Injury/Illness - "
2026-01-16,"Whitmore, Cam",Out,Injury/Illness -,"Whitmore, Cam Out Injury/Illness - "
2026-01-16,"Young, Trae",Out,Injury/Illness -,"Young, Trae Out Injury/Illness - "
2026-01-16,"Ellis, Keon",Questionable,Injury/Illness -,"Ellis, Keon Questionable Injury/Illness - "
2026-01-16,"Murray, Keegan",Out,Injury/Illness -,"Murray, Keegan Out Injury/Illness - "
2026-01-16,"Plowden, Daeqwon",Out,G,"Plowden, Daeqwon Out G "
2026-01-16,"Sabonis, Domantas",Questionable,Injury/Illness -,"Sabonis, Domantas Questionable Injury/Illness - "
2026-01-16,"Stevens, Isaiah",Out,G,"Stevens, Isaiah Out G "
2026-01-16,"Christie, Max",Probable,Injury/Illness -,"Christie, Max Probable Injury/Illness - "
2026-01-16,"Cisse, Moussa",Questionable,G,"Cisse, Moussa Questionable G "
2026-01-16,"Davis, Anthony",Out,Injury/Illness -,"Davis, Anthony Out Injury/Illness - "
2026-01-16,"Exum, Dante",Out,Injury/Illness -,"Exum, Dante Out Injury/Illness - "
2026-01-16,"Flagg, Cooper",Doubtful,Injury/Illness -,"Flagg, Cooper Doubtful Injury/Illness - "
2026-01-16,"Gafford, Daniel",Doubtful,Injury/Illness -,"Gafford, Daniel Doubtful Injury/Illness - "
2026-01-16,"Irving, Kyrie",Out,Injury/Illness -,"Irving, Kyrie Out Injury/Illness - "
2026-01-16,"Kelly, Miles",Questionable,G,"Kelly, Miles Questionable G "
2026-01-16,"Lively II, Dereck",Out,Injury/Illness -,"Lively II, Dereck Out Injury/Illness - "
2026-01-16,"Minott, Josh",Out,Injury/Illness -,"Minott, Josh Out Injury/Illness - "
2026-01-16,"Pritchard, Payton",Doubtful,Injury/Illness -,"Pritchard, Payton Doubtful Injury/Illness - "
2026-01-16,"Tatum, Jayson",Out,Injury/Illness -,"Tatum, Jayson Out Injury/Illness - "
2026-01-16,"Daniels, Dyson",Questionable,Injury/Illness -,"Daniels, Dyson Questionable Injury/Illness - "
2026-01-16,"Dante, N'Faly",Out,Injury/Illness -,"Dante, N'Faly Out Injury/Illness - "
2026-01-16,"Dennis, RayJ",Questionable,G,"Dennis, RayJ Questionable G "
2026-01-16,"Djurisic, Nikola",Questionable,G,"Djurisic, Nikola Questionable G "
2026-01-16,"Houstan, Caleb",Questionable,G,"Houstan, Caleb Questionable G "
2026-01-16,"Porzingis, Kristaps",Out,Injury/Illness -,"Porzingis, Kristaps Out Injury/Illness - "
2026-01-16,"Risacher, Zaccharie",Out,Injury/Illness -,"Risacher, Zaccharie Out Injury/Illness - "
2026-01-16,"Cunningham, Cade",Probable,Injury/Illness -,"Cunningham, Cade Probable Injury/Illness - "
2026-01-16,"Jones, Isaac",Out,G,"Jones, Isaac Out G "
2026-01-16,"Klintman, Bobi",Out,G,"Klintman, Bobi Out G "
2026-01-16,"Lanier, Chaz",Out,G,"Lanier, Chaz Out G "
2026-01-16,"Moore Jr., Wendell",Out,G,"Moore Jr., Wendell Out G "
2026-01-16,"Reed, Paul",Questionable,Personal,"Reed, Paul Questionable Personal "
2026-01-16,"Smith, Tolu",Out,G,"Smith, Tolu Out G "
2026-01-16,"Thompson, Ausar",Probable,Injury/Illness -,"Thompson, Ausar Probable Injury/Illness - "
2026-01-16,"Booker, Devin",Questionable,Injury/Illness -,"Booker, Devin Questionable Injury/Illness - "
2026-01-16,"Bouyea, Jamaree",Out,Concussion,"Bouyea, Jamaree Out Concussion "
2026-01-16,"Goodwin, Jordan",Available,Injury/Illness -,"Goodwin, Jordan Available Injury/Illness - "
2026-01-16,"Green, Jalen",Out,Injury/Illness -,"Green, Jalen Out Injury/Illness - "
2026-01-16,"Brunson, Jalen",Questionable,Injury/Illness -,"Brunson, Jalen Questionable Injury/Illness - "
2026-01-16,"Jemison III, Trey",Out,G,"Jemison III, Trey Out G "
2026-01-16,"Hartenstein, Isaiah",Out,Injury/Illness -,"Hartenstein, Isaiah Out Injury/Illness - "
2026-01-16,"Sorber, Thomas",Out,Injury/Illness -,"Sorber, Thomas Out Injury/Illness - "
2026-01-16,"Topic, Nikola",Out,Injury/Illness -,"Topic, Nikola Out Injury/Illness - "
2026-01-16,"Gardner, Myron",Out,G,"Gardner, Myron Out G "
2026-01-16,"Goldin, Vladislav",Out,G,"Goldin, Vladislav Out G "
2026-01-16,"Herro, Tyler",Questionable,Injury/Illness -,"Herro, Tyler Questionable Injury/Illness - "
2026-01-16,"Jaquez Jr., Jaime",Out,Injury/Illness -,"Jaquez Jr., Jaime Out Injury/Illness - "
2026-01-16,"Jovic, Nikola",Available,Injury/Illness -,"Jovic, Nikola Available Injury/Illness - "
2026-01-16,"Larsson, Pelle",Available,Injury/Illness -,"Larsson, Pelle Available Injury/Illness - "
2026-01-16,"Mitchell, Davion",Out,Injury/Illness -,"Mitchell, Davion Out Injury/Illness - "
2026-01-16,"Rozier, Terry",Out,Not,"Rozier, Terry Out Not "
2026-01-16,"Young, Jahmir",Out,G,"Young, Jahmir Out G "
2026-01-17,"Harkless, Elijah",Out,G,"Harkless, Elijah Out G "
2026-01-17,"Kessler, Walker",Out,Injury/Illness -,"Kessler, Walker Out Injury/Illness - "
2026-01-17,"Markkanen, Lauri",Out,Injury/Illness -,"Markkanen, Lauri Out Injury/Illness - "
2026-01-17,"Niang, Georges",Out,Injury/Illness -,"Niang, Georges Out Injury/Illness - "
2026-01-17,"Tonje, John",Out,G,"Tonje, John Out G "
2026-01-17,"Tshiebwe, Oscar",Out,G,"Tshiebwe, Oscar Out G "
2026-01-17,"Christie, Max",Available,Injury/Illness -,"Christie, Max Available Injury/Illness - "
2026-01-17,"Cisse, Moussa",Available,G,"Cisse, Moussa Available G "
2026-01-17,"Davis, Anthony",Out,Injury/Illness -,"Davis, Anthony Out Injury/Illness - "
2026-01-17,"Exum, Dante",Out,Injury/Illness -,"Exum, Dante Out Injury/Illness - "
2026-01-17,"Flagg, Cooper",Out,Injury/Illness -,"Flagg, Cooper Out Injury/Illness - "
2026-01-17,"Gafford, Daniel",Out,Injury/Illness -,"Gafford, Daniel Out Injury/Illness - "
2026-01-17,"Irving, Kyrie",Out,Injury/Illness -,"Irving, Kyrie Out Injury/Illness - "
2026-01-17,"Kelly, Miles",Available,G,"Kelly, Miles Available G "
2026-01-17,"Lively II, Dereck",Out,Injury/Illness -,"Lively II, Dereck Out Injury/Illness - "
2026-01-17,"Russell, D'Angelo",Out,Injury/Illness -,"Russell, D'Angelo Out Injury/Illness - "
2026-01-17,"Boucher, Chris",Out,Injury/Illness -,"Boucher, Chris Out Injury/Illness - "
2026-01-17,"Minott, Josh",Out,Injury/Illness -,"Minott, Josh Out Injury/Illness - "
2026-01-17,"Pritchard, Payton",Out,Injury/Illness -,"Pritchard, Payton Out Injury/Illness - "
2026-01-17,"Tatum, Jayson",Out,Injury/Illness -,"Tatum, Jayson Out Injury/Illness - "
2026-01-17,"Daniels, Dyson",Questionable,Injury/Illness -,"Daniels, Dyson Questionable Injury/Illness - "
2026-01-17,"Dante, N'Faly",Out,Injury/Illness -,"Dante, N'Faly Out Injury/Illness - "
2026-01-17,"Dennis, RayJ",Available,G,"Dennis, RayJ Available G "
2026-01-17,"Djurisic, Nikola",Out,G,"Djurisic, Nikola Out G "
2026-01-17,"Houstan, Caleb",Available,G,"Houstan, Caleb Available G "
2026-01-17,"Porzingis, Kristaps",Out,Injury/Illness -,"Porzingis, Kristaps Out Injury/Illness - "
2026-01-17,"Risacher, Zaccharie",Out,Injury/Illness -,"Risacher, Zaccharie Out Injury/Illness - "
2026-01-17,"Haliburton, Tyrese",Out,Injury/Illness -,"Haliburton, Tyrese Out Injury/Illness - "
2026-01-17,"Jackson, Isaiah",Questionable,Injury/Illness -,"Jackson, Isaiah Questionable Injury/Illness - "
2026-01-17,"Mathurin, Bennedict",Out,Injury/Illness -,"Mathurin, Bennedict Out Injury/Illness - "
2026-01-17,"Nembhard, Andrew",Out,Injury/Illness -,"Nembhard, Andrew Out Injury/Illness - "
2026-01-17,"Nesmith, Aaron",Out,Rest,"Nesmith, Aaron Out Rest "
2026-01-17,"Peter, Taelon",Probable,G,"Peter, Taelon Probable G "
2026-01-17,"Siakam, Pascal",Out,Rest,"Siakam, Pascal Out Rest "
2026-01-17,"Thompson, Ethan",Probable,G,"Thompson, Ethan Probable G "
2026-01-17,"Toppin, Obi",Out,Injury/Illness -,"Toppin, Obi Out Injury/Illness - "
2026-01-17,"Cunningham, Cade",Probable,Injury/Illness -,"Cunningham, Cade Probable Injury/Illness - "
2026-01-17,"Jones, Isaac",Out,G,"Jones, Isaac Out G "
2026-01-17,"Klintman, Bobi",Out,G,"Klintman, Bobi Out G "
2026-01-17,"Lanier, Chaz",Out,G,"Lanier, Chaz Out G "
2026-01-17,"Moore Jr., Wendell",Out,G,"Moore Jr., Wendell Out G "
2026-01-17,"Reed, Paul",Probable,Personal,"Reed, Paul Probable Personal "
2026-01-17,"Smith, Tolu",Out,G,"Smith, Tolu Out G "
2026-01-17,"Thompson, Ausar",Probable,Injury/Illness -,"Thompson, Ausar Probable Injury/Illness - "
2026-01-17,"Booker, Devin",Questionable,Injury/Illness -,"Booker, Devin Questionable Injury/Illness - "
2026-01-17,"Bouyea, Jamaree",Out,Concussion,"Bouyea, Jamaree Out Concussion "
2026-01-17,"Goodwin, Jordan",Available,Injury/Illness -,"Goodwin, Jordan Available Injury/Illness - "
2026-01-17,"Green, Jalen",Out,Injury/Illness -,"Green, Jalen Out Injury/Illness - "
2026-01-17,"Brunson, Jalen",Questionable,Injury/Illness -,"Brunson, Jalen Questionable Injury/Illness - "
2026-01-17,"Hart, Josh",Questionable,Injury/Illness -,"Hart, Josh Questionable Injury/Illness - "
2026-01-17,"Jemison III, Trey",Out,G,"Jemison III, Trey Out G "
2026-01-17,"Edwards, Anthony",Available,Injury/Illness -,"Edwards, Anthony Available Injury/Illness - "
2026-01-17,"Freeman, Enrique",Out,G,"Freeman, Enrique Out G "
2026-01-17,"Gobert, Rudy",Questionable,Injury/Illness -,"Gobert, Rudy Questionable Injury/Illness - "
2026-01-17,"Ingles, Joe",Out,Personal,"Ingles, Joe Out Personal "
2026-01-17,"Shannon Jr., Terrence",Out,Injury/Illness -,"Shannon Jr., Terrence Out Injury/Illness - "
2026-01-17,"Zikarsky, Rocco",Out,G,"Zikarsky, Rocco Out G "
2026-01-17,"Castle, Stephon",Questionable,"Injury/Illness - "" ""","Castle, Stephon Questionable Injury/Illness - "" ""; "
2026-01-17,"Ingram, Harrison",Questionable,G,"Ingram, Harrison Questionable G "
2026-01-17,"Garcia, David",Out,G,"Garcia, David Out G "
2026-01-17,"Umude, Stanley",Questionable,G,"Umude, Stanley Questionable G "
2026-01-17,"Vassell, Devin",Out,Injury/Illness -,"Vassell, Devin Out Injury/Illness - "
2026-01-17,"Hartenstein, Isaiah",Out,Injury/Illness -,"Hartenstein, Isaiah Out Injury/Illness - "
2026-01-17,"Sorber, Thomas",Out,Injury/Illness -,"Sorber, Thomas Out Injury/Illness - "
2026-01-17,"Topic, Nikola",Out,Injury/Illness -,"Topic, Nikola Out Injury/Illness - "
2026-01-17,"Gardner, Myron",Available,G,"Gardner, Myron Available G "
2026-01-17,"Goldin, Vladislav",Out,G,"Goldin, Vladislav Out G "
2026-01-17,"Herro, Tyler",Questionable,Injury/Illness -,"Herro, Tyler Questionable Injury/Illness - "
2026-01-17,"Jaquez Jr., Jaime",Out,Injury/Illness -,"Jaquez Jr., Jaime Out Injury/Illness - "
2026-01-17,"Jovic, Nikola",Questionable,Injury/Illness -,"Jovic, Nikola Questionable Injury/Illness - "
2026-01-17,"Larsson, Pelle",Available,Injury/Illness -,"Larsson, Pelle Available Injury/Illness - "
2026-01-17,"Mitchell, Davion",Out,Injury/Illness -,"Mitchell, Davion Out Injury/Illness - "
2026-01-17,"Rozier, Terry",Out,Not,"Rozier, Terry Out Not "
2026-01-17,"Young, Jahmir",Out,G,"Young, Jahmir Out G "
2026-01-17,"Diabate, Moussa",Out,Injury/Illness -,"Diabate, Moussa Out Injury/Illness - "
2026-01-17,"McNeeley, Liam",Out,G,"McNeeley, Liam Out G "
2026-01-17,"Plumlee, Mason",Out,Injury/Illness -,"Plumlee, Mason Out Injury/Illness - "
2026-01-17,"Reeves, Antonio",Out,G,"Reeves, Antonio Out G "
2026-01-17,"Simpson, KJ",Out,G,"Simpson, KJ Out G "
2026-01-17,"Cryer, LJ",Out,G,"Cryer, LJ Out G "
2026-01-17,"Curry, Seth",Out,Injury/Illness -,"Curry, Seth Out Injury/Illness - "
2026-01-17,"Leons, Malevy",Out,G,"Leons, Malevy Out G "
2026-01-17,"Santos, Gui",Out,Injury/Illness -,"Santos, Gui Out Injury/Illness - "
2026-01-17,"Cooper, Sharife",Out,G,"Cooper, Sharife Out G "
2026-01-17,"Coulibaly, Bilal",Out,Injury/Illness -,"Coulibaly, Bilal Out Injury/Illness - "
2026-01-17,"Vukcevic, Tristan",Out,Injury/Illness -,"Vukcevic, Tristan Out Injury/Illness - "
2026-01-17,"Whitmore, Cam",Out,Injury/Illness -,"Whitmore, Cam Out Injury/Illness - "
2026-01-17,"Young, Trae",Out,Injury/Illness -,"Young, Trae Out Injury/Illness - "
2026-01-17,"Bates, Tamar",Out,Injury/Illness -,"Bates, Tamar Out Injury/Illness - "
2026-01-17,"Braun, Christian",Out,Injury/Illness -,"Braun, Christian Out Injury/Illness - "
2026-01-17,"Brown, Bruce",Probable,Injury/Illness -,"Brown, Bruce Probable Injury/Illness - "
2026-01-17,"Gordon, Aaron",Probable,Injury/Illness -,"Gordon, Aaron Probable Injury/Illness - "
2026-01-17,"Johnson, Cameron",Out,Injury/Illness -,"Johnson, Cameron Out Injury/Illness - "
2026-01-17,"Jokic, Nikola",Out,Injury/Illness -,"Jokic, Nikola Out Injury/Illness - "
2026-01-17,"Jones, Curtis",Out,G,"Jones, Curtis Out G "
2026-01-17,"Murray, Jamal",Probable,Injury/Illness -,"Murray, Jamal Probable Injury/Illness - "
2026-01-17,"Valanciunas, Jonas",Out,Injury/Illness -,"Valanciunas, Jonas Out Injury/Illness - "
2026-01-17,"Ayton, Deandre",Questionable,Injury/Illness -,"Ayton, Deandre Questionable Injury/Illness - "
2026-01-17,"Doncic, Luka",Out,Injury/Illness -,"Doncic, Luka Out Injury/Illness - "
2026-01-17,"Hayes, Jaxson",Out,Injury/Illness -,"Hayes, Jaxson Out Injury/Illness - "
2026-01-17,"Reaves, Austin",Out,Injury/Illness -,"Reaves, Austin Out Injury/Illness - "
2026-01-17,"Thiero, Adou",Out,Injury/Illness -,"Thiero, Adou Out Injury/Illness - "
2026-01-17,"Avdija, Deni",Out,Injury/Illness -,"Avdija, Deni Out Injury/Illness - "
2026-01-17,"Grant, Jerami",Probable,Injury/Illness -,"Grant, Jerami Probable Injury/Illness - "
2026-01-17,"Henderson, Scoot",Out,Injury/Illness -,"Henderson, Scoot Out Injury/Illness - "
2026-01-17,"Holiday, Jrue",Probable,Injury/Illness -,"Holiday, Jrue Probable Injury/Illness - "
2026-01-17,"Lillard, Damian",Out,Injury/Illness -,"Lillard, Damian Out Injury/Illness - "
2026-01-17,"Murray, Kris",Out,Injury/Illness -,"Murray, Kris Out Injury/Illness - "
2026-01-17,"Thybulle, Matisse",Out,Injury/Illness -,"Thybulle, Matisse Out Injury/Illness - "
2026-01-17,"Wesley, Blake",Out,Injury/Illness -,"Wesley, Blake Out Injury/Illness - "
2026-01-17,"Yang, Hansen",Available,G,"Yang, Hansen Available G "
2026-01-17,"Etienne, Tyson",Out,G,"Etienne, Tyson Out G "
2026-01-17,"Highsmith, Haywood",Out,Injury/Illness -,"Highsmith, Haywood Out Injury/Illness - "
2026-01-17,"Johnson, Chaney",Out,G,"Johnson, Chaney Out G "
2026-01-17,"Porter Jr., Michael",Out,Rest,"Porter Jr., Michael Out Rest "
2026-01-17,"Powell, Drake",Out,Injury/Illness -,"Powell, Drake Out Injury/Illness - "
2026-01-17,"Saraf, Ben",Out,G,"Saraf, Ben Out G "
2026-01-17,"Williams, Ziaire",Out,Return to,"Williams, Ziaire Out Return to "
2026-01-17,"Collins, Zach",Out,Injury/Illness -,"Collins, Zach Out Injury/Illness - "
2026-01-17,"Essengue, Noa",Out,Injury/Illness -,"Essengue, Noa Out Injury/Illness - "
2026-01-17,"Giddey, Josh",Doubtful,Injury/Illness -,"Giddey, Josh Doubtful Injury/Illness - "
2026-01-17,"Kawamura, Yuki",Out,G,"Kawamura, Yuki Out G "
2026-01-17,"Miller, Emanuel",Out,G,"Miller, Emanuel Out G "
2026-01-17,"Williams, Patrick",Questionable,Injury/Illness -,"Williams, Patrick Questionable Injury/Illness - "
2026-01-17,"Crawford, Isaiah",Out,G,"Crawford, Isaiah Out G "
2026-01-17,"Eason, Tari",Questionable,Injury/Illness -,"Eason, Tari Questionable Injury/Illness - "
2026-01-17,"Newton, Tristen",Out,G,"Newton, Tristen Out G "
2026-01-17,"VanVleet, Fred",Out,Injury/Illness -,"VanVleet, Fred Out Injury/Illness - "
2026-01-17,"Castleton, Colin",Out,Injury/Illness -,"Castleton, Colin Out Injury/Illness - "
2026-01-17,"Howard, Jett",Questionable,Injury/Illness -,"Howard, Jett Questionable Injury/Illness - "
2026-01-17,"Suggs, Jalen",Out,Injury/Illness -,"Suggs, Jalen Out Injury/Illness - "
2026-01-17,"Aldama, Santi",Questionable,Injury/Illness -,"Aldama, Santi Questionable Injury/Illness - "
2026-01-17,"Clarke, Brandon",Out,Injury/Illness -,"Clarke, Brandon Out Injury/Illness - "
2026-01-17,"Edey, Zach",Out,Injury/Illness -,"Edey, Zach Out Injury/Illness - "
2026-01-17,"Jerome, Ty",Out,Injury/Illness -,"Jerome, Ty Out Injury/Illness - "
2026-01-17,"Morant, Ja",Probable,Injury/Illness -,"Morant, Ja Probable Injury/Illness - "
2026-01-17,"Pippen Jr., Scotty",Out,Injury/Illness -,"Pippen Jr., Scotty Out Injury/Illness - "
2026-01-18,"Etienne, Tyson",Out,G,"Etienne, Tyson Out G "
2026-01-18,"Highsmith, Haywood",Out,Injury/Illness -,"Highsmith, Haywood Out Injury/Illness - "
2026-01-18,"Johnson, Chaney",Out,G,"Johnson, Chaney Out G "
2026-01-18,"Porter Jr., Michael",Out,Rest,"Porter Jr., Michael Out Rest "
2026-01-18,"Powell, Drake",Out,Injury/Illness -,"Powell, Drake Out Injury/Illness - "
2026-01-18,"Saraf, Ben",Out,G,"Saraf, Ben Out G "
2026-01-18,"Williams, Ziaire",Out,Return to,"Williams, Ziaire Out Return to "
2026-01-18,"Collins, Zach",Out,Injury/Illness -,"Collins, Zach Out Injury/Illness - "
2026-01-18,"Essengue, Noa",Out,Injury/Illness -,"Essengue, Noa Out Injury/Illness - "
2026-01-18,"Giddey, Josh",Out,Injury/Illness -,"Giddey, Josh Out Injury/Illness - "
2026-01-18,"Kawamura, Yuki",Out,G,"Kawamura, Yuki Out G "
2026-01-18,"Miller, Emanuel",Out,G,"Miller, Emanuel Out G "
2026-01-18,"Williams, Patrick",Out,Injury/Illness -,"Williams, Patrick Out Injury/Illness - "
2026-01-18,"Alexander, Trey",Out,G,"Alexander, Trey Out G "
2026-01-18,"Alvarado, Jose",Out,Injury/Illness -,"Alvarado, Jose Out Injury/Illness - "
2026-01-18,"Dickinson, Hunter",Out,G,"Dickinson, Hunter Out G "
2026-01-18,"Jones, Herbert",Out,Injury/Illness -,"Jones, Herbert Out Injury/Illness - "
2026-01-18,"Murray, Dejounte",Out,Injury/Illness -,"Murray, Dejounte Out Injury/Illness - "
2026-01-18,"Crawford, Isaiah",Out,G,"Crawford, Isaiah Out G "
2026-01-18,"Eason, Tari",Questionable,Injury/Illness -,"Eason, Tari Questionable Injury/Illness - "
2026-01-18,"Newton, Tristen",Out,G,"Newton, Tristen Out G "
2026-01-18,"VanVleet, Fred",Out,Injury/Illness -,"VanVleet, Fred Out Injury/Illness - "
2026-01-18,"Diabate, Moussa",Probable,Injury/Illness -,"Diabate, Moussa Probable Injury/Illness - "
2026-01-18,"McNeeley, Liam",Out,G,"McNeeley, Liam Out G "
2026-01-18,"Plumlee, Mason",Out,Injury/Illness -,"Plumlee, Mason Out Injury/Illness - "
2026-01-18,"Reeves, Antonio",Out,G,"Reeves, Antonio Out G "
2026-01-18,"Simpson, KJ",Out,G,"Simpson, KJ Out G "
2026-01-18,"Williams, Grant",Out,Injury/Illness -,"Williams, Grant Out Injury/Illness - "
2026-01-18,"Bates, Tamar",Out,Injury/Illness -,"Bates, Tamar Out Injury/Illness - "
2026-01-18,"Braun, Christian",Out,Injury/Illness -,"Braun, Christian Out Injury/Illness - "
2026-01-18,"Brown, Bruce",Probable,Injury/Illness -,"Brown, Bruce Probable Injury/Illness - "
2026-01-18,"Gordon, Aaron",Questionable,Injury/Illness -,"Gordon, Aaron Questionable Injury/Illness - "
2026-01-18,"Johnson, Cameron",Out,Injury/Illness -,"Johnson, Cameron Out Injury/Illness - "
2026-01-18,"Jokic, Nikola",Out,Injury/Illness -,"Jokic, Nikola Out Injury/Illness - "
2026-01-18,"Jones, Curtis",Out,G,"Jones, Curtis Out G "
2026-01-18,"Murray, Jamal",Probable,Injury/Illness -,"Murray, Jamal Probable Injury/Illness - "
2026-01-18,"Valanciunas, Jonas",Out,Injury/Illness -,"Valanciunas, Jonas Out Injury/Illness - "
2026-01-18,"Avdija, Deni",Questionable,Injury/Illness -,"Avdija, Deni Questionable Injury/Illness - "
2026-01-18,"Grant, Jerami",Doubtful,Injury/Illness -,"Grant, Jerami Doubtful Injury/Illness - "
2026-01-18,"Henderson, Scoot",Out,Injury/Illness -,"Henderson, Scoot Out Injury/Illness - "
2026-01-18,"Holiday, Jrue",Doubtful,Injury/Illness -,"Holiday, Jrue Doubtful Injury/Illness - "
2026-01-18,"Lillard, Damian",Out,Injury/Illness -,"Lillard, Damian Out Injury/Illness - "
2026-01-18,"Murray, Kris",Out,Injury/Illness -,"Murray, Kris Out Injury/Illness - "
2026-01-18,"Thybulle, Matisse",Out,Injury/Illness -,"Thybulle, Matisse Out Injury/Illness - "
2026-01-18,"Wesley, Blake",Out,Injury/Illness -,"Wesley, Blake Out Injury/Illness - "
2026-01-18,"Williams III, Robert",Doubtful,Injury/Illness -,"Williams III, Robert Doubtful Injury/Illness - "
2026-01-18,"Ellis, Keon",Out,Injury/Illness -,"Ellis, Keon Out Injury/Illness - "
2026-01-18,"Murray, Keegan",Out,Injury/Illness -,"Murray, Keegan Out Injury/Illness - "
2026-01-18,"Plowden, Daeqwon",Out,G,"Plowden, Daeqwon Out G "
2026-01-18,"Stevens, Isaiah",Out,G,"Stevens, Isaiah Out G "
2026-01-18,"Barrett, RJ",Out,Injury/Illness -,"Barrett, RJ Out Injury/Illness - "
2026-01-18,"Battle, Jamison",Probable,Injury/Illness -,"Battle, Jamison Probable Injury/Illness - "
2026-01-18,"Hepburn, Chucky",Out,G,"Hepburn, Chucky Out G "
2026-01-18,"Poeltl, Jakob",Out,Injury/Illness -,"Poeltl, Jakob Out Injury/Illness - "
2026-01-18,"Quickley, Immanuel",Questionable,Injury/Illness -,"Quickley, Immanuel Questionable Injury/Illness - "
2026-01-18,"Walter, Ja'Kobe",Out,Injury/Illness -,"Walter, Ja'Kobe Out Injury/Illness - "
2026-01-18,"Doncic, Luka",Questionable,Injury/Illness -,"Doncic, Luka Questionable Injury/Illness - "
2026-01-18,"James, LeBron",Questionable,Injury/Illness -,"James, LeBron Questionable Injury/Illness - "
2026-01-18,"Reaves, Austin",Out,Injury/Illness -,"Reaves, Austin Out Injury/Illness - "
2026-01-18,"Thiero, Adou",Out,Injury/Illness -,"Thiero, Adou Out Injury/Illness - "
2026-01-18,"Castleton, Colin",Out,Injury/Illness -,"Castleton, Colin Out Injury/Illness - "
2026-01-18,"Howard, Jett",Out,Injury/Illness -,"Howard, Jett Out Injury/Illness - "
2026-01-18,"Suggs, Jalen",Out,Injury/Illness -,"Suggs, Jalen Out Injury/Illness - "
2026-01-18,"Wagner, Moritz",Out,Injury/Illness -,"Wagner, Moritz Out Injury/Illness - "
2026-01-18,"Aldama, Santi",Available,Injury/Illness -,"Aldama, Santi Available Injury/Illness - "
2026-01-18,"Clarke, Brandon",Out,Injury/Illness -,"Clarke, Brandon Out Injury/Illness - "
2026-01-18,"Edey, Zach",Out,Injury/Illness -,"Edey, Zach Out Injury/Illness - "
2026-01-18,"Jerome, Ty",Out,Injury/Illness -,"Jerome, Ty Out Injury/Illness - "
2026-01-18,"Mashack, Jahmai",Out,G,"Mashack, Jahmai Out G "
2026-01-18,"Morant, Ja",Available,Injury/Illness -,"Morant, Ja Available Injury/Illness - "
2026-01-18,"Pippen Jr., Scotty",Out,Injury/Illness -,"Pippen Jr., Scotty Out Injury/Illness - "
2026-01-18,"Prosper, Olivier- Maxence",Out,G,"Prosper, Olivier- Maxence Out G "
2026-01-18,"Small, Javon",Out,G,"Small, Javon Out G "
2026-01-18,"Antetokounmpo, Alex",Out,G,"Antetokounmpo, Alex Out G "
2026-01-18,"Prince, Taurean",Out,Injury/Illness -,"Prince, Taurean Out Injury/Illness - "
2026-01-18,"Daniels, Dyson",Questionable,Injury/Illness -,"Daniels, Dyson Questionable Injury/Illness - "
2026-01-18,"Dante, N'Faly",Out,Injury/Illness -,"Dante, N'Faly Out Injury/Illness - "
2026-01-18,"Dennis, RayJ",Questionable,G,"Dennis, RayJ Questionable G "
2026-01-18,"Djurisic, Nikola",Questionable,G,"Djurisic, Nikola Questionable G "
2026-01-18,"Houstan, Caleb",Questionable,G,"Houstan, Caleb Questionable G "
2026-01-18,"Koloko, Christian",Questionable,G,"Koloko, Christian Questionable G "
2026-01-18,"Newell, Asa",Questionable,G,"Newell, Asa Questionable G "
2026-01-18,"Porzingis, Kristaps",Out,Injury/Illness -,"Porzingis, Kristaps Out Injury/Illness - "
2026-01-18,"Risacher, Zaccharie",Out,Injury/Illness -,"Risacher, Zaccharie Out Injury/Illness - "
2026-01-18,"Barnhizer, Brooks",Doubtful,G,"Barnhizer, Brooks Doubtful G "
2026-01-18,"Hartenstein, Isaiah",Out,Injury/Illness -,"Hartenstein, Isaiah Out Injury/Illness - "
2026-01-18,"Sorber, Thomas",Out,Injury/Illness -,"Sorber, Thomas Out Injury/Illness - "
2026-01-18,"Topic, Nikola",Out,Injury/Illness -,"Topic, Nikola Out Injury/Illness - "
2026-01-18,"Williams, Jalen",Out,Injury/Illness -,"Williams, Jalen Out Injury/Illness - "
2026-01-18,"Garland, Darius",Out,Injury/Illness -,"Garland, Darius Out Injury/Illness - "
2026-01-18,"Livingston, Chris",Out,G,"Livingston, Chris Out G "
2026-01-18,"Merrill, Sam",Out,Injury/Illness -,"Merrill, Sam Out Injury/Illness - "
2026-01-18,"Strus, Max",Out,Injury/Illness -,"Strus, Max Out Injury/Illness - "
2026-01-18,"Travers, Luke",Out,G,"Travers, Luke Out G "
2026-01-18,"Wade, Dean",Probable,Injury/Illness -,"Wade, Dean Probable Injury/Illness - "
2026-01-18,"Beal, Bradley",Out,Injury/Illness -,"Beal, Bradley Out Injury/Illness - "
2026-01-18,"Bogdanovic, Bogdan",Out,Injury/Illness -,"Bogdanovic, Bogdan Out Injury/Illness - "
2026-01-18,"Collins, John",Available,Injury/Illness -,"Collins, John Available Injury/Illness - "
2026-01-18,"Jones Jr., Derrick",Out,Injury/Illness -,"Jones Jr., Derrick Out Injury/Illness - "
2026-01-18,"Leonard, Kawhi",Out,Injury/Illness -,"Leonard, Kawhi Out Injury/Illness - "
2026-01-18,"Paul, Chris",Out,Not,"Paul, Chris Out Not "
2026-01-18,"Coulibaly, Bilal",Out,Injury/Illness -,"Coulibaly, Bilal Out Injury/Illness - "
2026-01-18,"Vukcevic, Tristan",Out,Injury/Illness -,"Vukcevic, Tristan Out Injury/Illness - "
2026-01-18,"Whitmore, Cam",Out,Injury/Illness -,"Whitmore, Cam Out Injury/Illness - "
2026-01-18,"Young, Trae",Out,Injury/Illness -,"Young, Trae Out Injury/Illness - "
2026-01-18,"Cisse, Moussa",Probable,G,"Cisse, Moussa Probable G "
2026-01-18,"Davis, Anthony",Out,Injury/Illness -,"Davis, Anthony Out Injury/Illness - "
2026-01-18,"Exum, Dante",Out,Injury/Illness -,"Exum, Dante Out Injury/Illness - "
2026-01-18,"Flagg, Cooper",Questionable,Injury/Illness -,"Flagg, Cooper Questionable Injury/Illness - "
2026-01-18,"Gafford, Daniel",Out,Injury/Illness -,"Gafford, Daniel Out Injury/Illness - "
2026-01-18,"Irving, Kyrie",Out,Injury/Illness -,"Irving, Kyrie Out Injury/Illness - "
2026-01-18,"Kelly, Miles",Probable,G,"Kelly, Miles Probable G "
2026-01-18,"Lively II, Dereck",Out,Injury/Illness -,"Lively II, Dereck Out Injury/Illness - "
2026-01-18,"Nembhard, Ryan",Probable,G,"Nembhard, Ryan Probable G "
2026-01-18,"Russell, D'Angelo",Out,Injury/Illness -,"Russell, D'Angelo Out Injury/Illness - "
2026-01-18,"Brunson, Jalen",Questionable,Injury/Illness -,"Brunson, Jalen Questionable Injury/Illness - "
2026-01-18,"Hart, Josh",Questionable,Injury/Illness -,"Hart, Josh Questionable Injury/Illness - "
2026-01-18,"Jemison III, Trey",Out,G,"Jemison III, Trey Out G "
2026-01-18,"Haliburton, Tyrese",Out,Injury/Illness -,"Haliburton, Tyrese Out Injury/Illness - "
2026-01-18,"Jones, Kam",Doubtful,G,"Jones, Kam Doubtful G "
2026-01-18,"Mathurin, Bennedict",Out,Injury/Illness -,"Mathurin, Bennedict Out Injury/Illness - "
2026-01-18,"Peter, Taelon",Doubtful,G,"Peter, Taelon Doubtful G "
2026-01-18,"Thompson, Ethan",Doubtful,G,"Thompson, Ethan Doubtful G "
2026-01-18,"Toppin, Obi",Out,Injury/Illness -,"Toppin, Obi Out Injury/Illness - "
2026-01-18,"Beauchamp, MarJon",Doubtful,G,"Beauchamp, MarJon Doubtful G "
2026-01-18,"Broome, Johni",Doubtful,G,"Broome, Johni Doubtful G "
2026-01-18,"Embiid, Joel",Questionable,Injury/Illness -,"Embiid, Joel Questionable Injury/Illness - "
2026-01-18,"George, Paul",Questionable,Injury/Illness -,"George, Paul Questionable Injury/Illness - "
2026-01-18,"McCain, Jared",Doubtful,G,"McCain, Jared Doubtful G "
2026-01-18,"Oubre Jr., Kelly",Available,Injury/Illness -,"Oubre Jr., Kelly Available Injury/Illness - "
2026-01-18,"Booker, Devin",Questionable,Injury/Illness -,"Booker, Devin Questionable Injury/Illness - "
2026-01-18,"Bouyea, Jamaree",Questionable,Concussion,"Bouyea, Jamaree Questionable Concussion "
2026-01-18,"Goodwin, Jordan",Available,Injury/Illness -,"Goodwin, Jordan Available Injury/Illness - "
2026-01-18,"Green, Jalen",Questionable,Injury/Illness -,"Green, Jalen Questionable Injury/Illness - "
2026-01-18,"Boucher, Chris",Questionable,Injury/Illness -,"Boucher, Chris Questionable Injury/Illness - "
2026-01-18,"Harper Jr., Ron",Out,G,"Harper Jr., Ron Out G "
2026-01-18,"Minott, Josh",Out,Injury/Illness -,"Minott, Josh Out Injury/Illness - "
2026-01-18,"Pritchard, Payton",Questionable,Injury/Illness -,"Pritchard, Payton Questionable Injury/Illness - "
2026-01-18,"Shulga, Max",Out,G,"Shulga, Max Out G "
2026-01-18,"Tatum, Jayson",Out,Injury/Illness -,"Tatum, Jayson Out Injury/Illness - "
2026-01-18,"Williams, Amari",Out,G,"Williams, Amari Out G "
2026-01-18,"Jones, Isaac",Out,G,"Jones, Isaac Out G "
2026-01-18,"Moore Jr., Wendell",Out,G,"Moore Jr., Wendell Out G "
2026-01-18,"Smith, Tolu",Out,G,"Smith, Tolu Out G "
2026-01-19,"Antetokounmpo, Alex",Out,G,"Antetokounmpo, Alex Out G "
2026-01-19,"Prince, Taurean",Out,Injury/Illness -,"Prince, Taurean Out Injury/Illness - "
2026-01-19,"Daniels, Dyson",Available,Injury/Illness -,"Daniels, Dyson Available Injury/Illness - "
2026-01-19,"Dante, N'Faly",Out,Injury/Illness -,"Dante, N'Faly Out Injury/Illness - "
2026-01-19,"Dennis, RayJ",Out,Coach's,"Dennis, RayJ Out Coach's "
2026-01-19,"Djurisic, Nikola",Out,G,"Djurisic, Nikola Out G "
2026-01-19,"Houstan, Caleb",Available,G,"Houstan, Caleb Available G "
2026-01-19,"Koloko, Christian",Available,G,"Koloko, Christian Available G "
2026-01-19,"Newell, Asa",Available,G,"Newell, Asa Available G "
2026-01-19,"Porzingis, Kristaps",Out,Injury/Illness -,"Porzingis, Kristaps Out Injury/Illness - "
2026-01-19,"Risacher, Zaccharie",Out,Injury/Illness -,"Risacher, Zaccharie Out Injury/Illness - "
2026-01-19,"Barnhizer, Brooks",Out,G,"Barnhizer, Brooks Out G "
2026-01-19,"Hartenstein, Isaiah",Out,Injury/Illness -,"Hartenstein, Isaiah Out Injury/Illness - "
2026-01-19,"Sorber, Thomas",Out,Injury/Illness -,"Sorber, Thomas Out Injury/Illness - "
2026-01-19,"Topic, Nikola",Out,Injury/Illness -,"Topic, Nikola Out Injury/Illness - "
2026-01-19,"Williams, Jalen",Out,Injury/Illness -,"Williams, Jalen Out Injury/Illness - "
2026-01-19,"Garland, Darius",Out,Injury/Illness -,"Garland, Darius Out Injury/Illness - "
2026-01-19,"Livingston, Chris",Out,G,"Livingston, Chris Out G "
2026-01-19,"Merrill, Sam",Out,Injury/Illness -,"Merrill, Sam Out Injury/Illness - "
2026-01-19,"Strus, Max",Out,Injury/Illness -,"Strus, Max Out Injury/Illness - "
2026-01-19,"Travers, Luke",Out,G,"Travers, Luke Out G "
2026-01-19,"Wade, Dean",Available,Injury/Illness -,"Wade, Dean Available Injury/Illness - "
2026-01-19,"Beal, Bradley",Out,Injury/Illness -,"Beal, Bradley Out Injury/Illness - "
2026-01-19,"Bogdanovic, Bogdan",Out,Injury/Illness -,"Bogdanovic, Bogdan Out Injury/Illness - "
2026-01-19,"Collins, John",Available,Injury/Illness -,"Collins, John Available Injury/Illness - "
2026-01-19,"Jones Jr., Derrick",Out,Injury/Illness -,"Jones Jr., Derrick Out Injury/Illness - "
2026-01-19,"Leonard, Kawhi",Out,Injury/Illness -,"Leonard, Kawhi Out Injury/Illness - "
2026-01-19,"Paul, Chris",Out,Not,"Paul, Chris Out Not "
2026-01-19,"Cooper, Sharife",Out,G,"Cooper, Sharife Out G "
2026-01-19,"Coulibaly, Bilal",Out,Injury/Illness -,"Coulibaly, Bilal Out Injury/Illness - "
2026-01-19,"Vukcevic, Tristan",Out,Injury/Illness -,"Vukcevic, Tristan Out Injury/Illness - "
2026-01-19,"Whitmore, Cam",Out,Injury/Illness -,"Whitmore, Cam Out Injury/Illness - "
2026-01-19,"Young, Trae",Out,Injury/Illness -,"Young, Trae Out Injury/Illness - "
2026-01-19,"Cisse, Moussa",Available,G,"Cisse, Moussa Available G "
2026-01-19,"Davis, Anthony",Out,Injury/Illness -,"Davis, Anthony Out Injury/Illness - "
2026-01-19,"Exum, Dante",Out,Injury/Illness -,"Exum, Dante Out Injury/Illness - "
2026-01-19,"Flagg, Cooper",Available,Injury/Illness -,"Flagg, Cooper Available Injury/Illness - "
2026-01-19,"Gafford, Daniel",Out,Injury/Illness -,"Gafford, Daniel Out Injury/Illness - "
2026-01-19,"Irving, Kyrie",Out,Injury/Illness -,"Irving, Kyrie Out Injury/Illness - "
2026-01-19,"Kelly, Miles",Available,G,"Kelly, Miles Available G "
2026-01-19,"Lively II, Dereck",Out,Injury/Illness -,"Lively II, Dereck Out Injury/Illness - "
2026-01-19,"Nembhard, Ryan",Available,G,"Nembhard, Ryan Available G "
2026-01-19,"Russell, D'Angelo",Out,Injury/Illness -,"Russell, D'Angelo Out Injury/Illness - "
2026-01-19,"Brunson, Jalen",Available,Injury/Illness -,"Brunson, Jalen Available Injury/Illness - "
2026-01-19,"Hart, Josh",Available,Injury/Illness -,"Hart, Josh Available Injury/Illness - "
2026-01-19,"Jemison III, Trey",Out,G,"Jemison III, Trey Out G "
2026-01-19,"Collier, Isaiah",Available,Injury/Illness -,"Collier, Isaiah Available Injury/Illness - "
2026-01-19,"Harkless, Elijah",Out,G,"Harkless, Elijah Out G "
2026-01-19,"Kessler, Walker",Out,Injury/Illness -,"Kessler, Walker Out Injury/Illness - "
2026-01-19,"Markkanen, Lauri",Out,Injury/Illness -,"Markkanen, Lauri Out Injury/Illness - "
2026-01-19,"Niang, Georges",Out,Injury/Illness -,"Niang, Georges Out Injury/Illness - "
2026-01-19,"Sensabaugh, Brice",Out,Injury/Illness -,"Sensabaugh, Brice Out Injury/Illness - "
2026-01-19,"Tonje, John",Out,G,"Tonje, John Out G "
2026-01-19,"Tshiebwe, Oscar",Out,G,"Tshiebwe, Oscar Out G "
2026-01-19,"Ingram, Harrison",Out,G,"Ingram, Harrison Out G "
2026-01-19,"Garcia, David",Out,G,"Garcia, David Out G "
2026-01-19,"Umude, Stanley",Out,G,"Umude, Stanley Out G "
2026-01-19,"Vassell, Devin",Out,Injury/Illness -,"Vassell, Devin Out Injury/Illness - "
2026-01-19,"Haliburton, Tyrese",Out,Injury/Illness -,"Haliburton, Tyrese Out Injury/Illness - "
2026-01-19,"Jones, Kam",Doubtful,G,"Jones, Kam Doubtful G "
2026-01-19,"Mathurin, Bennedict",Out,Injury/Illness -,"Mathurin, Bennedict Out Injury/Illness - "
2026-01-19,"Peter, Taelon",Doubtful,G,"Peter, Taelon Doubtful G "
2026-01-19,"Thompson, Ethan",Doubtful,G,"Thompson, Ethan Doubtful G "
2026-01-19,"Toppin, Obi",Out,Injury/Illness -,"Toppin, Obi Out Injury/Illness - "
2026-01-19,"Beauchamp, MarJon",Out,G,"Beauchamp, MarJon Out G "
2026-01-19,"Broome, Johni",Out,G,"Broome, Johni Out G "
2026-01-19,"Embiid, Joel",Questionable,Injury/Illness -,"Embiid, Joel Questionable Injury/Illness - "
2026-01-19,"George, Paul",Out,Injury/Illness -,"George, Paul Out Injury/Illness - "
2026-01-19,"McCain, Jared",Available,G,"McCain, Jared Available G "
2026-01-19,"Oubre Jr., Kelly",Available,Injury/Illness -,"Oubre Jr., Kelly Available Injury/Illness - "
2026-01-19,"Booker, Devin",Available,Injury/Illness -,"Booker, Devin Available Injury/Illness - "
2026-01-19,"Bouyea, Jamaree",Available,Concussion,"Bouyea, Jamaree Available Concussion "
2026-01-19,"Goodwin, Jordan",Available,Injury/Illness -,"Goodwin, Jordan Available Injury/Illness - "
2026-01-19,"Green, Jalen",Out,Injury/Illness -,"Green, Jalen Out Injury/Illness - "
2026-01-19,"Demin, Egor",Out,Injury/Illness -,"Demin, Egor Out Injury/Illness - "
2026-01-19,"Etienne, Tyson",Out,G,"Etienne, Tyson Out G "
2026-01-19,"Highsmith, Haywood",Out,Injury/Illness -,"Highsmith, Haywood Out Injury/Illness - "
2026-01-19,"Johnson, Chaney",Out,G,"Johnson, Chaney Out G "
2026-01-19,"Saraf, Ben",Out,G,"Saraf, Ben Out G "
2026-01-19,"Sharpe, Day'Ron",Out,Injury/Illness -,"Sharpe, Day'Ron Out Injury/Illness - "
2026-01-19,"Thomas, Cam",Out,Injury/Illness -,"Thomas, Cam Out Injury/Illness - "
2026-01-19,"Boucher, Chris",Probable,Injury/Illness -,"Boucher, Chris Probable Injury/Illness - "
2026-01-19,"Harper Jr., Ron",Out,G,"Harper Jr., Ron Out G "
2026-01-19,"Minott, Josh",Out,Injury/Illness -,"Minott, Josh Out Injury/Illness - "
2026-01-19,"Pritchard, Payton",Available,Injury/Illness -,"Pritchard, Payton Available Injury/Illness - "
2026-01-19,"Shulga, Max",Out,G,"Shulga, Max Out G "
2026-01-19,"Tatum, Jayson",Out,Injury/Illness -,"Tatum, Jayson Out Injury/Illness - "
2026-01-19,"Williams, Amari",Out,G,"Williams, Amari Out G "
2026-01-19,"Holland II, Ronald",Questionable,Injury/Illness -,"Holland II, Ronald Questionable Injury/Illness - "
2026-01-19,"Jones, Isaac",Out,Coach's,"Jones, Isaac Out Coach's "
2026-01-19,"Moore Jr., Wendell",Out,G,"Moore Jr., Wendell Out G "
2026-01-19,"Smith, Tolu",Out,G,"Smith, Tolu Out G "
2026-01-19,"Goldin, Vladislav",Out,G,"Goldin, Vladislav Out G "
2026-01-19,"Herro, Tyler",Out,Injury/Illness -,"Herro, Tyler Out Injury/Illness - "
2026-01-19,"Jaquez Jr., Jaime",Probable,Injury/Illness -,"Jaquez Jr., Jaime Probable Injury/Illness - "
2026-01-19,"Jovic, Nikola",Available,Injury/Illness -,"Jovic, Nikola Available Injury/Illness - "
2026-01-19,"Larsson, Pelle",Available,Injury/Illness -,"Larsson, Pelle Available Injury/Illness - "
2026-01-19,"Mitchell, Davion",Probable,Injury/Illness -,"Mitchell, Davion Probable Injury/Illness - "
2026-01-19,"Rozier, Terry",Out,Not,"Rozier, Terry Out Not "
2026-01-19,"Young, Jahmir",Out,G,"Young, Jahmir Out G "
2026-01-19,"Curry, Seth",Out,Injury/Illness -,"Curry, Seth Out Injury/Illness - "
2026-01-19,"Green, Draymond",Questionable,Injury/Illness -,"Green, Draymond Questionable Injury/Illness - "
2026-01-19,"Melton, De'Anthony",Out,Injury/Illness -,"Melton, De'Anthony Out Injury/Illness - "
2026-01-19,"Santos, Gui",Out,Injury/Illness -,"Santos, Gui Out Injury/Illness - "
2026-01-19,"Collins, Zach",Out,Injury/Illness -,"Collins, Zach Out Injury/Illness - "
2026-01-19,"Essengue, Noa",Out,Injury/Illness -,"Essengue, Noa Out Injury/Illness - "
2026-01-19,"Giddey, Josh",Questionable,Injury/Illness -,"Giddey, Josh Questionable Injury/Illness - "
2026-01-19,"Kawamura, Yuki",Out,G,"Kawamura, Yuki Out G "
2026-01-19,"Miller, Emanuel",Out,G,"Miller, Emanuel Out G "
2026-01-19,"Williams, Patrick",Questionable,Injury/Illness -,"Williams, Patrick Questionable Injury/Illness - "
2026-01-19,"Adams, Steven",Out,Injury/Illness -,"Adams, Steven Out Injury/Illness - "
2026-01-19,"Crawford, Isaiah",Out,G,"Crawford, Isaiah Out G "
2026-01-19,"Eason, Tari",Questionable,Injury/Illness -,"Eason, Tari Questionable Injury/Illness - "
2026-01-19,"Newton, Tristen",Out,G,"Newton, Tristen Out G "
2026-01-19,"VanVleet, Fred",Out,Injury/Illness -,"VanVleet, Fred Out Injury/Illness - "
2026-01-20,"Goodwin, Jordan",Available,Injury/Illness -,"Goodwin, Jordan Available Injury/Illness - "
2026-01-20,"Williams, Mark",Questionable,Injury/Illness -,"Williams, Mark Questionable Injury/Illness - "
2026-01-20,"Beauchamp, MarJon",Out,G,"Beauchamp, MarJon Out G "
2026-01-20,"Broome, Johni",Questionable,Injury/Illness -,"Broome, Johni Questionable Injury/Illness - "
2026-01-20,"Embiid, Joel",Out,Injury/Illness -,"Embiid, Joel Out Injury/Illness - "
2026-01-20,"George, Paul",Questionable,Injury/Illness -,"George, Paul Questionable Injury/Illness - "
2026-01-20,"Oubre Jr., Kelly",Available,Injury/Illness -,"Oubre Jr., Kelly Available Injury/Illness - "
2026-01-20,"Beal, Bradley",Out,Injury/Illness -,"Beal, Bradley Out Injury/Illness - "
2026-01-20,"Bogdanovic, Bogdan",Out,Injury/Illness -,"Bogdanovic, Bogdan Out Injury/Illness - "
2026-01-20,"Christie, Cam",Questionable,Injury/Illness -,"Christie, Cam Questionable Injury/Illness - "
2026-01-20,"Jones Jr., Derrick",Out,Injury/Illness -,"Jones Jr., Derrick Out Injury/Illness - "
2026-01-20,"Leonard, Kawhi",Out,Injury/Illness -,"Leonard, Kawhi Out Injury/Illness - "
2026-01-20,"Paul, Chris",Out,Not,"Paul, Chris Out Not "
2026-01-20,"Collins, Zach",Out,Injury/Illness -,"Collins, Zach Out Injury/Illness - "
2026-01-20,"Essengue, Noa",Out,Injury/Illness -,"Essengue, Noa Out Injury/Illness - "
2026-01-20,"Giddey, Josh",Questionable,Injury/Illness -,"Giddey, Josh Questionable Injury/Illness - "
2026-01-20,"Kawamura, Yuki",Out,G,"Kawamura, Yuki Out G "
2026-01-20,"Miller, Emanuel",Out,G,"Miller, Emanuel Out G "
2026-01-20,"Williams, Patrick",Questionable,Injury/Illness -,"Williams, Patrick Questionable Injury/Illness - "
2026-01-20,"Ingram, Harrison",Out,G,"Ingram, Harrison Out G "
2026-01-20,"Garcia, David",Out,G,"Garcia, David Out G "
2026-01-20,"Umude, Stanley",Out,G,"Umude, Stanley Out G "
2026-01-20,"Vassell, Devin",Out,Injury/Illness -,"Vassell, Devin Out Injury/Illness - "
2026-01-20,"Adams, Steven",Out,Injury/Illness -,"Adams, Steven Out Injury/Illness - "
2026-01-20,"Crawford, Isaiah",Out,G,"Crawford, Isaiah Out G "
2026-01-20,"Eason, Tari",Questionable,Injury/Illness -,"Eason, Tari Questionable Injury/Illness - "
2026-01-20,"Newton, Tristen",Out,G,"Newton, Tristen Out G "
2026-01-20,"VanVleet, Fred",Out,Injury/Illness -,"VanVleet, Fred Out Injury/Illness - "
2026-01-20,"Reid, Naz",Available,Injury/Illness -,"Reid, Naz Available Injury/Illness - "
2026-01-20,"Shannon Jr., Terrence",Out,Injury/Illness -,"Shannon Jr., Terrence Out Injury/Illness - "
2026-01-20,"Zikarsky, Rocco",Out,G,"Zikarsky, Rocco Out G "
2026-01-20,"Harkless, Elijah",Out,G,"Harkless, Elijah Out G "
2026-01-20,"Kessler, Walker",Out,Injury/Illness -,"Kessler, Walker Out Injury/Illness - "
2026-01-20,"Love, Kevin",Out,Rest,"Love, Kevin Out Rest "
2026-01-20,"Markkanen, Lauri",Out,Injury/Illness -,"Markkanen, Lauri Out Injury/Illness - "
2026-01-20,"Niang, Georges",Out,Injury/Illness -,"Niang, Georges Out Injury/Illness - "
2026-01-20,"Sensabaugh, Brice",Out,Injury/Illness -,"Sensabaugh, Brice Out Injury/Illness - "
2026-01-20,"Tonje, John",Out,G,"Tonje, John Out G "
2026-01-20,"Tshiebwe, Oscar",Out,G,"Tshiebwe, Oscar Out G "
2026-01-20,"Reaves, Austin",Out,Injury/Illness -,"Reaves, Austin Out Injury/Illness - "
2026-01-20,"Thiero, Adou",Out,Injury/Illness -,"Thiero, Adou Out Injury/Illness - "
2026-01-20,"Bates, Tamar",Out,Injury/Illness -,"Bates, Tamar Out Injury/Illness - "
2026-01-20,"Braun, Christian",Out,Injury/Illness -,"Braun, Christian Out Injury/Illness - "
2026-01-20,"Gordon, Aaron",Probable,Injury/Illness -,"Gordon, Aaron Probable Injury/Illness - "
2026-01-20,"Hardaway Jr., Tim",Probable,Injury/Illness -,"Hardaway Jr., Tim Probable Injury/Illness - "
2026-01-20,"Johnson, Cameron",Out,Injury/Illness -,"Johnson, Cameron Out Injury/Illness - "
2026-01-20,"Jokic, Nikola",Out,Injury/Illness -,"Jokic, Nikola Out Injury/Illness - "
2026-01-20,"Jones, Curtis",Out,G,"Jones, Curtis Out G "
2026-01-20,"Murray, Jamal",Probable,Injury/Illness -,"Murray, Jamal Probable Injury/Illness - "
2026-01-20,"Valanciunas, Jonas",Out,Injury/Illness -,"Valanciunas, Jonas Out Injury/Illness - "
2026-01-20,"Goldin, Vladislav",Out,G,"Goldin, Vladislav Out G "
2026-01-20,"Herro, Tyler",Out,Injury/Illness -,"Herro, Tyler Out Injury/Illness - "
2026-01-20,"Jaquez Jr., Jaime",Available,Injury/Illness -,"Jaquez Jr., Jaime Available Injury/Illness - "
2026-01-20,"Jovic, Nikola",Available,Injury/Illness -,"Jovic, Nikola Available Injury/Illness - "
2026-01-20,"Larsson, Pelle",Available,Injury/Illness -,"Larsson, Pelle Available Injury/Illness - "
2026-01-20,"Mitchell, Davion",Available,Injury/Illness -,"Mitchell, Davion Available Injury/Illness - "
2026-01-20,"Rozier, Terry",Out,Not,"Rozier, Terry Out Not "
2026-01-20,"Ware, Kel'el",Questionable,Injury/Illness -,"Ware, Kel'el Questionable Injury/Illness - "
2026-01-20,"Young, Jahmir",Out,G,"Young, Jahmir Out G "
2026-01-20,"Murray, Keegan",Out,Injury/Illness -,"Murray, Keegan Out Injury/Illness - "
2026-01-20,"Plowden, Daeqwon",Out,G,"Plowden, Daeqwon Out G "
2026-01-20,"Stevens, Isaiah",Out,G,"Stevens, Isaiah Out G "
2026-01-20,"Barrett, RJ",Out,Injury/Illness -,"Barrett, RJ Out Injury/Illness - "
2026-01-20,"Hepburn, Chucky",Out,G,"Hepburn, Chucky Out G "
2026-01-20,"Boyles, Collin",Out,Injury/Illness -,"Boyles, Collin Out Injury/Illness - "
2026-01-20,"Poeltl, Jakob",Out,Injury/Illness -,"Poeltl, Jakob Out Injury/Illness - "
2026-01-20,"Walter, Ja'Kobe",Out,Injury/Illness -,"Walter, Ja'Kobe Out Injury/Illness - "
2026-01-20,"Butler III, Jimmy",Out,Injury/Illness -,"Butler III, Jimmy Out Injury/Illness - "
2026-01-20,"Curry, Seth",Out,Injury/Illness -,"Curry, Seth Out Injury/Illness - "
2026-01-20,"Green, Draymond",Questionable,Injury/Illness -,"Green, Draymond Questionable Injury/Illness - "
2026-01-20,"Horford, Al",Out,Injury/Illness -,"Horford, Al Out Injury/Illness - "
2026-01-20,"Richard, Will",Questionable,Injury/Illness -,"Richard, Will Questionable Injury/Illness - "
2026-01-20,"Santos, Gui",Questionable,Injury/Illness -,"Santos, Gui Questionable Injury/Illness - "
2026-01-20,"Garland, Darius",Out,Injury/Illness -,"Garland, Darius Out Injury/Illness - "
2026-01-20,"Livingston, Chris",Out,G,"Livingston, Chris Out G "
2026-01-20,"Merrill, Sam",Out,Injury/Illness -,"Merrill, Sam Out Injury/Illness - "
2026-01-20,"Strus, Max",Out,Injury/Illness -,"Strus, Max Out Injury/Illness - "
2026-01-20,"Travers, Luke",Out,G,"Travers, Luke Out G "
2026-01-20,"Hall, PJ",Out,G,"Hall, PJ Out G "
2026-01-20,"McNeeley, Liam",Out,G,"McNeeley, Liam Out G "
2026-01-20,"Plumlee, Mason",Out,Injury/Illness -,"Plumlee, Mason Out Injury/Illness - "
2026-01-20,"Reeves, Antonio",Out,G,"Reeves, Antonio Out G "
2026-01-20,"Salaun, Tidjane",Probable,Injury/Illness -,"Salaun, Tidjane Probable Injury/Illness - "
2026-01-20,"Simpson, KJ",Out,Injury/Illness -,"Simpson, KJ Out Injury/Illness - "
2026-01-20,"Etienne, Tyson",Out,G,"Etienne, Tyson Out G "
2026-01-20,"Highsmith, Haywood",Out,Injury/Illness -,"Highsmith, Haywood Out Injury/Illness - "
2026-01-20,"Johnson, Chaney",Out,G,"Johnson, Chaney Out G "
2026-01-20,"Saraf, Ben",Out,G,"Saraf, Ben Out G "
2026-01-20,"Sharpe, Day'Ron",Questionable,Injury/Illness -,"Sharpe, Day'Ron Questionable Injury/Illness - "
2026-01-20,"Haliburton, Tyrese",Out,Injury/Illness -,"Haliburton, Tyrese Out Injury/Illness - "
2026-01-20,"Mathurin, Bennedict",Out,Injury/Illness -,"Mathurin, Bennedict Out Injury/Illness - "
2026-01-20,"Peter, Taelon",Questionable,G,"Peter, Taelon Questionable G "
2026-01-20,"Thompson, Ethan",Questionable,G,"Thompson, Ethan Questionable G "
2026-01-20,"Toppin, Obi",Out,Injury/Illness -,"Toppin, Obi Out Injury/Illness - "
2026-01-20,"Brown, Jaylen",Probable,Injury/Illness -,"Brown, Jaylen Probable Injury/Illness - "
2026-01-20,"Harper Jr., Ron",Out,G,"Harper Jr., Ron Out G "
2026-01-20,"Minott, Josh",Out,Injury/Illness -,"Minott, Josh Out Injury/Illness - "
2026-01-20,"Shulga, Max",Out,G,"Shulga, Max Out G "
2026-01-20,"Tatum, Jayson",Out,Injury/Illness -,"Tatum, Jayson Out Injury/Illness - "
2026-01-20,"Williams, Amari",Out,G,"Williams, Amari Out G "
2026-01-20,"Alexander, Trey",Out,G,"Alexander, Trey Out G "
2026-01-20,"Alvarado, Jose",Out,Injury/Illness -,"Alvarado, Jose Out Injury/Illness - "
2026-01-20,"Dickinson, Hunter",Out,G,"Dickinson, Hunter Out G "
2026-01-20,"Jones, Herbert",Questionable,Injury/Illness -,"Jones, Herbert Questionable Injury/Illness - "
2026-01-20,"Murray, Dejounte",Out,Injury/Illness -,"Murray, Dejounte Out Injury/Illness - "
2026-01-21,"Garland, Darius",Out,Injury/Illness -,"Garland, Darius Out Injury/Illness - "
2026-01-21,"Livingston, Chris",Out,G,"Livingston, Chris Out G "
2026-01-21,"Merrill, Sam",Out,Injury/Illness -,"Merrill, Sam Out Injury/Illness - "
2026-01-21,"Strus, Max",Out,Injury/Illness -,"Strus, Max Out Injury/Illness - "
2026-01-21,"Travers, Luke",Out,G,"Travers, Luke Out G "
2026-01-21,"Hall, PJ",Out,G,"Hall, PJ Out G "
2026-01-21,"Mann, Tre",Available,Injury/Illness -,"Mann, Tre Available Injury/Illness - "
2026-01-21,"McNeeley, Liam",Out,G,"McNeeley, Liam Out G "
2026-01-21,"Plumlee, Mason",Out,Injury/Illness -,"Plumlee, Mason Out Injury/Illness - "
2026-01-21,"Reeves, Antonio",Out,G,"Reeves, Antonio Out G "
2026-01-21,"Salaun, Tidjane",Available,Injury/Illness -,"Salaun, Tidjane Available Injury/Illness - "
2026-01-21,"Simpson, KJ",Out,Injury/Illness -,"Simpson, KJ Out Injury/Illness - "
2026-01-21,"Etienne, Tyson",Out,G,"Etienne, Tyson Out G "
2026-01-21,"Highsmith, Haywood",Out,Injury/Illness -,"Highsmith, Haywood Out Injury/Illness - "
2026-01-21,"Johnson, Chaney",Out,G,"Johnson, Chaney Out G "
2026-01-21,"Saraf, Ben",Out,G,"Saraf, Ben Out G "
2026-01-21,"Sharpe, Day'Ron",Available,Injury/Illness -,"Sharpe, Day'Ron Available Injury/Illness - "
2026-01-21,"Haliburton, Tyrese",Out,Injury/Illness -,"Haliburton, Tyrese Out Injury/Illness - "
2026-01-21,"Mathurin, Bennedict",Out,Injury/Illness -,"Mathurin, Bennedict Out Injury/Illness - "
2026-01-21,"Peter, Taelon",Doubtful,G,"Peter, Taelon Doubtful G "
2026-01-21,"Thompson, Ethan",Doubtful,G,"Thompson, Ethan Doubtful G "
2026-01-21,"Toppin, Obi",Out,Injury/Illness -,"Toppin, Obi Out Injury/Illness - "
2026-01-21,"Brown, Jaylen",Probable,Injury/Illness -,"Brown, Jaylen Probable Injury/Illness - "
2026-01-21,"Harper Jr., Ron",Available,G,"Harper Jr., Ron Available G "
2026-01-21,"Minott, Josh",Out,Injury/Illness -,"Minott, Josh Out Injury/Illness - "
2026-01-21,"Shulga, Max",Available,G,"Shulga, Max Available G "
2026-01-21,"Tatum, Jayson",Out,Injury/Illness -,"Tatum, Jayson Out Injury/Illness - "
2026-01-21,"Williams, Amari",Available,G,"Williams, Amari Available G "
2026-01-21,"Dante, N'Faly",Out,Injury/Illness -,"Dante, N'Faly Out Injury/Illness - "
2026-01-21,"Dennis, RayJ",Out,G,"Dennis, RayJ Out G "
2026-01-21,"Djurisic, Nikola",Out,G,"Djurisic, Nikola Out G "
2026-01-21,"Houstan, Caleb",Out,G,"Houstan, Caleb Out G "
2026-01-21,"Newell, Asa",Out,G,"Newell, Asa Out G "
2026-01-21,"Porzingis, Kristaps",Out,Injury/Illness -,"Porzingis, Kristaps Out Injury/Illness - "
2026-01-21,"Risacher, Zaccharie",Out,Injury/Illness -,"Risacher, Zaccharie Out Injury/Illness - "
2026-01-21,"Aldama, Santi",Doubtful,Injury/Illness -,"Aldama, Santi Doubtful Injury/Illness - "
2026-01-21,"Clarke, Brandon",Out,Injury/Illness -,"Clarke, Brandon Out Injury/Illness - "
2026-01-21,"Edey, Zach",Out,Injury/Illness -,"Edey, Zach Out Injury/Illness - "
2026-01-21,"Jerome, Ty",Out,Injury/Illness -,"Jerome, Ty Out Injury/Illness - "
2026-01-21,"Mashack, Jahmai",Out,G,"Mashack, Jahmai Out G "
2026-01-21,"Pippen Jr., Scotty",Out,Injury/Illness -,"Pippen Jr., Scotty Out Injury/Illness - "
2026-01-21,"Cunningham, Cade",Questionable,Injury/Illness -,"Cunningham, Cade Questionable Injury/Illness - "
2026-01-21,"Jones, Isaac",Out,G,"Jones, Isaac Out G "
2026-01-21,"Klintman, Bobi",Out,G,"Klintman, Bobi Out G "
2026-01-21,"Lanier, Chaz",Out,G,"Lanier, Chaz Out G "
2026-01-21,"LeVert, Caris",Questionable,Injury/Illness -,"LeVert, Caris Questionable Injury/Illness - "
2026-01-21,"Moore Jr., Wendell",Out,G,"Moore Jr., Wendell Out G "
2026-01-21,"Smith, Tolu",Out,G,"Smith, Tolu Out G "
2026-01-21,"Alexander, Trey",Out,G,"Alexander, Trey Out G "
2026-01-21,"Alvarado, Jose",Out,Injury/Illness -,"Alvarado, Jose Out Injury/Illness - "
2026-01-21,"Dickinson, Hunter",Out,G,"Dickinson, Hunter Out G "
2026-01-21,"Jones, Herbert",Out,Injury/Illness -,"Jones, Herbert Out Injury/Illness - "
2026-01-21,"Murray, Dejounte",Out,Injury/Illness -,"Murray, Dejounte Out Injury/Illness - "
2026-01-21,"Williamson, Zion",Questionable,Injury/Illness -,"Williamson, Zion Questionable Injury/Illness - "
2026-01-21,"Caruso, Alex",Out,Injury/Illness -,"Caruso, Alex Out Injury/Illness - "
2026-01-21,"Hartenstein, Isaiah",Out,Injury/Illness -,"Hartenstein, Isaiah Out Injury/Illness - "
2026-01-21,"Sorber, Thomas",Out,Injury/Illness -,"Sorber, Thomas Out Injury/Illness - "
2026-01-21,"Topic, Nikola",Out,Injury/Illness -,"Topic, Nikola Out Injury/Illness - "
2026-01-21,"Wiggins, Aaron",Out,Injury/Illness -,"Wiggins, Aaron Out Injury/Illness - "
2026-01-21,"Williams, Jalen",Out,Injury/Illness -,"Williams, Jalen Out Injury/Illness - "
2026-01-21,"Williams, Jaylin",Out,Injury/Illness -,"Williams, Jaylin Out Injury/Illness - "
2026-01-21,"Antetokounmpo, Alex",Out,G,"Antetokounmpo, Alex Out G "
2026-01-21,"Porter Jr., Kevin",Out,Injury/Illness -,"Porter Jr., Kevin Out Injury/Illness - "
2026-01-21,"Prince, Taurean",Out,Injury/Illness -,"Prince, Taurean Out Injury/Illness - "
2026-01-21,"Turner, Myles",Out,Injury/Illness -,"Turner, Myles Out Injury/Illness - "
2026-01-21,"Barrett, RJ",Out,Injury/Illness -,"Barrett, RJ Out Injury/Illness - "
2026-01-21,"Hepburn, Chucky",Out,G,"Hepburn, Chucky Out G "
2026-01-21,"Boyles, Collin",Out,Injury/Illness -,"Boyles, Collin Out Injury/Illness - "
2026-01-21,"Poeltl, Jakob",Out,Injury/Illness -,"Poeltl, Jakob Out Injury/Illness - "
2026-01-21,"Walter, Ja'Kobe",Out,Injury/Illness -,"Walter, Ja'Kobe Out Injury/Illness - "
2026-01-21,"Achiuwa, Precious",Questionable,Injury/Illness -,"Achiuwa, Precious Questionable Injury/Illness - "
2026-01-21,"Murray, Keegan",Out,Injury/Illness -,"Murray, Keegan Out Injury/Illness - "
2026-01-21,"Plowden, Daeqwon",Out,G,"Plowden, Daeqwon Out G "
2026-01-21,"Sabonis, Domantas",Out,Injury/Illness -,"Sabonis, Domantas Out Injury/Illness - "
2026-01-21,"Stevens, Isaiah",Out,G,"Stevens, Isaiah Out G "
2026-01-21,"Castleton, Colin",Out,G,"Castleton, Colin Out G "
2026-01-21,"Suggs, Jalen",Questionable,Injury/Illness -,"Suggs, Jalen Questionable Injury/Illness - "
2026-01-21,"Bates, Tamar",Out,Injury/Illness -,"Bates, Tamar Out Injury/Illness - "
2026-01-21,"Braun, Christian",Out,Injury/Illness -,"Braun, Christian Out Injury/Illness - "
2026-01-21,"Gordon, Aaron",Probable,Injury/Illness -,"Gordon, Aaron Probable Injury/Illness - "
2026-01-21,"Hardaway Jr., Tim",Probable,Injury/Illness -,"Hardaway Jr., Tim Probable Injury/Illness - "
2026-01-21,"Johnson, Cameron",Out,Injury/Illness -,"Johnson, Cameron Out Injury/Illness - "
2026-01-21,"Jokic, Nikola",Out,Injury/Illness -,"Jokic, Nikola Out Injury/Illness - "
2026-01-21,"Jones, Curtis",Out,G,"Jones, Curtis Out G "
2026-01-21,"Murray, Jamal",Probable,Injury/Illness -,"Murray, Jamal Probable Injury/Illness - "
2026-01-21,"Valanciunas, Jonas",Questionable,Injury/Illness -,"Valanciunas, Jonas Questionable Injury/Illness - "
2026-01-21,"Bagley III, Marvin",Questionable,Injury/Illness -,"Bagley III, Marvin Questionable Injury/Illness - "
2026-01-21,"Coulibaly, Bilal",Questionable,Injury/Illness -,"Coulibaly, Bilal Questionable Injury/Illness - "
2026-01-21,"Johnson, AJ",Questionable,Injury/Illness -,"Johnson, AJ Questionable Injury/Illness - "
2026-01-21,"Middleton, Khris",Questionable,Injury/Illness -,"Middleton, Khris Questionable Injury/Illness - "
2026-01-21,"Vukcevic, Tristan",Out,Injury/Illness -,"Vukcevic, Tristan Out Injury/Illness - "
2026-01-21,"Whitmore, Cam",Out,Injury/Illness -,"Whitmore, Cam Out Injury/Illness - "
2026-01-21,"Young, Trae",Out,Injury/Illness -,"Young, Trae Out Injury/Illness - "
2026-01-21,"Adams, Steven",Out,Injury/Illness -,"Adams, Steven Out Injury/Illness - "
2026-01-21,"Holiday, Aaron",Questionable,Injury/Illness -,"Holiday, Aaron Questionable Injury/Illness - "
2026-01-21,"Newton, Tristen",Out,G,"Newton, Tristen Out G "
2026-01-21,"VanVleet, Fred",Out,Injury/Illness -,"VanVleet, Fred Out Injury/Illness - "
2026-01-21,"Beauchamp, MarJon",Doubtful,G,"Beauchamp, MarJon Doubtful G "
2026-01-21,"Broome, Johni",Doubtful,G,"Broome, Johni Doubtful G "
2026-01-21,"Embiid, Joel",Probable,Injury/Illness -,"Embiid, Joel Probable Injury/Illness - "
2026-01-21,"George, Paul",Questionable,Injury/Illness -,"George, Paul Questionable Injury/Illness - "
2026-01-21,"Oubre Jr., Kelly",Available,Injury/Illness -,"Oubre Jr., Kelly Available Injury/Illness - "
2026-01-21,"Butler III, Jimmy",Out,Injury/Illness -,"Butler III, Jimmy Out Injury/Illness - "
2026-01-21,"Cryer, LJ",Out,G,"Cryer, LJ Out G "
2026-01-21,"Curry, Seth",Out,Injury/Illness -,"Curry, Seth Out Injury/Illness - "
2026-01-21,"Leons, Malevy",Out,G,"Leons, Malevy Out G "
2026-01-21,"Payton II, Gary",Questionable,Injury/Illness -,"Payton II, Gary Questionable Injury/Illness - "
2026-01-21,"Collins, Zach",Out,Injury/Illness -,"Collins, Zach Out Injury/Illness - "
2026-01-21,"Essengue, Noa",Out,Injury/Illness -,"Essengue, Noa Out Injury/Illness - "
2026-01-21,"Giddey, Josh",Questionable,Injury/Illness -,"Giddey, Josh Questionable Injury/Illness - "
2026-01-21,"Kawamura, Yuki",Out,G,"Kawamura, Yuki Out G "
2026-01-21,"Miller, Emanuel",Out,G,"Miller, Emanuel Out G "
2026-01-21,"Williams, Patrick",Questionable,Injury/Illness -,"Williams, Patrick Questionable Injury/Illness - "
2026-01-21,"Shannon Jr., Terrence",Out,Injury/Illness -,"Shannon Jr., Terrence Out Injury/Illness - "
2026-01-21,"Zikarsky, Rocco",Out,G,"Zikarsky, Rocco Out G "
2026-01-22,"Ball, LaMelo",Questionable,Injury/Illness -,"Ball, LaMelo Questionable Injury/Illness - "
2026-01-22,"Hall, PJ",Out,G,"Hall, PJ Out G "
2026-01-22,"Mann, Tre",Out,Injury/Illness -,"Mann, Tre Out Injury/Illness - "
2026-01-22,"McNeeley, Liam",Out,G,"McNeeley, Liam Out G "
2026-01-22,"Miller, Brandon",Probable,Injury/Illness -,"Miller, Brandon Probable Injury/Illness - "
2026-01-22,"Plumlee, Mason",Out,Injury/Illness -,"Plumlee, Mason Out Injury/Illness - "
2026-01-22,"Simpson, KJ",Out,Injury/Illness -,"Simpson, KJ Out Injury/Illness - "
2026-01-22,"Williams, Grant",Out,Injury/Illness -,"Williams, Grant Out Injury/Illness - "
2026-01-22,"Castleton, Colin",Out,G,"Castleton, Colin Out G "
2026-01-22,"Suggs, Jalen",Out,Injury/Illness -,"Suggs, Jalen Out Injury/Illness - "
2026-01-22,"Wagner, Franz",Out,Injury/Illness -,"Wagner, Franz Out Injury/Illness - "
2026-01-22,"Bates, Tamar",Out,Injury/Illness -,"Bates, Tamar Out Injury/Illness - "
2026-01-22,"Braun, Christian",Out,Injury/Illness -,"Braun, Christian Out Injury/Illness - "
2026-01-22,"Gordon, Aaron",Probable,Injury/Illness -,"Gordon, Aaron Probable Injury/Illness - "
2026-01-22,"Hardaway Jr., Tim",Probable,Injury/Illness -,"Hardaway Jr., Tim Probable Injury/Illness - "
2026-01-22,"Johnson, Cameron",Out,Injury/Illness -,"Johnson, Cameron Out Injury/Illness - "
2026-01-22,"Jokic, Nikola",Out,Injury/Illness -,"Jokic, Nikola Out Injury/Illness - "
2026-01-22,"Jones, Curtis",Out,G,"Jones, Curtis Out G "
2026-01-22,"Murray, Jamal",Probable,Injury/Illness -,"Murray, Jamal Probable Injury/Illness - "
2026-01-22,"Valanciunas, Jonas",Questionable,Injury/Illness -,"Valanciunas, Jonas Questionable Injury/Illness - "
2026-01-22,"Bagley III, Marvin",Out,Injury/Illness -,"Bagley III, Marvin Out Injury/Illness - "
2026-01-22,"Coulibaly, Bilal",Out,Injury/Illness -,"Coulibaly, Bilal Out Injury/Illness - "
2026-01-22,"Johnson, AJ",Available,Injury/Illness -,"Johnson, AJ Available Injury/Illness - "
2026-01-22,"Middleton, Khris",Available,Injury/Illness -,"Middleton, Khris Available Injury/Illness - "
2026-01-22,"Vukcevic, Tristan",Out,Injury/Illness -,"Vukcevic, Tristan Out Injury/Illness - "
2026-01-22,"Whitmore, Cam",Out,Injury/Illness -,"Whitmore, Cam Out Injury/Illness - "
2026-01-22,"Young, Trae",Out,Injury/Illness -,"Young, Trae Out Injury/Illness - "
2026-01-22,"Adams, Steven",Out,Injury/Illness -,"Adams, Steven Out Injury/Illness - "
2026-01-22,"Holiday, Aaron",Out,Injury/Illness -,"Holiday, Aaron Out Injury/Illness - "
2026-01-22,"Newton, Tristen",Out,G,"Newton, Tristen Out G "
2026-01-22,"VanVleet, Fred",Out,Injury/Illness -,"VanVleet, Fred Out Injury/Illness - "
2026-01-22,"Beauchamp, MarJon",Doubtful,G,"Beauchamp, MarJon Doubtful G "
2026-01-22,"Broome, Johni",Questionable,G,"Broome, Johni Questionable G "
2026-01-22,"Embiid, Joel",Probable,Injury/Illness -,"Embiid, Joel Probable Injury/Illness - "
2026-01-22,"George, Paul",Questionable,Injury/Illness -,"George, Paul Questionable Injury/Illness - "
2026-01-22,"Oubre Jr., Kelly",Available,Injury/Illness -,"Oubre Jr., Kelly Available Injury/Illness - "
2026-01-22,"Butler III, Jimmy",Out,Injury/Illness -,"Butler III, Jimmy Out Injury/Illness - "
2026-01-22,"Cryer, LJ",Out,G,"Cryer, LJ Out G "
2026-01-22,"Curry, Seth",Out,Injury/Illness -,"Curry, Seth Out Injury/Illness - "
2026-01-22,"Leons, Malevy",Out,G,"Leons, Malevy Out G "
2026-01-22,"Payton II, Gary",Questionable,Injury/Illness -,"Payton II, Gary Questionable Injury/Illness - "
2026-01-22,"Cisse, Moussa",Probable,Injury/Illness -,"Cisse, Moussa Probable Injury/Illness - "
2026-01-22,"Davis, Anthony",Out,Injury/Illness -,"Davis, Anthony Out Injury/Illness - "
2026-01-22,"Exum, Dante",Out,Injury/Illness -,"Exum, Dante Out Injury/Illness - "
2026-01-22,"Gafford, Daniel",Doubtful,Injury/Illness -,"Gafford, Daniel Doubtful Injury/Illness - "
2026-01-22,"Irving, Kyrie",Out,Injury/Illness -,"Irving, Kyrie Out Injury/Illness - "
2026-01-22,"Kelly, Miles",Questionable,G,"Kelly, Miles Questionable G "
2026-01-22,"Lively II, Dereck",Out,Injury/Illness -,"Lively II, Dereck Out Injury/Illness - "
2026-01-22,"Nembhard, Ryan",Probable,G,"Nembhard, Ryan Probable G "
2026-01-22,"Collins, Zach",Out,Injury/Illness -,"Collins, Zach Out Injury/Illness - "
2026-01-22,"Essengue, Noa",Out,Injury/Illness -,"Essengue, Noa Out Injury/Illness - "
2026-01-22,"Giddey, Josh",Probable,Injury/Illness -,"Giddey, Josh Probable Injury/Illness - "
2026-01-22,"Kawamura, Yuki",Out,G,"Kawamura, Yuki Out G "
2026-01-22,"Miller, Emanuel",Out,G,"Miller, Emanuel Out G "
2026-01-22,"Williams, Patrick",Questionable,Injury/Illness -,"Williams, Patrick Questionable Injury/Illness - "
2026-01-22,"Randle, Julius",Questionable,Injury/Illness -,"Randle, Julius Questionable Injury/Illness - "
2026-01-22,"Shannon Jr., Terrence",Out,Injury/Illness -,"Shannon Jr., Terrence Out Injury/Illness - "
2026-01-22,"Zikarsky, Rocco",Out,G,"Zikarsky, Rocco Out G "
2026-01-22,"Ingram, Harrison",Out,G,"Ingram, Harrison Out G "
2026-01-22,"Garcia, David",Out,G,"Garcia, David Out G "
2026-01-22,"Kornet, Luke",Out,Injury/Illness -,"Kornet, Luke Out Injury/Illness - "
2026-01-22,"Sochan, Jeremy",Questionable,"Injury/Illness - "" ""","Sochan, Jeremy Questionable Injury/Illness - "" ""; "
2026-01-22,"Umude, Stanley",Out,G,"Umude, Stanley Out G "
2026-01-22,"Vassell, Devin",Out,Injury/Illness -,"Vassell, Devin Out Injury/Illness - "
2026-01-22,"George, Keyonte",Questionable,Injury/Illness -,"George, Keyonte Questionable Injury/Illness - "
2026-01-22,"Harkless, Elijah",Out,G,"Harkless, Elijah Out G "
2026-01-22,"Kessler, Walker",Out,Injury/Illness -,"Kessler, Walker Out Injury/Illness - "
2026-01-22,"Markkanen, Lauri",Out,Return to,"Markkanen, Lauri Out Return to "
2026-01-22,"Niang, Georges",Out,Injury/Illness -,"Niang, Georges Out Injury/Illness - "
2026-01-22,"Sensabaugh, Brice",Questionable,Injury/Illness -,"Sensabaugh, Brice Questionable Injury/Illness - "
2026-01-22,"Tonje, John",Out,G,"Tonje, John Out G "
2026-01-22,"Tshiebwe, Oscar",Out,G,"Tshiebwe, Oscar Out G "
2026-01-22,"Reaves, Austin",Out,Injury/Illness -,"Reaves, Austin Out Injury/Illness - "
2026-01-22,"Thiero, Adou",Out,Injury/Illness -,"Thiero, Adou Out Injury/Illness - "
2026-01-22,"Beal, Bradley",Out,Injury/Illness -,"Beal, Bradley Out Injury/Illness - "
2026-01-22,"Bogdanovic, Bogdan",Out,Injury/Illness -,"Bogdanovic, Bogdan Out Injury/Illness - "
2026-01-22,"Jones Jr., Derrick",Out,Injury/Illness -,"Jones Jr., Derrick Out Injury/Illness - "
2026-01-22,"Leonard, Kawhi",Questionable,Injury/Illness -,"Leonard, Kawhi Questionable Injury/Illness - "
2026-01-22,"Paul, Chris",Out,Not,"Paul, Chris Out Not "
2026-01-22,"Goldin, Vladislav",Out,G,"Goldin, Vladislav Out G "
2026-01-22,"Herro, Tyler",Out,Injury/Illness -,"Herro, Tyler Out Injury/Illness - "
2026-01-22,"Jaquez Jr., Jaime",Available,Injury/Illness -,"Jaquez Jr., Jaime Available Injury/Illness - "
2026-01-22,"Jovic, Nikola",Available,Injury/Illness -,"Jovic, Nikola Available Injury/Illness - "
2026-01-22,"Larsson, Pelle",Available,Injury/Illness -,"Larsson, Pelle Available Injury/Illness - "
2026-01-22,"Mitchell, Davion",Doubtful,Injury/Illness -,"Mitchell, Davion Doubtful Injury/Illness - "
2026-01-22,"Powell, Norman",Questionable,Injury/Illness -,"Powell, Norman Questionable Injury/Illness - "
2026-01-22,"Rozier, Terry",Out,Not,"Rozier, Terry Out Not "
2026-01-22,"Ware, Kel'el",Out,Injury/Illness -,"Ware, Kel'el Out Injury/Illness - "
2026-01-22,"Young, Jahmir",Out,G,"Young, Jahmir Out G "
2026-01-22,"Cissoko, Sidy",Questionable,Injury/Illness -,"Cissoko, Sidy Questionable Injury/Illness - "
2026-01-22,"Grant, Jerami",Questionable,Injury/Illness -,"Grant, Jerami Questionable Injury/Illness - "
2026-01-22,"Henderson, Scoot",Out,Injury/Illness -,"Henderson, Scoot Out Injury/Illness - "
2026-01-22,"Holiday, Jrue",Questionable,Injury/Illness -,"Holiday, Jrue Questionable Injury/Illness - "
2026-01-22,"Lillard, Damian",Out,Injury/Illness -,"Lillard, Damian Out Injury/Illness - "
2026-01-22,"Murray, Kris",Out,Injury/Illness -,"Murray, Kris Out Injury/Illness - "
2026-01-22,"Thybulle, Matisse",Out,Injury/Illness -,"Thybulle, Matisse Out Injury/Illness - "
2026-01-22,"Wesley, Blake",Out,Injury/Illness -,"Wesley, Blake Out Injury/Illness - "
2026-01-22,"Williams III, Robert",Questionable,Injury/Illness -,"Williams III, Robert Questionable Injury/Illness - "
2026-01-22,"Cunningham, Cade",Questionable,Injury/Illness -,"Cunningham, Cade Questionable Injury/Illness - "
2026-01-22,"Holland II, Ronald",Probable,Injury/Illness -,"Holland II, Ronald Probable Injury/Illness - "
2026-01-22,"Jones, Isaac",Out,G,"Jones, Isaac Out G "
2026-01-22,"Klintman, Bobi",Out,G,"Klintman, Bobi Out G "
2026-01-22,"Lanier, Chaz",Questionable,G,"Lanier, Chaz Questionable G "
2026-01-22,"LeVert, Caris",Doubtful,Injury/Illness -,"LeVert, Caris Doubtful Injury/Illness - "
2026-01-22,"Moore Jr., Wendell",Out,G,"Moore Jr., Wendell Out G "
2026-01-22,"Robinson, Duncan",Probable,Injury/Illness -,"Robinson, Duncan Probable Injury/Illness - "
2026-01-22,"Smith, Tolu",Out,G,"Smith, Tolu Out G "
2026-01-22,"Minott, Josh",Out,Injury/Illness -,"Minott, Josh Out Injury/Illness - "
2026-01-22,"Shulga, Max",Out,G,"Shulga, Max Out G "
2026-01-22,"Tatum, Jayson",Out,Injury/Illness -,"Tatum, Jayson Out Injury/Illness - "
2026-01-22,"Williams, Amari",Out,G,"Williams, Amari Out G "
2026-01-22,"Etienne, Tyson",Out,G,"Etienne, Tyson Out G "
2026-01-22,"Highsmith, Haywood",Out,Injury/Illness -,"Highsmith, Haywood Out Injury/Illness - "
2026-01-22,"Johnson, Chaney",Out,G,"Johnson, Chaney Out G "
2026-01-22,"Saraf, Ben",Out,G,"Saraf, Ben Out G "
2026-01-22,"Goodwin, Jordan",Available,Injury/Illness -,"Goodwin, Jordan Available Injury/Illness - "
2026-01-22,"Dante, N'Faly",Out,Injury/Illness -,"Dante, N'Faly Out Injury/Illness - "
2026-01-22,"Dennis, RayJ",Questionable,G,"Dennis, RayJ Questionable G "
2026-01-22,"Djurisic, Nikola",Questionable,G,"Djurisic, Nikola Questionable G "
2026-01-22,"Houstan, Caleb",Questionable,G,"Houstan, Caleb Questionable G "
2026-01-22,"Porzingis, Kristaps",Out,Injury/Illness -,"Porzingis, Kristaps Out Injury/Illness - "
2026-01-22,"Risacher, Zaccharie",Out,Injury/Illness -,"Risacher, Zaccharie Out Injury/Illness - "
2026-01-22,"Murray, Keegan",Out,Injury/Illness -,"Murray, Keegan Out Injury/Illness - "
2026-01-22,"Plowden, Daeqwon",Out,G,"Plowden, Daeqwon Out G "
2026-01-22,"Stevens, Isaiah",Out,G,"Stevens, Isaiah Out G "
2026-01-22,"Garland, Darius",Out,Injury/Illness -,"Garland, Darius Out Injury/Illness - "
2026-01-22,"Livingston, Chris",Out,G,"Livingston, Chris Out G "
2026-01-22,"Merrill, Sam",Out,Injury/Illness -,"Merrill, Sam Out Injury/Illness - "
2026-01-22,"Strus, Max",Out,Injury/Illness -,"Strus, Max Out Injury/Illness - "
2026-01-22,"Travers, Luke",Out,G,"Travers, Luke Out G "
2026-01-22,"Alexander, Trey",Out,G,"Alexander, Trey Out G "
2026-01-22,"Alvarado, Jose",Out,Injury/Illness -,"Alvarado, Jose Out Injury/Illness - "
2026-01-22,"Dickinson, Hunter",Out,G,"Dickinson, Hunter Out G "
2026-01-22,"Jones, Herbert",Questionable,Injury/Illness -,"Jones, Herbert Questionable Injury/Illness - "
2026-01-22,"Murray, Dejounte",Out,Injury/Illness -,"Murray, Dejounte Out Injury/Illness - "
2026-01-22,"Antetokounmpo, Alex",Out,G,"Antetokounmpo, Alex Out G "
2026-01-22,"Porter Jr., Kevin",Out,Injury/Illness -,"Porter Jr., Kevin Out Injury/Illness - "
2026-01-22,"Prince, Taurean",Out,Injury/Illness -,"Prince, Taurean Out Injury/Illness - "
2026-01-22,"Turner, Myles",Probable,Injury/Illness -,"Turner, Myles Probable Injury/Illness - "
2026-01-23,"Adams, Steven",Out,Injury/Illness -,"Adams, Steven Out Injury/Illness - "
2026-01-23,"Eason, Tari",Out,Injury/Illness -,"Eason, Tari Out Injury/Illness - "
2026-01-23,"Smith, Dorian",Out,Injury/Illness -,"Smith, Dorian Out Injury/Illness - "
2026-01-23,"Holiday, Aaron",Questionable,Injury/Illness -,"Holiday, Aaron Questionable Injury/Illness - "
2026-01-23,"Newton, Tristen",Out,G,"Newton, Tristen Out G "
2026-01-23,"VanVleet, Fred",Out,Injury/Illness -,"VanVleet, Fred Out Injury/Illness - "
2026-01-23,"Cunningham, Cade",Probable,Injury/Illness -,"Cunningham, Cade Probable Injury/Illness - "
2026-01-23,"Holland II, Ronald",Probable,Injury/Illness -,"Holland II, Ronald Probable Injury/Illness - "
2026-01-23,"Jones, Isaac",Out,G,"Jones, Isaac Out G "
2026-01-23,"LeVert, Caris",Out,Injury/Illness -,"LeVert, Caris Out Injury/Illness - "
2026-01-23,"Moore Jr., Wendell",Out,G,"Moore Jr., Wendell Out G "
2026-01-23,"Robinson, Duncan",Available,Injury/Illness -,"Robinson, Duncan Available Injury/Illness - "
2026-01-23,"Smith, Tolu",Out,G,"Smith, Tolu Out G "
2026-01-23,"Minott, Josh",Out,Injury/Illness -,"Minott, Josh Out Injury/Illness - "
2026-01-23,"Queta, Neemias",Questionable,Injury/Illness -,"Queta, Neemias Questionable Injury/Illness - "
2026-01-23,"Shulga, Max",Out,G,"Shulga, Max Out G "
2026-01-23,"Tatum, Jayson",Out,Injury/Illness -,"Tatum, Jayson Out Injury/Illness - "
2026-01-23,"Williams, Amari",Questionable,G,"Williams, Amari Questionable G "
2026-01-23,"Etienne, Tyson",Out,G,"Etienne, Tyson Out G "
2026-01-23,"Highsmith, Haywood",Out,Injury/Illness -,"Highsmith, Haywood Out Injury/Illness - "
2026-01-23,"Johnson, Chaney",Out,G,"Johnson, Chaney Out G "
2026-01-23,"Saraf, Ben",Out,G,"Saraf, Ben Out G "
2026-01-23,"Goodwin, Jordan",Available,Injury/Illness -,"Goodwin, Jordan Available Injury/Illness - "
2026-01-23,"Dante, N'Faly",Out,Injury/Illness -,"Dante, N'Faly Out Injury/Illness - "
2026-01-23,"Dennis, RayJ",Out,G,"Dennis, RayJ Out G "
2026-01-23,"Djurisic, Nikola",Out,G,"Djurisic, Nikola Out G "
2026-01-23,"Houstan, Caleb",Out,G,"Houstan, Caleb Out G "
2026-01-23,"Porzingis, Kristaps",Out,Injury/Illness -,"Porzingis, Kristaps Out Injury/Illness - "
2026-01-23,"Risacher, Zaccharie",Out,Injury/Illness -,"Risacher, Zaccharie Out Injury/Illness - "
2026-01-23,"Murray, Keegan",Out,Injury/Illness -,"Murray, Keegan Out Injury/Illness - "
2026-01-23,"Plowden, Daeqwon",Out,G,"Plowden, Daeqwon Out G "
2026-01-23,"Stevens, Isaiah",Out,G,"Stevens, Isaiah Out G "
2026-01-23,"Garland, Darius",Out,Injury/Illness -,"Garland, Darius Out Injury/Illness - "
2026-01-23,"Livingston, Chris",Out,G,"Livingston, Chris Out G "
2026-01-23,"Merrill, Sam",Out,Injury/Illness -,"Merrill, Sam Out Injury/Illness - "
2026-01-23,"Strus, Max",Out,Injury/Illness -,"Strus, Max Out Injury/Illness - "
2026-01-23,"Travers, Luke",Out,G,"Travers, Luke Out G "
2026-01-23,"Haliburton, Tyrese",Out,Injury/Illness -,"Haliburton, Tyrese Out Injury/Illness - "
2026-01-23,"Jackson, Quenton",Questionable,Injury/Illness -,"Jackson, Quenton Questionable Injury/Illness - "
2026-01-23,"Mathurin, Bennedict",Out,Injury/Illness -,"Mathurin, Bennedict Out Injury/Illness - "
2026-01-23,"Peter, Taelon",Out,G,"Peter, Taelon Out G "
2026-01-23,"Thompson, Ethan",Probable,G,"Thompson, Ethan Probable G "
2026-01-23,"Toppin, Obi",Out,Injury/Illness -,"Toppin, Obi Out Injury/Illness - "
2026-01-23,"Caruso, Alex",Out,Injury/Illness -,"Caruso, Alex Out Injury/Illness - "
2026-01-23,"Hartenstein, Isaiah",Out,Injury/Illness -,"Hartenstein, Isaiah Out Injury/Illness - "
2026-01-23,"Mitchell, Ajay",Out,Injury/Illness -,"Mitchell, Ajay Out Injury/Illness - "
2026-01-23,"Sorber, Thomas",Out,Injury/Illness -,"Sorber, Thomas Out Injury/Illness - "
2026-01-23,"Topic, Nikola",Out,Injury/Illness -,"Topic, Nikola Out Injury/Illness - "
2026-01-23,"Wiggins, Aaron",Out,Injury/Illness -,"Wiggins, Aaron Out Injury/Illness - "
2026-01-23,"Williams, Jalen",Out,Injury/Illness -,"Williams, Jalen Out Injury/Illness - "
2026-01-23,"Williams, Jaylin",Available,Injury/Illness -,"Williams, Jaylin Available Injury/Illness - "
2026-01-23,"Alexander, Trey",Out,G,"Alexander, Trey Out G "
2026-01-23,"Alvarado, Jose",Out,Injury/Illness -,"Alvarado, Jose Out Injury/Illness - "
2026-01-23,"Dickinson, Hunter",Out,G,"Dickinson, Hunter Out G "
2026-01-23,"Jones, Herbert",Questionable,Injury/Illness -,"Jones, Herbert Questionable Injury/Illness - "
2026-01-23,"Murray, Dejounte",Out,Injury/Illness -,"Murray, Dejounte Out Injury/Illness - "
2026-01-23,"Aldama, Santi",Out,Injury/Illness -,"Aldama, Santi Out Injury/Illness - "
2026-01-23,"Clarke, Brandon",Out,Injury/Illness -,"Clarke, Brandon Out Injury/Illness - "
2026-01-23,"Edey, Zach",Out,Injury/Illness -,"Edey, Zach Out Injury/Illness - "
2026-01-23,"Jerome, Ty",Out,Injury/Illness -,"Jerome, Ty Out Injury/Illness - "
2026-01-23,"Landale, Jock",Questionable,Personal,"Landale, Jock Questionable Personal "
2026-01-23,"Mashack, Jahmai",Out,G,"Mashack, Jahmai Out G "
2026-01-23,"Morant, Ja",Out,Injury/Illness -,"Morant, Ja Out Injury/Illness - "
2026-01-23,"Pippen Jr., Scotty",Out,Injury/Illness -,"Pippen Jr., Scotty Out Injury/Illness - "
2026-01-23,"Bates, Tamar",Out,Injury/Illness -,"Bates, Tamar Out Injury/Illness - "
2026-01-23,"Braun, Christian",Out,Injury/Illness -,"Braun, Christian Out Injury/Illness - "
2026-01-23,"Gordon, Aaron",Probable,Injury/Illness -,"Gordon, Aaron Probable Injury/Illness - "
2026-01-23,"Johnson, Cameron",Out,Injury/Illness -,"Johnson, Cameron Out Injury/Illness - "
2026-01-23,"Jokic, Nikola",Out,Injury/Illness -,"Jokic, Nikola Out Injury/Illness - "
2026-01-23,"Murray, Jamal",Questionable,Injury/Illness -,"Murray, Jamal Questionable Injury/Illness - "
2026-01-23,"Valanciunas, Jonas",Questionable,Injury/Illness -,"Valanciunas, Jonas Questionable Injury/Illness - "
2026-01-23,"Watson, Peyton",Questionable,Injury/Illness -,"Watson, Peyton Questionable Injury/Illness - "
2026-01-23,"Antetokounmpo, Alex",Out,G,"Antetokounmpo, Alex Out G "
2026-01-23,"Green, AJ",Questionable,Injury/Illness -,"Green, AJ Questionable Injury/Illness - "
2026-01-23,"Porter Jr., Kevin",Out,Injury/Illness -,"Porter Jr., Kevin Out Injury/Illness - "
2026-01-23,"Prince, Taurean",Out,Injury/Illness -,"Prince, Taurean Out Injury/Illness - "
2026-01-23,"Trent Jr., Gary",Questionable,Injury/Illness -,"Trent Jr., Gary Questionable Injury/Illness - "
2026-01-23,"Turner, Myles",Probable,Injury/Illness -,"Turner, Myles Probable Injury/Illness - "
2026-01-23,"Barrett, RJ",Questionable,Injury/Illness -,"Barrett, RJ Questionable Injury/Illness - "
2026-01-23,"Hepburn, Chucky",Out,G,"Hepburn, Chucky Out G "
2026-01-23,"Boyles, Collin",Questionable,Injury/Illness -,"Boyles, Collin Questionable Injury/Illness - "
2026-01-23,"Poeltl, Jakob",Out,Injury/Illness -,"Poeltl, Jakob Out Injury/Illness - "
2026-01-23,"Walter, Ja'Kobe",Out,Injury/Illness -,"Walter, Ja'Kobe Out Injury/Illness - "
2026-01-23,"Avdija, Deni",Doubtful,Injury/Illness -,"Avdija, Deni Doubtful Injury/Illness - "
2026-01-23,"Henderson, Scoot",Out,Injury/Illness -,"Henderson, Scoot Out Injury/Illness - "
2026-01-23,"Lillard, Damian",Out,Injury/Illness -,"Lillard, Damian Out Injury/Illness - "
2026-01-23,"Murray, Kris",Out,Injury/Illness -,"Murray, Kris Out Injury/Illness - "
2026-01-23,"Reath, Duop",Questionable,Injury/Illness -,"Reath, Duop Questionable Injury/Illness - "
2026-01-23,"Thybulle, Matisse",Out,Injury/Illness -,"Thybulle, Matisse Out Injury/Illness - "
2026-01-23,"Wesley, Blake",Out,Injury/Illness -,"Wesley, Blake Out Injury/Illness - "
2026-01-23,"Williams III, Robert",Questionable,Injury/Illness -,"Williams III, Robert Questionable Injury/Illness - "
2026-01-23,"Dadiet, Pacome",Questionable,G,"Dadiet, Pacome Questionable G "
2026-01-23,"Diawara, Mohamed",Questionable,G,"Diawara, Mohamed Questionable G "
2026-01-23,"Hukporti, Ariel",Questionable,G,"Hukporti, Ariel Questionable G "
2026-01-23,"Jemison III, Trey",Out,G,"Jemison III, Trey Out G "
2026-01-23,"Jones, Dillon",Out,G,"Jones, Dillon Out G "
2026-01-23,"McCullar Jr., Kevin",Out,G,"McCullar Jr., Kevin Out G "
2026-01-23,"Towns, Karl- Anthony",Questionable,Injury/Illness -,"Towns, Karl- Anthony Questionable Injury/Illness - "
2026-01-23,"Beauchamp, MarJon",Doubtful,G,"Beauchamp, MarJon Doubtful G "
2026-01-23,"Broome, Johni",Doubtful,G,"Broome, Johni Doubtful G "
2026-01-23,"Embiid, Joel",Probable,Injury/Illness -,"Embiid, Joel Probable Injury/Illness - "
2026-01-23,"George, Paul",Probable,Injury/Illness -,"George, Paul Probable Injury/Illness - "
2026-01-23,"Oubre Jr., Kelly",Available,Injury/Illness -,"Oubre Jr., Kelly Available Injury/Illness - "
2026-01-23,"Castleton, Colin",Out,G,"Castleton, Colin Out G "
2026-01-23,"Suggs, Jalen",Probable,Injury/Illness -,"Suggs, Jalen Probable Injury/Illness - "
2026-01-23,"Wagner, Franz",Out,Injury/Illness -,"Wagner, Franz Out Injury/Illness - "
2026-01-23,"Collins, Zach",Out,Injury/Illness -,"Collins, Zach Out Injury/Illness - "
2026-01-23,"Essengue, Noa",Out,Injury/Illness -,"Essengue, Noa Out Injury/Illness - "
2026-01-23,"Giddey, Josh",Probable,Injury/Illness -,"Giddey, Josh Probable Injury/Illness - "
2026-01-23,"Jones, Tre",Doubtful,Injury/Illness -,"Jones, Tre Doubtful Injury/Illness - "
2026-01-23,"Kawamura, Yuki",Out,G,"Kawamura, Yuki Out G "
2026-01-23,"Miller, Emanuel",Out,G,"Miller, Emanuel Out G "
2026-01-23,"Olbrich, Lachlan",Probable,Injury/Illness -,"Olbrich, Lachlan Probable Injury/Illness - "
2026-01-23,"Williams, Patrick",Probable,Injury/Illness -,"Williams, Patrick Probable Injury/Illness - "
2026-01-23,"Bagley III, Marvin",Out,Injury/Illness -,"Bagley III, Marvin Out Injury/Illness - "
2026-01-23,"Coulibaly, Bilal",Out,Injury/Illness -,"Coulibaly, Bilal Out Injury/Illness - "
2026-01-23,"Johnson, AJ",Out,Injury/Illness -,"Johnson, AJ Out Injury/Illness - "
2026-01-23,"Middleton, Khris",Questionable,Injury/Illness -,"Middleton, Khris Questionable Injury/Illness - "
2026-01-23,"Vukcevic, Tristan",Out,Injury/Illness -,"Vukcevic, Tristan Out Injury/Illness - "
2026-01-23,"Whitmore, Cam",Out,Injury/Illness -,"Whitmore, Cam Out Injury/Illness - "
2026-01-23,"Young, Trae",Out,Injury/Illness -,"Young, Trae Out Injury/Illness - "
2026-01-23,"Hall, PJ",Out,G,"Hall, PJ Out G "
2026-01-23,"Kalkbrenner, Ryan",Probable,Injury/Illness -,"Kalkbrenner, Ryan Probable Injury/Illness - "
2026-01-23,"McNeeley, Liam",Out,G,"McNeeley, Liam Out G "
2026-01-23,"Miller, Brandon",Probable,Injury/Illness -,"Miller, Brandon Probable Injury/Illness - "
2026-01-23,"Plumlee, Mason",Out,Injury/Illness -,"Plumlee, Mason Out Injury/Illness - "
2026-01-23,"Reeves, Antonio",Out,G,"Reeves, Antonio Out G "
2026-01-23,"Simpson, KJ",Out,Injury/Illness -,"Simpson, KJ Out Injury/Illness - "
2026-01-24,"Dadiet, Pacome",Out,G,"Dadiet, Pacome Out G "
2026-01-24,"Diawara, Mohamed",Available,G,"Diawara, Mohamed Available G "
2026-01-24,"Hukporti, Ariel",Available,G,"Hukporti, Ariel Available G "
2026-01-24,"Jemison III, Trey",Out,G,"Jemison III, Trey Out G "
2026-01-24,"Jones, Dillon",Out,G,"Jones, Dillon Out G "
2026-01-24,"McCullar Jr., Kevin",Out,G,"McCullar Jr., Kevin Out G "
2026-01-24,"Towns, Karl- Anthony",Available,Injury/Illness -,"Towns, Karl- Anthony Available Injury/Illness - "
2026-01-24,"Beauchamp, MarJon",Out,G,"Beauchamp, MarJon Out G "
2026-01-24,"Broome, Johni",Out,G,"Broome, Johni Out G "
2026-01-24,"Embiid, Joel",Available,Injury/Illness -,"Embiid, Joel Available Injury/Illness - "
2026-01-24,"George, Paul",Available,Injury/Illness -,"George, Paul Available Injury/Illness - "
2026-01-24,"Oubre Jr., Kelly",Available,Injury/Illness -,"Oubre Jr., Kelly Available Injury/Illness - "
2026-01-24,"Garland, Darius",Out,Injury/Illness -,"Garland, Darius Out Injury/Illness - "
2026-01-24,"Hunter, De'Andre",Questionable,Injury/Illness -,"Hunter, De'Andre Questionable Injury/Illness - "
2026-01-24,"Livingston, Chris",Out,G,"Livingston, Chris Out G "
2026-01-24,"Merrill, Sam",Out,Injury/Illness -,"Merrill, Sam Out Injury/Illness - "
2026-01-24,"Strus, Max",Out,Injury/Illness -,"Strus, Max Out Injury/Illness - "
2026-01-24,"Travers, Luke",Out,G,"Travers, Luke Out G "
2026-01-24,"Castleton, Colin",Out,G,"Castleton, Colin Out G "
2026-01-24,"Suggs, Jalen",Available,Injury/Illness -,"Suggs, Jalen Available Injury/Illness - "
2026-01-24,"Wagner, Franz",Out,Injury/Illness -,"Wagner, Franz Out Injury/Illness - "
2026-01-24,"Brown, Jaylen",Probable,Injury/Illness -,"Brown, Jaylen Probable Injury/Illness - "
2026-01-24,"Minott, Josh",Out,Injury/Illness -,"Minott, Josh Out Injury/Illness - "
2026-01-24,"Queta, Neemias",Probable,Injury/Illness -,"Queta, Neemias Probable Injury/Illness - "
2026-01-24,"Shulga, Max",Out,G,"Shulga, Max Out G "
2026-01-24,"Tatum, Jayson",Out,Injury/Illness -,"Tatum, Jayson Out Injury/Illness - "
2026-01-24,"Collins, Zach",Out,Injury/Illness -,"Collins, Zach Out Injury/Illness - "
2026-01-24,"Essengue, Noa",Out,Injury/Illness -,"Essengue, Noa Out Injury/Illness - "
2026-01-24,"Jones, Tre",Out,Injury/Illness -,"Jones, Tre Out Injury/Illness - "
2026-01-24,"Kawamura, Yuki",Out,G,"Kawamura, Yuki Out G "
2026-01-24,"Miller, Emanuel",Out,G,"Miller, Emanuel Out G "
2026-01-24,"Reaves, Austin",Out,Injury/Illness -,"Reaves, Austin Out Injury/Illness - "
2026-01-24,"Thiero, Adou",Out,Injury/Illness -,"Thiero, Adou Out Injury/Illness - "
2026-01-24,"Cisse, Moussa",Doubtful,Injury/Illness -,"Cisse, Moussa Doubtful Injury/Illness - "
2026-01-24,"Davis, Anthony",Out,Injury/Illness -,"Davis, Anthony Out Injury/Illness - "
2026-01-24,"Exum, Dante",Out,Injury/Illness -,"Exum, Dante Out Injury/Illness - "
2026-01-24,"Gafford, Daniel",Probable,Injury/Illness -,"Gafford, Daniel Probable Injury/Illness - "
2026-01-24,"Irving, Kyrie",Out,Injury/Illness -,"Irving, Kyrie Out Injury/Illness - "
2026-01-24,"Kelly, Miles",Questionable,G,"Kelly, Miles Questionable G "
2026-01-24,"Lively II, Dereck",Out,Injury/Illness -,"Lively II, Dereck Out Injury/Illness - "
2026-01-24,"Nembhard, Ryan",Probable,G,"Nembhard, Ryan Probable G "
2026-01-24,"Goldin, Vladislav",Out,G,"Goldin, Vladislav Out G "
2026-01-24,"Herro, Tyler",Out,Injury/Illness -,"Herro, Tyler Out Injury/Illness - "
2026-01-24,"Jaquez Jr., Jaime",Available,Injury/Illness -,"Jaquez Jr., Jaime Available Injury/Illness - "
2026-01-24,"Larsson, Pelle",Available,Injury/Illness -,"Larsson, Pelle Available Injury/Illness - "
2026-01-24,"Mitchell, Davion",Doubtful,Injury/Illness -,"Mitchell, Davion Doubtful Injury/Illness - "
2026-01-24,"Powell, Norman",Available,Injury/Illness -,"Powell, Norman Available Injury/Illness - "
2026-01-24,"Rozier, Terry",Out,Not,"Rozier, Terry Out Not "
2026-01-24,"Ware, Kel'el",Out,Injury/Illness -,"Ware, Kel'el Out Injury/Illness - "
2026-01-24,"Young, Jahmir",Out,G,"Young, Jahmir Out G "
2026-01-24,"Harkless, Elijah",Out,G,"Harkless, Elijah Out G "
2026-01-24,"Kessler, Walker",Out,Injury/Illness -,"Kessler, Walker Out Injury/Illness - "
2026-01-24,"Love, Kevin",Out,Injury/Illness -,"Love, Kevin Out Injury/Illness - "
2026-01-24,"Markkanen, Lauri",Out,Return to,"Markkanen, Lauri Out Return to "
2026-01-24,"Niang, Georges",Out,Injury/Illness -,"Niang, Georges Out Injury/Illness - "
2026-01-24,"Nurkic, Jusuf",Questionable,Injury/Illness -,"Nurkic, Jusuf Questionable Injury/Illness - "
2026-01-24,"Tonje, John",Out,G,"Tonje, John Out G "
2026-01-24,"Tshiebwe, Oscar",Out,G,"Tshiebwe, Oscar Out G "
2026-01-24,"Bagley III, Marvin",Out,Injury/Illness -,"Bagley III, Marvin Out Injury/Illness - "
2026-01-24,"Coulibaly, Bilal",Out,Injury/Illness -,"Coulibaly, Bilal Out Injury/Illness - "
2026-01-24,"Johnson, AJ",Out,Injury/Illness -,"Johnson, AJ Out Injury/Illness - "
2026-01-24,"Middleton, Khris",Out,Injury/Illness -,"Middleton, Khris Out Injury/Illness - "
2026-01-24,"Vukcevic, Tristan",Out,Injury/Illness -,"Vukcevic, Tristan Out Injury/Illness - "
2026-01-24,"Whitmore, Cam",Out,Injury/Illness -,"Whitmore, Cam Out Injury/Illness - "
2026-01-24,"Young, Trae",Out,Injury/Illness -,"Young, Trae Out Injury/Illness - "
2026-01-24,"Hall, PJ",Out,G,"Hall, PJ Out G "
2026-01-24,"Kalkbrenner, Ryan",Available,Injury/Illness -,"Kalkbrenner, Ryan Available Injury/Illness - "
2026-01-24,"McNeeley, Liam",Out,G,"McNeeley, Liam Out G "
2026-01-24,"Miller, Brandon",Available,Injury/Illness -,"Miller, Brandon Available Injury/Illness - "
2026-01-24,"Plumlee, Mason",Out,Injury/Illness -,"Plumlee, Mason Out Injury/Illness - "
2026-01-24,"Reeves, Antonio",Out,G,"Reeves, Antonio Out G "
2026-01-24,"Simpson, KJ",Out,Injury/Illness -,"Simpson, KJ Out Injury/Illness - "
2026-01-24,"Murray, Keegan",Out,Injury/Illness -,"Murray, Keegan Out Injury/Illness - "
2026-01-24,"Plowden, Daeqwon",Out,G,"Plowden, Daeqwon Out G "
2026-01-24,"Stevens, Isaiah",Out,G,"Stevens, Isaiah Out G "
2026-01-24,"Cunningham, Cade",Probable,Injury/Illness -,"Cunningham, Cade Probable Injury/Illness - "
2026-01-24,"Jones, Isaac",Out,G,"Jones, Isaac Out G "
2026-01-24,"LeVert, Caris",Doubtful,Injury/Illness -,"LeVert, Caris Doubtful Injury/Illness - "
2026-01-24,"Moore Jr., Wendell",Out,G,"Moore Jr., Wendell Out G "
2026-01-24,"Smith, Tolu",Out,G,"Smith, Tolu Out G "
2026-01-24,"Bates, Tamar",Out,Injury/Illness -,"Bates, Tamar Out Injury/Illness - "
2026-01-24,"Braun, Christian",Out,Injury/Illness -,"Braun, Christian Out Injury/Illness - "
2026-01-24,"Gordon, Aaron",Out,Injury/Illness -,"Gordon, Aaron Out Injury/Illness - "
2026-01-24,"Johnson, Cameron",Out,Injury/Illness -,"Johnson, Cameron Out Injury/Illness - "
2026-01-24,"Jokic, Nikola",Out,Injury/Illness -,"Jokic, Nikola Out Injury/Illness - "
2026-01-24,"Murray, Jamal",Questionable,Injury/Illness -,"Murray, Jamal Questionable Injury/Illness - "
2026-01-24,"Valanciunas, Jonas",Questionable,Injury/Illness -,"Valanciunas, Jonas Questionable Injury/Illness - "
2026-01-24,"Watson, Peyton",Questionable,Injury/Illness -,"Watson, Peyton Questionable Injury/Illness - "
2026-01-24,"Butler III, Jimmy",Out,Injury/Illness -,"Butler III, Jimmy Out Injury/Illness - "
2026-01-24,"Cryer, LJ",Out,G,"Cryer, LJ Out G "
2026-01-24,"Curry, Seth",Out,Injury/Illness -,"Curry, Seth Out Injury/Illness - "
2026-01-24,"Kuminga, Jonathan",Out,Injury/Illness -,"Kuminga, Jonathan Out Injury/Illness - "
2026-01-24,"Leons, Malevy",Out,G,"Leons, Malevy Out G "
2026-01-24,"Freeman, Enrique",Out,G,"Freeman, Enrique Out G "
2026-01-24,"Shannon Jr., Terrence",Out,Injury/Illness -,"Shannon Jr., Terrence Out Injury/Illness - "
2026-01-24,"Zikarsky, Rocco",Out,G,"Zikarsky, Rocco Out G "
2026-01-24,"Alexander, Trey",Out,G,"Alexander, Trey Out G "
2026-01-24,"Alvarado, Jose",Questionable,Injury/Illness -,"Alvarado, Jose Questionable Injury/Illness - "
2026-01-24,"Dickinson, Hunter",Out,G,"Dickinson, Hunter Out G "
2026-01-24,"Murray, Dejounte",Out,Injury/Illness -,"Murray, Dejounte Out Injury/Illness - "
2026-01-24,"Ingram, Harrison",Out,G,"Ingram, Harrison Out G "
2026-01-24,"Garcia, David",Out,G,"Garcia, David Out G "
2026-01-24,"Kornet, Luke",Questionable,Injury/Illness -,"Kornet, Luke Questionable Injury/Illness - "
2026-01-24,"Umude, Stanley",Out,G,"Umude, Stanley Out G "
2026-01-24,"Hepburn, Chucky",Out,G,"Hepburn, Chucky Out G "
2026-01-24,"Boyles, Collin",Questionable,Injury/Illness -,"Boyles, Collin Questionable Injury/Illness - "
2026-01-24,"Poeltl, Jakob",Out,Injury/Illness -,"Poeltl, Jakob Out Injury/Illness - "
2026-01-24,"Walter, Ja'Kobe",Questionable,Injury/Illness -,"Walter, Ja'Kobe Questionable Injury/Illness - "
2026-01-24,"Clowney, Noah",Doubtful,Injury/Illness -,"Clowney, Noah Doubtful Injury/Illness - "
2026-01-24,"Etienne, Tyson",Out,G,"Etienne, Tyson Out G "
2026-01-24,"Highsmith, Haywood",Out,Injury/Illness -,"Highsmith, Haywood Out Injury/Illness - "
2026-01-24,"Johnson, Chaney",Out,G,"Johnson, Chaney Out G "
2026-01-24,"Thomas, Cam",Out,Injury/Illness -,"Thomas, Cam Out Injury/Illness - "
2026-01-24,"Traore, Nolan",Out,Injury/Illness -,"Traore, Nolan Out Injury/Illness - "
2026-01-25,"LaVine, Zach",Out,Injury/Illness -,"LaVine, Zach Out Injury/Illness - "
2026-01-25,"Murray, Keegan",Out,Injury/Illness -,"Murray, Keegan Out Injury/Illness - "
2026-01-25,"Plowden, Daeqwon",Out,G,"Plowden, Daeqwon Out G "
2026-01-25,"Stevens, Isaiah",Out,G,"Stevens, Isaiah Out G "
2026-01-25,"Cunningham, Cade",Available,Injury/Illness -,"Cunningham, Cade Available Injury/Illness - "
2026-01-25,"Jones, Isaac",Out,G,"Jones, Isaac Out G "
2026-01-25,"LeVert, Caris",Out,Injury/Illness -,"LeVert, Caris Out Injury/Illness - "
2026-01-25,"Moore Jr., Wendell",Out,G,"Moore Jr., Wendell Out G "
2026-01-25,"Smith, Tolu",Out,G,"Smith, Tolu Out G "
2026-01-25,"Butler III, Jimmy",Out,Injury/Illness -,"Butler III, Jimmy Out Injury/Illness - "
2026-01-25,"Curry, Seth",Out,Injury/Illness -,"Curry, Seth Out Injury/Illness - "
2026-01-25,"Curry, Stephen",Available,Injury/Illness -,"Curry, Stephen Available Injury/Illness - "
2026-01-25,"Horford, Al",Available,Injury/Illness -,"Horford, Al Available Injury/Illness - "
2026-01-25,"Kuminga, Jonathan",Out,Injury/Illness -,"Kuminga, Jonathan Out Injury/Illness - "
2026-01-25,"Melton, De'Anthony",Available,Injury/Illness -,"Melton, De'Anthony Available Injury/Illness - "
2026-01-25,"Freeman, Enrique",Out,G,"Freeman, Enrique Out G "
2026-01-25,"Shannon Jr., Terrence",Out,Injury/Illness -,"Shannon Jr., Terrence Out Injury/Illness - "
2026-01-25,"Zikarsky, Rocco",Out,G,"Zikarsky, Rocco Out G "
2026-01-25,"Alexander, Trey",Out,G,"Alexander, Trey Out G "
2026-01-25,"Alvarado, Jose",Questionable,Injury/Illness -,"Alvarado, Jose Questionable Injury/Illness - "
2026-01-25,"Dickinson, Hunter",Out,G,"Dickinson, Hunter Out G "
2026-01-25,"Murphy III, Trey",Probable,Injury/Illness -,"Murphy III, Trey Probable Injury/Illness - "
2026-01-25,"Murray, Dejounte",Out,Injury/Illness -,"Murray, Dejounte Out Injury/Illness - "
2026-01-25,"Ingram, Harrison",Out,G,"Ingram, Harrison Out G "
2026-01-25,"Garcia, David",Out,G,"Garcia, David Out G "
2026-01-25,"Kornet, Luke",Questionable,Injury/Illness -,"Kornet, Luke Questionable Injury/Illness - "
2026-01-25,"McLaughlin, Jordan",Questionable,Injury/Illness -,"McLaughlin, Jordan Questionable Injury/Illness - "
2026-01-25,"Umude, Stanley",Out,G,"Umude, Stanley Out G "
2026-01-25,"Hepburn, Chucky",Out,G,"Hepburn, Chucky Out G "
2026-01-25,"Boyles, Collin",Questionable,Injury/Illness -,"Boyles, Collin Questionable Injury/Illness - "
2026-01-25,"Poeltl, Jakob",Out,Injury/Illness -,"Poeltl, Jakob Out Injury/Illness - "
2026-01-25,"Quickley, Immanuel",Questionable,Injury/Illness -,"Quickley, Immanuel Questionable Injury/Illness - "
2026-01-25,"Walter, Ja'Kobe",Questionable,Injury/Illness -,"Walter, Ja'Kobe Questionable Injury/Illness - "
2026-01-25,"Caruso, Alex",Out,Injury/Illness -,"Caruso, Alex Out Injury/Illness - "
2026-01-25,"Hartenstein, Isaiah",Out,Injury/Illness -,"Hartenstein, Isaiah Out Injury/Illness - "
2026-01-25,"Mitchell, Ajay",Out,Injury/Illness -,"Mitchell, Ajay Out Injury/Illness - "
2026-01-25,"Sorber, Thomas",Out,Injury/Illness -,"Sorber, Thomas Out Injury/Illness - "
2026-01-25,"Topic, Nikola",Out,Injury/Illness -,"Topic, Nikola Out Injury/Illness - "
2026-01-25,"Wiggins, Aaron",Questionable,Injury/Illness -,"Wiggins, Aaron Questionable Injury/Illness - "
2026-01-25,"Williams, Jalen",Out,Injury/Illness -,"Williams, Jalen Out Injury/Illness - "
2026-01-25,"Goldin, Vladislav",Out,G,"Goldin, Vladislav Out G "
2026-01-25,"Herro, Tyler",Out,Injury/Illness -,"Herro, Tyler Out Injury/Illness - "
2026-01-25,"Jakucionis, Kasparas",Questionable,Injury/Illness -,"Jakucionis, Kasparas Questionable Injury/Illness - "
2026-01-25,"Jaquez Jr., Jaime",Available,Injury/Illness -,"Jaquez Jr., Jaime Available Injury/Illness - "
2026-01-25,"Larsson, Pelle",Available,Injury/Illness -,"Larsson, Pelle Available Injury/Illness - "
2026-01-25,"Mitchell, Davion",Doubtful,Injury/Illness -,"Mitchell, Davion Doubtful Injury/Illness - "
2026-01-25,"Powell, Norman",Questionable,Injury/Illness -,"Powell, Norman Questionable Injury/Illness - "
2026-01-25,"Rozier, Terry",Out,Not,"Rozier, Terry Out Not "
2026-01-25,"Ware, Kel'el",Out,Injury/Illness -,"Ware, Kel'el Out Injury/Illness - "
2026-01-25,"Wiggins, Andrew",Probable,Injury/Illness -,"Wiggins, Andrew Probable Injury/Illness - "
2026-01-25,"Booker, Devin",Out,Injury/Illness -,"Booker, Devin Out Injury/Illness - "
2026-01-25,"Goodwin, Jordan",Available,Injury/Illness -,"Goodwin, Jordan Available Injury/Illness - "
2026-01-25,"Green, Jalen",Questionable,Injury/Illness -,"Green, Jalen Questionable Injury/Illness - "
2026-01-25,"Clowney, Noah",Out,Injury/Illness -,"Clowney, Noah Out Injury/Illness - "
2026-01-25,"Etienne, Tyson",Out,G,"Etienne, Tyson Out G "
2026-01-25,"Highsmith, Haywood",Out,Injury/Illness -,"Highsmith, Haywood Out Injury/Illness - "
2026-01-25,"Johnson, Chaney",Out,G,"Johnson, Chaney Out G "
2026-01-25,"Thomas, Cam",Out,Injury/Illness -,"Thomas, Cam Out Injury/Illness - "
2026-01-25,"Traore, Nolan",Out,Injury/Illness -,"Traore, Nolan Out Injury/Illness - "
2026-01-25,"Beal, Bradley",Out,Injury/Illness -,"Beal, Bradley Out Injury/Illness - "
2026-01-25,"Bogdanovic, Bogdan",Out,Injury/Illness -,"Bogdanovic, Bogdan Out Injury/Illness - "
2026-01-25,"Jones Jr., Derrick",Out,Injury/Illness -,"Jones Jr., Derrick Out Injury/Illness - "
2026-01-25,"Leonard, Kawhi",Questionable,Injury/Illness -,"Leonard, Kawhi Questionable Injury/Illness - "
2026-01-25,"Paul, Chris",Out,Not,"Paul, Chris Out Not "
2026-01-25,"Haliburton, Tyrese",Out,Injury/Illness -,"Haliburton, Tyrese Out Injury/Illness - "
2026-01-25,"Jackson, Quenton",Questionable,Injury/Illness -,"Jackson, Quenton Questionable Injury/Illness - "
2026-01-25,"Mathurin, Bennedict",Questionable,Injury/Illness -,"Mathurin, Bennedict Questionable Injury/Illness - "
2026-01-25,"Peter, Taelon",Out,G,"Peter, Taelon Out G "
2026-01-25,"Thompson, Ethan",Probable,G,"Thompson, Ethan Probable G "
2026-01-25,"Toppin, Obi",Out,Injury/Illness -,"Toppin, Obi Out Injury/Illness - "
2026-01-25,"Dante, N'Faly",Out,Injury/Illness -,"Dante, N'Faly Out Injury/Illness - "
2026-01-25,"Dennis, RayJ",Doubtful,G,"Dennis, RayJ Doubtful G "
2026-01-25,"Djurisic, Nikola",Doubtful,G,"Djurisic, Nikola Doubtful G "
2026-01-25,"Houstan, Caleb",Doubtful,G,"Houstan, Caleb Doubtful G "
2026-01-25,"Newell, Asa",Doubtful,G,"Newell, Asa Doubtful G "
2026-01-25,"Porzingis, Kristaps",Out,Injury/Illness -,"Porzingis, Kristaps Out Injury/Illness - "
2026-01-25,"Risacher, Zaccharie",Out,Injury/Illness -,"Risacher, Zaccharie Out Injury/Illness - "
2026-01-25,"Beauchamp, MarJon",Doubtful,G,"Beauchamp, MarJon Doubtful G "
2026-01-25,"Broome, Johni",Doubtful,G,"Broome, Johni Doubtful G "
2026-01-25,"Embiid, Joel",Out,Injury/Illness -,"Embiid, Joel Out Injury/Illness - "
2026-01-25,"George, Paul",Out,Injury/Illness -,"George, Paul Out Injury/Illness - "
2026-01-25,"Oubre Jr., Kelly",Available,Injury/Illness -,"Oubre Jr., Kelly Available Injury/Illness - "
2026-01-25,"Hall, PJ",Out,G,"Hall, PJ Out G "
2026-01-25,"McNeeley, Liam",Out,G,"McNeeley, Liam Out G "
2026-01-25,"Plumlee, Mason",Out,Injury/Illness -,"Plumlee, Mason Out Injury/Illness - "
2026-01-25,"Reeves, Antonio",Out,G,"Reeves, Antonio Out G "
2026-01-25,"Sexton, Collin",Probable,Injury/Illness -,"Sexton, Collin Probable Injury/Illness - "
2026-01-25,"Simpson, KJ",Out,Injury/Illness -,"Simpson, KJ Out Injury/Illness - "
2026-01-25,"Castleton, Colin",Out,G,"Castleton, Colin Out G "
2026-01-25,"Wagner, Franz",Out,Injury/Illness -,"Wagner, Franz Out Injury/Illness - "
2026-01-25,"Garland, Darius",Out,Injury/Illness -,"Garland, Darius Out Injury/Illness - "
2026-01-25,"Hunter, De'Andre",Questionable,Injury/Illness -,"Hunter, De'Andre Questionable Injury/Illness - "
2026-01-25,"Livingston, Chris",Out,G,"Livingston, Chris Out G "
2026-01-25,"Merrill, Sam",Questionable,Injury/Illness -,"Merrill, Sam Questionable Injury/Illness - "
2026-01-25,"Strus, Max",Out,Injury/Illness -,"Strus, Max Out Injury/Illness - "
2026-01-25,"Travers, Luke",Out,G,"Travers, Luke Out G "
2026-01-25,"LaRavia, Jake",Questionable,Injury/Illness -,"LaRavia, Jake Questionable Injury/Illness - "
2026-01-25,"Reaves, Austin",Out,Injury/Illness -,"Reaves, Austin Out Injury/Illness - "
2026-01-25,"Thiero, Adou",Out,Injury/Illness -,"Thiero, Adou Out Injury/Illness - "
2026-01-25,"Adams, Steven",Out,Injury/Illness -,"Adams, Steven Out Injury/Illness - "
2026-01-25,"Holiday, Aaron",Probable,Injury/Illness -,"Holiday, Aaron Probable Injury/Illness - "
2026-01-25,"Newton, Tristen",Out,G,"Newton, Tristen Out G "
2026-01-25,"VanVleet, Fred",Out,Injury/Illness -,"VanVleet, Fred Out Injury/Illness - "
2026-01-25,"Avdija, Deni",Questionable,Injury/Illness -,"Avdija, Deni Questionable Injury/Illness - "
2026-01-25,"Henderson, Scoot",Out,Injury/Illness -,"Henderson, Scoot Out Injury/Illness - "
2026-01-25,"Lillard, Damian",Out,Injury/Illness -,"Lillard, Damian Out Injury/Illness - "
2026-01-25,"Murray, Kris",Out,Injury/Illness -,"Murray, Kris Out Injury/Illness - "
2026-01-25,"Reath, Duop",Out,Injury/Illness -,"Reath, Duop Out Injury/Illness - "
2026-01-25,"Thybulle, Matisse",Out,Injury/Illness -,"Thybulle, Matisse Out Injury/Illness - "
2026-01-25,"Wesley, Blake",Out,Injury/Illness -,"Wesley, Blake Out Injury/Illness - "
2026-01-25,"Williams III, Robert",Questionable,Injury/Illness -,"Williams III, Robert Questionable Injury/Illness - "
2026-01-25,"Minott, Josh",Questionable,Injury/Illness -,"Minott, Josh Questionable Injury/Illness - "
2026-01-25,"Queta, Neemias",Questionable,Injury/Illness -,"Queta, Neemias Questionable Injury/Illness - "
2026-01-25,"Tatum, Jayson",Out,Injury/Illness -,"Tatum, Jayson Out Injury/Illness - "
2026-01-26,"Haliburton, Tyrese",Out,Injury/Illness -,"Haliburton, Tyrese Out Injury/Illness - "
2026-01-26,"Jackson, Quenton",Available,Injury/Illness -,"Jackson, Quenton Available Injury/Illness - "
2026-01-26,"Mathurin, Bennedict",Available,Injury/Illness -,"Mathurin, Bennedict Available Injury/Illness - "
2026-01-26,"Peter, Taelon",Out,G,"Peter, Taelon Out G "
2026-01-26,"Thompson, Ethan",Available,G,"Thompson, Ethan Available G "
2026-01-26,"Toppin, Obi",Out,Injury/Illness -,"Toppin, Obi Out Injury/Illness - "
2026-01-26,"Dante, N'Faly",Out,Injury/Illness -,"Dante, N'Faly Out Injury/Illness - "
2026-01-26,"Dennis, RayJ",Out,G,"Dennis, RayJ Out G "
2026-01-26,"Djurisic, Nikola",Out,G,"Djurisic, Nikola Out G "
2026-01-26,"Houstan, Caleb",Out,G,"Houstan, Caleb Out G "
2026-01-26,"Newell, Asa",Out,G,"Newell, Asa Out G "
2026-01-26,"Porzingis, Kristaps",Out,Injury/Illness -,"Porzingis, Kristaps Out Injury/Illness - "
2026-01-26,"Risacher, Zaccharie",Out,Injury/Illness -,"Risacher, Zaccharie Out Injury/Illness - "
2026-01-26,"Bassey, Charles",Out,G,"Bassey, Charles Out G "
2026-01-26,"Beauchamp, MarJon",Out,G,"Beauchamp, MarJon Out G "
2026-01-26,"Broome, Johni",Out,G,"Broome, Johni Out G "
2026-01-26,"Embiid, Joel",Out,Injury/Illness -,"Embiid, Joel Out Injury/Illness - "
2026-01-26,"George, Paul",Out,Injury/Illness -,"George, Paul Out Injury/Illness - "
2026-01-26,"Oubre Jr., Kelly",Available,Injury/Illness -,"Oubre Jr., Kelly Available Injury/Illness - "
2026-01-26,"Hall, PJ",Out,G,"Hall, PJ Out G "
2026-01-26,"McNeeley, Liam",Out,G,"McNeeley, Liam Out G "
2026-01-26,"Plumlee, Mason",Out,Injury/Illness -,"Plumlee, Mason Out Injury/Illness - "
2026-01-26,"Reeves, Antonio",Out,G,"Reeves, Antonio Out G "
2026-01-26,"Sexton, Collin",Available,Injury/Illness -,"Sexton, Collin Available Injury/Illness - "
2026-01-26,"Simpson, KJ",Out,Injury/Illness -,"Simpson, KJ Out Injury/Illness - "
2026-01-26,"Castleton, Colin",Out,G,"Castleton, Colin Out G "
2026-01-26,"Wagner, Franz",Out,Injury/Illness -,"Wagner, Franz Out Injury/Illness - "
2026-01-26,"Garland, Darius",Out,Injury/Illness -,"Garland, Darius Out Injury/Illness - "
2026-01-26,"Hunter, De'Andre",Questionable,Injury/Illness -,"Hunter, De'Andre Questionable Injury/Illness - "
2026-01-26,"Livingston, Chris",Out,G,"Livingston, Chris Out G "
2026-01-26,"Merrill, Sam",Out,Personal,"Merrill, Sam Out Personal "
2026-01-26,"Strus, Max",Out,Injury/Illness -,"Strus, Max Out Injury/Illness - "
2026-01-26,"Travers, Luke",Out,G,"Travers, Luke Out G "
2026-01-26,"LaRavia, Jake",Available,Injury/Illness -,"LaRavia, Jake Available Injury/Illness - "
2026-01-26,"Reaves, Austin",Out,Injury/Illness -,"Reaves, Austin Out Injury/Illness - "
2026-01-26,"Thiero, Adou",Out,Injury/Illness -,"Thiero, Adou Out Injury/Illness - "
2026-01-26,"Collins, Zach",Out,Injury/Illness -,"Collins, Zach Out Injury/Illness - "
2026-01-26,"Essengue, Noa",Out,Injury/Illness -,"Essengue, Noa Out Injury/Illness - "
2026-01-26,"Jones, Tre",Out,Injury/Illness -,"Jones, Tre Out Injury/Illness - "
2026-01-26,"Kawamura, Yuki",Out,G,"Kawamura, Yuki Out G "
2026-01-26,"Miller, Emanuel",Out,G,"Miller, Emanuel Out G "
2026-01-26,"Aldama, Santi",Questionable,Injury/Illness -,"Aldama, Santi Questionable Injury/Illness - "
2026-01-26,"Clarke, Brandon",Out,Injury/Illness -,"Clarke, Brandon Out Injury/Illness - "
2026-01-26,"Edey, Zach",Out,Injury/Illness -,"Edey, Zach Out Injury/Illness - "
2026-01-26,"Jerome, Ty",Out,Injury/Illness -,"Jerome, Ty Out Injury/Illness - "
2026-01-26,"Landale, Jock",Out,Personal,"Landale, Jock Out Personal "
2026-01-26,"Morant, Ja",Out,Injury/Illness -,"Morant, Ja Out Injury/Illness - "
2026-01-26,"Pippen Jr., Scotty",Out,Injury/Illness -,"Pippen Jr., Scotty Out Injury/Illness - "
2026-01-26,"Adams, Steven",Out,Injury/Illness -,"Adams, Steven Out Injury/Illness - "
2026-01-26,"Crawford, Isaiah",Out,G,"Crawford, Isaiah Out G "
2026-01-26,"Davison, JD",Out,G,"Davison, JD Out G "
2026-01-26,"Holiday, Aaron",Probable,Injury/Illness -,"Holiday, Aaron Probable Injury/Illness - "
2026-01-26,"Newton, Tristen",Out,G,"Newton, Tristen Out G "
2026-01-26,"VanVleet, Fred",Out,Injury/Illness -,"VanVleet, Fred Out Injury/Illness - "
2026-01-26,"Avdija, Deni",Questionable,Injury/Illness -,"Avdija, Deni Questionable Injury/Illness - "
2026-01-26,"Henderson, Scoot",Out,Injury/Illness -,"Henderson, Scoot Out Injury/Illness - "
2026-01-26,"Lillard, Damian",Out,Injury/Illness -,"Lillard, Damian Out Injury/Illness - "
2026-01-26,"Murray, Kris",Out,Injury/Illness -,"Murray, Kris Out Injury/Illness - "
2026-01-26,"Reath, Duop",Out,Injury/Illness -,"Reath, Duop Out Injury/Illness - "
2026-01-26,"Thybulle, Matisse",Out,Injury/Illness -,"Thybulle, Matisse Out Injury/Illness - "
2026-01-26,"Wesley, Blake",Out,Injury/Illness -,"Wesley, Blake Out Injury/Illness - "
2026-01-26,"Williams III, Robert",Questionable,Injury/Illness -,"Williams III, Robert Questionable Injury/Illness - "
2026-01-26,"Garza, Luka",Questionable,Injury/Illness -,"Garza, Luka Questionable Injury/Illness - "
2026-01-26,"Minott, Josh",Questionable,Injury/Illness -,"Minott, Josh Questionable Injury/Illness - "
2026-01-26,"Queta, Neemias",Questionable,Injury/Illness -,"Queta, Neemias Questionable Injury/Illness - "
2026-01-26,"Tatum, Jayson",Out,Injury/Illness -,"Tatum, Jayson Out Injury/Illness - "
2026-01-26,"Butler III, Jimmy",Out,Injury/Illness -,"Butler III, Jimmy Out Injury/Illness - "
2026-01-26,"Cryer, LJ",Questionable,Injury/Illness -,"Cryer, LJ Questionable Injury/Illness - "
2026-01-26,"Curry, Seth",Out,Injury/Illness -,"Curry, Seth Out Injury/Illness - "
2026-01-26,"Curry, Stephen",Questionable,Injury/Illness -,"Curry, Stephen Questionable Injury/Illness - "
2026-01-26,"Green, Draymond",Questionable,Injury/Illness -,"Green, Draymond Questionable Injury/Illness - "
2026-01-26,"Horford, Al",Out,Injury/Illness -,"Horford, Al Out Injury/Illness - "
2026-01-26,"Kuminga, Jonathan",Out,Injury/Illness -,"Kuminga, Jonathan Out Injury/Illness - "
2026-01-26,"Melton, De'Anthony",Out,Injury/Illness -,"Melton, De'Anthony Out Injury/Illness - "
2026-01-26,"Freeman, Enrique",Out,G,"Freeman, Enrique Out G "
2026-01-26,"Miller, Leonard",Questionable,Injury/Illness -,"Miller, Leonard Questionable Injury/Illness - "
2026-01-26,"Shannon Jr., Terrence",Out,Injury/Illness -,"Shannon Jr., Terrence Out Injury/Illness - "
2026-01-26,"Zikarsky, Rocco",Out,G,"Zikarsky, Rocco Out G "
2026-01-26,"Bagley III, Marvin",Out,Injury/Illness -,"Bagley III, Marvin Out Injury/Illness - "
2026-01-26,"Coulibaly, Bilal",Questionable,Injury/Illness -,"Coulibaly, Bilal Questionable Injury/Illness - "
2026-01-26,"Middleton, Khris",Questionable,Injury/Illness -,"Middleton, Khris Questionable Injury/Illness - "
2026-01-26,"Vukcevic, Tristan",Out,Injury/Illness -,"Vukcevic, Tristan Out Injury/Illness - "
2026-01-26,"Whitmore, Cam",Out,Injury/Illness -,"Whitmore, Cam Out Injury/Illness - "
2026-01-26,"Young, Trae",Out,Injury/Illness -,"Young, Trae Out Injury/Illness - "
2026-01-26,"LaVine, Zach",Questionable,Injury/Illness -,"LaVine, Zach Questionable Injury/Illness - "
2026-01-26,"Monk, Malik",Questionable,Injury/Illness -,"Monk, Malik Questionable Injury/Illness - "
2026-01-26,"Murray, Keegan",Out,Injury/Illness -,"Murray, Keegan Out Injury/Illness - "
2026-01-26,"Plowden, Daeqwon",Out,G,"Plowden, Daeqwon Out G "
2026-01-26,"Stevens, Isaiah",Out,G,"Stevens, Isaiah Out G "
2026-01-26,"Jemison III, Trey",Questionable,G,"Jemison III, Trey Questionable G "
2026-01-26,"Jones, Dillon",Questionable,G,"Jones, Dillon Questionable G "
2026-01-26,"McCullar Jr., Kevin",Questionable,G,"McCullar Jr., Kevin Questionable G "
2026-01-26,"Antetokounmpo, Alex",Out,G,"Antetokounmpo, Alex Out G "
2026-01-26,"Antetokounmpo, Giannis",Out,Injury/Illness -,"Antetokounmpo, Giannis Out Injury/Illness - "
2026-01-26,"Porter Jr., Kevin",Out,Injury/Illness -,"Porter Jr., Kevin Out Injury/Illness - "
2026-01-26,"Prince, Taurean",Out,Injury/Illness -,"Prince, Taurean Out Injury/Illness - "
2026-01-26,"Jones, Isaac",Out,G,"Jones, Isaac Out G "
2026-01-26,"LeVert, Caris",Out,Injury/Illness -,"LeVert, Caris Out Injury/Illness - "
2026-01-26,"Moore Jr., Wendell",Out,G,"Moore Jr., Wendell Out G "
2026-01-26,"Smith, Tolu",Out,G,"Smith, Tolu Out G "
2026-01-26,"Bates, Tamar",Out,Injury/Illness -,"Bates, Tamar Out Injury/Illness - "
2026-01-26,"Braun, Christian",Out,Injury/Illness -,"Braun, Christian Out Injury/Illness - "
2026-01-26,"Gordon, Aaron",Out,Injury/Illness -,"Gordon, Aaron Out Injury/Illness - "
2026-01-26,"Johnson, Cameron",Out,Injury/Illness -,"Johnson, Cameron Out Injury/Illness - "
2026-01-26,"Jokic, Nikola",Out,Injury/Illness -,"Jokic, Nikola Out Injury/Illness - "
2026-01-26,"Murray, Jamal",Probable,Injury/Illness -,"Murray, Jamal Probable Injury/Illness - "
2026-01-26,"Valanciunas, Jonas",Probable,Injury/Illness -,"Valanciunas, Jonas Probable Injury/Illness - "
2026-01-26,"Watson, Peyton",Probable,Injury/Illness -,"Watson, Peyton Probable Injury/Illness - "
2026-01-27,"Avdija, Deni",Questionable,Injury/Illness -,"Avdija, Deni Questionable Injury/Illness - "
2026-01-27,"Henderson, Scoot",Out,Injury/Illness -,"Henderson, Scoot Out Injury/Illness - "
2026-01-27,"Lillard, Damian",Out,Injury/Illness -,"Lillard, Damian Out Injury/Illness - "
2026-01-27,"Murray, Kris",Out,Injury/Illness -,"Murray, Kris Out Injury/Illness - "
2026-01-27,"Reath, Duop",Out,Injury/Illness -,"Reath, Duop Out Injury/Illness - "
2026-01-27,"Thybulle, Matisse",Out,Injury/Illness -,"Thybulle, Matisse Out Injury/Illness - "
2026-01-27,"Wesley, Blake",Out,Injury/Illness -,"Wesley, Blake Out Injury/Illness - "
2026-01-27,"Williams III, Robert",Questionable,Injury/Illness -,"Williams III, Robert Questionable Injury/Illness - "
2026-01-27,"Bagley III, Marvin",Out,Injury/Illness -,"Bagley III, Marvin Out Injury/Illness - "
2026-01-27,"Coulibaly, Bilal",Available,Injury/Illness -,"Coulibaly, Bilal Available Injury/Illness - "
2026-01-27,"Middleton, Khris",Questionable,Injury/Illness -,"Middleton, Khris Questionable Injury/Illness - "
2026-01-27,"Vukcevic, Tristan",Out,Injury/Illness -,"Vukcevic, Tristan Out Injury/Illness - "
2026-01-27,"Whitmore, Cam",Out,Injury/Illness -,"Whitmore, Cam Out Injury/Illness - "
2026-01-27,"Young, Trae",Out,Injury/Illness -,"Young, Trae Out Injury/Illness - "
2026-01-27,"LaVine, Zach",Out,Injury/Illness -,"LaVine, Zach Out Injury/Illness - "
2026-01-27,"Monk, Malik",Out,Injury/Illness -,"Monk, Malik Out Injury/Illness - "
2026-01-27,"Murray, Keegan",Out,Injury/Illness -,"Murray, Keegan Out Injury/Illness - "
2026-01-27,"Plowden, Daeqwon",Out,G,"Plowden, Daeqwon Out G "
2026-01-27,"Stevens, Isaiah",Out,G,"Stevens, Isaiah Out G "
2026-01-27,"Jemison III, Trey",Out,G,"Jemison III, Trey Out G "
2026-01-27,"Jones, Dillon",Out,G,"Jones, Dillon Out G "
2026-01-27,"McCullar Jr., Kevin",Out,G,"McCullar Jr., Kevin Out G "
2026-01-27,"Antetokounmpo, Alex",Out,G,"Antetokounmpo, Alex Out G "
2026-01-27,"Antetokounmpo, Giannis",Out,Injury/Illness -,"Antetokounmpo, Giannis Out Injury/Illness - "
2026-01-27,"Porter Jr., Kevin",Out,Injury/Illness -,"Porter Jr., Kevin Out Injury/Illness - "
2026-01-27,"Prince, Taurean",Out,Injury/Illness -,"Prince, Taurean Out Injury/Illness - "
2026-01-27,"Bassey, Charles",Doubtful,G,"Bassey, Charles Doubtful G "
2026-01-27,"Beauchamp, MarJon",Questionable,G,"Beauchamp, MarJon Questionable G "
2026-01-27,"Broome, Johni",Questionable,G,"Broome, Johni Questionable G "
2026-01-27,"Embiid, Joel",Questionable,Injury/Illness -,"Embiid, Joel Questionable Injury/Illness - "
2026-01-27,"George, Paul",Probable,Injury/Illness -,"George, Paul Probable Injury/Illness - "
2026-01-27,"Grimes, Quentin",Questionable,Injury/Illness -,"Grimes, Quentin Questionable Injury/Illness - "
2026-01-27,"Oubre Jr., Kelly",Available,Injury/Illness -,"Oubre Jr., Kelly Available Injury/Illness - "
2026-01-27,"Alexander, Trey",Out,G,"Alexander, Trey Out G "
2026-01-27,"Dickinson, Hunter",Out,G,"Dickinson, Hunter Out G "
2026-01-27,"Murray, Dejounte",Out,Injury/Illness -,"Murray, Dejounte Out Injury/Illness - "
2026-01-27,"Caruso, Alex",Out,Injury/Illness -,"Caruso, Alex Out Injury/Illness - "
2026-01-27,"Hartenstein, Isaiah",Out,Injury/Illness -,"Hartenstein, Isaiah Out Injury/Illness - "
2026-01-27,"Mitchell, Ajay",Out,Injury/Illness -,"Mitchell, Ajay Out Injury/Illness - "
2026-01-27,"Sorber, Thomas",Out,Injury/Illness -,"Sorber, Thomas Out Injury/Illness - "
2026-01-27,"Topic, Nikola",Out,Injury/Illness -,"Topic, Nikola Out Injury/Illness - "
2026-01-27,"Wallace, Cason",Questionable,Injury/Illness -,"Wallace, Cason Questionable Injury/Illness - "
2026-01-27,"Williams, Jalen",Out,Injury/Illness -,"Williams, Jalen Out Injury/Illness - "
2026-01-27,"Clowney, Noah",Out,Injury/Illness -,"Clowney, Noah Out Injury/Illness - "
2026-01-27,"Etienne, Tyson",Out,G,"Etienne, Tyson Out G "
2026-01-27,"Highsmith, Haywood",Out,Injury/Illness -,"Highsmith, Haywood Out Injury/Illness - "
2026-01-27,"Johnson, Chaney",Out,G,"Johnson, Chaney Out G "
2026-01-27,"Martin, Tyrese",Out,Injury/Illness -,"Martin, Tyrese Out Injury/Illness - "
2026-01-27,"Thomas, Cam",Available,Injury/Illness -,"Thomas, Cam Available Injury/Illness - "
2026-01-27,"Traore, Nolan",Probable,Injury/Illness -,"Traore, Nolan Probable Injury/Illness - "
2026-01-27,"Booker, Devin",Out,Injury/Illness -,"Booker, Devin Out Injury/Illness - "
2026-01-27,"Gillespie, Collin",Questionable,Injury/Illness -,"Gillespie, Collin Questionable Injury/Illness - "
2026-01-27,"Goodwin, Jordan",Available,Injury/Illness -,"Goodwin, Jordan Available Injury/Illness - "
2026-01-27,"Green, Jalen",Out,Injury/Illness -,"Green, Jalen Out Injury/Illness - "
2026-01-27,"Livers, Isaiah",Probable,Injury/Illness -,"Livers, Isaiah Probable Injury/Illness - "
2026-01-27,"Jones, Isaac",Out,G,"Jones, Isaac Out G "
2026-01-27,"LeVert, Caris",Out,Injury/Illness -,"LeVert, Caris Out Injury/Illness - "
2026-01-27,"Moore Jr., Wendell",Out,G,"Moore Jr., Wendell Out G "
2026-01-27,"Smith, Tolu",Out,G,"Smith, Tolu Out G "
2026-01-27,"Bates, Tamar",Out,Injury/Illness -,"Bates, Tamar Out Injury/Illness - "
2026-01-27,"Braun, Christian",Out,Injury/Illness -,"Braun, Christian Out Injury/Illness - "
2026-01-27,"Gordon, Aaron",Out,Injury/Illness -,"Gordon, Aaron Out Injury/Illness - "
2026-01-27,"Johnson, Cameron",Out,Injury/Illness -,"Johnson, Cameron Out Injury/Illness - "
2026-01-27,"Jokic, Nikola",Out,Injury/Illness -,"Jokic, Nikola Out Injury/Illness - "
2026-01-27,"Murray, Jamal",Probable,Injury/Illness -,"Murray, Jamal Probable Injury/Illness - "
2026-01-27,"Valanciunas, Jonas",Probable,Injury/Illness -,"Valanciunas, Jonas Probable Injury/Illness - "
2026-01-27,"Watson, Peyton",Probable,Injury/Illness -,"Watson, Peyton Probable Injury/Illness - "
2026-01-27,"Beal, Bradley",Out,Injury/Illness -,"Beal, Bradley Out Injury/Illness - "
2026-01-27,"Bogdanovic, Bogdan",Out,Injury/Illness -,"Bogdanovic, Bogdan Out Injury/Illness - "
2026-01-27,"Dunn, Kris",Available,Injury/Illness -,"Dunn, Kris Available Injury/Illness - "
2026-01-27,"Jones Jr., Derrick",Out,Injury/Illness -,"Jones Jr., Derrick Out Injury/Illness - "
2026-01-27,"Leonard, Kawhi",Questionable,Injury/Illness -,"Leonard, Kawhi Questionable Injury/Illness - "
2026-01-27,"Paul, Chris",Out,Not,"Paul, Chris Out Not "
2026-01-27,"Washington Jr., TyTy",Out,G,"Washington Jr., TyTy Out G "
2026-01-27,"George, Keyonte",Out,Rest,"George, Keyonte Out Rest "
2026-01-27,"Harkless, Elijah",Out,G,"Harkless, Elijah Out G "
2026-01-27,"Kessler, Walker",Out,Injury/Illness -,"Kessler, Walker Out Injury/Illness - "
2026-01-27,"Love, Kevin",Available,Injury/Illness -,"Love, Kevin Available Injury/Illness - "
2026-01-27,"Markkanen, Lauri",Available,Return to,"Markkanen, Lauri Available Return to "
2026-01-27,"Niang, Georges",Out,Injury/Illness -,"Niang, Georges Out Injury/Illness - "
2026-01-27,"Nurkic, Jusuf",Out,Injury/Illness -,"Nurkic, Jusuf Out Injury/Illness - "
2026-01-27,"Tonje, John",Out,G,"Tonje, John Out G "
2026-01-27,"Tshiebwe, Oscar",Out,G,"Tshiebwe, Oscar Out G "
2026-01-27,"Collins, Zach",Out,Injury/Illness -,"Collins, Zach Out Injury/Illness - "
2026-01-27,"Essengue, Noa",Out,Injury/Illness -,"Essengue, Noa Out Injury/Illness - "
2026-01-27,"Jones, Tre",Out,Injury/Illness -,"Jones, Tre Out Injury/Illness - "
2026-01-27,"Kawamura, Yuki",Out,G,"Kawamura, Yuki Out G "
2026-01-27,"Miller, Emanuel",Out,G,"Miller, Emanuel Out G "
2026-01-27,"Haliburton, Tyrese",Out,Injury/Illness -,"Haliburton, Tyrese Out Injury/Illness - "
2026-01-27,"Peter, Taelon",Doubtful,G,"Peter, Taelon Doubtful G "
2026-01-27,"Thompson, Ethan",Probable,G,"Thompson, Ethan Probable G "
2026-01-27,"Toppin, Obi",Out,Injury/Illness -,"Toppin, Obi Out Injury/Illness - "
2026-01-27,"Walker, Jarace",Questionable,Injury/Illness -,"Walker, Jarace Questionable Injury/Illness - "
2026-01-27,"Reaves, Austin",Out,Injury/Illness -,"Reaves, Austin Out Injury/Illness - "
2026-01-27,"Thiero, Adou",Out,Injury/Illness -,"Thiero, Adou Out Injury/Illness - "
2026-01-27,"Garland, Darius",Out,Injury/Illness -,"Garland, Darius Out Injury/Illness - "
2026-01-27,"Hunter, De'Andre",Probable,Injury/Illness -,"Hunter, De'Andre Probable Injury/Illness - "
2026-01-27,"Merrill, Sam",Probable,Injury/Illness -,"Merrill, Sam Probable Injury/Illness - "
2026-01-27,"Mobley, Evan",Out,Injury/Illness -,"Mobley, Evan Out Injury/Illness - "
2026-01-27,"Strus, Max",Out,Injury/Illness -,"Strus, Max Out Injury/Illness - "
2026-01-27,"Travers, Luke",Out,G,"Travers, Luke Out G "
2026-01-27,"Dante, N'Faly",Out,Injury/Illness -,"Dante, N'Faly Out Injury/Illness - "
2026-01-27,"Dennis, RayJ",Doubtful,G,"Dennis, RayJ Doubtful G "
2026-01-27,"Djurisic, Nikola",Doubtful,G,"Djurisic, Nikola Doubtful G "
2026-01-27,"Houstan, Caleb",Doubtful,G,"Houstan, Caleb Doubtful G "
2026-01-27,"Newell, Asa",Doubtful,G,"Newell, Asa Doubtful G "
2026-01-27,"Porzingis, Kristaps",Out,Injury/Illness -,"Porzingis, Kristaps Out Injury/Illness - "
2026-01-27,"Risacher, Zaccharie",Out,Injury/Illness -,"Risacher, Zaccharie Out Injury/Illness - "
2026-01-27,"Garza, Luka",Questionable,Injury/Illness -,"Garza, Luka Questionable Injury/Illness - "
2026-01-27,"Queta, Neemias",Doubtful,Injury/Illness -,"Queta, Neemias Doubtful Injury/Illness - "
2026-01-27,"Tatum, Jayson",Out,Injury/Illness -,"Tatum, Jayson Out Injury/Illness - "
2026-01-27,"Hepburn, Chucky",Out,G,"Hepburn, Chucky Out G "
2026-01-27,"Martin, Alijah",Out,G,"Martin, Alijah Out G "
2026-01-27,"Boyles, Collin",Questionable,Injury/Illness -,"Boyles, Collin Questionable Injury/Illness - "
2026-01-27,"Poeltl, Jakob",Out,Injury/Illness -,"Poeltl, Jakob Out Injury/Illness - "
2026-01-27,"Castleton, Colin",Out,G,"Castleton, Colin Out G "
2026-01-27,"Wagner, Franz",Out,Injury/Illness -,"Wagner, Franz Out Injury/Illness - "
2026-01-27,"Goldin, Vladislav",Out,G,"Goldin, Vladislav Out G "
2026-01-27,"Herro, Tyler",Out,Injury/Illness -,"Herro, Tyler Out Injury/Illness - "
2026-01-27,"Jaquez Jr., Jaime",Available,Injury/Illness -,"Jaquez Jr., Jaime Available Injury/Illness - "
2026-01-27,"Larsson, Pelle",Available,Injury/Illness -,"Larsson, Pelle Available Injury/Illness - "
2026-01-27,"Mitchell, Davion",Questionable,Injury/Illness -,"Mitchell, Davion Questionable Injury/Illness - "
2026-01-27,"Powell, Norman",Questionable,Injury/Illness -,"Powell, Norman Questionable Injury/Illness - "
2026-01-27,"Rozier, Terry",Out,Not,"Rozier, Terry Out Not "
2026-01-27,"Ware, Kel'el",Questionable,Injury/Illness -,"Ware, Kel'el Questionable Injury/Illness - "
2026-01-27,"Wiggins, Andrew",Available,Injury/Illness -,"Wiggins, Andrew Available Injury/Illness - "
2026-01-27,"Young, Jahmir",Out,G,"Young, Jahmir Out G "
2026-01-27,"Cisse, Moussa",Questionable,G,"Cisse, Moussa Questionable G "
2026-01-27,"Davis, Anthony",Out,Injury/Illness -,"Davis, Anthony Out Injury/Illness - "
2026-01-27,"Exum, Dante",Out,Injury/Illness -,"Exum, Dante Out Injury/Illness - "
2026-01-27,"Flagg, Cooper",Questionable,Injury/Illness -,"Flagg, Cooper Questionable Injury/Illness - "
2026-01-27,"Irving, Kyrie",Out,Injury/Illness -,"Irving, Kyrie Out Injury/Illness - "
2026-01-27,"Kelly, Miles",Questionable,G,"Kelly, Miles Questionable G "
2026-01-27,"Lively II, Dereck",Out,Injury/Illness -,"Lively II, Dereck Out Injury/Illness - "
2026-01-27,"Nembhard, Ryan",Probable,G,"Nembhard, Ryan Probable G "
2026-01-28,"Collins, Zach",Out,Injury/Illness -,"Collins, Zach Out Injury/Illness - "
2026-01-28,"Essengue, Noa",Out,Injury/Illness -,"Essengue, Noa Out Injury/Illness - "
2026-01-28,"Jones, Tre",Out,Injury/Illness -,"Jones, Tre Out Injury/Illness - "
2026-01-28,"Kawamura, Yuki",Out,G,"Kawamura, Yuki Out G "
2026-01-28,"Miller, Emanuel",Out,G,"Miller, Emanuel Out G "
2026-01-28,"Haliburton, Tyrese",Out,Injury/Illness -,"Haliburton, Tyrese Out Injury/Illness - "
2026-01-28,"Peter, Taelon",Doubtful,G,"Peter, Taelon Doubtful G "
2026-01-28,"Thompson, Ethan",Probable,G,"Thompson, Ethan Probable G "
2026-01-28,"Toppin, Obi",Out,Injury/Illness -,"Toppin, Obi Out Injury/Illness - "
2026-01-28,"Walker, Jarace",Available,Injury/Illness -,"Walker, Jarace Available Injury/Illness - "
2026-01-28,"Reaves, Austin",Out,Injury/Illness -,"Reaves, Austin Out Injury/Illness - "
2026-01-28,"Thiero, Adou",Out,Injury/Illness -,"Thiero, Adou Out Injury/Illness - "
2026-01-28,"Garland, Darius",Out,Injury/Illness -,"Garland, Darius Out Injury/Illness - "
2026-01-28,"Hunter, De'Andre",Probable,Injury/Illness -,"Hunter, De'Andre Probable Injury/Illness - "
2026-01-28,"Merrill, Sam",Probable,Injury/Illness -,"Merrill, Sam Probable Injury/Illness - "
2026-01-28,"Mobley, Evan",Out,Injury/Illness -,"Mobley, Evan Out Injury/Illness - "
2026-01-28,"Strus, Max",Out,Injury/Illness -,"Strus, Max Out Injury/Illness - "
2026-01-28,"Travers, Luke",Out,G,"Travers, Luke Out G "
2026-01-28,"Dante, N'Faly",Out,Injury/Illness -,"Dante, N'Faly Out Injury/Illness - "
2026-01-28,"Dennis, RayJ",Out,G,"Dennis, RayJ Out G "
2026-01-28,"Djurisic, Nikola",Out,G,"Djurisic, Nikola Out G "
2026-01-28,"Houstan, Caleb",Out,G,"Houstan, Caleb Out G "
2026-01-28,"Newell, Asa",Out,G,"Newell, Asa Out G "
2026-01-28,"Porzingis, Kristaps",Out,Injury/Illness -,"Porzingis, Kristaps Out Injury/Illness - "
2026-01-28,"Risacher, Zaccharie",Out,Injury/Illness -,"Risacher, Zaccharie Out Injury/Illness - "
2026-01-28,"Garza, Luka",Available,Injury/Illness -,"Garza, Luka Available Injury/Illness - "
2026-01-28,"Queta, Neemias",Out,Injury/Illness -,"Queta, Neemias Out Injury/Illness - "
2026-01-28,"Tatum, Jayson",Out,Injury/Illness -,"Tatum, Jayson Out Injury/Illness - "
2026-01-28,"Brunson, Jalen",Questionable,Injury/Illness -,"Brunson, Jalen Questionable Injury/Illness - "
2026-01-28,"Dadiet, Pacome",Out,G,"Dadiet, Pacome Out G "
2026-01-28,"Hart, Josh",Questionable,Injury/Illness -,"Hart, Josh Questionable Injury/Illness - "
2026-01-28,"Jemison III, Trey",Out,G,"Jemison III, Trey Out G "
2026-01-28,"Jones, Dillon",Out,G,"Jones, Dillon Out G "
2026-01-28,"McBride, Miles",Out,Injury/Illness -,"McBride, Miles Out Injury/Illness - "
2026-01-28,"McCullar Jr., Kevin",Out,G,"McCullar Jr., Kevin Out G "
2026-01-28,"Robinson, Mitchell",Out,Injury/Illness -,"Robinson, Mitchell Out Injury/Illness - "
2026-01-28,"Hepburn, Chucky",Out,G,"Hepburn, Chucky Out G "
2026-01-28,"Martin, Alijah",Out,G,"Martin, Alijah Out G "
2026-01-28,"Boyles, Collin",Questionable,Injury/Illness -,"Boyles, Collin Questionable Injury/Illness - "
2026-01-28,"Poeltl, Jakob",Out,Injury/Illness -,"Poeltl, Jakob Out Injury/Illness - "
2026-01-28,"Castleton, Colin",Out,G,"Castleton, Colin Out G "
2026-01-28,"Wagner, Franz",Out,Injury/Illness -,"Wagner, Franz Out Injury/Illness - "
2026-01-28,"Goldin, Vladislav",Out,G,"Goldin, Vladislav Out G "
2026-01-28,"Herro, Tyler",Out,Injury/Illness -,"Herro, Tyler Out Injury/Illness - "
2026-01-28,"Jaquez Jr., Jaime",Available,Injury/Illness -,"Jaquez Jr., Jaime Available Injury/Illness - "
2026-01-28,"Larsson, Pelle",Available,Injury/Illness -,"Larsson, Pelle Available Injury/Illness - "
2026-01-28,"Mitchell, Davion",Doubtful,Injury/Illness -,"Mitchell, Davion Doubtful Injury/Illness - "
2026-01-28,"Powell, Norman",Probable,Injury/Illness -,"Powell, Norman Probable Injury/Illness - "
2026-01-28,"Rozier, Terry",Out,Not,"Rozier, Terry Out Not "
2026-01-28,"Ware, Kel'el",Questionable,Injury/Illness -,"Ware, Kel'el Questionable Injury/Illness - "
2026-01-28,"Wiggins, Andrew",Available,Injury/Illness -,"Wiggins, Andrew Available Injury/Illness - "
2026-01-28,"Young, Jahmir",Out,G,"Young, Jahmir Out G "
2026-01-28,"Hall, PJ",Out,G,"Hall, PJ Out G "
2026-01-28,"Plumlee, Mason",Out,Injury/Illness -,"Plumlee, Mason Out Injury/Illness - "
2026-01-28,"Reeves, Antonio",Out,G,"Reeves, Antonio Out G "
2026-01-28,"Simpson, KJ",Out,G,"Simpson, KJ Out G "
2026-01-28,"Clarke, Brandon",Out,Injury/Illness -,"Clarke, Brandon Out Injury/Illness - "
2026-01-28,"Edey, Zach",Out,Injury/Illness -,"Edey, Zach Out Injury/Illness - "
2026-01-28,"Jerome, Ty",Out,Injury/Illness -,"Jerome, Ty Out Injury/Illness - "
2026-01-28,"Morant, Ja",Out,Injury/Illness -,"Morant, Ja Out Injury/Illness - "
2026-01-28,"Pippen Jr., Scotty",Out,Injury/Illness -,"Pippen Jr., Scotty Out Injury/Illness - "
2026-01-28,"Edwards, Anthony",Available,Injury/Illness -,"Edwards, Anthony Available Injury/Illness - "
2026-01-28,"Freeman, Enrique",Out,G,"Freeman, Enrique Out G "
2026-01-28,"Miller, Leonard",Available,Injury/Illness -,"Miller, Leonard Available Injury/Illness - "
2026-01-28,"Shannon Jr., Terrence",Out,Injury/Illness -,"Shannon Jr., Terrence Out Injury/Illness - "
2026-01-28,"Zikarsky, Rocco",Out,G,"Zikarsky, Rocco Out G "
2026-01-28,"Cisse, Moussa",Doubtful,G,"Cisse, Moussa Doubtful G "
2026-01-28,"Davis, Anthony",Out,Injury/Illness -,"Davis, Anthony Out Injury/Illness - "
2026-01-28,"Exum, Dante",Out,Injury/Illness -,"Exum, Dante Out Injury/Illness - "
2026-01-28,"Flagg, Cooper",Questionable,Injury/Illness -,"Flagg, Cooper Questionable Injury/Illness - "
2026-01-28,"Irving, Kyrie",Out,Injury/Illness -,"Irving, Kyrie Out Injury/Illness - "
2026-01-28,"Kelly, Miles",Questionable,G,"Kelly, Miles Questionable G "
2026-01-28,"Lively II, Dereck",Out,Injury/Illness -,"Lively II, Dereck Out Injury/Illness - "
2026-01-28,"Nembhard, Ryan",Probable,G,"Nembhard, Ryan Probable G "
2026-01-28,"Thompson, Klay",Questionable,Injury/Illness -,"Thompson, Klay Questionable Injury/Illness - "
2026-01-28,"Butler III, Jimmy",Out,Injury/Illness -,"Butler III, Jimmy Out Injury/Illness - "
2026-01-28,"Cryer, LJ",Questionable,Injury/Illness -,"Cryer, LJ Questionable Injury/Illness - "
2026-01-28,"Curry, Seth",Out,Injury/Illness -,"Curry, Seth Out Injury/Illness - "
2026-01-28,"Curry, Stephen",Probable,Injury/Illness -,"Curry, Stephen Probable Injury/Illness - "
2026-01-28,"Green, Draymond",Available,Injury/Illness -,"Green, Draymond Available Injury/Illness - "
2026-01-28,"Kuminga, Jonathan",Out,Injury/Illness -,"Kuminga, Jonathan Out Injury/Illness - "
2026-01-28,"Payton II, Gary",Probable,Injury/Illness -,"Payton II, Gary Probable Injury/Illness - "
2026-01-28,"Harkless, Elijah",Out,G,"Harkless, Elijah Out G "
2026-01-28,"Kessler, Walker",Out,Injury/Illness -,"Kessler, Walker Out Injury/Illness - "
2026-01-28,"Love, Kevin",Out,Rest,"Love, Kevin Out Rest "
2026-01-28,"Niang, Georges",Out,Injury/Illness -,"Niang, Georges Out Injury/Illness - "
2026-01-28,"Nurkic, Jusuf",Questionable,Injury/Illness -,"Nurkic, Jusuf Questionable Injury/Illness - "
2026-01-28,"Tonje, John",Out,G,"Tonje, John Out G "
2026-01-28,"Tshiebwe, Oscar",Out,G,"Tshiebwe, Oscar Out G "
2026-01-28,"Williams, Cody",Questionable,Injury/Illness -,"Williams, Cody Questionable Injury/Illness - "
2026-01-28,"Ingram, Harrison",Out,G,"Ingram, Harrison Out G "
2026-01-28,"Garcia, David",Out,G,"Garcia, David Out G "
2026-01-28,"Sochan, Jeremy",Questionable,Injury/Illness -,"Sochan, Jeremy Questionable Injury/Illness - "
2026-01-28,"Umude, Stanley",Out,G,"Umude, Stanley Out G "
2026-01-28,"Adams, Steven",Out,Injury/Illness -,"Adams, Steven Out Injury/Illness - "
2026-01-28,"Newton, Tristen",Out,G,"Newton, Tristen Out G "
2026-01-28,"VanVleet, Fred",Out,Injury/Illness -,"VanVleet, Fred Out Injury/Illness - "
2026-01-28,"Antetokounmpo, Alex",Out,G,"Antetokounmpo, Alex Out G "
2026-01-28,"Antetokounmpo, Giannis",Out,Injury/Illness -,"Antetokounmpo, Giannis Out Injury/Illness - "
2026-01-28,"Porter Jr., Kevin",Out,Injury/Illness -,"Porter Jr., Kevin Out Injury/Illness - "
2026-01-28,"Prince, Taurean",Out,Injury/Illness -,"Prince, Taurean Out Injury/Illness - "
2026-01-28,"Bagley III, Marvin",Out,Injury/Illness -,"Bagley III, Marvin Out Injury/Illness - "
2026-01-28,"Sarr, Alex",Questionable,Injury/Illness -,"Sarr, Alex Questionable Injury/Illness - "
2026-01-28,"Vukcevic, Tristan",Out,Injury/Illness -,"Vukcevic, Tristan Out Injury/Illness - "
2026-01-28,"Whitmore, Cam",Out,Injury/Illness -,"Whitmore, Cam Out Injury/Illness - "
2026-01-28,"Young, Trae",Out,Injury/Illness -,"Young, Trae Out Injury/Illness - "
2026-01-28,"Monk, Malik",Questionable,Injury/Illness -,"Monk, Malik Questionable Injury/Illness - "
2026-01-28,"Murray, Keegan",Out,Injury/Illness -,"Murray, Keegan Out Injury/Illness - "
2026-01-28,"Plowden, Daeqwon",Out,G,"Plowden, Daeqwon Out G "
2026-01-28,"Stevens, Isaiah",Out,G,"Stevens, Isaiah Out G "
2026-01-28,"Westbrook, Russell",Questionable,Injury/Illness -,"Westbrook, Russell Questionable Injury/Illness - "
2026-01-28,"Bassey, Charles",Doubtful,G,"Bassey, Charles Doubtful G "
2026-01-28,"Beauchamp, MarJon",Doubtful,G,"Beauchamp, MarJon Doubtful G "
2026-01-28,"Broome, Johni",Doubtful,G,"Broome, Johni Doubtful G "
2026-01-28,"Embiid, Joel",Probable,Injury/Illness -,"Embiid, Joel Probable Injury/Illness - "
2026-01-28,"George, Paul",Probable,Injury/Illness -,"George, Paul Probable Injury/Illness - "
2026-01-28,"Grimes, Quentin",Questionable,Injury/Illness -,"Grimes, Quentin Questionable Injury/Illness - "
2026-01-28,"Oubre Jr., Kelly",Available,Injury/Illness -,"Oubre Jr., Kelly Available Injury/Illness - "
2026-01-28,"Adebayo, Bam",Available,Injury/Illness -,"Adebayo, Bam Available Injury/Illness - "
2026-01-28,"Goldin, Vladislav",Out,G,"Goldin, Vladislav Out G "
2026-01-28,"Herro, Tyler",Available,Injury/Illness -,"Herro, Tyler Available Injury/Illness - "
2026-01-28,"Jaquez Jr., Jaime",Available,Injury/Illness -,"Jaquez Jr., Jaime Available Injury/Illness - "
2026-01-28,"Johnson, Keshad",Available,Injury/Illness -,"Johnson, Keshad Available Injury/Illness - "
2026-01-28,"Jovic, Nikola",Available,Injury/Illness -,"Jovic, Nikola Available Injury/Illness - "
2026-01-28,"Larsson, Pelle",Available,Injury/Illness -,"Larsson, Pelle Available Injury/Illness - "
2026-01-28,"Powell, Norman",Available,Injury/Illness -,"Powell, Norman Available Injury/Illness - "
2026-01-28,"Rozier, Terry",Out,Not,"Rozier, Terry Out Not "
2026-01-28,"Smith, Dru",Available,Injury/Illness -,"Smith, Dru Available Injury/Illness - "
2026-01-28,"Young, Jahmir",Out,G,"Young, Jahmir Out G "
2026-01-28,"Collins, Zach",Out,Injury/Illness -,"Collins, Zach Out Injury/Illness - "
2026-01-28,"Essengue, Noa",Out,Injury/Illness -,"Essengue, Noa Out Injury/Illness - "
2026-01-28,"Giddey, Josh",Out,Injury/Illness -,"Giddey, Josh Out Injury/Illness - "
2026-01-28,"Huerter, Kevin",Out,Injury/Illness -,"Huerter, Kevin Out Injury/Illness - "
2026-01-28,"Kawamura, Yuki",Out,G,"Kawamura, Yuki Out G "
2026-01-28,"Smith, Jalen",Out,Injury/Illness -,"Smith, Jalen Out Injury/Illness - "
2026-01-29,"Antetokounmpo, Alex",Out,G,"Antetokounmpo, Alex Out G "
2026-01-29,"Antetokounmpo, Giannis",Out,Injury/Illness -,"Antetokounmpo, Giannis Out Injury/Illness - "
2026-01-29,"Anthony, Cole",Questionable,Injury/Illness -,"Anthony, Cole Questionable Injury/Illness - "
2026-01-29,"Harris, Gary",Out,Injury/Illness -,"Harris, Gary Out Injury/Illness - "
2026-01-29,"Porter Jr., Kevin",Out,Injury/Illness -,"Porter Jr., Kevin Out Injury/Illness - "
2026-01-29,"Prince, Taurean",Out,Injury/Illness -,"Prince, Taurean Out Injury/Illness - "
2026-01-29,"Bagley III, Marvin",Out,Injury/Illness -,"Bagley III, Marvin Out Injury/Illness - "
2026-01-29,"Sarr, Alex",Questionable,Injury/Illness -,"Sarr, Alex Questionable Injury/Illness - "
2026-01-29,"Vukcevic, Tristan",Out,Injury/Illness -,"Vukcevic, Tristan Out Injury/Illness - "
2026-01-29,"Whitmore, Cam",Out,Injury/Illness -,"Whitmore, Cam Out Injury/Illness - "
2026-01-29,"Young, Trae",Out,Injury/Illness -,"Young, Trae Out Injury/Illness - "
2026-01-29,"Monk, Malik",Questionable,Injury/Illness -,"Monk, Malik Questionable Injury/Illness - "
2026-01-29,"Murray, Keegan",Out,Injury/Illness -,"Murray, Keegan Out Injury/Illness - "
2026-01-29,"Plowden, Daeqwon",Out,G,"Plowden, Daeqwon Out G "
2026-01-29,"Stevens, Isaiah",Out,G,"Stevens, Isaiah Out G "
2026-01-29,"Westbrook, Russell",Out,Injury/Illness -,"Westbrook, Russell Out Injury/Illness - "
2026-01-29,"Bassey, Charles",Out,G,"Bassey, Charles Out G "
2026-01-29,"Beauchamp, MarJon",Out,G,"Beauchamp, MarJon Out G "
2026-01-29,"Broome, Johni",Out,G,"Broome, Johni Out G "
2026-01-29,"Embiid, Joel",Probable,Injury/Illness -,"Embiid, Joel Probable Injury/Illness - "
2026-01-29,"George, Paul",Probable,Injury/Illness -,"George, Paul Probable Injury/Illness - "
2026-01-29,"Grimes, Quentin",Questionable,Injury/Illness -,"Grimes, Quentin Questionable Injury/Illness - "
2026-01-29,"Oubre Jr., Kelly",Available,Injury/Illness -,"Oubre Jr., Kelly Available Injury/Illness - "
2026-01-29,"Adams, Steven",Out,Injury/Illness -,"Adams, Steven Out Injury/Illness - "
2026-01-29,"Eason, Tari",Out,Injury/Illness -,"Eason, Tari Out Injury/Illness - "
2026-01-29,"Smith, Dorian",Out,Injury/Illness -,"Smith, Dorian Out Injury/Illness - "
2026-01-29,"Newton, Tristen",Out,G,"Newton, Tristen Out G "
2026-01-29,"Sengun, Alperen",Questionable,Injury/Illness -,"Sengun, Alperen Questionable Injury/Illness - "
2026-01-29,"VanVleet, Fred",Out,Injury/Illness -,"VanVleet, Fred Out Injury/Illness - "
2026-01-29,"Dante, N'Faly",Out,Injury/Illness -,"Dante, N'Faly Out Injury/Illness - "
2026-01-29,"Dennis, RayJ",Out,G,"Dennis, RayJ Out G "
2026-01-29,"Djurisic, Nikola",Out,G,"Djurisic, Nikola Out G "
2026-01-29,"Houstan, Caleb",Out,G,"Houstan, Caleb Out G "
2026-01-29,"Johnson, Jalen",Out,Injury/Illness -,"Johnson, Jalen Out Injury/Illness - "
2026-01-29,"Okongwu, Onyeka",Out,Injury/Illness -,"Okongwu, Onyeka Out Injury/Illness - "
2026-01-29,"Porzingis, Kristaps",Out,Injury/Illness -,"Porzingis, Kristaps Out Injury/Illness - "
2026-01-29,"Risacher, Zaccharie",Out,Injury/Illness -,"Risacher, Zaccharie Out Injury/Illness - "
2026-01-29,"Herro, Tyler",Out,Injury/Illness -,"Herro, Tyler Out Injury/Illness - "
2026-01-29,"Jakucionis, Kasparas",Available,Injury/Illness -,"Jakucionis, Kasparas Available Injury/Illness - "
2026-01-29,"Jaquez Jr., Jaime",Available,Injury/Illness -,"Jaquez Jr., Jaime Available Injury/Illness - "
2026-01-29,"Larsson, Pelle",Available,Injury/Illness -,"Larsson, Pelle Available Injury/Illness - "
2026-01-29,"Mitchell, Davion",Out,Injury/Illness -,"Mitchell, Davion Out Injury/Illness - "
2026-01-29,"Powell, Norman",Probable,Injury/Illness -,"Powell, Norman Probable Injury/Illness - "
2026-01-29,"Rozier, Terry",Out,Not,"Rozier, Terry Out Not "
2026-01-29,"Ware, Kel'el",Probable,Injury/Illness -,"Ware, Kel'el Probable Injury/Illness - "
2026-01-29,"Wiggins, Andrew",Available,Injury/Illness -,"Wiggins, Andrew Available Injury/Illness - "
2026-01-29,"Collins, Zach",Out,Injury/Illness -,"Collins, Zach Out Injury/Illness - "
2026-01-29,"Essengue, Noa",Out,Injury/Illness -,"Essengue, Noa Out Injury/Illness - "
2026-01-29,"Giddey, Josh",Questionable,Injury/Illness -,"Giddey, Josh Questionable Injury/Illness - "
2026-01-29,"Jones, Tre",Out,Injury/Illness -,"Jones, Tre Out Injury/Illness - "
2026-01-29,"Kawamura, Yuki",Questionable,G,"Kawamura, Yuki Questionable G "
2026-01-29,"Miller, Emanuel",Questionable,G,"Miller, Emanuel Questionable G "
2026-01-29,"Smith, Jalen",Probable,Injury/Illness -,"Smith, Jalen Probable Injury/Illness - "
2026-01-29,"Hall, PJ",Out,G,"Hall, PJ Out G "
2026-01-29,"Miller, Brandon",Probable,Injury/Illness -,"Miller, Brandon Probable Injury/Illness - "
2026-01-29,"Plumlee, Mason",Out,Injury/Illness -,"Plumlee, Mason Out Injury/Illness - "
2026-01-29,"Reeves, Antonio",Out,G,"Reeves, Antonio Out G "
2026-01-29,"Simpson, KJ",Out,G,"Simpson, KJ Out G "
2026-01-29,"Williams, Grant",Out,Injury/Illness -,"Williams, Grant Out Injury/Illness - "
2026-01-29,"Cisse, Moussa",Questionable,G,"Cisse, Moussa Questionable G "
2026-01-29,"Davis, Anthony",Out,Injury/Illness -,"Davis, Anthony Out Injury/Illness - "
2026-01-29,"Exum, Dante",Out,Injury/Illness -,"Exum, Dante Out Injury/Illness - "
2026-01-29,"Irving, Kyrie",Out,Injury/Illness -,"Irving, Kyrie Out Injury/Illness - "
2026-01-29,"Kelly, Miles",Questionable,G,"Kelly, Miles Questionable G "
2026-01-29,"Lively II, Dereck",Out,Injury/Illness -,"Lively II, Dereck Out Injury/Illness - "
2026-01-29,"Marshall, Naji",Out,Rest,"Marshall, Naji Out Rest "
2026-01-29,"Nembhard, Ryan",Probable,G,"Nembhard, Ryan Probable G "
2026-01-29,"Thompson, Klay",Probable,Injury/Illness -,"Thompson, Klay Probable Injury/Illness - "
2026-01-29,"Williams, Brandon",Questionable,Injury/Illness -,"Williams, Brandon Questionable Injury/Illness - "
2026-01-29,"Clowney, Noah",Out,Injury/Illness -,"Clowney, Noah Out Injury/Illness - "
2026-01-29,"Demin, Egor",Out,Injury/Illness -,"Demin, Egor Out Injury/Illness - "
2026-01-29,"Etienne, Tyson",Out,G,"Etienne, Tyson Out G "
2026-01-29,"Highsmith, Haywood",Out,Injury/Illness -,"Highsmith, Haywood Out Injury/Illness - "
2026-01-29,"Johnson, Chaney",Out,G,"Johnson, Chaney Out G "
2026-01-29,"Mann, Terance",Available,Injury/Illness -,"Mann, Terance Available Injury/Illness - "
2026-01-29,"Thomas, Cam",Out,Injury/Illness -,"Thomas, Cam Out Injury/Illness - "
2026-01-29,"Williams, Ziaire",Out,Injury/Illness -,"Williams, Ziaire Out Injury/Illness - "
2026-01-29,"Bates, Tamar",Out,Injury/Illness -,"Bates, Tamar Out Injury/Illness - "
2026-01-29,"Braun, Christian",Out,Injury/Illness -,"Braun, Christian Out Injury/Illness - "
2026-01-29,"Gordon, Aaron",Out,Injury/Illness -,"Gordon, Aaron Out Injury/Illness - "
2026-01-29,"Johnson, Cameron",Out,Injury/Illness -,"Johnson, Cameron Out Injury/Illness - "
2026-01-29,"Jokic, Nikola",Out,Injury/Illness -,"Jokic, Nikola Out Injury/Illness - "
2026-01-29,"Jones, Curtis",Out,G,"Jones, Curtis Out G "
2026-01-29,"Murray, Jamal",Probable,Injury/Illness -,"Murray, Jamal Probable Injury/Illness - "
2026-01-29,"Valanciunas, Jonas",Probable,Injury/Illness -,"Valanciunas, Jonas Probable Injury/Illness - "
2026-01-29,"Jones, Isaac",Out,G,"Jones, Isaac Out G "
2026-01-29,"LeVert, Caris",Out,Injury/Illness -,"LeVert, Caris Out Injury/Illness - "
2026-01-29,"Moore Jr., Wendell",Out,G,"Moore Jr., Wendell Out G "
2026-01-29,"Smith, Tolu",Out,G,"Smith, Tolu Out G "
2026-01-29,"Booker, Devin",Out,Injury/Illness -,"Booker, Devin Out Injury/Illness - "
2026-01-29,"Gillespie, Collin",Questionable,Injury/Illness -,"Gillespie, Collin Questionable Injury/Illness - "
2026-01-29,"Goodwin, Jordan",Available,Injury/Illness -,"Goodwin, Jordan Available Injury/Illness - "
2026-01-29,"Green, Jalen",Out,Injury/Illness -,"Green, Jalen Out Injury/Illness - "
2026-01-29,"Caruso, Alex",Out,Injury/Illness -,"Caruso, Alex Out Injury/Illness - "
2026-01-29,"Mitchell, Ajay",Out,Injury/Illness -,"Mitchell, Ajay Out Injury/Illness - "
2026-01-29,"Sorber, Thomas",Out,Injury/Illness -,"Sorber, Thomas Out Injury/Illness - "
2026-01-29,"Topic, Nikola",Out,Injury/Illness -,"Topic, Nikola Out Injury/Illness - "
2026-01-29,"Wallace, Cason",Questionable,Injury/Illness -,"Wallace, Cason Questionable Injury/Illness - "
2026-01-29,"Williams, Jalen",Out,Injury/Illness -,"Williams, Jalen Out Injury/Illness - "
2026-01-29,"Conley, Mike",Out,Injury/Illness -,"Conley, Mike Out Injury/Illness - "
2026-01-29,"Freeman, Enrique",Out,G,"Freeman, Enrique Out G "
2026-01-29,"Gobert, Rudy",Questionable,Injury/Illness -,"Gobert, Rudy Questionable Injury/Illness - "
2026-01-29,"Shannon Jr., Terrence",Out,Injury/Illness -,"Shannon Jr., Terrence Out Injury/Illness - "
2026-01-29,"Zikarsky, Rocco",Out,G,"Zikarsky, Rocco Out G "
2026-01-29,"Doncic, Luka",Questionable,Injury/Illness -,"Doncic, Luka Questionable Injury/Illness - "
2026-01-29,"Reaves, Austin",Questionable,Injury/Illness -,"Reaves, Austin Questionable Injury/Illness - "
2026-01-29,"Thiero, Adou",Out,Injury/Illness -,"Thiero, Adou Out Injury/Illness - "
2026-01-29,"Alexander, Trey",Out,G,"Alexander, Trey Out G "
2026-01-29,"Dickinson, Hunter",Out,G,"Dickinson, Hunter Out G "
2026-01-29,"Murray, Dejounte",Out,Injury/Illness -,"Murray, Dejounte Out Injury/Illness - "
2026-01-29,"Avdija, Deni",Questionable,Injury/Illness -,"Avdija, Deni Questionable Injury/Illness - "
2026-01-29,"Henderson, Scoot",Out,Injury/Illness -,"Henderson, Scoot Out Injury/Illness - "
2026-01-29,"Lillard, Damian",Out,Injury/Illness -,"Lillard, Damian Out Injury/Illness - "
2026-01-29,"Murray, Kris",Out,Injury/Illness -,"Murray, Kris Out Injury/Illness - "
2026-01-29,"Reath, Duop",Out,Injury/Illness -,"Reath, Duop Out Injury/Illness - "
2026-01-29,"Thybulle, Matisse",Out,Injury/Illness -,"Thybulle, Matisse Out Injury/Illness - "
2026-01-29,"Wesley, Blake",Out,Injury/Illness -,"Wesley, Blake Out Injury/Illness - "
2026-01-29,"Williams III, Robert",Questionable,Injury/Illness -,"Williams III, Robert Questionable Injury/Illness - "
2026-01-29,"Dadiet, Pacome",Questionable,G,"Dadiet, Pacome Questionable G "
2026-01-29,"Hart, Josh",Questionable,Injury/Illness -,"Hart, Josh Questionable Injury/Illness - "
2026-01-29,"Jemison III, Trey",Questionable,G,"Jemison III, Trey Questionable G "
2026-01-29,"Jones, Dillon",Questionable,G,"Jones, Dillon Questionable G "
2026-01-29,"McBride, Miles",Questionable,Injury/Illness -,"McBride, Miles Questionable Injury/Illness - "
2026-01-29,"McCullar Jr., Kevin",Questionable,G,"McCullar Jr., Kevin Questionable G "
2026-01-29,"Brown, Jaylen",Doubtful,Injury/Illness -,"Brown, Jaylen Doubtful Injury/Illness - "
2026-01-29,"Harper Jr., Ron",Out,G,"Harper Jr., Ron Out G "
2026-01-29,"Queta, Neemias",Probable,Injury/Illness -,"Queta, Neemias Probable Injury/Illness - "
2026-01-29,"Shulga, Max",Out,G,"Shulga, Max Out G "
2026-01-29,"Tatum, Jayson",Out,Injury/Illness -,"Tatum, Jayson Out Injury/Illness - "
2026-01-29,"Hepburn, Chucky",Out,G,"Hepburn, Chucky Out G "
2026-01-29,"Martin, Alijah",Out,G,"Martin, Alijah Out G "
2026-01-29,"Poeltl, Jakob",Out,Injury/Illness -,"Poeltl, Jakob Out Injury/Illness - "
2026-01-29,"Castleton, Colin",Out,G,"Castleton, Colin Out G "
2026-01-29,"Wagner, Franz",Out,Injury/Illness -,"Wagner, Franz Out Injury/Illness - "
2026-01-29,"Enaruna, Tristan",Out,G,"Enaruna, Tristan Out G "
2026-01-29,"Garland, Darius",Out,Injury/Illness -,"Garland, Darius Out Injury/Illness - "
2026-01-29,"Mobley, Evan",Out,Injury/Illness -,"Mobley, Evan Out Injury/Illness - "
2026-01-29,"Strus, Max",Out,Injury/Illness -,"Strus, Max Out Injury/Illness - "
2026-01-29,"Travers, Luke",Out,G,"Travers, Luke Out G "
2026-01-30,"Doncic, Luka",Questionable,Injury/Illness -,"Doncic, Luka Questionable Injury/Illness - "
2026-01-30,"Reaves, Austin",Questionable,Injury/Illness -,"Reaves, Austin Questionable Injury/Illness - "
2026-01-30,"Thiero, Adou",Out,Injury/Illness -,"Thiero, Adou Out Injury/Illness - "
2026-01-30,"Bagley III, Marvin",Out,Injury/Illness -,"Bagley III, Marvin Out Injury/Illness - "
2026-01-30,"Johnson, Tre",Out,Injury/Illness -,"Johnson, Tre Out Injury/Illness - "
2026-01-30,"Middleton, Khris",Out,Injury/Illness -,"Middleton, Khris Out Injury/Illness - "
2026-01-30,"Vukcevic, Tristan",Out,Injury/Illness -,"Vukcevic, Tristan Out Injury/Illness - "
2026-01-30,"Whitmore, Cam",Out,Injury/Illness -,"Whitmore, Cam Out Injury/Illness - "
2026-01-30,"Young, Trae",Out,Injury/Illness -,"Young, Trae Out Injury/Illness - "
2026-01-30,"Aldama, Santi",Out,Injury/Illness -,"Aldama, Santi Out Injury/Illness - "
2026-01-30,"Clarke, Brandon",Out,Injury/Illness -,"Clarke, Brandon Out Injury/Illness - "
2026-01-30,"Edey, Zach",Out,Injury/Illness -,"Edey, Zach Out Injury/Illness - "
2026-01-30,"Jerome, Ty",Out,Injury/Illness -,"Jerome, Ty Out Injury/Illness - "
2026-01-30,"Morant, Ja",Out,Injury/Illness -,"Morant, Ja Out Injury/Illness - "
2026-01-30,"Pippen Jr., Scotty",Out,Injury/Illness -,"Pippen Jr., Scotty Out Injury/Illness - "
2026-01-30,"Alexander, Trey",Out,G,"Alexander, Trey Out G "
2026-01-30,"Dickinson, Hunter",Out,G,"Dickinson, Hunter Out G "
2026-01-30,"Murray, Dejounte",Out,Injury/Illness -,"Murray, Dejounte Out Injury/Illness - "
2026-01-30,"Avdija, Deni",Questionable,Injury/Illness -,"Avdija, Deni Questionable Injury/Illness - "
2026-01-30,"Henderson, Scoot",Out,Injury/Illness -,"Henderson, Scoot Out Injury/Illness - "
2026-01-30,"Lillard, Damian",Out,Injury/Illness -,"Lillard, Damian Out Injury/Illness - "
2026-01-30,"Murray, Kris",Out,Injury/Illness -,"Murray, Kris Out Injury/Illness - "
2026-01-30,"Reath, Duop",Out,Injury/Illness -,"Reath, Duop Out Injury/Illness - "
2026-01-30,"Thybulle, Matisse",Out,Injury/Illness -,"Thybulle, Matisse Out Injury/Illness - "
2026-01-30,"Wesley, Blake",Out,Injury/Illness -,"Wesley, Blake Out Injury/Illness - "
2026-01-30,"Williams III, Robert",Questionable,Injury/Illness -,"Williams III, Robert Questionable Injury/Illness - "
2026-01-30,"Dadiet, Pacome",Out,G,"Dadiet, Pacome Out G "
2026-01-30,"Hart, Josh",Probable,Injury/Illness -,"Hart, Josh Probable Injury/Illness - "
2026-01-30,"Jemison III, Trey",Out,G,"Jemison III, Trey Out G "
2026-01-30,"Jones, Dillon",Available,G,"Jones, Dillon Available G "
2026-01-30,"McBride, Miles",Doubtful,Injury/Illness -,"McBride, Miles Doubtful Injury/Illness - "
2026-01-30,"McCullar Jr., Kevin",Out,G,"McCullar Jr., Kevin Out G "
2026-01-30,"Murray, Keegan",Out,Injury/Illness -,"Murray, Keegan Out Injury/Illness - "
2026-01-30,"Sabonis, Domantas",Out,Injury/Illness -,"Sabonis, Domantas Out Injury/Illness - "
2026-01-30,"Westbrook, Russell",Out,Injury/Illness -,"Westbrook, Russell Out Injury/Illness - "
2026-01-30,"Brown, Jaylen",Out,Injury/Illness -,"Brown, Jaylen Out Injury/Illness - "
2026-01-30,"Harper Jr., Ron",Out,G,"Harper Jr., Ron Out G "
2026-01-30,"Queta, Neemias",Available,Injury/Illness -,"Queta, Neemias Available Injury/Illness - "
2026-01-30,"Shulga, Max",Out,G,"Shulga, Max Out G "
2026-01-30,"Tatum, Jayson",Out,Injury/Illness -,"Tatum, Jayson Out Injury/Illness - "
2026-01-30,"Williams, Amari",Out,G,"Williams, Amari Out G "
2026-01-30,"Hepburn, Chucky",Out,G,"Hepburn, Chucky Out G "
2026-01-30,"Martin, Alijah",Available,G,"Martin, Alijah Available G "
2026-01-30,"Poeltl, Jakob",Out,Injury/Illness -,"Poeltl, Jakob Out Injury/Illness - "
2026-01-30,"Castleton, Colin",Out,G,"Castleton, Colin Out G "
2026-01-30,"Wagner, Franz",Out,Injury/Illness -,"Wagner, Franz Out Injury/Illness - "
2026-01-30,"Enaruna, Tristan",Out,G,"Enaruna, Tristan Out G "
2026-01-30,"Garland, Darius",Out,Injury/Illness -,"Garland, Darius Out Injury/Illness - "
2026-01-30,"Mobley, Evan",Out,Injury/Illness -,"Mobley, Evan Out Injury/Illness - "
2026-01-30,"Porter Jr., Craig",Questionable,Injury/Illness -,"Porter Jr., Craig Questionable Injury/Illness - "
2026-01-30,"Strus, Max",Out,Injury/Illness -,"Strus, Max Out Injury/Illness - "
2026-01-30,"Travers, Luke",Out,G,"Travers, Luke Out G "
2026-01-30,"Booker, Devin",Out,Injury/Illness -,"Booker, Devin Out Injury/Illness - "
2026-01-30,"Beal, Bradley",Out,Injury/Illness -,"Beal, Bradley Out Injury/Illness - "
2026-01-30,"Bogdanovic, Bogdan",Out,Injury/Illness -,"Bogdanovic, Bogdan Out Injury/Illness - "
2026-01-30,"Jones Jr., Derrick",Out,Injury/Illness -,"Jones Jr., Derrick Out Injury/Illness - "
2026-01-30,"Leonard, Kawhi",Available,Injury/Illness -,"Leonard, Kawhi Available Injury/Illness - "
2026-01-30,"Paul, Chris",Out,Not,"Paul, Chris Out Not "
2026-01-30,"Washington Jr., TyTy",Out,G,"Washington Jr., TyTy Out G "
2026-01-30,"Bates, Tamar",Out,Injury/Illness -,"Bates, Tamar Out Injury/Illness - "
2026-01-30,"Braun, Christian",Out,Injury/Illness -,"Braun, Christian Out Injury/Illness - "
2026-01-30,"Gordon, Aaron",Out,Injury/Illness -,"Gordon, Aaron Out Injury/Illness - "
2026-01-30,"Johnson, Cameron",Out,Injury/Illness -,"Johnson, Cameron Out Injury/Illness - "
2026-01-30,"Jokic, Nikola",Questionable,Injury/Illness -,"Jokic, Nikola Questionable Injury/Illness - "
2026-01-30,"Jones, Curtis",Out,G,"Jones, Curtis Out G "
2026-01-30,"Murray, Jamal",Probable,Injury/Illness -,"Murray, Jamal Probable Injury/Illness - "
2026-01-30,"Valanciunas, Jonas",Probable,Injury/Illness -,"Valanciunas, Jonas Probable Injury/Illness - "
2026-01-30,"Clowney, Noah",Out,Injury/Illness -,"Clowney, Noah Out Injury/Illness - "
2026-01-30,"Etienne, Tyson",Out,G,"Etienne, Tyson Out G "
2026-01-30,"Highsmith, Haywood",Out,Injury/Illness -,"Highsmith, Haywood Out Injury/Illness - "
2026-01-30,"Johnson, Chaney",Out,G,"Johnson, Chaney Out G "
2026-01-30,"Porter Jr., Michael",Out,Personal,"Porter Jr., Michael Out Personal "
2026-01-30,"Williams, Ziaire",Out,Injury/Illness -,"Williams, Ziaire Out Injury/Illness - "
2026-01-30,"Harkless, Elijah",Out,G,"Harkless, Elijah Out G "
2026-01-30,"Kessler, Walker",Out,Injury/Illness -,"Kessler, Walker Out Injury/Illness - "
2026-01-30,"Love, Kevin",Out,Injury/Illness -,"Love, Kevin Out Injury/Illness - "
2026-01-30,"Markkanen, Lauri",Out,Rest,"Markkanen, Lauri Out Rest "
2026-01-30,"Niang, Georges",Out,Injury/Illness -,"Niang, Georges Out Injury/Illness - "
2026-01-30,"Nurkic, Jusuf",Out,Injury/Illness -,"Nurkic, Jusuf Out Injury/Illness - "
2026-01-30,"Tonje, John",Out,G,"Tonje, John Out G "
2026-01-30,"Tshiebwe, Oscar",Out,G,"Tshiebwe, Oscar Out G "
2026-01-30,"Williams, Cody",Questionable,Injury/Illness -,"Williams, Cody Questionable Injury/Illness - "
2026-01-30,"Cunningham, Cade",Probable,Injury/Illness -,"Cunningham, Cade Probable Injury/Illness - "
2026-01-30,"Jones, Isaac",Out,G,"Jones, Isaac Out G "
2026-01-30,"LeVert, Caris",Doubtful,Injury/Illness -,"LeVert, Caris Doubtful Injury/Illness - "
2026-01-30,"Moore Jr., Wendell",Out,G,"Moore Jr., Wendell Out G "
2026-01-30,"Smith, Tolu",Out,G,"Smith, Tolu Out G "
2026-01-30,"Butler III, Jimmy",Out,Injury/Illness -,"Butler III, Jimmy Out Injury/Illness - "
2026-01-30,"Cryer, LJ",Out,Injury/Illness -,"Cryer, LJ Out Injury/Illness - "
2026-01-30,"Curry, Seth",Out,Injury/Illness -,"Curry, Seth Out Injury/Illness - "
2026-01-30,"Kuminga, Jonathan",Out,Injury/Illness -,"Kuminga, Jonathan Out Injury/Illness - "
2026-01-30,"Santos, Gui",Probable,Injury/Illness -,"Santos, Gui Probable Injury/Illness - "
2026-01-30,"Dante, N'Faly",Out,Injury/Illness -,"Dante, N'Faly Out Injury/Illness - "
2026-01-30,"Dennis, RayJ",Doubtful,G,"Dennis, RayJ Doubtful G "
2026-01-30,"Djurisic, Nikola",Doubtful,G,"Djurisic, Nikola Doubtful G "
2026-01-30,"Houstan, Caleb",Doubtful,G,"Houstan, Caleb Doubtful G "
2026-01-30,"Johnson, Jalen",Questionable,Injury/Illness -,"Johnson, Jalen Questionable Injury/Illness - "
2026-01-30,"Okongwu, Onyeka",Out,Injury/Illness -,"Okongwu, Onyeka Out Injury/Illness - "
2026-01-30,"Porzingis, Kristaps",Out,Injury/Illness -,"Porzingis, Kristaps Out Injury/Illness - "
2026-01-30,"Risacher, Zaccharie",Questionable,Injury/Illness -,"Risacher, Zaccharie Questionable Injury/Illness - "
2026-01-30,"Haliburton, Tyrese",Out,Injury/Illness -,"Haliburton, Tyrese Out Injury/Illness - "
2026-01-30,"Peter, Taelon",Doubtful,G,"Peter, Taelon Doubtful G "
2026-01-30,"Thompson, Ethan",Doubtful,G,"Thompson, Ethan Doubtful G "
2026-01-30,"Toppin, Obi",Out,Injury/Illness -,"Toppin, Obi Out Injury/Illness - "
2026-01-30,"Bassey, Charles",Doubtful,G,"Bassey, Charles Doubtful G "
2026-01-30,"Beauchamp, MarJon",Doubtful,G,"Beauchamp, MarJon Doubtful G "
2026-01-30,"Broome, Johni",Doubtful,G,"Broome, Johni Doubtful G "
2026-01-30,"Grimes, Quentin",Probable,Injury/Illness -,"Grimes, Quentin Probable Injury/Illness - "
2026-01-30,"Oubre Jr., Kelly",Available,Injury/Illness -,"Oubre Jr., Kelly Available Injury/Illness - "
2026-01-30,"Collins, Zach",Out,Injury/Illness -,"Collins, Zach Out Injury/Illness - "
2026-01-30,"Essengue, Noa",Out,Injury/Illness -,"Essengue, Noa Out Injury/Illness - "
2026-01-30,"Giddey, Josh",Questionable,Injury/Illness -,"Giddey, Josh Questionable Injury/Illness - "
2026-01-30,"Jones, Tre",Out,Injury/Illness -,"Jones, Tre Out Injury/Illness - "
2026-01-30,"Miller, Emanuel",Questionable,Injury/Illness -,"Miller, Emanuel Questionable Injury/Illness - "
2026-01-30,"Smith, Jalen",Questionable,Injury/Illness -,"Smith, Jalen Questionable Injury/Illness - "
2026-01-30,"Vucevic, Nikola",Doubtful,Rest,"Vucevic, Nikola Doubtful Rest "
2026-01-30,"White, Coby",Questionable,Injury/Illness -,"White, Coby Questionable Injury/Illness - "
2026-01-30,"Herro, Tyler",Out,Injury/Illness -,"Herro, Tyler Out Injury/Illness - "
2026-01-30,"Jakucionis, Kasparas",Available,Injury/Illness -,"Jakucionis, Kasparas Available Injury/Illness - "
2026-01-30,"Jaquez Jr., Jaime",Available,Injury/Illness -,"Jaquez Jr., Jaime Available Injury/Illness - "
2026-01-30,"Larsson, Pelle",Available,Injury/Illness -,"Larsson, Pelle Available Injury/Illness - "
2026-01-30,"Mitchell, Davion",Doubtful,Injury/Illness -,"Mitchell, Davion Doubtful Injury/Illness - "
2026-01-30,"Powell, Norman",Out,Personal,"Powell, Norman Out Personal "
2026-01-30,"Rozier, Terry",Out,Not,"Rozier, Terry Out Not "
2026-01-30,"Smith, Dru",Available,Injury/Illness -,"Smith, Dru Available Injury/Illness - "
2026-01-30,"Ware, Kel'el",Available,Injury/Illness -,"Ware, Kel'el Available Injury/Illness - "
2026-01-30,"Wiggins, Andrew",Available,Injury/Illness -,"Wiggins, Andrew Available Injury/Illness - "
2026-01-30,"Cisse, Moussa",Probable,G,"Cisse, Moussa Probable G "
2026-01-30,"Davis, Anthony",Out,Injury/Illness -,"Davis, Anthony Out Injury/Illness - "
2026-01-30,"Exum, Dante",Out,Injury/Illness -,"Exum, Dante Out Injury/Illness - "
2026-01-30,"Irving, Kyrie",Out,Injury/Illness -,"Irving, Kyrie Out Injury/Illness - "
2026-01-30,"Kelly, Miles",Doubtful,G,"Kelly, Miles Doubtful G "
2026-01-30,"Lively II, Dereck",Out,Injury/Illness -,"Lively II, Dereck Out Injury/Illness - "
2026-01-30,"Nembhard, Ryan",Probable,G,"Nembhard, Ryan Probable G "
2026-01-30,"Adams, Steven",Out,Injury/Illness -,"Adams, Steven Out Injury/Illness - "
2026-01-30,"Newton, Tristen",Out,G,"Newton, Tristen Out G "
2026-01-30,"VanVleet, Fred",Out,Injury/Illness -,"VanVleet, Fred Out Injury/Illness - "
2026-01-30,"Ingram, Harrison",Out,G,"Ingram, Harrison Out G "
2026-01-30,"Garcia, David",Out,G,"Garcia, David Out G "
2026-01-30,"Sochan, Jeremy",Out,Injury/Illness -,"Sochan, Jeremy Out Injury/Illness - "
2026-01-30,"Umude, Stanley",Out,G,"Umude, Stanley Out G "
2026-01-30,"Green, Josh",Probable,Injury/Illness -,"Green, Josh Probable Injury/Illness - "
2026-01-30,"Hall, PJ",Out,G,"Hall, PJ Out G "
2026-01-30,"McNeeley, Liam",Out,G,"McNeeley, Liam Out G "
2026-01-30,"Plumlee, Mason",Out,Injury/Illness -,"Plumlee, Mason Out Injury/Illness - "
2026-01-30,"Reeves, Antonio",Out,G,"Reeves, Antonio Out G "
2026-01-30,"Simpson, KJ",Out,G,"Simpson, KJ Out G "
2026-01-31,"Dante, N'Faly",Out,Injury/Illness -,"Dante, N'Faly Out Injury/Illness - "
2026-01-31,"Dennis, RayJ",Out,G,"Dennis, RayJ Out G "
2026-01-31,"Djurisic, Nikola",Out,G,"Djurisic, Nikola Out G "
2026-01-31,"Houstan, Caleb",Out,G,"Houstan, Caleb Out G "
2026-01-31,"Johnson, Jalen",Available,Injury/Illness -,"Johnson, Jalen Available Injury/Illness - "
2026-01-31,"Krejci, Vit",Out,Injury/Illness -,"Krejci, Vit Out Injury/Illness - "
2026-01-31,"Okongwu, Onyeka",Out,Injury/Illness -,"Okongwu, Onyeka Out Injury/Illness - "
2026-01-31,"Porzingis, Kristaps",Out,Injury/Illness -,"Porzingis, Kristaps Out Injury/Illness - "
2026-01-31,"Risacher, Zaccharie",Available,Injury/Illness -,"Risacher, Zaccharie Available Injury/Illness - "
2026-01-31,"Haliburton, Tyrese",Out,Injury/Illness -,"Haliburton, Tyrese Out Injury/Illness - "
2026-01-31,"Peter, Taelon",Doubtful,G,"Peter, Taelon Doubtful G "
2026-01-31,"Thompson, Ethan",Doubtful,G,"Thompson, Ethan Doubtful G "
2026-01-31,"Toppin, Obi",Out,Injury/Illness -,"Toppin, Obi Out Injury/Illness - "
2026-01-31,"Alexander, Trey",Out,G,"Alexander, Trey Out G "
2026-01-31,"Dickinson, Hunter",Out,G,"Dickinson, Hunter Out G "
2026-01-31,"Murray, Dejounte",Out,Injury/Illness -,"Murray, Dejounte Out Injury/Illness - "
2026-01-31,"Bassey, Charles",Out,G,"Bassey, Charles Out G "
2026-01-31,"Beauchamp, MarJon",Out,G,"Beauchamp, MarJon Out G "
2026-01-31,"Broome, Johni",Out,G,"Broome, Johni Out G "
2026-01-31,"Drummond, Andre",Questionable,Injury/Illness -,"Drummond, Andre Questionable Injury/Illness - "
2026-01-31,"George, Paul",Out,League,"George, Paul Out League "
2026-01-31,"Grimes, Quentin",Probable,Injury/Illness -,"Grimes, Quentin Probable Injury/Illness - "
2026-01-31,"Oubre Jr., Kelly",Available,Injury/Illness -,"Oubre Jr., Kelly Available Injury/Illness - "
2026-01-31,"Collins, Zach",Out,Injury/Illness -,"Collins, Zach Out Injury/Illness - "
2026-01-31,"Essengue, Noa",Out,Injury/Illness -,"Essengue, Noa Out Injury/Illness - "
2026-01-31,"Giddey, Josh",Out,Injury/Illness -,"Giddey, Josh Out Injury/Illness - "
2026-01-31,"Jones, Tre",Out,Injury/Illness -,"Jones, Tre Out Injury/Illness - "
2026-01-31,"Miller, Emanuel",Probable,Injury/Illness -,"Miller, Emanuel Probable Injury/Illness - "
2026-01-31,"Smith, Jalen",Out,Injury/Illness -,"Smith, Jalen Out Injury/Illness - "
2026-01-31,"Vucevic, Nikola",Doubtful,Rest,"Vucevic, Nikola Doubtful Rest "
2026-01-31,"White, Coby",Doubtful,Injury/Illness -,"White, Coby Doubtful Injury/Illness - "
2026-01-31,"Herro, Tyler",Out,Injury/Illness -,"Herro, Tyler Out Injury/Illness - "
2026-01-31,"Jakucionis, Kasparas",Available,Injury/Illness -,"Jakucionis, Kasparas Available Injury/Illness - "
2026-01-31,"Jaquez Jr., Jaime",Available,Injury/Illness -,"Jaquez Jr., Jaime Available Injury/Illness - "
2026-01-31,"Larsson, Pelle",Available,Injury/Illness -,"Larsson, Pelle Available Injury/Illness - "
2026-01-31,"Mitchell, Davion",Out,Injury/Illness -,"Mitchell, Davion Out Injury/Illness - "
2026-01-31,"Powell, Norman",Out,Personal,"Powell, Norman Out Personal "
2026-01-31,"Rozier, Terry",Out,Not,"Rozier, Terry Out Not "
2026-01-31,"Smith, Dru",Available,Injury/Illness -,"Smith, Dru Available Injury/Illness - "
2026-01-31,"Ware, Kel'el",Available,Injury/Illness -,"Ware, Kel'el Available Injury/Illness - "
2026-01-31,"Wiggins, Andrew",Available,Injury/Illness -,"Wiggins, Andrew Available Injury/Illness - "
2026-01-31,"Freeman, Enrique",Out,G,"Freeman, Enrique Out G "
2026-01-31,"Shannon Jr., Terrence",Out,Injury/Illness -,"Shannon Jr., Terrence Out Injury/Illness - "
2026-01-31,"Zikarsky, Rocco",Out,G,"Zikarsky, Rocco Out G "
2026-01-31,"Aldama, Santi",Out,Injury/Illness -,"Aldama, Santi Out Injury/Illness - "
2026-01-31,"Clarke, Brandon",Out,Injury/Illness -,"Clarke, Brandon Out Injury/Illness - "
2026-01-31,"Edey, Zach",Out,Injury/Illness -,"Edey, Zach Out Injury/Illness - "
2026-01-31,"Jackson Jr., Jaren",Doubtful,Injury/Illness -,"Jackson Jr., Jaren Doubtful Injury/Illness - "
2026-01-31,"Jerome, Ty",Questionable,Injury/Illness -,"Jerome, Ty Questionable Injury/Illness - "
2026-01-31,"Konchar, John",Doubtful,Injury/Illness -,"Konchar, John Doubtful Injury/Illness - "
2026-01-31,"Morant, Ja",Out,Injury/Illness -,"Morant, Ja Out Injury/Illness - "
2026-01-31,"Pippen Jr., Scotty",Out,Injury/Illness -,"Pippen Jr., Scotty Out Injury/Illness - "
2026-01-31,"Cisse, Moussa",Probable,G,"Cisse, Moussa Probable G "
2026-01-31,"Davis, Anthony",Out,Injury/Illness -,"Davis, Anthony Out Injury/Illness - "
2026-01-31,"Exum, Dante",Out,Injury/Illness -,"Exum, Dante Out Injury/Illness - "
2026-01-31,"Irving, Kyrie",Out,Injury/Illness -,"Irving, Kyrie Out Injury/Illness - "
2026-01-31,"Kelly, Miles",Doubtful,G,"Kelly, Miles Doubtful G "
2026-01-31,"Lively II, Dereck",Out,Injury/Illness -,"Lively II, Dereck Out Injury/Illness - "
2026-01-31,"Nembhard, Ryan",Probable,G,"Nembhard, Ryan Probable G "
2026-01-31,"Adams, Steven",Out,Injury/Illness -,"Adams, Steven Out Injury/Illness - "
2026-01-31,"Newton, Tristen",Out,G,"Newton, Tristen Out G "
2026-01-31,"VanVleet, Fred",Out,Injury/Illness -,"VanVleet, Fred Out Injury/Illness - "
2026-01-31,"Ingram, Harrison",Out,G,"Ingram, Harrison Out G "
2026-01-31,"Garcia, David",Out,G,"Garcia, David Out G "
2026-01-31,"Sochan, Jeremy",Out,Injury/Illness -,"Sochan, Jeremy Out Injury/Illness - "
2026-01-31,"Umude, Stanley",Out,G,"Umude, Stanley Out G "
2026-01-31,"Green, Josh",Available,Injury/Illness -,"Green, Josh Available Injury/Illness - "
2026-01-31,"Hall, PJ",Out,G,"Hall, PJ Out G "
2026-01-31,"McNeeley, Liam",Out,G,"McNeeley, Liam Out G "
2026-01-31,"Plumlee, Mason",Out,Injury/Illness -,"Plumlee, Mason Out Injury/Illness - "
2026-01-31,"Reeves, Antonio",Out,G,"Reeves, Antonio Out G "
2026-01-31,"Simpson, KJ",Out,G,"Simpson, KJ Out G "
2026-01-31,"Antetokounmpo, Alex",Out,G,"Antetokounmpo, Alex Out G "
2026-01-31,"Antetokounmpo, Giannis",Out,Injury/Illness -,"Antetokounmpo, Giannis Out Injury/Illness - "
2026-01-31,"Harris, Gary",Probable,Injury/Illness -,"Harris, Gary Probable Injury/Illness - "
2026-01-31,"Porter Jr., Kevin",Out,Injury/Illness -,"Porter Jr., Kevin Out Injury/Illness - "
2026-01-31,"Prince, Taurean",Out,Injury/Illness -,"Prince, Taurean Out Injury/Illness - "
2026-01-31,"Harper Jr., Ron",Out,G,"Harper Jr., Ron Out G "
2026-01-31,"Shulga, Max",Out,G,"Shulga, Max Out G "
2026-01-31,"Tatum, Jayson",Out,Injury/Illness -,"Tatum, Jayson Out Injury/Illness - "
2026-01-31,"Williams, Amari",Questionable,G,"Williams, Amari Questionable G "
2026-01-31,"Castleton, Colin",Out,G,"Castleton, Colin Out G "
2026-01-31,"Wagner, Franz",Out,Injury/Illness -,"Wagner, Franz Out Injury/Illness - "
2026-01-31,"Clowney, Noah",Out,Injury/Illness -,"Clowney, Noah Out Injury/Illness - "
2026-01-31,"Etienne, Tyson",Out,G,"Etienne, Tyson Out G "
2026-01-31,"Highsmith, Haywood",Out,Injury/Illness -,"Highsmith, Haywood Out Injury/Illness - "
2026-01-31,"Johnson, Chaney",Out,G,"Johnson, Chaney Out G "
2026-01-31,"Williams, Ziaire",Out,Injury/Illness -,"Williams, Ziaire Out Injury/Illness - "
2026-01-31,"Cunningham, Cade",Probable,Injury/Illness -,"Cunningham, Cade Probable Injury/Illness - "
2026-01-31,"Jones, Isaac",Out,G,"Jones, Isaac Out G "
2026-01-31,"Klintman, Bobi",Out,G,"Klintman, Bobi Out G "
2026-01-31,"Lanier, Chaz",Out,G,"Lanier, Chaz Out G "
2026-01-31,"LeVert, Caris",Questionable,Injury/Illness -,"LeVert, Caris Questionable Injury/Illness - "
2026-01-31,"Moore Jr., Wendell",Out,G,"Moore Jr., Wendell Out G "
2026-01-31,"Smith, Tolu",Out,G,"Smith, Tolu Out G "
2026-01-31,"Monk, Malik",Questionable,Injury/Illness -,"Monk, Malik Questionable Injury/Illness - "
2026-01-31,"Murray, Keegan",Out,Injury/Illness -,"Murray, Keegan Out Injury/Illness - "
2026-01-31,"Westbrook, Russell",Questionable,Injury/Illness -,"Westbrook, Russell Questionable Injury/Illness - "
2026-01-31,"Johnson, Tre",Out,Injury/Illness -,"Johnson, Tre Out Injury/Illness - "
2026-01-31,"Sarr, Alex",Questionable,Injury/Illness -,"Sarr, Alex Questionable Injury/Illness - "
2026-01-31,"Vukcevic, Tristan",Out,Injury/Illness -,"Vukcevic, Tristan Out Injury/Illness - "
2026-01-31,"Whitmore, Cam",Out,Injury/Illness -,"Whitmore, Cam Out Injury/Illness - "
2026-01-31,"Young, Trae",Out,Injury/Illness -,"Young, Trae Out Injury/Illness - "
2026-01-31,"George, Keyonte",Questionable,Injury/Illness -,"George, Keyonte Questionable Injury/Illness - "
2026-01-31,"Harkless, Elijah",Out,G,"Harkless, Elijah Out G "
2026-01-31,"Kessler, Walker",Out,Injury/Illness -,"Kessler, Walker Out Injury/Illness - "
2026-01-31,"Love, Kevin",Questionable,Injury/Illness -,"Love, Kevin Questionable Injury/Illness - "
2026-01-31,"Niang, Georges",Out,Injury/Illness -,"Niang, Georges Out Injury/Illness - "
2026-01-31,"Nurkic, Jusuf",Questionable,Injury/Illness -,"Nurkic, Jusuf Questionable Injury/Illness - "
2026-01-31,"Tonje, John",Out,G,"Tonje, John Out G "
2026-01-31,"Tshiebwe, Oscar",Out,G,"Tshiebwe, Oscar Out G "
2026-01-31,"Hepburn, Chucky",Out,G,"Hepburn, Chucky Out G "
2026-01-31,"Poeltl, Jakob",Out,Injury/Illness -,"Poeltl, Jakob Out Injury/Illness - "
2026-01-31,"James, Bronny",Questionable,Injury/Illness -,"James, Bronny Questionable Injury/Illness - "
2026-01-31,"Reaves, Austin",Questionable,Injury/Illness -,"Reaves, Austin Questionable Injury/Illness - "
2026-01-31,"Thiero, Adou",Out,Injury/Illness -,"Thiero, Adou Out Injury/Illness - "
2026-01-31,"Dadiet, Pacome",Questionable,G,"Dadiet, Pacome Questionable G "
2026-01-31,"Jemison III, Trey",Questionable,G,"Jemison III, Trey Questionable G "
2026-01-31,"McBride, Miles",Out,Injury/Illness -,"McBride, Miles Out Injury/Illness - "
2026-01-31,"McCullar Jr., Kevin",Questionable,G,"McCullar Jr., Kevin Questionable G "
2026-02-01,"Antetokounmpo, Alex",Out,G,"Antetokounmpo, Alex Out G "
2026-02-01,"Antetokounmpo, Giannis",Out,Injury/Illness -,"Antetokounmpo, Giannis Out Injury/Illness - "
2026-02-01,"Harris, Gary",Out,Injury/Illness -,"Harris, Gary Out Injury/Illness - "
2026-02-01,"Porter Jr., Kevin",Out,Injury/Illness -,"Porter Jr., Kevin Out Injury/Illness - "
2026-02-01,"Prince, Taurean",Out,Injury/Illness -,"Prince, Taurean Out Injury/Illness - "
2026-02-01,"Harper Jr., Ron",Out,G,"Harper Jr., Ron Out G "
2026-02-01,"Shulga, Max",Out,G,"Shulga, Max Out G "
2026-02-01,"Tatum, Jayson",Out,Injury/Illness -,"Tatum, Jayson Out Injury/Illness - "
2026-02-01,"Williams, Amari",Available,G,"Williams, Amari Available G "
2026-02-01,"Clowney, Noah",Out,Injury/Illness -,"Clowney, Noah Out Injury/Illness - "
2026-02-01,"Etienne, Tyson",Out,G,"Etienne, Tyson Out G "
2026-02-01,"Highsmith, Haywood",Out,Injury/Illness -,"Highsmith, Haywood Out Injury/Illness - "
2026-02-01,"Johnson, Chaney",Out,G,"Johnson, Chaney Out G "
2026-02-01,"Porter Jr., Michael",Out,Personal,"Porter Jr., Michael Out Personal "
2026-02-01,"Williams, Ziaire",Out,Injury/Illness -,"Williams, Ziaire Out Injury/Illness - "
2026-02-01,"Cunningham, Cade",Available,Injury/Illness -,"Cunningham, Cade Available Injury/Illness - "
2026-02-01,"Jones, Isaac",Out,G,"Jones, Isaac Out G "
2026-02-01,"Klintman, Bobi",Out,G,"Klintman, Bobi Out G "
2026-02-01,"Lanier, Chaz",Out,G,"Lanier, Chaz Out G "
2026-02-01,"LeVert, Caris",Out,Injury/Illness -,"LeVert, Caris Out Injury/Illness - "
2026-02-01,"Moore Jr., Wendell",Out,G,"Moore Jr., Wendell Out G "
2026-02-01,"Smith, Tolu",Out,G,"Smith, Tolu Out G "
2026-02-01,"Carter, Jevon",Out,Not,"Carter, Jevon Out Not "
2026-02-01,"Collins, Zach",Out,Injury/Illness -,"Collins, Zach Out Injury/Illness - "
2026-02-01,"Essengue, Noa",Out,Injury/Illness -,"Essengue, Noa Out Injury/Illness - "
2026-02-01,"Giddey, Josh",Out,Injury/Illness -,"Giddey, Josh Out Injury/Illness - "
2026-02-01,"Huerter, Kevin",Out,Injury/Illness -,"Huerter, Kevin Out Injury/Illness - "
2026-02-01,"Jones, Tre",Out,Injury/Illness -,"Jones, Tre Out Injury/Illness - "
2026-02-01,"Smith, Jalen",Out,Injury/Illness -,"Smith, Jalen Out Injury/Illness - "
2026-02-01,"Gardner, Myron",Available,Injury/Illness -,"Gardner, Myron Available Injury/Illness - "
2026-02-01,"Herro, Tyler",Out,Injury/Illness -,"Herro, Tyler Out Injury/Illness - "
2026-02-01,"Jakucionis, Kasparas",Available,Injury/Illness -,"Jakucionis, Kasparas Available Injury/Illness - "
2026-02-01,"Jaquez Jr., Jaime",Available,Injury/Illness -,"Jaquez Jr., Jaime Available Injury/Illness - "
2026-02-01,"Jovic, Nikola",Out,Injury/Illness -,"Jovic, Nikola Out Injury/Illness - "
2026-02-01,"Larsson, Pelle",Available,Injury/Illness -,"Larsson, Pelle Available Injury/Illness - "
2026-02-01,"Mitchell, Davion",Available,Injury/Illness -,"Mitchell, Davion Available Injury/Illness - "
2026-02-01,"Powell, Norman",Out,Personal,"Powell, Norman Out Personal "
2026-02-01,"Rozier, Terry",Out,Not,"Rozier, Terry Out Not "
2026-02-01,"Smith, Dru",Available,Injury/Illness -,"Smith, Dru Available Injury/Illness - "
2026-02-01,"Wiggins, Andrew",Available,Injury/Illness -,"Wiggins, Andrew Available Injury/Illness - "
2026-02-01,"Hunter, De'Andre",Out,Trade,"Hunter, De'Andre Out Trade "
2026-02-01,"Murray, Keegan",Out,Injury/Illness -,"Murray, Keegan Out Injury/Illness - "
2026-02-01,"Sabonis, Domantas",Out,Injury/Illness -,"Sabonis, Domantas Out Injury/Illness - "
2026-02-01,"Westbrook, Russell",Out,Injury/Illness -,"Westbrook, Russell Out Injury/Illness - "
2026-02-01,"Johnson, Tre",Out,Injury/Illness -,"Johnson, Tre Out Injury/Illness - "
2026-02-01,"Sarr, Alex",Out,Injury/Illness -,"Sarr, Alex Out Injury/Illness - "
2026-02-01,"Vukcevic, Tristan",Out,Injury/Illness -,"Vukcevic, Tristan Out Injury/Illness - "
2026-02-01,"Whitmore, Cam",Out,Injury/Illness -,"Whitmore, Cam Out Injury/Illness - "
2026-02-01,"Young, Trae",Out,Injury/Illness -,"Young, Trae Out Injury/Illness - "
2026-02-01,"George, Keyonte",Out,Injury/Illness -,"George, Keyonte Out Injury/Illness - "
2026-02-01,"Harkless, Elijah",Out,G,"Harkless, Elijah Out G "
2026-02-01,"Kessler, Walker",Out,Injury/Illness -,"Kessler, Walker Out Injury/Illness - "
2026-02-01,"Love, Kevin",Available,Injury/Illness -,"Love, Kevin Available Injury/Illness - "
2026-02-01,"Niang, Georges",Out,Injury/Illness -,"Niang, Georges Out Injury/Illness - "
2026-02-01,"Nurkic, Jusuf",Available,Injury/Illness -,"Nurkic, Jusuf Available Injury/Illness - "
2026-02-01,"Tonje, John",Out,G,"Tonje, John Out G "
2026-02-01,"Tshiebwe, Oscar",Out,G,"Tshiebwe, Oscar Out G "
2026-02-01,"Hepburn, Chucky",Out,G,"Hepburn, Chucky Out G "
2026-02-01,"Martin, Alijah",Out,G,"Martin, Alijah Out G "
2026-02-01,"Poeltl, Jakob",Out,Injury/Illness -,"Poeltl, Jakob Out Injury/Illness - "
2026-02-01,"James, Bronny",Out,Injury/Illness -,"James, Bronny Out Injury/Illness - "
2026-02-01,"Reaves, Austin",Questionable,Injury/Illness -,"Reaves, Austin Questionable Injury/Illness - "
2026-02-01,"Thiero, Adou",Out,Injury/Illness -,"Thiero, Adou Out Injury/Illness - "
2026-02-01,"Dadiet, Pacome",Out,G,"Dadiet, Pacome Out G "
2026-02-01,"Jemison III, Trey",Available,G,"Jemison III, Trey Available G "
2026-02-01,"McBride, Miles",Out,Injury/Illness -,"McBride, Miles Out Injury/Illness - "
2026-02-01,"McCullar Jr., Kevin",Out,G,"McCullar Jr., Kevin Out G "
2026-02-01,"Beal, Bradley",Out,Injury/Illness -,"Beal, Bradley Out Injury/Illness - "
2026-02-01,"Harden, James",Out,Personal,"Harden, James Out Personal "
2026-02-01,"Jones Jr., Derrick",Out,Injury/Illness -,"Jones Jr., Derrick Out Injury/Illness - "
2026-02-01,"Paul, Chris",Out,Not,"Paul, Chris Out Not "
2026-02-01,"Washington Jr., TyTy",Out,G,"Washington Jr., TyTy Out G "
2026-02-01,"Booker, Devin",Out,Injury/Illness -,"Booker, Devin Out Injury/Illness - "
2026-02-01,"Green, Jalen",Out,Injury/Illness -,"Green, Jalen Out Injury/Illness - "
2026-02-01,"Ellis, Keon",Out,Trade,"Ellis, Keon Out Trade "
2026-02-01,"Enaruna, Tristan",Questionable,G,"Enaruna, Tristan Questionable G "
2026-02-01,"Garland, Darius",Out,Injury/Illness -,"Garland, Darius Out Injury/Illness - "
2026-02-01,"Miller, Emanuel",Out,Trade,"Miller, Emanuel Out Trade "
2026-02-01,"Mobley, Evan",Out,Injury/Illness -,"Mobley, Evan Out Injury/Illness - "
2026-02-01,"Porter Jr., Craig",Questionable,Injury/Illness -,"Porter Jr., Craig Questionable Injury/Illness - "
2026-02-01,"Schroder, Dennis",Out,Trade,"Schroder, Dennis Out Trade "
2026-02-01,"Strus, Max",Out,Injury/Illness -,"Strus, Max Out Injury/Illness - "
2026-02-01,"Travers, Luke",Out,G,"Travers, Luke Out G "
2026-02-01,"Avdija, Deni",Questionable,Injury/Illness -,"Avdija, Deni Questionable Injury/Illness - "
2026-02-01,"Henderson, Scoot",Out,Injury/Illness -,"Henderson, Scoot Out Injury/Illness - "
2026-02-01,"Holiday, Jrue",Out,Personal,"Holiday, Jrue Out Personal "
2026-02-01,"Lillard, Damian",Out,Injury/Illness -,"Lillard, Damian Out Injury/Illness - "
2026-02-01,"Murray, Kris",Out,Injury/Illness -,"Murray, Kris Out Injury/Illness - "
2026-02-01,"Reath, Duop",Out,Trade,"Reath, Duop Out Trade "
2026-02-01,"Thybulle, Matisse",Out,Injury/Illness -,"Thybulle, Matisse Out Injury/Illness - "
2026-02-01,"Wesley, Blake",Questionable,Injury/Illness -,"Wesley, Blake Questionable Injury/Illness - "
2026-02-01,"Williams III, Robert",Questionable,Injury/Illness -,"Williams III, Robert Questionable Injury/Illness - "
2026-02-01,"Castleton, Colin",Out,G,"Castleton, Colin Out G "
2026-02-01,"Wagner, Franz",Out,Injury/Illness -,"Wagner, Franz Out Injury/Illness - "
2026-02-01,"Castle, Stephon",Questionable,Injury/Illness -,"Castle, Stephon Questionable Injury/Illness - "
2026-02-01,"Garcia, David",Out,G,"Garcia, David Out G "
2026-02-01,"Sochan, Jeremy",Out,Injury/Illness -,"Sochan, Jeremy Out Injury/Illness - "
2026-02-01,"Wembanyama, Victor",Questionable,Injury/Illness -,"Wembanyama, Victor Questionable Injury/Illness - "
2026-02-01,"Caruso, Alex",Out,Injury/Illness -,"Caruso, Alex Out Injury/Illness - "
2026-02-01,"Mitchell, Ajay",Out,Injury/Illness -,"Mitchell, Ajay Out Injury/Illness - "
2026-02-01,"Sorber, Thomas",Out,Injury/Illness -,"Sorber, Thomas Out Injury/Illness - "
2026-02-01,"Topic, Nikola",Out,Injury/Illness -,"Topic, Nikola Out Injury/Illness - "
2026-02-01,"Williams, Jalen",Out,Injury/Illness -,"Williams, Jalen Out Injury/Illness - "
2026-02-01,"Bates, Tamar",Out,Injury/Illness -,"Bates, Tamar Out Injury/Illness - "
2026-02-01,"Braun, Christian",Doubtful,Injury/Illness -,"Braun, Christian Doubtful Injury/Illness - "
2026-02-01,"Gordon, Aaron",Out,Injury/Illness -,"Gordon, Aaron Out Injury/Illness - "
2026-02-01,"Johnson, Cameron",Out,Injury/Illness -,"Johnson, Cameron Out Injury/Illness - "
2026-02-01,"Jokic, Nikola",Probable,Injury/Illness -,"Jokic, Nikola Probable Injury/Illness - "
2026-02-01,"Jones, Curtis",Out,G,"Jones, Curtis Out G "
2026-02-01,"Murray, Jamal",Probable,Injury/Illness -,"Murray, Jamal Probable Injury/Illness - "
2026-02-01,"Adams, Steven",Out,Injury/Illness -,"Adams, Steven Out Injury/Illness - "
2026-02-01,"Crawford, Isaiah",Questionable,G,"Crawford, Isaiah Questionable G "
2026-02-01,"Durant, Kevin",Out,Injury/Illness -,"Durant, Kevin Out Injury/Illness - "
2026-02-01,"Newton, Tristen",Out,G,"Newton, Tristen Out G "
2026-02-01,"VanVleet, Fred",Out,Injury/Illness -,"VanVleet, Fred Out Injury/Illness - "
2026-02-01,"Haliburton, Tyrese",Out,Injury/Illness -,"Haliburton, Tyrese Out Injury/Illness - "
2026-02-01,"Peter, Taelon",Doubtful,G,"Peter, Taelon Doubtful G "
2026-02-01,"Thompson, Ethan",Doubtful,G,"Thompson, Ethan Doubtful G "
2026-02-01,"Toppin, Obi",Out,Injury/Illness -,"Toppin, Obi Out Injury/Illness - "
2026-02-01,"Alexander, Trey",Out,G,"Alexander, Trey Out G "
2026-02-01,"Dickinson, Hunter",Out,G,"Dickinson, Hunter Out G "
2026-02-01,"Murray, Dejounte",Out,Injury/Illness -,"Murray, Dejounte Out Injury/Illness - "
2026-02-01,"Green, Josh",Probable,Injury/Illness -,"Green, Josh Probable Injury/Illness - "
2026-02-01,"Hall, PJ",Out,G,"Hall, PJ Out G "
2026-02-01,"McNeeley, Liam",Out,G,"McNeeley, Liam Out G "
2026-02-01,"Plumlee, Mason",Out,Injury/Illness -,"Plumlee, Mason Out Injury/Illness - "
2026-02-01,"Reeves, Antonio",Out,G,"Reeves, Antonio Out G "
2026-02-01,"Salaun, Tidjane",Out,G,"Salaun, Tidjane Out G "
2026-02-01,"Simpson, KJ",Out,G,"Simpson, KJ Out G "
2026-02-02,"Alexander, Trey",Out,G,"Alexander, Trey Out G "
2026-02-02,"Dickinson, Hunter",Out,G,"Dickinson, Hunter Out G "
2026-02-02,"Murray, Dejounte",Out,Injury/Illness -,"Murray, Dejounte Out Injury/Illness - "
2026-02-02,"Green, Josh",Available,Injury/Illness -,"Green, Josh Available Injury/Illness - "
2026-02-02,"Hall, PJ",Out,G,"Hall, PJ Out G "
2026-02-02,"McNeeley, Liam",Out,G,"McNeeley, Liam Out G "
2026-02-02,"Plumlee, Mason",Out,Injury/Illness -,"Plumlee, Mason Out Injury/Illness - "
2026-02-02,"Reeves, Antonio",Out,G,"Reeves, Antonio Out G "
2026-02-02,"Salaun, Tidjane",Out,G,"Salaun, Tidjane Out G "
2026-02-02,"Simpson, KJ",Out,G,"Simpson, KJ Out G "
2026-02-02,"Adams, Steven",Out,Injury/Illness -,"Adams, Steven Out Injury/Illness - "
2026-02-02,"Crawford, Isaiah",Available,G,"Crawford, Isaiah Available G "
2026-02-02,"Durant, Kevin",Out,Injury/Illness -,"Durant, Kevin Out Injury/Illness - "
2026-02-02,"Newton, Tristen",Out,G,"Newton, Tristen Out G "
2026-02-02,"VanVleet, Fred",Out,Injury/Illness -,"VanVleet, Fred Out Injury/Illness - "
2026-02-02,"Haliburton, Tyrese",Out,Injury/Illness -,"Haliburton, Tyrese Out Injury/Illness - "
2026-02-02,"Peter, Taelon",Doubtful,G,"Peter, Taelon Doubtful G "
2026-02-02,"Thompson, Ethan",Doubtful,G,"Thompson, Ethan Doubtful G "
2026-02-02,"Toppin, Obi",Out,Injury/Illness -,"Toppin, Obi Out Injury/Illness - "
2026-02-02,"Edwards, Anthony",Questionable,Injury/Illness -,"Edwards, Anthony Questionable Injury/Illness - "
2026-02-02,"Freeman, Enrique",Out,G,"Freeman, Enrique Out G "
2026-02-02,"Randle, Julius",Questionable,Injury/Illness -,"Randle, Julius Questionable Injury/Illness - "
2026-02-02,"Shannon Jr., Terrence",Out,Injury/Illness -,"Shannon Jr., Terrence Out Injury/Illness - "
2026-02-02,"Zikarsky, Rocco",Out,G,"Zikarsky, Rocco Out G "
2026-02-02,"Aldama, Santi",Out,Injury/Illness -,"Aldama, Santi Out Injury/Illness - "
2026-02-02,"Clarke, Brandon",Out,Injury/Illness -,"Clarke, Brandon Out Injury/Illness - "
2026-02-02,"Edey, Zach",Out,Injury/Illness -,"Edey, Zach Out Injury/Illness - "
2026-02-02,"Jackson Jr., Jaren",Probable,Injury/Illness -,"Jackson Jr., Jaren Probable Injury/Illness - "
2026-02-02,"Konchar, John",Out,Injury/Illness -,"Konchar, John Out Injury/Illness - "
2026-02-02,"Morant, Ja",Out,Injury/Illness -,"Morant, Ja Out Injury/Illness - "
2026-02-02,"Pippen Jr., Scotty",Out,Injury/Illness -,"Pippen Jr., Scotty Out Injury/Illness - "
2026-02-02,"Bassey, Charles",Available,G,"Bassey, Charles Available G "
2026-02-02,"Beauchamp, MarJon",Available,G,"Beauchamp, MarJon Available G "
2026-02-02,"Broome, Johni",Available,G,"Broome, Johni Available G "
2026-02-02,"Embiid, Joel",Probable,Injury/Illness -,"Embiid, Joel Probable Injury/Illness - "
2026-02-02,"George, Paul",Out,League,"George, Paul Out League "
2026-02-02,"Oubre Jr., Kelly",Available,Injury/Illness -,"Oubre Jr., Kelly Available Injury/Illness - "
2026-02-02,"Beal, Bradley",Out,Injury/Illness -,"Beal, Bradley Out Injury/Illness - "
2026-02-02,"Harden, James",Out,Personal,"Harden, James Out Personal "
2026-02-02,"Jones Jr., Derrick",Out,Injury/Illness -,"Jones Jr., Derrick Out Injury/Illness - "
2026-02-02,"Paul, Chris",Out,Not,"Paul, Chris Out Not "
2026-02-02,"Washington Jr., TyTy",Out,G,"Washington Jr., TyTy Out G "
2026-02-02,"Bates, Tamar",Out,Injury/Illness -,"Bates, Tamar Out Injury/Illness - "
2026-02-02,"Braun, Christian",Questionable,Injury/Illness -,"Braun, Christian Questionable Injury/Illness - "
2026-02-02,"Gordon, Aaron",Out,Injury/Illness -,"Gordon, Aaron Out Injury/Illness - "
2026-02-02,"Johnson, Cameron",Out,Injury/Illness -,"Johnson, Cameron Out Injury/Illness - "
2026-02-02,"Jones, Curtis",Out,G,"Jones, Curtis Out G "
2026-02-02,"Jones, Isaac",Out,G,"Jones, Isaac Out G "
2026-02-02,"Klintman, Bobi",Out,G,"Klintman, Bobi Out G "
2026-02-02,"Lanier, Chaz",Out,G,"Lanier, Chaz Out G "
2026-02-02,"LeVert, Caris",Questionable,Injury/Illness -,"LeVert, Caris Questionable Injury/Illness - "
2026-02-02,"Moore Jr., Wendell",Out,G,"Moore Jr., Wendell Out G "
2026-02-02,"Smith, Tolu",Out,G,"Smith, Tolu Out G "
2026-02-02,"Dadiet, Pacome",Out,G,"Dadiet, Pacome Out G "
2026-02-02,"McBride, Miles",Out,Injury/Illness -,"McBride, Miles Out Injury/Illness - "
2026-02-02,"McCullar Jr., Kevin",Out,G,"McCullar Jr., Kevin Out G "
2026-02-02,"Robinson, Mitchell",Out,Injury/Illness -,"Robinson, Mitchell Out Injury/Illness - "
2026-02-02,"Gill, Anthony",Questionable,Injury/Illness -,"Gill, Anthony Questionable Injury/Illness - "
2026-02-02,"Johnson, Tre",Out,Injury/Illness -,"Johnson, Tre Out Injury/Illness - "
2026-02-02,"Vukcevic, Tristan",Out,Injury/Illness -,"Vukcevic, Tristan Out Injury/Illness - "
2026-02-02,"Whitmore, Cam",Out,Injury/Illness -,"Whitmore, Cam Out Injury/Illness - "
2026-02-02,"Young, Trae",Out,Injury/Illness -,"Young, Trae Out Injury/Illness - "
2026-02-02,"George, Keyonte",Out,Injury/Illness -,"George, Keyonte Out Injury/Illness - "
2026-02-02,"Harkless, Elijah",Out,G,"Harkless, Elijah Out G "
2026-02-02,"Kessler, Walker",Out,Injury/Illness -,"Kessler, Walker Out Injury/Illness - "
2026-02-02,"Niang, Georges",Out,Injury/Illness -,"Niang, Georges Out Injury/Illness - "
2026-02-02,"Nurkic, Jusuf",Out,Rest,"Nurkic, Jusuf Out Rest "
2026-02-02,"Tonje, John",Out,G,"Tonje, John Out G "
2026-02-02,"Tshiebwe, Oscar",Out,G,"Tshiebwe, Oscar Out G "
2026-02-02,"Dante, N'Faly",Out,Injury/Illness -,"Dante, N'Faly Out Injury/Illness - "
2026-02-02,"Dennis, RayJ",Doubtful,G,"Dennis, RayJ Doubtful G "
2026-02-02,"Djurisic, Nikola",Doubtful,G,"Djurisic, Nikola Doubtful G "
2026-02-02,"Houstan, Caleb",Doubtful,G,"Houstan, Caleb Doubtful G "
2026-02-02,"Okongwu, Onyeka",Out,Injury/Illness -,"Okongwu, Onyeka Out Injury/Illness - "
2026-02-02,"Porzingis, Kristaps",Questionable,Injury/Illness -,"Porzingis, Kristaps Questionable Injury/Illness - "
2026-02-02,"Reath, Duop",Out,Injury/Illness -,"Reath, Duop Out Injury/Illness - "
2026-02-02,"Herro, Tyler",Out,Injury/Illness -,"Herro, Tyler Out Injury/Illness - "
2026-02-02,"Jakucionis, Kasparas",Available,Injury/Illness -,"Jakucionis, Kasparas Available Injury/Illness - "
2026-02-02,"Jaquez Jr., Jaime",Available,Injury/Illness -,"Jaquez Jr., Jaime Available Injury/Illness - "
2026-02-02,"Jovic, Nikola",Questionable,Injury/Illness -,"Jovic, Nikola Questionable Injury/Illness - "
2026-02-02,"Larsson, Pelle",Available,Injury/Illness -,"Larsson, Pelle Available Injury/Illness - "
2026-02-02,"Mitchell, Davion",Available,Injury/Illness -,"Mitchell, Davion Available Injury/Illness - "
2026-02-02,"Powell, Norman",Questionable,Personal,"Powell, Norman Questionable Personal "
2026-02-02,"Rozier, Terry",Out,Not,"Rozier, Terry Out Not "
2026-02-02,"Smith, Dru",Available,Injury/Illness -,"Smith, Dru Available Injury/Illness - "
2026-02-02,"James, Bronny",Questionable,Injury/Illness -,"James, Bronny Questionable Injury/Illness - "
2026-02-02,"Reaves, Austin",Questionable,Injury/Illness -,"Reaves, Austin Questionable Injury/Illness - "
2026-02-02,"Thiero, Adou",Out,Injury/Illness -,"Thiero, Adou Out Injury/Illness - "
2026-02-02,"Clowney, Noah",Probable,Injury/Illness -,"Clowney, Noah Probable Injury/Illness - "
2026-02-02,"Etienne, Tyson",Out,G,"Etienne, Tyson Out G "
2026-02-02,"Highsmith, Haywood",Out,Injury/Illness -,"Highsmith, Haywood Out Injury/Illness - "
2026-02-02,"Johnson, Chaney",Out,G,"Johnson, Chaney Out G "
2026-02-02,"Williams, Ziaire",Probable,Injury/Illness -,"Williams, Ziaire Probable Injury/Illness - "
2026-02-02,"Tatum, Jayson",Out,Injury/Illness -,"Tatum, Jayson Out Injury/Illness - "
2026-02-02,"Williams, Amari",Out,G,"Williams, Amari Out G "
2026-02-02,"Cisse, Moussa",Questionable,G,"Cisse, Moussa Questionable G "
2026-02-02,"Davis, Anthony",Out,Injury/Illness -,"Davis, Anthony Out Injury/Illness - "
2026-02-02,"Exum, Dante",Out,Injury/Illness -,"Exum, Dante Out Injury/Illness - "
2026-02-02,"Irving, Kyrie",Out,Injury/Illness -,"Irving, Kyrie Out Injury/Illness - "
2026-02-02,"Kelly, Miles",Probable,G,"Kelly, Miles Probable G "
2026-02-02,"Lively II, Dereck",Out,Injury/Illness -,"Lively II, Dereck Out Injury/Illness - "
2026-02-02,"Nembhard, Ryan",Probable,G,"Nembhard, Ryan Probable G "
2026-02-02,"Williams, Brandon",Questionable,Injury/Illness -,"Williams, Brandon Questionable Injury/Illness - "
2026-02-02,"Collins, Zach",Out,Injury/Illness -,"Collins, Zach Out Injury/Illness - "
2026-02-02,"Essengue, Noa",Out,Injury/Illness -,"Essengue, Noa Out Injury/Illness - "
2026-02-02,"Giddey, Josh",Out,Injury/Illness -,"Giddey, Josh Out Injury/Illness - "
2026-02-02,"Huerter, Kevin",Questionable,Injury/Illness -,"Huerter, Kevin Questionable Injury/Illness - "
2026-02-02,"Jones, Tre",Out,Injury/Illness -,"Jones, Tre Out Injury/Illness - "
2026-02-02,"Phillips, Julian",Questionable,Injury/Illness -,"Phillips, Julian Questionable Injury/Illness - "
2026-02-02,"Saric, Dario",Out,Not,"Saric, Dario Out Not "
2026-02-02,"Smith, Jalen",Questionable,Injury/Illness -,"Smith, Jalen Questionable Injury/Illness - "
2026-02-02,"Antetokounmpo, Alex",Out,G,"Antetokounmpo, Alex Out G "
2026-02-02,"Antetokounmpo, Giannis",Out,Injury/Illness -,"Antetokounmpo, Giannis Out Injury/Illness - "
2026-02-02,"Harris, Gary",Out,Injury/Illness -,"Harris, Gary Out Injury/Illness - "
2026-02-02,"Porter Jr., Kevin",Out,Injury/Illness -,"Porter Jr., Kevin Out Injury/Illness - "
2026-02-02,"Prince, Taurean",Out,Injury/Illness -,"Prince, Taurean Out Injury/Illness - "
2026-02-02,"Castleton, Colin",Out,G,"Castleton, Colin Out G "
2026-02-02,"Wagner, Franz",Out,Injury/Illness -,"Wagner, Franz Out Injury/Illness - "
2026-02-02,"Butler III, Jimmy",Out,Injury/Illness -,"Butler III, Jimmy Out Injury/Illness - "
2026-02-02,"Cryer, LJ",Out,Injury/Illness -,"Cryer, LJ Out Injury/Illness - "
2026-02-02,"Curry, Seth",Out,Injury/Illness -,"Curry, Seth Out Injury/Illness - "
2026-02-02,"Curry, Stephen",Out,Injury/Illness -,"Curry, Stephen Out Injury/Illness - "
2026-02-02,"Kuminga, Jonathan",Out,Injury/Illness -,"Kuminga, Jonathan Out Injury/Illness - "
2026-02-02,"Moody, Moses",Probable,Injury/Illness -,"Moody, Moses Probable Injury/Illness - "
2026-02-03,"Bates, Tamar",Out,Injury/Illness -,"Bates, Tamar Out Injury/Illness - "
2026-02-03,"Braun, Christian",Questionable,Injury/Illness -,"Braun, Christian Questionable Injury/Illness - "
2026-02-03,"Gordon, Aaron",Out,Injury/Illness -,"Gordon, Aaron Out Injury/Illness - "
2026-02-03,"Johnson, Cameron",Out,Injury/Illness -,"Johnson, Cameron Out Injury/Illness - "
2026-02-03,"Jones, Curtis",Out,G,"Jones, Curtis Out G "
2026-02-03,"Ivey, Jaden",Out,Not,"Ivey, Jaden Out Not "
2026-02-03,"Jones, Isaac",Out,G,"Jones, Isaac Out G "
2026-02-03,"Klintman, Bobi",Out,G,"Klintman, Bobi Out G "
2026-02-03,"Lanier, Chaz",Out,G,"Lanier, Chaz Out G "
2026-02-03,"LeVert, Caris",Available,Injury/Illness -,"LeVert, Caris Available Injury/Illness - "
2026-02-03,"Moore Jr., Wendell",Out,G,"Moore Jr., Wendell Out G "
2026-02-03,"Smith, Tolu",Out,G,"Smith, Tolu Out G "
2026-02-03,"Dadiet, Pacome",Out,G,"Dadiet, Pacome Out G "
2026-02-03,"McBride, Miles",Out,Injury/Illness -,"McBride, Miles Out Injury/Illness - "
2026-02-03,"McCullar Jr., Kevin",Out,G,"McCullar Jr., Kevin Out G "
2026-02-03,"Robinson, Mitchell",Out,Injury/Illness -,"Robinson, Mitchell Out Injury/Illness - "
2026-02-03,"Gill, Anthony",Available,Injury/Illness -,"Gill, Anthony Available Injury/Illness - "
2026-02-03,"Johnson, Tre",Out,Injury/Illness -,"Johnson, Tre Out Injury/Illness - "
2026-02-03,"Vukcevic, Tristan",Out,Injury/Illness -,"Vukcevic, Tristan Out Injury/Illness - "
2026-02-03,"Whitmore, Cam",Out,Injury/Illness -,"Whitmore, Cam Out Injury/Illness - "
2026-02-03,"Young, Trae",Out,Injury/Illness -,"Young, Trae Out Injury/Illness - "
2026-02-03,"Anderson, Kyle",Questionable,Injury/Illness -,"Anderson, Kyle Questionable Injury/Illness - "
2026-02-03,"George, Keyonte",Out,Injury/Illness -,"George, Keyonte Out Injury/Illness - "
2026-02-03,"Harkless, Elijah",Out,G,"Harkless, Elijah Out G "
2026-02-03,"Kessler, Walker",Out,Injury/Illness -,"Kessler, Walker Out Injury/Illness - "
2026-02-03,"Love, Kevin",Out,Injury/Illness -,"Love, Kevin Out Injury/Illness - "
2026-02-03,"Niang, Georges",Out,Injury/Illness -,"Niang, Georges Out Injury/Illness - "
2026-02-03,"Tonje, John",Out,G,"Tonje, John Out G "
2026-02-03,"Tshiebwe, Oscar",Out,G,"Tshiebwe, Oscar Out G "
2026-02-03,"Haliburton, Tyrese",Out,Injury/Illness -,"Haliburton, Tyrese Out Injury/Illness - "
2026-02-03,"Jackson, Quenton",Probable,G,"Jackson, Quenton Probable G "
2026-02-03,"Mathurin, Bennedict",Out,Rest,"Mathurin, Bennedict Out Rest "
2026-02-03,"Nembhard, Andrew",Out,Injury/Illness -,"Nembhard, Andrew Out Injury/Illness - "
2026-02-03,"Nesmith, Aaron",Out,Injury/Illness -,"Nesmith, Aaron Out Injury/Illness - "
2026-02-03,"Peter, Taelon",Probable,G,"Peter, Taelon Probable G "
2026-02-03,"Potter, Micah",Out,Injury/Illness -,"Potter, Micah Out Injury/Illness - "
2026-02-03,"Siakam, Pascal",Out,Rest,"Siakam, Pascal Out Rest "
2026-02-03,"Thompson, Ethan",Probable,G,"Thompson, Ethan Probable G "
2026-02-03,"Toppin, Obi",Out,Injury/Illness -,"Toppin, Obi Out Injury/Illness - "
2026-02-03,"Dante, N'Faly",Out,Injury/Illness -,"Dante, N'Faly Out Injury/Illness - "
2026-02-03,"Dennis, RayJ",Out,G,"Dennis, RayJ Out G "
2026-02-03,"Djurisic, Nikola",Out,G,"Djurisic, Nikola Out G "
2026-02-03,"Houstan, Caleb",Out,G,"Houstan, Caleb Out G "
2026-02-03,"Okongwu, Onyeka",Out,Injury/Illness -,"Okongwu, Onyeka Out Injury/Illness - "
2026-02-03,"Porzingis, Kristaps",Available,Injury/Illness -,"Porzingis, Kristaps Available Injury/Illness - "
2026-02-03,"Reath, Duop",Out,Injury/Illness -,"Reath, Duop Out Injury/Illness - "
2026-02-03,"Herro, Tyler",Out,Injury/Illness -,"Herro, Tyler Out Injury/Illness - "
2026-02-03,"Jakucionis, Kasparas",Available,Injury/Illness -,"Jakucionis, Kasparas Available Injury/Illness - "
2026-02-03,"Jaquez Jr., Jaime",Available,Injury/Illness -,"Jaquez Jr., Jaime Available Injury/Illness - "
2026-02-03,"Jovic, Nikola",Available,Injury/Illness -,"Jovic, Nikola Available Injury/Illness - "
2026-02-03,"Larsson, Pelle",Available,Injury/Illness -,"Larsson, Pelle Available Injury/Illness - "
2026-02-03,"Mitchell, Davion",Available,Injury/Illness -,"Mitchell, Davion Available Injury/Illness - "
2026-02-03,"Powell, Norman",Out,Personal,"Powell, Norman Out Personal "
2026-02-03,"Rozier, Terry",Out,Not,"Rozier, Terry Out Not "
2026-02-03,"Smith, Dru",Available,Injury/Illness -,"Smith, Dru Available Injury/Illness - "
2026-02-03,"Wiggins, Andrew",Out,Injury/Illness -,"Wiggins, Andrew Out Injury/Illness - "
2026-02-03,"James, Bronny",Available,Injury/Illness -,"James, Bronny Available Injury/Illness - "
2026-02-03,"Reaves, Austin",Questionable,Injury/Illness -,"Reaves, Austin Questionable Injury/Illness - "
2026-02-03,"Thiero, Adou",Out,Injury/Illness -,"Thiero, Adou Out Injury/Illness - "
2026-02-03,"Clowney, Noah",Available,Injury/Illness -,"Clowney, Noah Available Injury/Illness - "
2026-02-03,"Etienne, Tyson",Out,G,"Etienne, Tyson Out G "
2026-02-03,"Highsmith, Haywood",Out,Injury/Illness -,"Highsmith, Haywood Out Injury/Illness - "
2026-02-03,"Johnson, Chaney",Out,G,"Johnson, Chaney Out G "
2026-02-03,"Williams, Ziaire",Available,Injury/Illness -,"Williams, Ziaire Available Injury/Illness - "
2026-02-03,"Boucher, Chris",Out,Personal,"Boucher, Chris Out Personal "
2026-02-03,"Simons, Anfernee",Out,Personal,"Simons, Anfernee Out Personal "
2026-02-03,"Tatum, Jayson",Out,Injury/Illness -,"Tatum, Jayson Out Injury/Illness - "
2026-02-03,"Williams, Amari",Out,G,"Williams, Amari Out G "
2026-02-03,"Cisse, Moussa",Probable,G,"Cisse, Moussa Probable G "
2026-02-03,"Davis, Anthony",Out,Injury/Illness -,"Davis, Anthony Out Injury/Illness - "
2026-02-03,"Exum, Dante",Out,Injury/Illness -,"Exum, Dante Out Injury/Illness - "
2026-02-03,"Irving, Kyrie",Out,Injury/Illness -,"Irving, Kyrie Out Injury/Illness - "
2026-02-03,"Kelly, Miles",Probable,G,"Kelly, Miles Probable G "
2026-02-03,"Lively II, Dereck",Out,Injury/Illness -,"Lively II, Dereck Out Injury/Illness - "
2026-02-03,"Nembhard, Ryan",Probable,G,"Nembhard, Ryan Probable G "
2026-02-03,"Russell, D'Angelo",Doubtful,Injury/Illness -,"Russell, D'Angelo Doubtful Injury/Illness - "
2026-02-03,"Williams, Brandon",Doubtful,Injury/Illness -,"Williams, Brandon Doubtful Injury/Illness - "
2026-02-03,"Collins, Zach",Out,Injury/Illness -,"Collins, Zach Out Injury/Illness - "
2026-02-03,"Essengue, Noa",Out,Injury/Illness -,"Essengue, Noa Out Injury/Illness - "
2026-02-03,"Giddey, Josh",Out,Injury/Illness -,"Giddey, Josh Out Injury/Illness - "
2026-02-03,"Huerter, Kevin",Out,Not,"Huerter, Kevin Out Not "
2026-02-03,"Jones, Tre",Out,Injury/Illness -,"Jones, Tre Out Injury/Illness - "
2026-02-03,"Phillips, Julian",Questionable,Injury/Illness -,"Phillips, Julian Questionable Injury/Illness - "
2026-02-03,"Saric, Dario",Out,Not,"Saric, Dario Out Not "
2026-02-03,"Smith, Jalen",Questionable,Injury/Illness -,"Smith, Jalen Questionable Injury/Illness - "
2026-02-03,"Vucevic, Nikola",Out,Not,"Vucevic, Nikola Out Not "
2026-02-03,"Antetokounmpo, Alex",Out,G,"Antetokounmpo, Alex Out G "
2026-02-03,"Antetokounmpo, Giannis",Out,Injury/Illness -,"Antetokounmpo, Giannis Out Injury/Illness - "
2026-02-03,"Harris, Gary",Out,Injury/Illness -,"Harris, Gary Out Injury/Illness - "
2026-02-03,"Porter Jr., Kevin",Out,Injury/Illness -,"Porter Jr., Kevin Out Injury/Illness - "
2026-02-03,"Portis, Bobby",Questionable,Injury/Illness -,"Portis, Bobby Questionable Injury/Illness - "
2026-02-03,"Prince, Taurean",Out,Injury/Illness -,"Prince, Taurean Out Injury/Illness - "
2026-02-03,"Castleton, Colin",Out,G,"Castleton, Colin Out G "
2026-02-03,"Wagner, Franz",Out,Injury/Illness -,"Wagner, Franz Out Injury/Illness - "
2026-02-03,"Caruso, Alex",Questionable,Injury/Illness -,"Caruso, Alex Questionable Injury/Illness - "
2026-02-03,"Alexander, Shai",Questionable,Injury/Illness -,"Alexander, Shai Questionable Injury/Illness - "
2026-02-03,"Hartenstein, Isaiah",Questionable,Injury/Illness -,"Hartenstein, Isaiah Questionable Injury/Illness - "
2026-02-03,"Holmgren, Chet",Questionable,Injury/Illness -,"Holmgren, Chet Questionable Injury/Illness - "
2026-02-03,"Mitchell, Ajay",Out,Injury/Illness -,"Mitchell, Ajay Out Injury/Illness - "
2026-02-03,"Sorber, Thomas",Out,Injury/Illness -,"Sorber, Thomas Out Injury/Illness - "
2026-02-03,"Topic, Nikola",Out,Injury/Illness -,"Topic, Nikola Out Injury/Illness - "
2026-02-03,"Williams, Jalen",Out,Injury/Illness -,"Williams, Jalen Out Injury/Illness - "
2026-02-03,"Williams, Jaylin",Questionable,Injury/Illness -,"Williams, Jaylin Questionable Injury/Illness - "
2026-02-03,"Embiid, Joel",Out,Injury/Illness -,"Embiid, Joel Out Injury/Illness - "
2026-02-03,"George, Paul",Out,League,"George, Paul Out League "
2026-02-03,"Oubre Jr., Kelly",Available,Injury/Illness -,"Oubre Jr., Kelly Available Injury/Illness - "
2026-02-03,"Butler III, Jimmy",Out,Injury/Illness -,"Butler III, Jimmy Out Injury/Illness - "
2026-02-03,"Cryer, LJ",Out,Injury/Illness -,"Cryer, LJ Out Injury/Illness - "
2026-02-03,"Curry, Seth",Out,Injury/Illness -,"Curry, Seth Out Injury/Illness - "
2026-02-03,"Curry, Stephen",Out,Injury/Illness -,"Curry, Stephen Out Injury/Illness - "
2026-02-03,"Kuminga, Jonathan",Out,Injury/Illness -,"Kuminga, Jonathan Out Injury/Illness - "
2026-02-03,"Moody, Moses",Probable,Injury/Illness -,"Moody, Moses Probable Injury/Illness - "
2026-02-03,"Booker, Devin",Out,Injury/Illness -,"Booker, Devin Out Injury/Illness - "
2026-02-03,"Green, Jalen",Questionable,Injury/Illness -,"Green, Jalen Questionable Injury/Illness - "
2026-02-03,"Avdija, Deni",Out,Injury/Illness -,"Avdija, Deni Out Injury/Illness - "
2026-02-03,"Henderson, Scoot",Out,Injury/Illness -,"Henderson, Scoot Out Injury/Illness - "
2026-02-03,"Holiday, Jrue",Questionable,Personal,"Holiday, Jrue Questionable Personal "
2026-02-03,"Lillard, Damian",Out,Injury/Illness -,"Lillard, Damian Out Injury/Illness - "
2026-02-03,"Murray, Kris",Out,Injury/Illness -,"Murray, Kris Out Injury/Illness - "
2026-02-03,"Thybulle, Matisse",Out,Injury/Illness -,"Thybulle, Matisse Out Injury/Illness - "
2026-02-03,"Conley, Mike",Out,Not,"Conley, Mike Out Not "
2026-02-03,"Edwards, Anthony",Questionable,Injury/Illness -,"Edwards, Anthony Questionable Injury/Illness - "
2026-02-03,"Freeman, Enrique",Out,G,"Freeman, Enrique Out G "
2026-02-03,"Randle, Julius",Questionable,Injury/Illness -,"Randle, Julius Questionable Injury/Illness - "
2026-02-03,"Shannon Jr., Terrence",Out,Injury/Illness -,"Shannon Jr., Terrence Out Injury/Illness - "
2026-02-03,"Zikarsky, Rocco",Out,G,"Zikarsky, Rocco Out G "
2026-02-03,"Hepburn, Chucky",Out,G,"Hepburn, Chucky Out G "
2026-02-03,"Martin, Alijah",Out,G,"Martin, Alijah Out G "
2026-02-03,"Poeltl, Jakob",Out,Injury/Illness -,"Poeltl, Jakob Out Injury/Illness - "
2026-02-03,"Alexander, Trey",Out,G,"Alexander, Trey Out G "
2026-02-03,"Dickinson, Hunter",Out,G,"Dickinson, Hunter Out G "
2026-02-03,"Murray, Dejounte",Out,Injury/Illness -,"Murray, Dejounte Out Injury/Illness - "
2026-02-03,"Castle, Stephon",Questionable,Injury/Illness -,"Castle, Stephon Questionable Injury/Illness - "
2026-02-03,"Garcia, David",Out,G,"Garcia, David Out G "
2026-02-03,"Sochan, Jeremy",Out,Injury/Illness -,"Sochan, Jeremy Out Injury/Illness - "
2026-02-03,"Waters III, Lindy",Out,Injury/Illness -,"Waters III, Lindy Out Injury/Illness - "
2026-02-04,"Bates, Tamar",Out,Injury/Illness -,"Bates, Tamar Out Injury/Illness - "
2026-02-04,"Braun, Christian",Probable,Injury/Illness -,"Braun, Christian Probable Injury/Illness - "
2026-02-04,"Gordon, Aaron",Out,Injury/Illness -,"Gordon, Aaron Out Injury/Illness - "
2026-02-04,"Johnson, Cameron",Out,Injury/Illness -,"Johnson, Cameron Out Injury/Illness - "
2026-02-04,"Jones, Curtis",Out,G,"Jones, Curtis Out G "
2026-02-04,"Dadiet, Pacome",Available,G,"Dadiet, Pacome Available G "
2026-02-04,"Diawara, Mohamed",Questionable,Injury/Illness -,"Diawara, Mohamed Questionable Injury/Illness - "
2026-02-04,"Hart, Josh",Questionable,Injury/Illness -,"Hart, Josh Questionable Injury/Illness - "
2026-02-04,"Jemison III, Trey",Available,G,"Jemison III, Trey Available G "
2026-02-04,"McBride, Miles",Out,Injury/Illness -,"McBride, Miles Out Injury/Illness - "
2026-02-04,"McCullar Jr., Kevin",Available,G,"McCullar Jr., Kevin Available G "
2026-02-04,"Edwards, Anthony",Questionable,Injury/Illness -,"Edwards, Anthony Questionable Injury/Illness - "
2026-02-04,"Freeman, Enrique",Out,G,"Freeman, Enrique Out G "
2026-02-04,"Randle, Julius",Questionable,Injury/Illness -,"Randle, Julius Questionable Injury/Illness - "
2026-02-04,"Shannon Jr., Terrence",Out,Injury/Illness -,"Shannon Jr., Terrence Out Injury/Illness - "
2026-02-04,"Zikarsky, Rocco",Out,G,"Zikarsky, Rocco Out G "
2026-02-04,"Agbaji, Ochai",Out,Not,"Agbaji, Ochai Out Not "
2026-02-04,"Hepburn, Chucky",Out,G,"Hepburn, Chucky Out G "
2026-02-04,"Martin, Alijah",Out,G,"Martin, Alijah Out G "
2026-02-04,"Poeltl, Jakob",Out,Injury/Illness -,"Poeltl, Jakob Out Injury/Illness - "
2026-02-04,"Boucher, Chris",Out,Personal,"Boucher, Chris Out Personal "
2026-02-04,"Brown, Jaylen",Doubtful,Injury/Illness -,"Brown, Jaylen Doubtful Injury/Illness - "
2026-02-04,"Hauser, Sam",Out,Injury/Illness -,"Hauser, Sam Out Injury/Illness - "
2026-02-04,"Simons, Anfernee",Out,Personal,"Simons, Anfernee Out Personal "
2026-02-04,"Tatum, Jayson",Out,Injury/Illness -,"Tatum, Jayson Out Injury/Illness - "
2026-02-04,"Williams, Amari",Out,G,"Williams, Amari Out G "
2026-02-04,"Adams, Steven",Out,Injury/Illness -,"Adams, Steven Out Injury/Illness - "
2026-02-04,"Durant, Kevin",Probable,Injury/Illness -,"Durant, Kevin Probable Injury/Illness - "
2026-02-04,"Smith, Dorian",Out,Injury/Illness -,"Smith, Dorian Out Injury/Illness - "
2026-02-04,"Newton, Tristen",Out,G,"Newton, Tristen Out G "
2026-02-04,"VanVleet, Fred",Out,Injury/Illness -,"VanVleet, Fred Out Injury/Illness - "
2026-02-04,"Alexander, Trey",Out,G,"Alexander, Trey Out G "
2026-02-04,"Dickinson, Hunter",Out,G,"Dickinson, Hunter Out G "
2026-02-04,"Murray, Dejounte",Out,Injury/Illness -,"Murray, Dejounte Out Injury/Illness - "
2026-02-04,"Antetokounmpo, Alex",Out,G,"Antetokounmpo, Alex Out G "
2026-02-04,"Antetokounmpo, Giannis",Out,Injury/Illness -,"Antetokounmpo, Giannis Out Injury/Illness - "
2026-02-04,"Anthony, Cole",Probable,Injury/Illness -,"Anthony, Cole Probable Injury/Illness - "
2026-02-04,"Harris, Gary",Out,Injury/Illness -,"Harris, Gary Out Injury/Illness - "
2026-02-04,"Portis, Bobby",Out,Injury/Illness -,"Portis, Bobby Out Injury/Illness - "
2026-02-04,"Prince, Taurean",Out,Injury/Illness -,"Prince, Taurean Out Injury/Illness - "
2026-02-04,"Turner, Myles",Probable,Injury/Illness -,"Turner, Myles Probable Injury/Illness - "
2026-02-04,"Caruso, Alex",Out,Injury/Illness -,"Caruso, Alex Out Injury/Illness - "
2026-02-04,"Dieng, Ousmane",Out,Not,"Dieng, Ousmane Out Not "
2026-02-04,"Dort, Luguentz",Out,Injury/Illness -,"Dort, Luguentz Out Injury/Illness - "
2026-02-04,"Alexander, Shai",Out,Injury/Illness -,"Alexander, Shai Out Injury/Illness - "
2026-02-04,"Hartenstein, Isaiah",Out,Injury/Illness -,"Hartenstein, Isaiah Out Injury/Illness - "
2026-02-04,"Holmgren, Chet",Out,Injury/Illness -,"Holmgren, Chet Out Injury/Illness - "
2026-02-04,"Mitchell, Ajay",Out,Injury/Illness -,"Mitchell, Ajay Out Injury/Illness - "
2026-02-04,"Sorber, Thomas",Out,Injury/Illness -,"Sorber, Thomas Out Injury/Illness - "
2026-02-04,"Topic, Nikola",Out,Injury/Illness -,"Topic, Nikola Out Injury/Illness - "
2026-02-04,"Williams, Jalen",Out,Injury/Illness -,"Williams, Jalen Out Injury/Illness - "
2026-02-04,"Castle, Stephon",Questionable,Injury/Illness -,"Castle, Stephon Questionable Injury/Illness - "
2026-02-04,"Harper, Dylan",Questionable,Injury/Illness -,"Harper, Dylan Questionable Injury/Illness - "
2026-02-04,"Garcia, David",Out,G,"Garcia, David Out G "
2026-02-04,"Olynyk, Kelly",Questionable,Injury/Illness -,"Olynyk, Kelly Questionable Injury/Illness - "
2026-02-04,"Sochan, Jeremy",Out,Injury/Illness -,"Sochan, Jeremy Out Injury/Illness - "
2026-02-04,"Waters III, Lindy",Out,Injury/Illness -,"Waters III, Lindy Out Injury/Illness - "
2026-02-04,"Aldama, Santi",Questionable,Injury/Illness -,"Aldama, Santi Questionable Injury/Illness - "
2026-02-04,"Anderson, Kyle",Out,Trade,"Anderson, Kyle Out Trade "
2026-02-04,"Clarke, Brandon",Out,Injury/Illness -,"Clarke, Brandon Out Injury/Illness - "
2026-02-04,"Clayton Jr., Walter",Out,Trade,"Clayton Jr., Walter Out Trade "
2026-02-04,"Hendricks, Taylor",Out,Trade,"Hendricks, Taylor Out Trade "
2026-02-04,"Morant, Ja",Out,Injury/Illness -,"Morant, Ja Out Injury/Illness - "
2026-02-04,"Niang, Georges",Out,Trade,"Niang, Georges Out Trade "
2026-02-04,"Pippen Jr., Scotty",Doubtful,Injury/Illness -,"Pippen Jr., Scotty Doubtful Injury/Illness - "
2026-02-04,"Murray, Keegan",Out,Injury/Illness -,"Murray, Keegan Out Injury/Illness - "
2026-02-04,"Plowden, Daeqwon",Out,G,"Plowden, Daeqwon Out G "
2026-02-04,"Sabonis, Domantas",Questionable,Injury/Illness -,"Sabonis, Domantas Questionable Injury/Illness - "
2026-02-04,"Stevens, Isaiah",Out,G,"Stevens, Isaiah Out G "
2026-02-04,"Garland, Darius",Out,Injury/Illness -,"Garland, Darius Out Injury/Illness - "
2026-02-04,"Miller, Emanuel",Out,G,"Miller, Emanuel Out G "
2026-02-04,"Mobley, Evan",Out,Injury/Illness -,"Mobley, Evan Out Injury/Illness - "
2026-02-04,"Strus, Max",Out,Injury/Illness -,"Strus, Max Out Injury/Illness - "
2026-02-04,"Beal, Bradley",Out,Injury/Illness -,"Beal, Bradley Out Injury/Illness - "
2026-02-04,"Harden, James",Out,Personal,"Harden, James Out Personal "
2026-02-04,"Paul, Chris",Out,Not,"Paul, Chris Out Not "
2026-02-04,"Washington Jr., TyTy",Out,G,"Washington Jr., TyTy Out G "
2026-02-04,"Zubac, Ivica",Out,Personal,"Zubac, Ivica Out Personal "
2026-02-04,"Etienne, Tyson",Out,G,"Etienne, Tyson Out G "
2026-02-04,"Highsmith, Haywood",Out,Injury/Illness -,"Highsmith, Haywood Out Injury/Illness - "
2026-02-04,"Johnson, Chaney",Out,G,"Johnson, Chaney Out G "
2026-02-04,"Thomas, Cam",Out,Personal,"Thomas, Cam Out Personal "
2026-02-04,"Castleton, Colin",Out,G,"Castleton, Colin Out G "
2026-02-04,"Wagner, Franz",Out,Injury/Illness -,"Wagner, Franz Out Injury/Illness - "
2026-02-04,"Bagley III, Marvin",Out,Not,"Bagley III, Marvin Out Not "
2026-02-04,"Branham, Malaki",Out,Not,"Branham, Malaki Out Not "
2026-02-04,"Johnson, AJ",Out,Not,"Johnson, AJ Out Not "
2026-02-04,"Johnson, Tre",Out,Injury/Illness -,"Johnson, Tre Out Injury/Illness - "
2026-02-04,"Labissiere, Skal",Out,G,"Labissiere, Skal Out G "
2026-02-04,"Middleton, Khris",Out,Not,"Middleton, Khris Out Not "
2026-02-04,"Watkins, Jamir",Available,G,"Watkins, Jamir Available G "
2026-02-04,"Whitmore, Cam",Out,Injury/Illness -,"Whitmore, Cam Out Injury/Illness - "
2026-02-04,"Young, Trae",Out,Injury/Illness -,"Young, Trae Out Injury/Illness - "
2026-02-04,"Cunningham, Cade",Questionable,Injury/Illness -,"Cunningham, Cade Questionable Injury/Illness - "
2026-02-04,"Harris, Tobias",Questionable,Injury/Illness -,"Harris, Tobias Questionable Injury/Illness - "
2026-02-04,"Huerter, Kevin",Questionable,Trade,"Huerter, Kevin Questionable Trade "
2026-02-04,"Jones, Isaac",Out,Not,"Jones, Isaac Out Not "
2026-02-04,"Moore Jr., Wendell",Questionable,G,"Moore Jr., Wendell Questionable G "
2026-02-04,"Saric, Dario",Out,Trade,"Saric, Dario Out Trade "
2026-02-04,"Smith, Tolu",Out,G,"Smith, Tolu Out G "
2026-02-04,"Collins, Zach",Out,Injury/Illness -,"Collins, Zach Out Injury/Illness - "
2026-02-04,"Conley, Mike",Out,Not,"Conley, Mike Out Not "
2026-02-04,"Dosunmu, Ayo",Questionable,Injury/Illness -,"Dosunmu, Ayo Questionable Injury/Illness - "
2026-02-04,"Essengue, Noa",Out,Injury/Illness -,"Essengue, Noa Out Injury/Illness - "
2026-02-04,"Giddey, Josh",Out,Injury/Illness -,"Giddey, Josh Out Injury/Illness - "
2026-02-04,"Ivey, Jaden",Questionable,Trade,"Ivey, Jaden Questionable Trade "
2026-02-04,"Jones, Tre",Questionable,Injury/Illness -,"Jones, Tre Questionable Injury/Illness - "
2026-02-04,"Phillips, Julian",Questionable,Injury/Illness -,"Phillips, Julian Questionable Injury/Illness - "
2026-02-04,"Vucevic, Nikola",Out,Not,"Vucevic, Nikola Out Not "
2026-02-04,"White, Coby",Out,Not,"White, Coby Out Not "
2026-02-04,"George, Keyonte",Out,Injury/Illness -,"George, Keyonte Out Injury/Illness - "
2026-02-04,"Jackson Jr., Jaren",Out,Trade,"Jackson Jr., Jaren Out Trade "
2026-02-04,"Kessler, Walker",Out,Injury/Illness -,"Kessler, Walker Out Injury/Illness - "
2026-02-04,"Konchar, John",Out,Trade,"Konchar, John Out Trade "
2026-02-04,"Landale, Jock",Out,Trade,"Landale, Jock Out Trade "
2026-02-04,"Love, Kevin",Questionable,Injury/Illness -,"Love, Kevin Questionable Injury/Illness - "
2026-02-04,"Williams Jr., Vince",Out,Trade,"Williams Jr., Vince Out Trade "
2026-02-04,"Dante, N'Faly",Out,Injury/Illness -,"Dante, N'Faly Out Injury/Illness - "
2026-02-04,"Dennis, RayJ",Doubtful,G,"Dennis, RayJ Doubtful G "
2026-02-04,"Djurisic, Nikola",Doubtful,G,"Djurisic, Nikola Doubtful G "
2026-02-04,"Houstan, Caleb",Doubtful,G,"Houstan, Caleb Doubtful G "
2026-02-04,"Okongwu, Onyeka",Questionable,Injury/Illness -,"Okongwu, Onyeka Questionable Injury/Illness - "
2026-02-04,"Porzingis, Kristaps",Questionable,Injury/Illness -,"Porzingis, Kristaps Questionable Injury/Illness - "
2026-02-04,"Reath, Duop",Out,Injury/Illness -,"Reath, Duop Out Injury/Illness - "
2026-02-05,"Agbaji, Ochai",Out,Not,"Agbaji, Ochai Out Not "
2026-02-05,"Etienne, Tyson",Out,G,"Etienne, Tyson Out G "
2026-02-05,"Highsmith, Haywood",Out,Injury/Illness -,"Highsmith, Haywood Out Injury/Illness - "
2026-02-05,"Johnson, Chaney",Out,G,"Johnson, Chaney Out G "
2026-02-05,"Martin, Tyrese",Out,Not,"Martin, Tyrese Out Not "
2026-02-05,"Thomas, Cam",Out,Not,"Thomas, Cam Out Not "
2026-02-05,"Castleton, Colin",Out,G,"Castleton, Colin Out G "
2026-02-05,"Wagner, Franz",Out,Injury/Illness -,"Wagner, Franz Out Injury/Illness - "
2026-02-05,"Bagley III, Marvin",Out,Not,"Bagley III, Marvin Out Not "
2026-02-05,"Branham, Malaki",Out,Not,"Branham, Malaki Out Not "
2026-02-05,"Johnson, AJ",Out,Not,"Johnson, AJ Out Not "
2026-02-05,"Johnson, Tre",Out,Injury/Illness -,"Johnson, Tre Out Injury/Illness - "
2026-02-05,"Labissiere, Skal",Out,G,"Labissiere, Skal Out G "
2026-02-05,"Middleton, Khris",Out,Not,"Middleton, Khris Out Not "
2026-02-05,"Watkins, Jamir",Available,G,"Watkins, Jamir Available G "
2026-02-05,"Whitmore, Cam",Out,Injury/Illness -,"Whitmore, Cam Out Injury/Illness - "
2026-02-05,"Young, Trae",Out,Injury/Illness -,"Young, Trae Out Injury/Illness - "
2026-02-05,"Cunningham, Cade",Questionable,Injury/Illness -,"Cunningham, Cade Questionable Injury/Illness - "
2026-02-05,"Harris, Tobias",Questionable,Injury/Illness -,"Harris, Tobias Questionable Injury/Illness - "
2026-02-05,"Huerter, Kevin",Available,Trade,"Huerter, Kevin Available Trade "
2026-02-05,"Jenkins, Daniss",Out,G,"Jenkins, Daniss Out G "
2026-02-05,"Moore Jr., Wendell",Available,G,"Moore Jr., Wendell Available G "
2026-02-05,"Saric, Dario",Out,Not,"Saric, Dario Out Not "
2026-02-05,"Smith, Tolu",Out,G,"Smith, Tolu Out G "
2026-02-05,"Collins, Zach",Out,Injury/Illness -,"Collins, Zach Out Injury/Illness - "
2026-02-05,"Dieng, Ousmane",Questionable,Trade,"Dieng, Ousmane Questionable Trade "
2026-02-05,"Dosunmu, Ayo",Out,Not,"Dosunmu, Ayo Out Not "
2026-02-05,"Essengue, Noa",Out,Injury/Illness -,"Essengue, Noa Out Injury/Illness - "
2026-02-05,"Giddey, Josh",Out,Injury/Illness -,"Giddey, Josh Out Injury/Illness - "
2026-02-05,"Ivey, Jaden",Probable,Trade,"Ivey, Jaden Probable Trade "
2026-02-05,"Jones, Tre",Out,Injury/Illness -,"Jones, Tre Out Injury/Illness - "
2026-02-05,"Phillips, Julian",Out,Not,"Phillips, Julian Out Not "
2026-02-05,"Sexton, Collin",Questionable,Trade,"Sexton, Collin Questionable Trade "
2026-02-05,"Terry, Dalen",Out,Not,"Terry, Dalen Out Not "
2026-02-05,"Vucevic, Nikola",Out,Not,"Vucevic, Nikola Out Not "
2026-02-05,"Barrett, RJ",Out,Injury/Illness -,"Barrett, RJ Out Injury/Illness - "
2026-02-05,"Hepburn, Chucky",Out,G,"Hepburn, Chucky Out G "
2026-02-05,"Martin, Alijah",Available,G,"Martin, Alijah Available G "
2026-02-05,"Paul, Chris",Out,Not,"Paul, Chris Out Not "
2026-02-05,"Poeltl, Jakob",Out,Injury/Illness -,"Poeltl, Jakob Out Injury/Illness - "
2026-02-05,"Ball, Lonzo",Out,Trade,"Ball, Lonzo Out Trade "
2026-02-05,"George, Keyonte",Out,Injury/Illness -,"George, Keyonte Out Injury/Illness - "
2026-02-05,"Jackson Jr., Jaren",Out,Trade,"Jackson Jr., Jaren Out Trade "
2026-02-05,"Kessler, Walker",Out,Injury/Illness -,"Kessler, Walker Out Injury/Illness - "
2026-02-05,"Konchar, John",Out,Trade,"Konchar, John Out Trade "
2026-02-05,"Love, Kevin",Questionable,Injury/Illness -,"Love, Kevin Questionable Injury/Illness - "
2026-02-05,"Williams Jr., Vince",Out,Trade,"Williams Jr., Vince Out Trade "
2026-02-05,"Dante, N'Faly",Out,Injury/Illness -,"Dante, N'Faly Out Injury/Illness - "
2026-02-05,"Dennis, RayJ",Doubtful,G,"Dennis, RayJ Doubtful G "
2026-02-05,"Djurisic, Nikola",Doubtful,G,"Djurisic, Nikola Doubtful G "
2026-02-05,"Houstan, Caleb",Doubtful,G,"Houstan, Caleb Doubtful G "
2026-02-05,"Kennard, Luke",Out,Not,"Kennard, Luke Out Not "
2026-02-05,"Okongwu, Onyeka",Questionable,Injury/Illness -,"Okongwu, Onyeka Questionable Injury/Illness - "
2026-02-05,"Porzingis, Kristaps",Out,Not,"Porzingis, Kristaps Out Not "
2026-02-05,"Reath, Duop",Out,Not,"Reath, Duop Out Not "
2026-02-05,"Conley, Mike",Out,Not,"Conley, Mike Out Not "
2026-02-05,"Hall, PJ",Out,G,"Hall, PJ Out G "
2026-02-05,"Jones, Tyus",Out,Not,"Jones, Tyus Out Not "
2026-02-05,"McNeeley, Liam",Out,G,"McNeeley, Liam Out G "
2026-02-05,"Reeves, Antonio",Out,G,"Reeves, Antonio Out G "
2026-02-05,"Salaun, Tidjane",Questionable,Injury/Illness -,"Salaun, Tidjane Questionable Injury/Illness - "
2026-02-05,"Simpson, KJ",Out,Injury/Illness -,"Simpson, KJ Out Injury/Illness - "
2026-02-05,"White, Coby",Out,Injury/Illness -,"White, Coby Out Injury/Illness - "
2026-02-05,"Adams, Steven",Out,Injury/Illness -,"Adams, Steven Out Injury/Illness - "
2026-02-05,"Eason, Tari",Questionable,Injury/Illness -,"Eason, Tari Questionable Injury/Illness - "
2026-02-05,"Newton, Tristen",Out,G,"Newton, Tristen Out G "
2026-02-05,"Tate, Jae'Sean",Out,Injury/Illness -,"Tate, Jae'Sean Out Injury/Illness - "
2026-02-05,"VanVleet, Fred",Out,Injury/Illness -,"VanVleet, Fred Out Injury/Illness - "
2026-02-05,"Harper, Dylan",Questionable,Injury/Illness -,"Harper, Dylan Questionable Injury/Illness - "
2026-02-05,"Garcia, David",Out,G,"Garcia, David Out G "
2026-02-05,"Kornet, Luke",Out,Injury/Illness -,"Kornet, Luke Out Injury/Illness - "
2026-02-05,"Olynyk, Kelly",Questionable,Injury/Illness -,"Olynyk, Kelly Questionable Injury/Illness - "
2026-02-05,"Sochan, Jeremy",Out,Injury/Illness -,"Sochan, Jeremy Out Injury/Illness - "
2026-02-05,"Waters III, Lindy",Out,Injury/Illness -,"Waters III, Lindy Out Injury/Illness - "
2026-02-05,"Cisse, Moussa",Probable,G,"Cisse, Moussa Probable G "
2026-02-05,"Davis, Anthony",Out,Not,"Davis, Anthony Out Not "
2026-02-05,"Exum, Dante",Out,Not,"Exum, Dante Out Not "
2026-02-05,"Gafford, Daniel",Questionable,Injury/Illness -,"Gafford, Daniel Questionable Injury/Illness - "
2026-02-05,"Hardy, Jaden",Out,Not,"Hardy, Jaden Out Not "
2026-02-05,"Irving, Kyrie",Out,Injury/Illness -,"Irving, Kyrie Out Injury/Illness - "
2026-02-05,"Kelly, Miles",Probable,G,"Kelly, Miles Probable G "
2026-02-05,"Lively II, Dereck",Out,Injury/Illness -,"Lively II, Dereck Out Injury/Illness - "
2026-02-05,"Nembhard, Ryan",Probable,G,"Nembhard, Ryan Probable G "
2026-02-05,"Russell, D'Angelo",Out,Not,"Russell, D'Angelo Out Not "
2026-02-05,"Williams, Brandon",Questionable,Injury/Illness -,"Williams, Brandon Questionable Injury/Illness - "
2026-02-05,"Butler III, Jimmy",Out,Injury/Illness -,"Butler III, Jimmy Out Injury/Illness - "
2026-02-05,"Cryer, LJ",Out,Injury/Illness -,"Cryer, LJ Out Injury/Illness - "
2026-02-05,"Curry, Seth",Out,Injury/Illness -,"Curry, Seth Out Injury/Illness - "
2026-02-05,"Curry, Stephen",Out,Injury/Illness -,"Curry, Stephen Out Injury/Illness - "
2026-02-05,"Hield, Buddy",Out,Not,"Hield, Buddy Out Not "
2026-02-05,"Davis, Trayce",Out,Not,"Davis, Trayce Out Not "
2026-02-05,"Kuminga, Jonathan",Out,Not,"Kuminga, Jonathan Out Not "
2026-02-05,"Melton, De'Anthony",Questionable,Injury/Illness -,"Melton, De'Anthony Questionable Injury/Illness - "
2026-02-05,"Booker, Devin",Out,Injury/Illness -,"Booker, Devin Out Injury/Illness - "
2026-02-05,"Green, Jalen",Out,Injury/Illness -,"Green, Jalen Out Injury/Illness - "
2026-02-05,"Davis, Nigel",Out,Not,"Davis, Nigel Out Not "
2026-02-05,"Richards, Nick",Out,Not,"Richards, Nick Out Not "
2026-02-05,"Embiid, Joel",Questionable,Injury/Illness -,"Embiid, Joel Questionable Injury/Illness - "
2026-02-05,"George, Paul",Out,League,"George, Paul Out League "
2026-02-05,"Gordon, Eric",Out,Not,"Gordon, Eric Out Not "
2026-02-05,"Oubre Jr., Kelly",Available,Injury/Illness -,"Oubre Jr., Kelly Available Injury/Illness - "
2026-02-05,"Hayes, Jaxson",Out,League,"Hayes, Jaxson Out League "
2026-02-05,"Thiero, Adou",Out,Injury/Illness -,"Thiero, Adou Out Injury/Illness - "
2026-02-05,"Vincent, Gabe",Out,Not,"Vincent, Gabe Out Not "
2026-02-05,"Herro, Tyler",Out,Injury/Illness -,"Herro, Tyler Out Injury/Illness - "
2026-02-05,"Jakucionis, Kasparas",Available,Injury/Illness -,"Jakucionis, Kasparas Available Injury/Illness - "
2026-02-05,"Jaquez Jr., Jaime",Available,Injury/Illness -,"Jaquez Jr., Jaime Available Injury/Illness - "
2026-02-05,"Jovic, Nikola",Available,Injury/Illness -,"Jovic, Nikola Available Injury/Illness - "
2026-02-05,"Larsson, Pelle",Available,Injury/Illness -,"Larsson, Pelle Available Injury/Illness - "
2026-02-05,"Mitchell, Davion",Available,Injury/Illness -,"Mitchell, Davion Available Injury/Illness - "
2026-02-05,"Rozier, Terry",Out,Not,"Rozier, Terry Out Not "
2026-02-05,"Smith, Dru",Available,Injury/Illness -,"Smith, Dru Available Injury/Illness - "
2026-02-05,"Wiggins, Andrew",Available,Injury/Illness -,"Wiggins, Andrew Available Injury/Illness - "
2026-02-05,"Minott, Josh",Out,Personal,"Minott, Josh Out Personal "
2026-02-05,"Shulga, Max",Out,G,"Shulga, Max Out G "
2026-02-05,"Tatum, Jayson",Out,Injury/Illness -,"Tatum, Jayson Out Injury/Illness - "
2026-02-05,"Tillman, Xavier",Out,Personal,"Tillman, Xavier Out Personal "
2026-02-05,"Tonje, John",Out,Trade,"Tonje, John Out Trade "
2026-02-05,"Anunoby, OG",Probable,Injury/Illness -,"Anunoby, OG Probable Injury/Illness - "
2026-02-05,"Hart, Josh",Questionable,Injury/Illness -,"Hart, Josh Questionable Injury/Illness - "
2026-02-05,"Jones, Dillon",Out,G,"Jones, Dillon Out G "
2026-02-05,"McBride, Miles",Out,Injury/Illness -,"McBride, Miles Out Injury/Illness - "
2026-02-05,"Towns, Karl- Anthony",Questionable,Injury/Illness -,"Towns, Karl- Anthony Questionable Injury/Illness - "
2026-02-05,"Yabusele, Guerschon",Out,Not,"Yabusele, Guerschon Out Not "
2026-02-05,"Alexander, Trey",Out,G,"Alexander, Trey Out G "
2026-02-05,"Alvarado, Jose",Out,Not,"Alvarado, Jose Out Not "
2026-02-05,"Dickinson, Hunter",Out,G,"Dickinson, Hunter Out G "
2026-02-05,"Murray, Dejounte",Out,Injury/Illness -,"Murray, Dejounte Out Injury/Illness - "
2026-02-06,"Herro, Tyler",Out,Injury/Illness -,"Herro, Tyler Out Injury/Illness - "
2026-02-06,"Jakucionis, Kasparas",Available,Injury/Illness -,"Jakucionis, Kasparas Available Injury/Illness - "
2026-02-06,"Jaquez Jr., Jaime",Available,Injury/Illness -,"Jaquez Jr., Jaime Available Injury/Illness - "
2026-02-06,"Jovic, Nikola",Available,Injury/Illness -,"Jovic, Nikola Available Injury/Illness - "
2026-02-06,"Larsson, Pelle",Available,Injury/Illness -,"Larsson, Pelle Available Injury/Illness - "
2026-02-06,"Mitchell, Davion",Available,Injury/Illness -,"Mitchell, Davion Available Injury/Illness - "
2026-02-06,"Rozier, Terry",Out,Not,"Rozier, Terry Out Not "
2026-02-06,"Smith, Dru",Available,Injury/Illness -,"Smith, Dru Available Injury/Illness - "
2026-02-06,"Wiggins, Andrew",Available,Injury/Illness -,"Wiggins, Andrew Available Injury/Illness - "
2026-02-06,"Shulga, Max",Out,G,"Shulga, Max Out G "
2026-02-06,"Tatum, Jayson",Out,Injury/Illness -,"Tatum, Jayson Out Injury/Illness - "
2026-02-06,"Alvarado, Jose",Out,Not,"Alvarado, Jose Out Not "
2026-02-06,"Anunoby, OG",Questionable,Injury/Illness -,"Anunoby, OG Questionable Injury/Illness - "
2026-02-06,"Hart, Josh",Probable,Injury/Illness -,"Hart, Josh Probable Injury/Illness - "
2026-02-06,"Jones, Dillon",Out,G,"Jones, Dillon Out G "
2026-02-06,"McBride, Miles",Out,Injury/Illness -,"McBride, Miles Out Injury/Illness - "
2026-02-06,"Towns, Karl- Anthony",Doubtful,Injury/Illness -,"Towns, Karl- Anthony Doubtful Injury/Illness - "
2026-02-06,"Duren, Jalen",Questionable,Injury/Illness -,"Duren, Jalen Questionable Injury/Illness - "
2026-02-06,"Harris, Tobias",Probable,Injury/Illness -,"Harris, Tobias Probable Injury/Illness - "
2026-02-06,"Klintman, Bobi",Out,Coach's,"Klintman, Bobi Out Coach's "
2026-02-06,"Robinson, Duncan",Probable,Injury/Illness -,"Robinson, Duncan Probable Injury/Illness - "
2026-02-06,"Saric, Dario",Out,Not,"Saric, Dario Out Not "
2026-02-06,"Smith, Tolu",Out,G,"Smith, Tolu Out G "
2026-02-06,"Brown, Kobe",Out,Not,"Brown, Kobe Out Not "
2026-02-06,"Haliburton, Tyrese",Out,Injury/Illness -,"Haliburton, Tyrese Out Injury/Illness - "
2026-02-06,"Jackson, Quenton",Questionable,G,"Jackson, Quenton Questionable G "
2026-02-06,"Peter, Taelon",Out,G,"Peter, Taelon Out G "
2026-02-06,"Potter, Micah",Questionable,Injury/Illness -,"Potter, Micah Questionable Injury/Illness - "
2026-02-06,"Thompson, Ethan",Out,G,"Thompson, Ethan Out G "
2026-02-06,"Toppin, Obi",Out,Injury/Illness -,"Toppin, Obi Out Injury/Illness - "
2026-02-06,"Zubac, Ivica",Out,Not,"Zubac, Ivica Out Not "
2026-02-06,"Antetokounmpo, Alex",Out,G,"Antetokounmpo, Alex Out G "
2026-02-06,"Antetokounmpo, Giannis",Out,Injury/Illness -,"Antetokounmpo, Giannis Out Injury/Illness - "
2026-02-06,"Harris, Gary",Questionable,Injury/Illness -,"Harris, Gary Questionable Injury/Illness - "
2026-02-06,"Davis, Nigel",Out,Not,"Davis, Nigel Out Not "
2026-02-06,"Kuzma, Kyle",Out,Injury/Illness -,"Kuzma, Kyle Out Injury/Illness - "
2026-02-06,"Portis, Bobby",Questionable,Injury/Illness -,"Portis, Bobby Questionable Injury/Illness - "
2026-02-06,"Prince, Taurean",Out,Injury/Illness -,"Prince, Taurean Out Injury/Illness - "
2026-02-06,"Alexander, Trey",Out,G,"Alexander, Trey Out G "
2026-02-06,"Dickinson, Hunter",Out,G,"Dickinson, Hunter Out G "
2026-02-06,"Murray, Dejounte",Out,Injury/Illness -,"Murray, Dejounte Out Injury/Illness - "
2026-02-06,"Terry, Dalen",Out,Not,"Terry, Dalen Out Not "
2026-02-06,"Dosunmu, Ayo",Out,Trade,"Dosunmu, Ayo Out Trade "
2026-02-06,"Freeman, Enrique",Available,G,"Freeman, Enrique Available G "
2026-02-06,"Phillips, Julian",Out,Trade,"Phillips, Julian Out Trade "
2026-02-06,"Randle, Julius",Questionable,Injury/Illness -,"Randle, Julius Questionable Injury/Illness - "
2026-02-06,"Shannon Jr., Terrence",Out,Injury/Illness -,"Shannon Jr., Terrence Out Injury/Illness - "
2026-02-06,"Zikarsky, Rocco",Out,G,"Zikarsky, Rocco Out G "
2026-02-06,"Beal, Bradley",Out,Injury/Illness -,"Beal, Bradley Out Injury/Illness - "
2026-02-06,"Garland, Darius",Out,Trade,"Garland, Darius Out Trade "
2026-02-06,"Jackson, Isaiah",Out,Trade,"Jackson, Isaiah Out Trade "
2026-02-06,"Mathurin, Bennedict",Out,Trade,"Mathurin, Bennedict Out Trade "
2026-02-06,"Murray, Keegan",Out,Injury/Illness -,"Murray, Keegan Out Injury/Illness - "
2026-02-06,"Sabonis, Domantas",Out,Injury/Illness -,"Sabonis, Domantas Out Injury/Illness - "
2026-02-06,"Stevens, Isaiah",Out,G,"Stevens, Isaiah Out G "
2026-02-06,"Aldama, Santi",Out,Injury/Illness -,"Aldama, Santi Out Injury/Illness - "
2026-02-06,"Anderson, Kyle",Questionable,Injury/Illness -,"Anderson, Kyle Questionable Injury/Illness - "
2026-02-06,"Clarke, Brandon",Out,Injury/Illness -,"Clarke, Brandon Out Injury/Illness - "
2026-02-06,"Edey, Zach",Out,Injury/Illness -,"Edey, Zach Out Injury/Illness - "
2026-02-06,"Gordon, Eric",Out,Not,"Gordon, Eric Out Not "
2026-02-06,"Jerome, Ty",Out,Injury/Illness -,"Jerome, Ty Out Injury/Illness - "
2026-02-06,"Morant, Ja",Out,Injury/Illness -,"Morant, Ja Out Injury/Illness - "
2026-02-06,"Pippen Jr., Scotty",Questionable,Injury/Illness -,"Pippen Jr., Scotty Questionable Injury/Illness - "
2026-02-06,"Avdija, Deni",Questionable,Injury/Illness -,"Avdija, Deni Questionable Injury/Illness - "
2026-02-06,"Henderson, Scoot",Probable,Injury/Illness -,"Henderson, Scoot Probable Injury/Illness - "
2026-02-06,"Lillard, Damian",Out,Injury/Illness -,"Lillard, Damian Out Injury/Illness - "
2026-02-06,"Murray, Kris",Out,Injury/Illness -,"Murray, Kris Out Injury/Illness - "
2026-02-06,"Thybulle, Matisse",Out,Injury/Illness -,"Thybulle, Matisse Out Injury/Illness - "
2026-02-06,"Wesley, Blake",Questionable,Injury/Illness -,"Wesley, Blake Questionable Injury/Illness - "
2026-02-06,"Coulibaly, Bilal",Questionable,Injury/Illness -,"Coulibaly, Bilal Questionable Injury/Illness - "
2026-02-06,"Davis, Anthony",Out,Trade,"Davis, Anthony Out Trade "
2026-02-06,"Exum, Dante",Out,Trade,"Exum, Dante Out Trade "
2026-02-06,"George, Kyshawn",Questionable,Injury/Illness -,"George, Kyshawn Questionable Injury/Illness - "
2026-02-06,"Hardy, Jaden",Out,Trade,"Hardy, Jaden Out Trade "
2026-02-06,"Johnson, Tre",Out,Injury/Illness -,"Johnson, Tre Out Injury/Illness - "
2026-02-06,"Russell, D'Angelo",Out,Trade,"Russell, D'Angelo Out Trade "
2026-02-06,"Sarr, Alex",Questionable,Injury/Illness -,"Sarr, Alex Questionable Injury/Illness - "
2026-02-06,"Whitmore, Cam",Out,Injury/Illness -,"Whitmore, Cam Out Injury/Illness - "
2026-02-06,"Young, Trae",Out,Injury/Illness -,"Young, Trae Out Injury/Illness - "
2026-02-06,"Etienne, Tyson",Out,G,"Etienne, Tyson Out G "
2026-02-06,"Johnson, Chaney",Out,G,"Johnson, Chaney Out G "
2026-02-06,"Adams, Steven",Out,Injury/Illness -,"Adams, Steven Out Injury/Illness - "
2026-02-06,"Newton, Tristen",Out,G,"Newton, Tristen Out G "
2026-02-06,"Tate, Jae'Sean",Out,Injury/Illness -,"Tate, Jae'Sean Out Injury/Illness - "
2026-02-06,"VanVleet, Fred",Out,Injury/Illness -,"VanVleet, Fred Out Injury/Illness - "
2026-02-06,"Bagley III, Marvin",Probable,Trade,"Bagley III, Marvin Probable Trade "
2026-02-06,"Cisse, Moussa",Doubtful,G,"Cisse, Moussa Doubtful G "
2026-02-06,"Irving, Kyrie",Out,Injury/Illness -,"Irving, Kyrie Out Injury/Illness - "
2026-02-06,"Johnson, AJ",Probable,Trade,"Johnson, AJ Probable Trade "
2026-02-06,"Jones, Tyus",Probable,Trade,"Jones, Tyus Probable Trade "
2026-02-06,"Kelly, Miles",Doubtful,G,"Kelly, Miles Doubtful G "
2026-02-06,"Lively II, Dereck",Out,Injury/Illness -,"Lively II, Dereck Out Injury/Illness - "
2026-02-06,"Middleton, Khris",Doubtful,Trade,"Middleton, Khris Doubtful Trade "
2026-02-06,"Nembhard, Ryan",Doubtful,G,"Nembhard, Ryan Doubtful G "
2026-02-06,"Williams, Brandon",Probable,Injury/Illness -,"Williams, Brandon Probable Injury/Illness - "
2026-02-06,"George, Keyonte",Questionable,Injury/Illness -,"George, Keyonte Questionable Injury/Illness - "
2026-02-06,"Kessler, Walker",Out,Injury/Illness -,"Kessler, Walker Out Injury/Illness - "
2026-02-06,"Love, Kevin",Questionable,Injury/Illness -,"Love, Kevin Questionable Injury/Illness - "
2026-02-06,"Castleton, Colin",Out,G,"Castleton, Colin Out G "
2026-02-06,"Wagner, Franz",Out,Injury/Illness -,"Wagner, Franz Out Injury/Illness - "
2026-02-06,"Branham, Malaki",Out,Not,"Branham, Malaki Out Not "
2026-02-06,"Hall, PJ",Out,G,"Hall, PJ Out G "
2026-02-06,"McNeeley, Liam",Out,G,"McNeeley, Liam Out G "
2026-02-06,"Reeves, Antonio",Out,G,"Reeves, Antonio Out G "
2026-02-06,"Salaun, Tidjane",Questionable,Injury/Illness -,"Salaun, Tidjane Questionable Injury/Illness - "
2026-02-06,"Simpson, KJ",Out,Not,"Simpson, KJ Out Not "
2026-02-06,"White, Coby",Out,Injury/Illness -,"White, Coby Out Injury/Illness - "
2026-02-06,"Dante, N'Faly",Out,Not,"Dante, N'Faly Out Not "
2026-02-06,"Dennis, RayJ",Doubtful,G,"Dennis, RayJ Doubtful G "
2026-02-06,"Djurisic, Nikola",Doubtful,G,"Djurisic, Nikola Doubtful G "
2026-02-06,"Hield, Buddy",Questionable,Trade,"Hield, Buddy Questionable Trade "
2026-02-06,"Houstan, Caleb",Doubtful,G,"Houstan, Caleb Doubtful G "
2026-02-06,"Kuminga, Jonathan",Out,Injury/Illness -,"Kuminga, Jonathan Out Injury/Illness - "
2026-02-06,"Okongwu, Onyeka",Questionable,Injury/Illness -,"Okongwu, Onyeka Questionable Injury/Illness - "
2026-02-06,"Vincent, Gabe",Questionable,Trade,"Vincent, Gabe Questionable Trade "
2026-02-06,"Bates, Tamar",Out,Injury/Illness -,"Bates, Tamar Out Injury/Illness - "
2026-02-06,"Braun, Christian",Probable,Injury/Illness -,"Braun, Christian Probable Injury/Illness - "
2026-02-06,"Gordon, Aaron",Out,Injury/Illness -,"Gordon, Aaron Out Injury/Illness - "
2026-02-06,"Johnson, Cameron",Questionable,Injury/Illness -,"Johnson, Cameron Questionable Injury/Illness - "
2026-02-06,"Jokic, Nikola",Questionable,Injury/Illness -,"Jokic, Nikola Questionable Injury/Illness - "
2026-02-06,"Jones, Curtis",Out,G,"Jones, Curtis Out G "
2026-02-06,"Jones, Spencer",Out,Concussion,"Jones, Spencer Out Concussion "
2026-02-06,"Watson, Peyton",Out,Injury/Illness -,"Watson, Peyton Out Injury/Illness - "
2026-02-06,"Collins, Zach",Out,Injury/Illness -,"Collins, Zach Out Injury/Illness - "
2026-02-06,"Essengue, Noa",Out,Injury/Illness -,"Essengue, Noa Out Injury/Illness - "
2026-02-06,"Giddey, Josh",Out,Injury/Illness -,"Giddey, Josh Out Injury/Illness - "
2026-02-06,"Jones, Tre",Out,Injury/Illness -,"Jones, Tre Out Injury/Illness - "
2026-02-06,"Smith, Jalen",Questionable,Injury/Illness -,"Smith, Jalen Questionable Injury/Illness - "
2026-02-07,"Coulibaly, Bilal",Out,Injury/Illness -,"Coulibaly, Bilal Out Injury/Illness - "
2026-02-07,"Davis, Anthony",Out,Trade,"Davis, Anthony Out Trade "
2026-02-07,"Exum, Dante",Out,Trade,"Exum, Dante Out Trade "
2026-02-07,"George, Kyshawn",Out,Injury/Illness -,"George, Kyshawn Out Injury/Illness - "
2026-02-07,"Hardy, Jaden",Out,Trade,"Hardy, Jaden Out Trade "
2026-02-07,"Johnson, Tre",Out,Injury/Illness -,"Johnson, Tre Out Injury/Illness - "
2026-02-07,"Russell, D'Angelo",Out,Trade,"Russell, D'Angelo Out Trade "
2026-02-07,"Sarr, Alex",Out,Injury/Illness -,"Sarr, Alex Out Injury/Illness - "
2026-02-07,"Whitmore, Cam",Out,Injury/Illness -,"Whitmore, Cam Out Injury/Illness - "
2026-02-07,"Young, Trae",Out,Injury/Illness -,"Young, Trae Out Injury/Illness - "
2026-02-07,"Etienne, Tyson",Out,G,"Etienne, Tyson Out G "
2026-02-07,"Johnson, Chaney",Out,G,"Johnson, Chaney Out G "
2026-02-07,"Adams, Steven",Out,Injury/Illness -,"Adams, Steven Out Injury/Illness - "
2026-02-07,"Newton, Tristen",Out,G,"Newton, Tristen Out G "
2026-02-07,"Tate, Jae'Sean",Out,Injury/Illness -,"Tate, Jae'Sean Out Injury/Illness - "
2026-02-07,"Thompson, Amen",Available,Injury/Illness -,"Thompson, Amen Available Injury/Illness - "
2026-02-07,"VanVleet, Fred",Out,Injury/Illness -,"VanVleet, Fred Out Injury/Illness - "
2026-02-07,"Alexander, Shai",Out,Injury/Illness -,"Alexander, Shai Out Injury/Illness - "
2026-02-07,"Mitchell, Ajay",Out,Injury/Illness -,"Mitchell, Ajay Out Injury/Illness - "
2026-02-07,"Sorber, Thomas",Out,Injury/Illness -,"Sorber, Thomas Out Injury/Illness - "
2026-02-07,"Topic, Nikola",Out,Injury/Illness -,"Topic, Nikola Out Injury/Illness - "
2026-02-07,"Williams, Jalen",Out,Injury/Illness -,"Williams, Jalen Out Injury/Illness - "
2026-02-07,"Bagley III, Marvin",Available,Trade,"Bagley III, Marvin Available Trade "
2026-02-07,"Cisse, Moussa",Out,G,"Cisse, Moussa Out G "
2026-02-07,"Irving, Kyrie",Out,Injury/Illness -,"Irving, Kyrie Out Injury/Illness - "
2026-02-07,"Johnson, AJ",Available,Trade,"Johnson, AJ Available Trade "
2026-02-07,"Jones, Tyus",Available,Trade,"Jones, Tyus Available Trade "
2026-02-07,"Kelly, Miles",Out,G,"Kelly, Miles Out G "
2026-02-07,"Lively II, Dereck",Out,Injury/Illness -,"Lively II, Dereck Out Injury/Illness - "
2026-02-07,"Middleton, Khris",Out,Trade,"Middleton, Khris Out Trade "
2026-02-07,"Nembhard, Ryan",Out,G,"Nembhard, Ryan Out G "
2026-02-07,"Williams, Brandon",Available,Injury/Illness -,"Williams, Brandon Available Injury/Illness - "
2026-02-07,"Ingram, Harrison",Out,G,"Ingram, Harrison Out G "
2026-02-07,"Garcia, David",Out,G,"Garcia, David Out G "
2026-02-07,"Umude, Stanley",Out,G,"Umude, Stanley Out G "
2026-02-07,"Waters III, Lindy",Out,Injury/Illness -,"Waters III, Lindy Out Injury/Illness - "
2026-02-07,"George, Keyonte",Available,Injury/Illness -,"George, Keyonte Available Injury/Illness - "
2026-02-07,"Kessler, Walker",Out,Injury/Illness -,"Kessler, Walker Out Injury/Illness - "
2026-02-07,"Love, Kevin",Available,Injury/Illness -,"Love, Kevin Available Injury/Illness - "
2026-02-07,"Castleton, Colin",Out,G,"Castleton, Colin Out G "
2026-02-07,"Wagner, Franz",Out,Injury/Illness -,"Wagner, Franz Out Injury/Illness - "
2026-02-07,"Branham, Malaki",Out,Not,"Branham, Malaki Out Not "
2026-02-07,"Evbuomwan, Tosan",Out,G,"Evbuomwan, Tosan Out G "
2026-02-07,"Hall, PJ",Out,G,"Hall, PJ Out G "
2026-02-07,"McNeeley, Liam",Out,G,"McNeeley, Liam Out G "
2026-02-07,"Reeves, Antonio",Out,G,"Reeves, Antonio Out G "
2026-02-07,"Salaun, Tidjane",Available,Injury/Illness -,"Salaun, Tidjane Available Injury/Illness - "
2026-02-07,"Tillman, Xavier",Out,Not,"Tillman, Xavier Out Not "
2026-02-07,"White, Coby",Out,Injury/Illness -,"White, Coby Out Injury/Illness - "
2026-02-07,"Dennis, RayJ",Out,G,"Dennis, RayJ Out G "
2026-02-07,"Djurisic, Nikola",Out,G,"Djurisic, Nikola Out G "
2026-02-07,"Houstan, Caleb",Out,G,"Houstan, Caleb Out G "
2026-02-07,"Kuminga, Jonathan",Out,Injury/Illness -,"Kuminga, Jonathan Out Injury/Illness - "
2026-02-07,"Okongwu, Onyeka",Available,Injury/Illness -,"Okongwu, Onyeka Available Injury/Illness - "
2026-02-07,"Bates, Tamar",Out,Injury/Illness -,"Bates, Tamar Out Injury/Illness - "
2026-02-07,"Braun, Christian",Probable,Injury/Illness -,"Braun, Christian Probable Injury/Illness - "
2026-02-07,"Gordon, Aaron",Out,Injury/Illness -,"Gordon, Aaron Out Injury/Illness - "
2026-02-07,"Johnson, Cameron",Questionable,Injury/Illness -,"Johnson, Cameron Questionable Injury/Illness - "
2026-02-07,"Jokic, Nikola",Questionable,Injury/Illness -,"Jokic, Nikola Questionable Injury/Illness - "
2026-02-07,"Jones, Curtis",Out,G,"Jones, Curtis Out G "
2026-02-07,"Jones, Spencer",Out,Concussion,"Jones, Spencer Out Concussion "
2026-02-07,"Watson, Peyton",Out,Injury/Illness -,"Watson, Peyton Out Injury/Illness - "
2026-02-07,"Collins, Zach",Out,Injury/Illness -,"Collins, Zach Out Injury/Illness - "
2026-02-07,"Essengue, Noa",Out,Injury/Illness -,"Essengue, Noa Out Injury/Illness - "
2026-02-07,"Giddey, Josh",Out,Injury/Illness -,"Giddey, Josh Out Injury/Illness - "
2026-02-07,"Jones, Tre",Out,Injury/Illness -,"Jones, Tre Out Injury/Illness - "
2026-02-07,"Kawamura, Yuki",Out,G,"Kawamura, Yuki Out G "
2026-02-07,"McClung, Mac",Out,G,"McClung, Mac Out G "
2026-02-07,"Smith, Jalen",Questionable,Injury/Illness -,"Smith, Jalen Questionable Injury/Illness - "
2026-02-07,"Butler III, Jimmy",Out,Injury/Illness -,"Butler III, Jimmy Out Injury/Illness - "
2026-02-07,"Cryer, LJ",Out,Injury/Illness -,"Cryer, LJ Out Injury/Illness - "
2026-02-07,"Curry, Seth",Out,Injury/Illness -,"Curry, Seth Out Injury/Illness - "
2026-02-07,"Curry, Stephen",Out,Injury/Illness -,"Curry, Stephen Out Injury/Illness - "
2026-02-07,"Podziemski, Brandin",Probable,Injury/Illness -,"Podziemski, Brandin Probable Injury/Illness - "
2026-02-07,"Porzingis, Kristaps",Out,Injury/Illness -,"Porzingis, Kristaps Out Injury/Illness - "
2026-02-07,"Doncic, Luka",Out,Injury/Illness -,"Doncic, Luka Out Injury/Illness - "
2026-02-07,"Kennard, Luke",Available,Trade,"Kennard, Luke Available Trade "
2026-02-07,"Thiero, Adou",Out,Injury/Illness -,"Thiero, Adou Out Injury/Illness - "
2026-02-07,"Embiid, Joel",Questionable,Injury/Illness -,"Embiid, Joel Questionable Injury/Illness - "
2026-02-07,"George, Paul",Out,League,"George, Paul Out League "
2026-02-07,"Oubre Jr., Kelly",Available,Injury/Illness -,"Oubre Jr., Kelly Available Injury/Illness - "
2026-02-07,"Allen, Grayson",Out,Injury/Illness -,"Allen, Grayson Out Injury/Illness - "
2026-02-07,"Anthony, Cole",Out,Not,"Anthony, Cole Out Not "
2026-02-07,"Booker, Devin",Questionable,Injury/Illness -,"Booker, Devin Questionable Injury/Illness - "
2026-02-07,"Green, Jalen",Questionable,Injury/Illness -,"Green, Jalen Questionable Injury/Illness - "
2026-02-07,"Livers, Isaiah",Out,Injury/Illness -,"Livers, Isaiah Out Injury/Illness - "
2026-02-07,"Harden, James",Questionable,Trade,"Harden, James Questionable Trade "
2026-02-07,"Miller, Emanuel",Out,G,"Miller, Emanuel Out G "
2026-02-07,"Mobley, Evan",Out,Injury/Illness -,"Mobley, Evan Out Injury/Illness - "
2026-02-07,"Strus, Max",Out,Injury/Illness -,"Strus, Max Out Injury/Illness - "
2026-02-07,"Wade, Dean",Doubtful,Injury/Illness -,"Wade, Dean Doubtful Injury/Illness - "
2026-02-07,"Hunter, De'Andre",Out,Injury/Illness -,"Hunter, De'Andre Out Injury/Illness - "
2026-02-07,"LaVine, Zach",Out,Injury/Illness -,"LaVine, Zach Out Injury/Illness - "
2026-02-07,"Murray, Keegan",Out,Injury/Illness -,"Murray, Keegan Out Injury/Illness - "
2026-02-07,"Sabonis, Domantas",Out,Injury/Illness -,"Sabonis, Domantas Out Injury/Illness - "
2026-02-07,"Aldama, Santi",Out,Injury/Illness -,"Aldama, Santi Out Injury/Illness - "
2026-02-07,"Clarke, Brandon",Out,Injury/Illness -,"Clarke, Brandon Out Injury/Illness - "
2026-02-07,"Coward, Cedric",Doubtful,Injury/Illness -,"Coward, Cedric Doubtful Injury/Illness - "
2026-02-07,"Edey, Zach",Out,Injury/Illness -,"Edey, Zach Out Injury/Illness - "
2026-02-07,"Morant, Ja",Out,Injury/Illness -,"Morant, Ja Out Injury/Illness - "
2026-02-07,"Pippen Jr., Scotty",Out,Injury/Illness -,"Pippen Jr., Scotty Out Injury/Illness - "
2026-02-07,"Spencer, Cam",Questionable,Injury/Illness -,"Spencer, Cam Questionable Injury/Illness - "
2026-02-07,"Wells, Jaylen",Doubtful,Injury/Illness -,"Wells, Jaylen Doubtful Injury/Illness - "
2026-02-07,"Avdija, Deni",Questionable,Injury/Illness -,"Avdija, Deni Questionable Injury/Illness - "
2026-02-07,"Henderson, Scoot",Out,Injury/Illness -,"Henderson, Scoot Out Injury/Illness - "
2026-02-07,"Lillard, Damian",Out,Injury/Illness -,"Lillard, Damian Out Injury/Illness - "
2026-02-07,"Murray, Kris",Out,Injury/Illness -,"Murray, Kris Out Injury/Illness - "
2026-02-07,"Sharpe, Shaedon",Out,Injury/Illness -,"Sharpe, Shaedon Out Injury/Illness - "
2026-02-07,"Thybulle, Matisse",Out,Injury/Illness -,"Thybulle, Matisse Out Injury/Illness - "
2026-02-07,"Williams III, Robert",Out,Injury/Illness -,"Williams III, Robert Out Injury/Illness - "
2026-02-07,"Adebayo, Bam",Probable,Injury/Illness -,"Adebayo, Bam Probable Injury/Illness - "
2026-02-07,"Herro, Tyler",Out,Injury/Illness -,"Herro, Tyler Out Injury/Illness - "
2026-02-07,"Jakucionis, Kasparas",Available,Injury/Illness -,"Jakucionis, Kasparas Available Injury/Illness - "
2026-02-07,"Jaquez Jr., Jaime",Available,Injury/Illness -,"Jaquez Jr., Jaime Available Injury/Illness - "
2026-02-07,"Jovic, Nikola",Available,Injury/Illness -,"Jovic, Nikola Available Injury/Illness - "
2026-02-07,"Larsson, Pelle",Doubtful,Injury/Illness -,"Larsson, Pelle Doubtful Injury/Illness - "
2026-02-07,"Powell, Norman",Questionable,Injury/Illness -,"Powell, Norman Questionable Injury/Illness - "
2026-02-07,"Rozier, Terry",Out,Not,"Rozier, Terry Out Not "
2026-02-07,"Smith, Dru",Available,Injury/Illness -,"Smith, Dru Available Injury/Illness - "
2026-02-07,"Wiggins, Andrew",Available,Injury/Illness -,"Wiggins, Andrew Available Injury/Illness - "
2026-02-07,"Brown, Kobe",Out,Not,"Brown, Kobe Out Not "
2026-02-07,"Haliburton, Tyrese",Out,Injury/Illness -,"Haliburton, Tyrese Out Injury/Illness - "
2026-02-07,"Jackson, Quenton",Questionable,G,"Jackson, Quenton Questionable G "
2026-02-07,"Nesmith, Aaron",Questionable,Injury/Illness -,"Nesmith, Aaron Questionable Injury/Illness - "
2026-02-07,"Peter, Taelon",Doubtful,G,"Peter, Taelon Doubtful G "
2026-02-07,"Potter, Micah",Questionable,Injury/Illness -,"Potter, Micah Questionable Injury/Illness - "
2026-02-07,"Thompson, Ethan",Doubtful,G,"Thompson, Ethan Doubtful G "
2026-02-07,"Toppin, Obi",Out,Injury/Illness -,"Toppin, Obi Out Injury/Illness - "
2026-02-07,"Zubac, Ivica",Out,Not,"Zubac, Ivica Out Not "
2026-02-07,"Hepburn, Chucky",Out,G,"Hepburn, Chucky Out G "
2026-02-07,"Paul, Chris",Out,Not,"Paul, Chris Out Not "
2026-02-07,"Poeltl, Jakob",Questionable,Return to,"Poeltl, Jakob Questionable Return to "
2026-02-07,"Quickley, Immanuel",Questionable,Injury/Illness -,"Quickley, Immanuel Questionable Injury/Illness - "
2026-02-07,"Anunoby, OG",Questionable,Injury/Illness -,"Anunoby, OG Questionable Injury/Illness - "
2026-02-07,"Hart, Josh",Questionable,Injury/Illness -,"Hart, Josh Questionable Injury/Illness - "
2026-02-07,"Jones, Dillon",Out,G,"Jones, Dillon Out G "
2026-02-07,"McBride, Miles",Out,Injury/Illness -,"McBride, Miles Out Injury/Illness - "
2026-02-07,"Towns, Karl- Anthony",Questionable,Injury/Illness -,"Towns, Karl- Anthony Questionable Injury/Illness - "
2026-02-07,"Hauser, Sam",Questionable,Injury/Illness -,"Hauser, Sam Questionable Injury/Illness - "
2026-02-07,"Shulga, Max",Out,G,"Shulga, Max Out G "
2026-02-07,"Tatum, Jayson",Out,Injury/Illness -,"Tatum, Jayson Out Injury/Illness - "
2026-02-08,"Adebayo, Bam",Available,Injury/Illness -,"Adebayo, Bam Available Injury/Illness - "
2026-02-08,"Goldin, Vladislav",Out,G,"Goldin, Vladislav Out G "
2026-02-08,"Herro, Tyler",Out,Injury/Illness -,"Herro, Tyler Out Injury/Illness - "
2026-02-08,"Jakucionis, Kasparas",Available,Injury/Illness -,"Jakucionis, Kasparas Available Injury/Illness - "
2026-02-08,"Jaquez Jr., Jaime",Available,Injury/Illness -,"Jaquez Jr., Jaime Available Injury/Illness - "
2026-02-08,"Johnson, Keshad",Out,G,"Johnson, Keshad Out G "
2026-02-08,"Jovic, Nikola",Available,Injury/Illness -,"Jovic, Nikola Available Injury/Illness - "
2026-02-08,"Larsson, Pelle",Out,Injury/Illness -,"Larsson, Pelle Out Injury/Illness - "
2026-02-08,"Powell, Norman",Available,Injury/Illness -,"Powell, Norman Available Injury/Illness - "
2026-02-08,"Rozier, Terry",Out,Not,"Rozier, Terry Out Not "
2026-02-08,"Smith, Dru",Available,Injury/Illness -,"Smith, Dru Available Injury/Illness - "
2026-02-08,"Wiggins, Andrew",Available,Injury/Illness -,"Wiggins, Andrew Available Injury/Illness - "
2026-02-08,"Coulibaly, Bilal",Available,Injury/Illness -,"Coulibaly, Bilal Available Injury/Illness - "
2026-02-08,"Davis, Anthony",Out,Injury/Illness -,"Davis, Anthony Out Injury/Illness - "
2026-02-08,"Exum, Dante",Out,Not,"Exum, Dante Out Not "
2026-02-08,"George, Kyshawn",Available,Injury/Illness -,"George, Kyshawn Available Injury/Illness - "
2026-02-08,"Gill, Anthony",Out,Injury/Illness -,"Gill, Anthony Out Injury/Illness - "
2026-02-08,"Hardy, Jaden",Out,Rest -,"Hardy, Jaden Out Rest - "
2026-02-08,"Johnson, Tre",Out,Injury/Illness -,"Johnson, Tre Out Injury/Illness - "
2026-02-08,"Russell, D'Angelo",Out,Not,"Russell, D'Angelo Out Not "
2026-02-08,"Sarr, Alex",Available,Injury/Illness -,"Sarr, Alex Available Injury/Illness - "
2026-02-08,"Vukcevic, Tristan",Available,Injury/Illness -,"Vukcevic, Tristan Available Injury/Illness - "
2026-02-08,"Whitmore, Cam",Out,Injury/Illness -,"Whitmore, Cam Out Injury/Illness - "
2026-02-08,"Young, Trae",Out,Injury/Illness -,"Young, Trae Out Injury/Illness - "
2026-02-08,"Brown, Kobe",Out,Not,"Brown, Kobe Out Not "
2026-02-08,"Haliburton, Tyrese",Out,Injury/Illness -,"Haliburton, Tyrese Out Injury/Illness - "
2026-02-08,"Jackson, Quenton",Out,G,"Jackson, Quenton Out G "
2026-02-08,"Nesmith, Aaron",Available,Injury/Illness -,"Nesmith, Aaron Available Injury/Illness - "
2026-02-08,"Peter, Taelon",Out,G,"Peter, Taelon Out G "
2026-02-08,"Potter, Micah",Available,Injury/Illness -,"Potter, Micah Available Injury/Illness - "
2026-02-08,"Thompson, Ethan",Out,G,"Thompson, Ethan Out G "
2026-02-08,"Toppin, Obi",Out,Injury/Illness -,"Toppin, Obi Out Injury/Illness - "
2026-02-08,"Zubac, Ivica",Out,Not,"Zubac, Ivica Out Not "
2026-02-08,"Hepburn, Chucky",Out,G,"Hepburn, Chucky Out G "
2026-02-08,"Paul, Chris",Out,Not,"Paul, Chris Out Not "
2026-02-08,"Poeltl, Jakob",Out,Return to,"Poeltl, Jakob Out Return to "
2026-02-08,"Quickley, Immanuel",Available,Injury/Illness -,"Quickley, Immanuel Available Injury/Illness - "
2026-02-08,"Beal, Bradley",Out,Injury/Illness -,"Beal, Bradley Out Injury/Illness - "
2026-02-08,"Garland, Darius",Out,Injury/Illness -,"Garland, Darius Out Injury/Illness - "
2026-02-08,"Jackson, Isaiah",Out,Trade,"Jackson, Isaiah Out Trade "
2026-02-08,"Mathurin, Bennedict",Out,Trade,"Mathurin, Bennedict Out Trade "
2026-02-08,"Juzang, Johnny",Out,G,"Juzang, Johnny Out G "
2026-02-08,"Phillips, Julian",Available,Injury/Illness -,"Phillips, Julian Available Injury/Illness - "
2026-02-08,"Shannon Jr., Terrence",Out,Injury/Illness -,"Shannon Jr., Terrence Out Injury/Illness - "
2026-02-08,"Zikarsky, Rocco",Out,G,"Zikarsky, Rocco Out G "
2026-02-08,"Anunoby, OG",Out,Injury/Illness -,"Anunoby, OG Out Injury/Illness - "
2026-02-08,"Hart, Josh",Available,Injury/Illness -,"Hart, Josh Available Injury/Illness - "
2026-02-08,"Jones, Dillon",Out,G,"Jones, Dillon Out G "
2026-02-08,"McBride, Miles",Out,Injury/Illness -,"McBride, Miles Out Injury/Illness - "
2026-02-08,"Towns, Karl- Anthony",Available,Injury/Illness -,"Towns, Karl- Anthony Available Injury/Illness - "
2026-02-08,"Hauser, Sam",Out,Injury/Illness -,"Hauser, Sam Out Injury/Illness - "
2026-02-08,"Shulga, Max",Out,G,"Shulga, Max Out G "
2026-02-08,"Tatum, Jayson",Out,Injury/Illness -,"Tatum, Jayson Out Injury/Illness - "
2026-02-08,"Duren, Jalen",Probable,Injury/Illness -,"Duren, Jalen Probable Injury/Illness - "
2026-02-08,"Holland II, Ronald",Out,Personal,"Holland II, Ronald Out Personal "
2026-02-08,"Klintman, Bobi",Out,G,"Klintman, Bobi Out G "
2026-02-08,"Lanier, Chaz",Out,G,"Lanier, Chaz Out G "
2026-02-08,"Moore Jr., Wendell",Out,G,"Moore Jr., Wendell Out G "
2026-02-08,"Saric, Dario",Out,Not,"Saric, Dario Out Not "
2026-02-08,"Smith, Tolu",Out,G,"Smith, Tolu Out G "
2026-02-08,"Branham, Malaki",Out,Not,"Branham, Malaki Out Not "
2026-02-08,"Hall, PJ",Out,G,"Hall, PJ Out G "
2026-02-08,"McNeeley, Liam",Out,G,"McNeeley, Liam Out G "
2026-02-08,"Reeves, Antonio",Out,G,"Reeves, Antonio Out G "
2026-02-08,"White, Coby",Out,Injury/Illness -,"White, Coby Out Injury/Illness - "
2026-02-08,"Collins, Zach",Out,Injury/Illness -,"Collins, Zach Out Injury/Illness - "
2026-02-08,"Essengue, Noa",Out,Injury/Illness -,"Essengue, Noa Out Injury/Illness - "
2026-02-08,"Giddey, Josh",Doubtful,Injury/Illness -,"Giddey, Josh Doubtful Injury/Illness - "
2026-02-08,"Jones, Tre",Doubtful,Injury/Illness -,"Jones, Tre Doubtful Injury/Illness - "
2026-02-08,"Kawamura, Yuki",Out,G,"Kawamura, Yuki Out G "
2026-02-08,"McClung, Mac",Out,G,"McClung, Mac Out G "
2026-02-08,"Smith, Jalen",Questionable,Injury/Illness -,"Smith, Jalen Questionable Injury/Illness - "
2026-02-08,"Demin, Egor",Out,Rest,"Demin, Egor Out Rest "
2026-02-08,"Etienne, Tyson",Out,G,"Etienne, Tyson Out G "
2026-02-08,"Johnson, Chaney",Out,G,"Johnson, Chaney Out G "
2026-02-08,"Porter Jr., Michael",Out,Injury/Illness -,"Porter Jr., Michael Out Injury/Illness - "
2026-02-08,"Antetokounmpo, Alex",Out,G,"Antetokounmpo, Alex Out G "
2026-02-08,"Antetokounmpo, Giannis",Out,Injury/Illness -,"Antetokounmpo, Giannis Out Injury/Illness - "
2026-02-08,"Prince, Taurean",Out,Injury/Illness -,"Prince, Taurean Out Injury/Illness - "
2026-02-08,"Castleton, Colin",Out,G,"Castleton, Colin Out G "
2026-02-08,"Wagner, Franz",Questionable,Injury/Illness -,"Wagner, Franz Questionable Injury/Illness - "
2026-02-08,"George, Keyonte",Out,Injury/Illness -,"George, Keyonte Out Injury/Illness - "
2026-02-08,"Kessler, Walker",Out,Injury/Illness -,"Kessler, Walker Out Injury/Illness - "
2026-02-08,"Bates, Tamar",Out,Injury/Illness -,"Bates, Tamar Out Injury/Illness - "
2026-02-08,"Braun, Christian",Probable,Injury/Illness -,"Braun, Christian Probable Injury/Illness - "
2026-02-08,"Gordon, Aaron",Out,Injury/Illness -,"Gordon, Aaron Out Injury/Illness - "
2026-02-08,"Jokic, Nikola",Probable,Injury/Illness -,"Jokic, Nikola Probable Injury/Illness - "
2026-02-08,"Jones, Curtis",Out,G,"Jones, Curtis Out G "
2026-02-08,"Jones, Spencer",Out,Concussion,"Jones, Spencer Out Concussion "
2026-02-08,"Murray, Jamal",Questionable,Injury/Illness -,"Murray, Jamal Questionable Injury/Illness - "
2026-02-08,"Watson, Peyton",Out,Injury/Illness -,"Watson, Peyton Out Injury/Illness - "
2026-02-08,"Ayton, Deandre",Available,Injury/Illness -,"Ayton, Deandre Available Injury/Illness - "
2026-02-09,"Duren, Jalen",Probable,Injury/Illness -,"Duren, Jalen Probable Injury/Illness - "
2026-02-09,"Holland II, Ronald",Out,Personal,"Holland II, Ronald Out Personal "
2026-02-09,"Klintman, Bobi",Out,G,"Klintman, Bobi Out G "
2026-02-09,"Lanier, Chaz",Out,G,"Lanier, Chaz Out G "
2026-02-09,"Moore Jr., Wendell",Out,G,"Moore Jr., Wendell Out G "
2026-02-09,"Saric, Dario",Out,Not,"Saric, Dario Out Not "
2026-02-09,"Smith, Tolu",Out,G,"Smith, Tolu Out G "
2026-02-09,"Branham, Malaki",Out,Not,"Branham, Malaki Out Not "
2026-02-09,"Hall, PJ",Out,G,"Hall, PJ Out G "
2026-02-09,"McNeeley, Liam",Out,Injury/Illness -,"McNeeley, Liam Out Injury/Illness - "
2026-02-09,"Reeves, Antonio",Out,G,"Reeves, Antonio Out G "
2026-02-09,"White, Coby",Out,Injury/Illness -,"White, Coby Out Injury/Illness - "
2026-02-09,"Collins, Zach",Out,Injury/Illness -,"Collins, Zach Out Injury/Illness - "
2026-02-09,"Essengue, Noa",Out,Injury/Illness -,"Essengue, Noa Out Injury/Illness - "
2026-02-09,"Giddey, Josh",Doubtful,Injury/Illness -,"Giddey, Josh Doubtful Injury/Illness - "
2026-02-09,"Jones, Tre",Doubtful,Injury/Illness -,"Jones, Tre Doubtful Injury/Illness - "
2026-02-09,"Kawamura, Yuki",Out,G,"Kawamura, Yuki Out G "
2026-02-09,"McClung, Mac",Out,G,"McClung, Mac Out G "
2026-02-09,"Smith, Jalen",Questionable,Injury/Illness -,"Smith, Jalen Questionable Injury/Illness - "
2026-02-09,"Demin, Egor",Out,Rest,"Demin, Egor Out Rest "
2026-02-09,"Etienne, Tyson",Out,G,"Etienne, Tyson Out G "
2026-02-09,"Johnson, Chaney",Out,G,"Johnson, Chaney Out G "
2026-02-09,"Porter Jr., Michael",Out,Injury/Illness -,"Porter Jr., Michael Out Injury/Illness - "
2026-02-09,"Antetokounmpo, Alex",Out,G,"Antetokounmpo, Alex Out G "
2026-02-09,"Antetokounmpo, Giannis",Out,Injury/Illness -,"Antetokounmpo, Giannis Out Injury/Illness - "
2026-02-09,"Prince, Taurean",Out,Injury/Illness -,"Prince, Taurean Out Injury/Illness - "
2026-02-09,"Carter Jr., Wendell",Questionable,Injury/Illness -,"Carter Jr., Wendell Questionable Injury/Illness - "
2026-02-09,"Castleton, Colin",Out,G,"Castleton, Colin Out G "
2026-02-09,"Wagner, Franz",Available,Injury/Illness -,"Wagner, Franz Available Injury/Illness - "
2026-02-09,"George, Keyonte",Out,Injury/Illness -,"George, Keyonte Out Injury/Illness - "
2026-02-09,"Kessler, Walker",Out,Injury/Illness -,"Kessler, Walker Out Injury/Illness - "
2026-02-09,"Love, Kevin",Out,Rest,"Love, Kevin Out Rest "
2026-02-09,"Adebayo, Bam",Probable,Injury/Illness -,"Adebayo, Bam Probable Injury/Illness - "
2026-02-09,"Goldin, Vladislav",Out,G,"Goldin, Vladislav Out G "
2026-02-09,"Herro, Tyler",Out,Injury/Illness -,"Herro, Tyler Out Injury/Illness - "
2026-02-09,"Jakucionis, Kasparas",Available,Injury/Illness -,"Jakucionis, Kasparas Available Injury/Illness - "
2026-02-09,"Jaquez Jr., Jaime",Available,Injury/Illness -,"Jaquez Jr., Jaime Available Injury/Illness - "
2026-02-09,"Johnson, Keshad",Out,G,"Johnson, Keshad Out G "
2026-02-09,"Jovic, Nikola",Available,Injury/Illness -,"Jovic, Nikola Available Injury/Illness - "
2026-02-09,"Larsson, Pelle",Doubtful,Injury/Illness -,"Larsson, Pelle Doubtful Injury/Illness - "
2026-02-09,"Powell, Norman",Questionable,Injury/Illness -,"Powell, Norman Questionable Injury/Illness - "
2026-02-09,"Rozier, Terry",Out,Not,"Rozier, Terry Out Not "
2026-02-09,"Smith, Dru",Available,Injury/Illness -,"Smith, Dru Available Injury/Illness - "
2026-02-09,"Wiggins, Andrew",Available,Injury/Illness -,"Wiggins, Andrew Available Injury/Illness - "
2026-02-09,"Daniels, Dyson",Questionable,Injury/Illness -,"Daniels, Dyson Questionable Injury/Illness - "
2026-02-09,"Dennis, RayJ",Out,G,"Dennis, RayJ Out G "
2026-02-09,"Djurisic, Nikola",Out,G,"Djurisic, Nikola Out G "
2026-02-09,"Houstan, Caleb",Out,G,"Houstan, Caleb Out G "
2026-02-09,"Johnson, Jalen",Questionable,Injury/Illness -,"Johnson, Jalen Questionable Injury/Illness - "
2026-02-09,"Kuminga, Jonathan",Out,Injury/Illness -,"Kuminga, Jonathan Out Injury/Illness - "
2026-02-09,"Okongwu, Onyeka",Available,Injury/Illness -,"Okongwu, Onyeka Available Injury/Illness - "
2026-02-09,"Juzang, Johnny",Out,G,"Juzang, Johnny Out G "
2026-02-09,"Shannon Jr., Terrence",Out,G,"Shannon Jr., Terrence Out G "
2026-02-09,"Zikarsky, Rocco",Out,G,"Zikarsky, Rocco Out G "
2026-02-09,"Hunter, De'Andre",Out,Injury/Illness -,"Hunter, De'Andre Out Injury/Illness - "
2026-02-09,"LaVine, Zach",Out,Injury/Illness -,"LaVine, Zach Out Injury/Illness - "
2026-02-09,"Monk, Malik",Out,Injury/Illness -,"Monk, Malik Out Injury/Illness - "
2026-02-09,"Murray, Keegan",Out,Injury/Illness -,"Murray, Keegan Out Injury/Illness - "
2026-02-09,"Sabonis, Domantas",Out,Injury/Illness -,"Sabonis, Domantas Out Injury/Illness - "
2026-02-09,"Stevens, Isaiah",Out,G,"Stevens, Isaiah Out G "
2026-02-09,"Alexander, Trey",Out,G,"Alexander, Trey Out G "
2026-02-09,"Dickinson, Hunter",Out,G,"Dickinson, Hunter Out G "
2026-02-09,"Murray, Dejounte",Out,Injury/Illness -,"Murray, Dejounte Out Injury/Illness - "
2026-02-09,"Miller, Emanuel",Out,G,"Miller, Emanuel Out G "
2026-02-09,"Mobley, Evan",Out,Injury/Illness -,"Mobley, Evan Out Injury/Illness - "
2026-02-09,"Proctor, Tyrese",Questionable,Injury/Illness -,"Proctor, Tyrese Questionable Injury/Illness - "
2026-02-09,"Strus, Max",Out,Injury/Illness -,"Strus, Max Out Injury/Illness - "
2026-02-09,"Tyson, Jaylon",Questionable,Injury/Illness -,"Tyson, Jaylon Questionable Injury/Illness - "
2026-02-09,"Wade, Dean",Questionable,Injury/Illness -,"Wade, Dean Questionable Injury/Illness - "
2026-02-09,"Bates, Tamar",Out,Injury/Illness -,"Bates, Tamar Out Injury/Illness - "
2026-02-09,"Braun, Christian",Probable,Injury/Illness -,"Braun, Christian Probable Injury/Illness - "
2026-02-09,"Gordon, Aaron",Out,Injury/Illness -,"Gordon, Aaron Out Injury/Illness - "
2026-02-09,"Jokic, Nikola",Probable,Injury/Illness -,"Jokic, Nikola Probable Injury/Illness - "
2026-02-09,"Jones, Curtis",Out,G,"Jones, Curtis Out G "
2026-02-09,"Jones, Spencer",Out,Concussion,"Jones, Spencer Out Concussion "
2026-02-09,"Murray, Jamal",Questionable,Injury/Illness -,"Murray, Jamal Questionable Injury/Illness - "
2026-02-09,"Watson, Peyton",Out,Injury/Illness -,"Watson, Peyton Out Injury/Illness - "
2026-02-09,"Aldama, Santi",Out,Injury/Illness -,"Aldama, Santi Out Injury/Illness - "
2026-02-09,"Clarke, Brandon",Out,Injury/Illness -,"Clarke, Brandon Out Injury/Illness - "
2026-02-09,"Clayton Jr., Walter",Questionable,Injury/Illness -,"Clayton Jr., Walter Questionable Injury/Illness - "
2026-02-09,"Edey, Zach",Out,Injury/Illness -,"Edey, Zach Out Injury/Illness - "
2026-02-09,"Morant, Ja",Out,Injury/Illness -,"Morant, Ja Out Injury/Illness - "
2026-02-09,"Butler III, Jimmy",Out,Injury/Illness -,"Butler III, Jimmy Out Injury/Illness - "
2026-02-09,"Cryer, LJ",Out,Injury/Illness -,"Cryer, LJ Out Injury/Illness - "
2026-02-09,"Curry, Seth",Out,Injury/Illness -,"Curry, Seth Out Injury/Illness - "
2026-02-09,"Curry, Stephen",Out,Injury/Illness -,"Curry, Stephen Out Injury/Illness - "
2026-02-09,"Porzingis, Kristaps",Out,Injury/Illness -,"Porzingis, Kristaps Out Injury/Illness - "
2026-02-09,"Richard, Will",Questionable,Injury/Illness -,"Richard, Will Questionable Injury/Illness - "
2026-02-09,"Alexander, Shai",Out,Injury/Illness -,"Alexander, Shai Out Injury/Illness - "
2026-02-09,"Mitchell, Ajay",Out,Injury/Illness -,"Mitchell, Ajay Out Injury/Illness - "
2026-02-09,"Sorber, Thomas",Out,Injury/Illness -,"Sorber, Thomas Out Injury/Illness - "
2026-02-09,"Topic, Nikola",Out,Injury/Illness -,"Topic, Nikola Out Injury/Illness - "
2026-02-09,"Ayton, Deandre",Available,Injury/Illness -,"Ayton, Deandre Available Injury/Illness - "
2026-02-09,"Doncic, Luka",Out,Injury/Illness -,"Doncic, Luka Out Injury/Illness - "
2026-02-09,"Knecht, Dalton",Questionable,Injury/Illness -,"Knecht, Dalton Questionable Injury/Illness - "
2026-02-09,"Thiero, Adou",Out,Injury/Illness -,"Thiero, Adou Out Injury/Illness - "
2026-02-09,"Embiid, Joel",Questionable,Injury/Illness -,"Embiid, Joel Questionable Injury/Illness - "
2026-02-09,"George, Paul",Out,League,"George, Paul Out League "
2026-02-09,"Grimes, Quentin",Questionable,Injury/Illness -,"Grimes, Quentin Questionable Injury/Illness - "
2026-02-09,"Oubre Jr., Kelly",Available,Injury/Illness -,"Oubre Jr., Kelly Available Injury/Illness - "
2026-02-09,"Avdija, Deni",Questionable,Injury/Illness -,"Avdija, Deni Questionable Injury/Illness - "
2026-02-09,"Henderson, Scoot",Probable,Injury/Illness -,"Henderson, Scoot Probable Injury/Illness - "
2026-02-09,"Lillard, Damian",Out,Injury/Illness -,"Lillard, Damian Out Injury/Illness - "
2026-02-09,"Murray, Kris",Out,Injury/Illness -,"Murray, Kris Out Injury/Illness - "
2026-02-09,"Sharpe, Shaedon",Out,Injury/Illness -,"Sharpe, Shaedon Out Injury/Illness - "
2026-02-09,"Thybulle, Matisse",Out,Injury/Illness -,"Thybulle, Matisse Out Injury/Illness - "
2026-02-09,"Williams III, Robert",Questionable,Injury/Illness -,"Williams III, Robert Questionable Injury/Illness - "
2026-02-09,"Furphy, Johnny",Out,Injury/Illness -,"Furphy, Johnny Out Injury/Illness - "
2026-02-09,"Haliburton, Tyrese",Out,Injury/Illness -,"Haliburton, Tyrese Out Injury/Illness - "
2026-02-09,"Jackson, Quenton",Questionable,G,"Jackson, Quenton Questionable G "
2026-02-09,"Nesmith, Aaron",Questionable,Injury/Illness -,"Nesmith, Aaron Questionable Injury/Illness - "
2026-02-09,"Peter, Taelon",Questionable,G,"Peter, Taelon Questionable G "
2026-02-09,"Potter, Micah",Questionable,Injury/Illness -,"Potter, Micah Questionable Injury/Illness - "
2026-02-09,"Thompson, Ethan",Questionable,G,"Thompson, Ethan Questionable G "
2026-02-09,"Toppin, Obi",Out,Injury/Illness -,"Toppin, Obi Out Injury/Illness - "
2026-02-09,"Zubac, Ivica",Questionable,Injury/Illness -,"Zubac, Ivica Questionable Injury/Illness - "
2026-02-09,"Anunoby, OG",Questionable,Injury/Illness -,"Anunoby, OG Questionable Injury/Illness - "
2026-02-09,"Dadiet, Pacome",Questionable,G,"Dadiet, Pacome Questionable G "
2026-02-09,"Jones, Dillon",Questionable,G,"Jones, Dillon Questionable G "
2026-02-09,"McBride, Miles",Out,Injury/Illness -,"McBride, Miles Out Injury/Illness - "
2026-02-09,"Robinson, Mitchell",Out,Injury/Illness -,"Robinson, Mitchell Out Injury/Illness - "
2026-02-09,"Adams, Steven",Out,Injury/Illness -,"Adams, Steven Out Injury/Illness - "
2026-02-09,"VanVleet, Fred",Out,Injury/Illness -,"VanVleet, Fred Out Injury/Illness - "
2026-02-10,"Furphy, Johnny",Out,Injury/Illness -,"Furphy, Johnny Out Injury/Illness - "
2026-02-10,"Haliburton, Tyrese",Out,Injury/Illness -,"Haliburton, Tyrese Out Injury/Illness - "
2026-02-10,"Jackson, Quenton",Questionable,G,"Jackson, Quenton Questionable G "
2026-02-10,"Nesmith, Aaron",Questionable,Injury/Illness -,"Nesmith, Aaron Questionable Injury/Illness - "
2026-02-10,"Peter, Taelon",Questionable,G,"Peter, Taelon Questionable G "
2026-02-10,"Potter, Micah",Questionable,Injury/Illness -,"Potter, Micah Questionable Injury/Illness - "
2026-02-10,"Thompson, Ethan",Questionable,G,"Thompson, Ethan Questionable G "
2026-02-10,"Toppin, Obi",Out,Injury/Illness -,"Toppin, Obi Out Injury/Illness - "
2026-02-10,"Walker, Jarace",Doubtful,Injury/Illness -,"Walker, Jarace Doubtful Injury/Illness - "
2026-02-10,"Zubac, Ivica",Questionable,Injury/Illness -,"Zubac, Ivica Questionable Injury/Illness - "
2026-02-10,"Anunoby, OG",Questionable,Injury/Illness -,"Anunoby, OG Questionable Injury/Illness - "
2026-02-10,"Dadiet, Pacome",Questionable,G,"Dadiet, Pacome Questionable G "
2026-02-10,"Jones, Dillon",Available,G,"Jones, Dillon Available G "
2026-02-10,"McBride, Miles",Out,Injury/Illness -,"McBride, Miles Out Injury/Illness - "
2026-02-10,"Robinson, Mitchell",Out,Injury/Illness -,"Robinson, Mitchell Out Injury/Illness - "
2026-02-10,"Beal, Bradley",Out,Injury/Illness -,"Beal, Bradley Out Injury/Illness - "
2026-02-10,"Garland, Darius",Out,Injury/Illness -,"Garland, Darius Out Injury/Illness - "
2026-02-10,"Adams, Steven",Out,Injury/Illness -,"Adams, Steven Out Injury/Illness - "
2026-02-10,"VanVleet, Fred",Out,Injury/Illness -,"VanVleet, Fred Out Injury/Illness - "
2026-02-10,"Cisse, Moussa",Doubtful,G,"Cisse, Moussa Doubtful G "
2026-02-10,"Irving, Kyrie",Out,Injury/Illness -,"Irving, Kyrie Out Injury/Illness - "
2026-02-10,"Kelly, Miles",Doubtful,G,"Kelly, Miles Doubtful G "
2026-02-10,"Lively II, Dereck",Out,Injury/Illness -,"Lively II, Dereck Out Injury/Illness - "
2026-02-10,"Nembhard, Ryan",Doubtful,G,"Nembhard, Ryan Doubtful G "
2026-02-10,"Thompson, Klay",Questionable,Rest,"Thompson, Klay Questionable Rest "
2026-02-10,"Allen, Grayson",Out,Injury/Illness -,"Allen, Grayson Out Injury/Illness - "
2026-02-10,"Anthony, Cole",Out,Not,"Anthony, Cole Out Not "
2026-02-10,"Livers, Isaiah",Out,Injury/Illness -,"Livers, Isaiah Out Injury/Illness - "
2026-02-10,"Ingram, Harrison",Out,G,"Ingram, Harrison Out G "
2026-02-10,"Garcia, David",Out,G,"Garcia, David Out G "
2026-02-10,"Umude, Stanley",Out,G,"Umude, Stanley Out G "
2026-02-10,"Waters III, Lindy",Out,Injury/Illness -,"Waters III, Lindy Out Injury/Illness - "
2026-02-10,"Ayton, Deandre",Questionable,Injury/Illness -,"Ayton, Deandre Questionable Injury/Illness - "
2026-02-10,"Doncic, Luka",Out,Injury/Illness -,"Doncic, Luka Out Injury/Illness - "
2026-02-10,"James, LeBron",Out,Injury/Illness -,"James, LeBron Out Injury/Illness - "
2026-02-10,"Reaves, Austin",Out,Injury/Illness -,"Reaves, Austin Out Injury/Illness - "
2026-02-10,"Smart, Marcus",Out,Injury/Illness -,"Smart, Marcus Out Injury/Illness - "
2026-02-10,"Daniels, Dyson",Questionable,Injury/Illness -,"Daniels, Dyson Questionable Injury/Illness - "
2026-02-10,"Dennis, RayJ",Doubtful,G,"Dennis, RayJ Doubtful G "
2026-02-10,"Djurisic, Nikola",Doubtful,G,"Djurisic, Nikola Doubtful G "
2026-02-10,"Houstan, Caleb",Doubtful,G,"Houstan, Caleb Doubtful G "
2026-02-10,"Johnson, Jalen",Questionable,Injury/Illness -,"Johnson, Jalen Questionable Injury/Illness - "
2026-02-10,"Kuminga, Jonathan",Out,Injury/Illness -,"Kuminga, Jonathan Out Injury/Illness - "
2026-02-10,"Okongwu, Onyeka",Available,Injury/Illness -,"Okongwu, Onyeka Available Injury/Illness - "
2026-02-10,"Risacher, Zaccharie",Questionable,Injury/Illness -,"Risacher, Zaccharie Questionable Injury/Illness - "
2026-02-10,"Evbuomwan, Tosan",Out,G,"Evbuomwan, Tosan Out G "
2026-02-10,"McNeeley, Liam",Out,Injury/Illness -,"McNeeley, Liam Out Injury/Illness - "
2026-02-10,"Reeves, Antonio",Out,G,"Reeves, Antonio Out G "
2026-02-10,"White, Coby",Out,Injury/Illness -,"White, Coby Out Injury/Illness - "
2026-02-10,"Antetokounmpo, Alex",Out,G,"Antetokounmpo, Alex Out G "
2026-02-10,"Antetokounmpo, Giannis",Out,Injury/Illness -,"Antetokounmpo, Giannis Out Injury/Illness - "
2026-02-10,"Nance, Pete",Questionable,Injury/Illness -,"Nance, Pete Questionable Injury/Illness - "
2026-02-10,"Prince, Taurean",Out,Injury/Illness -,"Prince, Taurean Out Injury/Illness - "
2026-02-10,"Castleton, Colin",Out,G,"Castleton, Colin Out G "
2026-02-10,"Coulibaly, Bilal",Questionable,Injury/Illness -,"Coulibaly, Bilal Questionable Injury/Illness - "
2026-02-10,"Davis, Anthony",Out,Injury/Illness -,"Davis, Anthony Out Injury/Illness - "
2026-02-10,"George, Kyshawn",Questionable,Injury/Illness -,"George, Kyshawn Questionable Injury/Illness - "
2026-02-10,"Gill, Anthony",Questionable,Injury/Illness -,"Gill, Anthony Questionable Injury/Illness - "
2026-02-10,"Russell, D'Angelo",Out,Not,"Russell, D'Angelo Out Not "
2026-02-10,"Whitmore, Cam",Out,Injury/Illness -,"Whitmore, Cam Out Injury/Illness - "
2026-02-10,"Young, Trae",Out,Injury/Illness -,"Young, Trae Out Injury/Illness - "
2026-02-10,"Miller, Emanuel",Out,G,"Miller, Emanuel Out G "
2026-02-10,"Mobley, Evan",Out,Injury/Illness -,"Mobley, Evan Out Injury/Illness - "
2026-02-10,"Strus, Max",Out,Injury/Illness -,"Strus, Max Out Injury/Illness - "
2026-02-10,"Wade, Dean",Out,Injury/Illness -,"Wade, Dean Out Injury/Illness - "
2026-02-10,"Collins, Zach",Out,Injury/Illness -,"Collins, Zach Out Injury/Illness - "
2026-02-10,"Essengue, Noa",Out,Injury/Illness -,"Essengue, Noa Out Injury/Illness - "
2026-02-10,"Giddey, Josh",Doubtful,Injury/Illness -,"Giddey, Josh Doubtful Injury/Illness - "
2026-02-10,"Jones, Tre",Doubtful,Injury/Illness -,"Jones, Tre Doubtful Injury/Illness - "
2026-02-10,"Kawamura, Yuki",Out,G,"Kawamura, Yuki Out G "
2026-02-10,"McClung, Mac",Out,G,"McClung, Mac Out G "
2026-02-10,"Smith, Jalen",Doubtful,Injury/Illness -,"Smith, Jalen Doubtful Injury/Illness - "
2026-02-10,"Hauser, Sam",Probable,Injury/Illness -,"Hauser, Sam Probable Injury/Illness - "
2026-02-10,"Queta, Neemias",Probable,Injury/Illness -,"Queta, Neemias Probable Injury/Illness - "
2026-02-10,"Shulga, Max",Out,G,"Shulga, Max Out G "
2026-02-10,"Tatum, Jayson",Out,Injury/Illness -,"Tatum, Jayson Out Injury/Illness - "
2026-02-10,"Tonje, John",Out,G,"Tonje, John Out G "
2026-02-10,"Holland II, Ronald",Out,Personal,"Holland II, Ronald Out Personal "
2026-02-10,"Jones, Isaac",Out,G,"Jones, Isaac Out G "
2026-02-10,"Moore Jr., Wendell",Out,G,"Moore Jr., Wendell Out G "
2026-02-10,"Hepburn, Chucky",Out,G,"Hepburn, Chucky Out G "
2026-02-10,"Mogbo, Jonathan",Out,G,"Mogbo, Jonathan Out G "
2026-02-10,"Boyles, Collin",Out,Injury/Illness -,"Boyles, Collin Out Injury/Illness - "
2026-02-10,"Paul, Chris",Out,Not,"Paul, Chris Out Not "
2026-02-10,"Poeltl, Jakob",Questionable,Return to,"Poeltl, Jakob Questionable Return to "
2026-02-10,"Clowney, Noah",Probable,Injury/Illness -,"Clowney, Noah Probable Injury/Illness - "
2026-02-10,"Etienne, Tyson",Out,G,"Etienne, Tyson Out G "
2026-02-10,"Johnson, Chaney",Out,G,"Johnson, Chaney Out G "
2026-02-10,"Porter Jr., Michael",Out,Injury/Illness -,"Porter Jr., Michael Out Injury/Illness - "
2026-02-10,"Barlow, Dominick",Questionable,Injury/Illness -,"Barlow, Dominick Questionable Injury/Illness - "
2026-02-10,"Embiid, Joel",Questionable,Injury/Illness -,"Embiid, Joel Questionable Injury/Illness - "
2026-02-10,"George, Paul",Out,League,"George, Paul Out League "
2026-02-10,"Grimes, Quentin",Questionable,Injury/Illness -,"Grimes, Quentin Questionable Injury/Illness - "
2026-02-10,"Oubre Jr., Kelly",Available,Injury/Illness -,"Oubre Jr., Kelly Available Injury/Illness - "
2026-02-10,"Goldin, Vladislav",Out,G,"Goldin, Vladislav Out G "
2026-02-10,"Herro, Tyler",Out,Injury/Illness -,"Herro, Tyler Out Injury/Illness - "
2026-02-10,"Jakucionis, Kasparas",Available,Injury/Illness -,"Jakucionis, Kasparas Available Injury/Illness - "
2026-02-10,"Jaquez Jr., Jaime",Available,Injury/Illness -,"Jaquez Jr., Jaime Available Injury/Illness - "
2026-02-10,"Johnson, Keshad",Out,G,"Johnson, Keshad Out G "
2026-02-10,"Jovic, Nikola",Available,Injury/Illness -,"Jovic, Nikola Available Injury/Illness - "
2026-02-10,"Larsson, Pelle",Out,Injury/Illness -,"Larsson, Pelle Out Injury/Illness - "
2026-02-10,"Powell, Norman",Out,Injury/Illness -,"Powell, Norman Out Injury/Illness - "
2026-02-10,"Rozier, Terry",Out,Not,"Rozier, Terry Out Not "
2026-02-10,"Smith, Dru",Available,Injury/Illness -,"Smith, Dru Available Injury/Illness - "
2026-02-10,"Wiggins, Andrew",Questionable,Injury/Illness -,"Wiggins, Andrew Questionable Injury/Illness - "
2026-02-10,"Alexander, Trey",Out,G,"Alexander, Trey Out G "
2026-02-10,"Dickinson, Hunter",Out,G,"Dickinson, Hunter Out G "
2026-02-10,"Murray, Dejounte",Out,Injury/Illness -,"Murray, Dejounte Out Injury/Illness - "
2026-02-10,"Peavy, Micah",Questionable,Injury/Illness -,"Peavy, Micah Questionable Injury/Illness - "
2026-02-10,"Juzang, Johnny",Out,G,"Juzang, Johnny Out G "
2026-02-10,"Shannon Jr., Terrence",Out,G,"Shannon Jr., Terrence Out G "
2026-02-10,"Zikarsky, Rocco",Out,G,"Zikarsky, Rocco Out G "
2026-02-11,"Daniels, Dyson",Available,Injury/Illness -,"Daniels, Dyson Available Injury/Illness - "
2026-02-11,"Dennis, RayJ",Out,G,"Dennis, RayJ Out G "
2026-02-11,"Djurisic, Nikola",Out,Coach's,"Djurisic, Nikola Out Coach's "
2026-02-11,"Houstan, Caleb",Out,G,"Houstan, Caleb Out G "
2026-02-11,"Johnson, Jalen",Available,Injury/Illness -,"Johnson, Jalen Available Injury/Illness - "
2026-02-11,"Kuminga, Jonathan",Out,Injury/Illness -,"Kuminga, Jonathan Out Injury/Illness - "
2026-02-11,"Okongwu, Onyeka",Available,Injury/Illness -,"Okongwu, Onyeka Available Injury/Illness - "
2026-02-11,"Risacher, Zaccharie",Available,Injury/Illness -,"Risacher, Zaccharie Available Injury/Illness - "
2026-02-11,"Bridges, Miles",Out,League,"Bridges, Miles Out League "
2026-02-11,"Diabate, Moussa",Out,League,"Diabate, Moussa Out League "
2026-02-11,"Evbuomwan, Tosan",Out,G,"Evbuomwan, Tosan Out G "
2026-02-11,"McNeeley, Liam",Out,Injury/Illness -,"McNeeley, Liam Out Injury/Illness - "
2026-02-11,"Reeves, Antonio",Out,G,"Reeves, Antonio Out G "
2026-02-11,"White, Coby",Out,Injury/Illness -,"White, Coby Out Injury/Illness - "
2026-02-11,"Antetokounmpo, Alex",Out,G,"Antetokounmpo, Alex Out G "
2026-02-11,"Antetokounmpo, Giannis",Out,Injury/Illness -,"Antetokounmpo, Giannis Out Injury/Illness - "
2026-02-11,"Nance, Pete",Available,Injury/Illness -,"Nance, Pete Available Injury/Illness - "
2026-02-11,"Prince, Taurean",Out,Injury/Illness -,"Prince, Taurean Out Injury/Illness - "
2026-02-11,"Rollins, Ryan",Out,Injury/Illness -,"Rollins, Ryan Out Injury/Illness - "
2026-02-11,"Castleton, Colin",Out,G,"Castleton, Colin Out G "
2026-02-11,"Howard, Jett",Out,Injury/Illness -,"Howard, Jett Out Injury/Illness - "
2026-02-11,"Coulibaly, Bilal",Available,Injury/Illness -,"Coulibaly, Bilal Available Injury/Illness - "
2026-02-11,"Davis, Anthony",Out,Injury/Illness -,"Davis, Anthony Out Injury/Illness - "
2026-02-11,"George, Kyshawn",Available,Injury/Illness -,"George, Kyshawn Available Injury/Illness - "
2026-02-11,"Gill, Anthony",Available,Injury/Illness -,"Gill, Anthony Available Injury/Illness - "
2026-02-11,"Russell, D'Angelo",Out,Not,"Russell, D'Angelo Out Not "
2026-02-11,"Sarr, Alex",Questionable,Injury/Illness -,"Sarr, Alex Questionable Injury/Illness - "
2026-02-11,"Vukcevic, Tristan",Out,Injury/Illness -,"Vukcevic, Tristan Out Injury/Illness - "
2026-02-11,"Whitmore, Cam",Out,Injury/Illness -,"Whitmore, Cam Out Injury/Illness - "
2026-02-11,"Young, Trae",Out,Injury/Illness -,"Young, Trae Out Injury/Illness - "
2026-02-11,"Miller, Emanuel",Out,G,"Miller, Emanuel Out G "
2026-02-11,"Mobley, Evan",Out,Injury/Illness -,"Mobley, Evan Out Injury/Illness - "
2026-02-11,"Strus, Max",Out,Injury/Illness -,"Strus, Max Out Injury/Illness - "
2026-02-11,"Wade, Dean",Out,Injury/Illness -,"Wade, Dean Out Injury/Illness - "
2026-02-11,"Collins, Zach",Out,Injury/Illness -,"Collins, Zach Out Injury/Illness - "
2026-02-11,"Essengue, Noa",Out,Injury/Illness -,"Essengue, Noa Out Injury/Illness - "
2026-02-11,"Giddey, Josh",Out,Injury/Illness -,"Giddey, Josh Out Injury/Illness - "
2026-02-11,"Jones, Tre",Out,Injury/Illness -,"Jones, Tre Out Injury/Illness - "
2026-02-11,"Kawamura, Yuki",Out,G,"Kawamura, Yuki Out G "
2026-02-11,"McClung, Mac",Out,G,"McClung, Mac Out G "
2026-02-11,"Okoro, Isaac",Out,Injury/Illness -,"Okoro, Isaac Out Injury/Illness - "
2026-02-11,"Smith, Jalen",Out,Injury/Illness -,"Smith, Jalen Out Injury/Illness - "
2026-02-11,"Hauser, Sam",Available,Injury/Illness -,"Hauser, Sam Available Injury/Illness - "
2026-02-11,"Queta, Neemias",Available,Injury/Illness -,"Queta, Neemias Available Injury/Illness - "
2026-02-11,"Shulga, Max",Out,G,"Shulga, Max Out G "
2026-02-11,"Tatum, Jayson",Out,Injury/Illness -,"Tatum, Jayson Out Injury/Illness - "
2026-02-11,"Tonje, John",Out,G,"Tonje, John Out G "
2026-02-11,"Duren, Jalen",Out,League,"Duren, Jalen Out League "
2026-02-11,"Holland II, Ronald",Out,Personal,"Holland II, Ronald Out Personal "
2026-02-11,"Jones, Isaac",Out,G,"Jones, Isaac Out G "
2026-02-11,"Moore Jr., Wendell",Out,G,"Moore Jr., Wendell Out G "
2026-02-11,"Stewart, Isaiah",Out,League,"Stewart, Isaiah Out League "
2026-02-11,"Hepburn, Chucky",Out,G,"Hepburn, Chucky Out G "
2026-02-11,"Mogbo, Jonathan",Out,G,"Mogbo, Jonathan Out G "
2026-02-11,"Boyles, Collin",Out,Injury/Illness -,"Boyles, Collin Out Injury/Illness - "
2026-02-11,"Paul, Chris",Out,Not,"Paul, Chris Out Not "
2026-02-11,"Poeltl, Jakob",Questionable,Return to,"Poeltl, Jakob Questionable Return to "
2026-02-11,"Furphy, Johnny",Out,Injury/Illness -,"Furphy, Johnny Out Injury/Illness - "
2026-02-11,"Haliburton, Tyrese",Out,Injury/Illness -,"Haliburton, Tyrese Out Injury/Illness - "
2026-02-11,"Jackson, Quenton",Probable,G,"Jackson, Quenton Probable G "
2026-02-11,"Nembhard, Andrew",Out,Injury/Illness -,"Nembhard, Andrew Out Injury/Illness - "
2026-02-11,"Nesmith, Aaron",Out,Injury/Illness -,"Nesmith, Aaron Out Injury/Illness - "
2026-02-11,"Peter, Taelon",Probable,G,"Peter, Taelon Probable G "
2026-02-11,"Potter, Micah",Questionable,Injury/Illness -,"Potter, Micah Questionable Injury/Illness - "
2026-02-11,"Siakam, Pascal",Out,Injury/Illness -,"Siakam, Pascal Out Injury/Illness - "
2026-02-11,"Thompson, Ethan",Probable,G,"Thompson, Ethan Probable G "
2026-02-11,"Toppin, Obi",Out,Injury/Illness -,"Toppin, Obi Out Injury/Illness - "
2026-02-11,"Walker, Jarace",Questionable,Injury/Illness -,"Walker, Jarace Questionable Injury/Illness - "
2026-02-11,"Zubac, Ivica",Out,Injury/Illness -,"Zubac, Ivica Out Injury/Illness - "
2026-02-11,"Claxton, Nic",Doubtful,Injury/Illness -,"Claxton, Nic Doubtful Injury/Illness - "
2026-02-11,"Clowney, Noah",Probable,Injury/Illness -,"Clowney, Noah Probable Injury/Illness - "
2026-02-11,"Etienne, Tyson",Out,G,"Etienne, Tyson Out G "
2026-02-11,"Johnson, Chaney",Out,G,"Johnson, Chaney Out G "
2026-02-11,"Porter Jr., Michael",Out,Injury/Illness -,"Porter Jr., Michael Out Injury/Illness - "
2026-02-11,"Anunoby, OG",Out,Injury/Illness -,"Anunoby, OG Out Injury/Illness - "
2026-02-11,"Dadiet, Pacome",Out,G,"Dadiet, Pacome Out G "
2026-02-11,"McBride, Miles",Out,Injury/Illness -,"McBride, Miles Out Injury/Illness - "
2026-02-11,"Barlow, Dominick",Questionable,Injury/Illness -,"Barlow, Dominick Questionable Injury/Illness - "
2026-02-11,"Embiid, Joel",Questionable,Injury/Illness -,"Embiid, Joel Questionable Injury/Illness - "
2026-02-11,"George, Paul",Out,League,"George, Paul Out League "
2026-02-11,"Grimes, Quentin",Questionable,Injury/Illness -,"Grimes, Quentin Questionable Injury/Illness - "
2026-02-11,"Oubre Jr., Kelly",Available,Injury/Illness -,"Oubre Jr., Kelly Available Injury/Illness - "
2026-02-11,"Batum, Nicolas",Out,Rest,"Batum, Nicolas Out Rest "
2026-02-11,"Beal, Bradley",Out,Injury/Illness -,"Beal, Bradley Out Injury/Illness - "
2026-02-11,"Garland, Darius",Out,Injury/Illness -,"Garland, Darius Out Injury/Illness - "
2026-02-11,"Adams, Steven",Out,Injury/Illness -,"Adams, Steven Out Injury/Illness - "
2026-02-11,"Eason, Tari",Questionable,Injury/Illness -,"Eason, Tari Questionable Injury/Illness - "
2026-02-11,"Smith, Dorian",Out,Injury/Illness -,"Smith, Dorian Out Injury/Illness - "
2026-02-11,"Sengun, Alperen",Probable,Injury/Illness -,"Sengun, Alperen Probable Injury/Illness - "
2026-02-11,"VanVleet, Fred",Out,Injury/Illness -,"VanVleet, Fred Out Injury/Illness - "
2026-02-11,"Goldin, Vladislav",Available,G,"Goldin, Vladislav Available G "
2026-02-11,"Herro, Tyler",Out,Injury/Illness -,"Herro, Tyler Out Injury/Illness - "
2026-02-11,"Jakucionis, Kasparas",Available,Injury/Illness -,"Jakucionis, Kasparas Available Injury/Illness - "
2026-02-11,"Jaquez Jr., Jaime",Available,Injury/Illness -,"Jaquez Jr., Jaime Available Injury/Illness - "
2026-02-11,"Johnson, Keshad",Available,G,"Johnson, Keshad Available G "
2026-02-11,"Jovic, Nikola",Available,Injury/Illness -,"Jovic, Nikola Available Injury/Illness - "
2026-02-11,"Larsson, Pelle",Out,Injury/Illness -,"Larsson, Pelle Out Injury/Illness - "
2026-02-11,"Powell, Norman",Out,Injury/Illness -,"Powell, Norman Out Injury/Illness - "
2026-02-11,"Rozier, Terry",Out,Not,"Rozier, Terry Out Not "
2026-02-11,"Smith, Dru",Available,Injury/Illness -,"Smith, Dru Available Injury/Illness - "
2026-02-11,"Wiggins, Andrew",Questionable,Injury/Illness -,"Wiggins, Andrew Questionable Injury/Illness - "
2026-02-11,"Alexander, Trey",Out,G,"Alexander, Trey Out G "
2026-02-11,"Dickinson, Hunter",Out,G,"Dickinson, Hunter Out G "
2026-02-11,"Murray, Dejounte",Out,Injury/Illness -,"Murray, Dejounte Out Injury/Illness - "
2026-02-11,"Peavy, Micah",Out,Injury/Illness -,"Peavy, Micah Out Injury/Illness - "
2026-02-11,"Lillard, Damian",Out,Injury/Illness -,"Lillard, Damian Out Injury/Illness - "
2026-02-11,"Murray, Kris",Out,Injury/Illness -,"Murray, Kris Out Injury/Illness - "
2026-02-11,"Sharpe, Shaedon",Out,Injury/Illness -,"Sharpe, Shaedon Out Injury/Illness - "
2026-02-11,"Thybulle, Matisse",Out,Injury/Illness -,"Thybulle, Matisse Out Injury/Illness - "
2026-02-11,"Edwards, Anthony",Questionable,Injury/Illness -,"Edwards, Anthony Questionable Injury/Illness - "
2026-02-11,"Juzang, Johnny",Out,G,"Juzang, Johnny Out G "
2026-02-11,"Shannon Jr., Terrence",Out,G,"Shannon Jr., Terrence Out G "
2026-02-11,"Zikarsky, Rocco",Out,G,"Zikarsky, Rocco Out G "
2026-02-11,"Aldama, Santi",Out,Injury/Illness -,"Aldama, Santi Out Injury/Illness - "
2026-02-11,"Clarke, Brandon",Out,Injury/Illness -,"Clarke, Brandon Out Injury/Illness - "
2026-02-11,"Clayton Jr., Walter",Doubtful,Injury/Illness -,"Clayton Jr., Walter Doubtful Injury/Illness - "
2026-02-11,"Coward, Cedric",Doubtful,Injury/Illness -,"Coward, Cedric Doubtful Injury/Illness - "
2026-02-11,"Edey, Zach",Out,Injury/Illness -,"Edey, Zach Out Injury/Illness - "
2026-02-11,"Morant, Ja",Out,Injury/Illness -,"Morant, Ja Out Injury/Illness - "
2026-02-11,"Bates, Tamar",Out,Injury/Illness -,"Bates, Tamar Out Injury/Illness - "
2026-02-11,"Braun, Christian",Probable,Injury/Illness -,"Braun, Christian Probable Injury/Illness - "
2026-02-11,"Gordon, Aaron",Out,Injury/Illness -,"Gordon, Aaron Out Injury/Illness - "
2026-02-11,"Jokic, Nikola",Probable,Injury/Illness -,"Jokic, Nikola Probable Injury/Illness - "
2026-02-11,"Jones, Curtis",Out,G,"Jones, Curtis Out G "
2026-02-11,"Jones, Spencer",Questionable,Concussion,"Jones, Spencer Questionable Concussion "
2026-02-11,"Murray, Jamal",Probable,Injury/Illness -,"Murray, Jamal Probable Injury/Illness - "
2026-02-11,"Watson, Peyton",Out,Injury/Illness -,"Watson, Peyton Out Injury/Illness - "
2026-02-11,"Barnhizer, Brooks",Out,G,"Barnhizer, Brooks Out G "
2026-02-11,"Alexander, Shai",Out,Injury/Illness -,"Alexander, Shai Out Injury/Illness - "
2026-02-11,"Mitchell, Ajay",Out,Injury/Illness -,"Mitchell, Ajay Out Injury/Illness - "
2026-02-11,"Sorber, Thomas",Out,Injury/Illness -,"Sorber, Thomas Out Injury/Illness - "
2026-02-11,"Topic, Nikola",Out,G,"Topic, Nikola Out G "
2026-02-11,"Allen, Grayson",Out,Injury/Illness -,"Allen, Grayson Out Injury/Illness - "
2026-02-11,"Anthony, Cole",Out,Not,"Anthony, Cole Out Not "
2026-02-11,"Booker, Devin",Questionable,Injury/Illness -,"Booker, Devin Questionable Injury/Illness - "
2026-02-11,"Green, Jalen",Questionable,Injury/Illness -,"Green, Jalen Questionable Injury/Illness - "
2026-02-11,"Livers, Isaiah",Out,Injury/Illness -,"Livers, Isaiah Out Injury/Illness - "
2026-02-11,"Hunter, De'Andre",Out,Injury/Illness -,"Hunter, De'Andre Out Injury/Illness - "
2026-02-11,"LaVine, Zach",Out,Injury/Illness -,"LaVine, Zach Out Injury/Illness - "
2026-02-11,"Monk, Malik",Out,Injury/Illness -,"Monk, Malik Out Injury/Illness - "
2026-02-11,"Murray, Keegan",Out,Injury/Illness -,"Murray, Keegan Out Injury/Illness - "
2026-02-11,"Sabonis, Domantas",Out,Injury/Illness -,"Sabonis, Domantas Out Injury/Illness - "
2026-02-11,"Westbrook, Russell",Out,Injury/Illness -,"Westbrook, Russell Out Injury/Illness - "
2026-02-11,"George, Keyonte",Out,Injury/Illness -,"George, Keyonte Out Injury/Illness - "
2026-02-11,"Kessler, Walker",Out,Injury/Illness -,"Kessler, Walker Out Injury/Illness - "
2026-02-11,"Markkanen, Lauri",Available,Rest,"Markkanen, Lauri Available Rest "
2026-02-11,"Castle, Stephon",Questionable,Injury/Illness -,"Castle, Stephon Questionable Injury/Illness - "
2026-02-11,"Ingram, Harrison",Out,G,"Ingram, Harrison Out G "
2026-02-11,"Garcia, David",Out,G,"Garcia, David Out G "
2026-02-11,"Sochan, Jeremy",Out,Not,"Sochan, Jeremy Out Not "
2026-02-11,"Umude, Stanley",Out,G,"Umude, Stanley Out G "
2026-02-11,"Waters III, Lindy",Out,Injury/Illness -,"Waters III, Lindy Out Injury/Illness - "
2026-02-11,"Butler III, Jimmy",Out,Injury/Illness -,"Butler III, Jimmy Out Injury/Illness - "
2026-02-11,"Cryer, LJ",Out,Injury/Illness -,"Cryer, LJ Out Injury/Illness - "
2026-02-11,"Curry, Seth",Out,Injury/Illness -,"Curry, Seth Out Injury/Illness - "
2026-02-11,"Curry, Stephen",Out,Injury/Illness -,"Curry, Stephen Out Injury/Illness - "
2026-02-11,"Melton, De'Anthony",Questionable,Injury/Illness -,"Melton, De'Anthony Questionable Injury/Illness - "
2026-02-11,"Porzingis, Kristaps",Out,Injury/Illness -,"Porzingis, Kristaps Out Injury/Illness - "
2026-02-11,"Richard, Will",Questionable,Injury/Illness -,"Richard, Will Questionable Injury/Illness - "
2026-02-12,"Antetokounmpo, Alex",Out,G,"Antetokounmpo, Alex Out G "
2026-02-12,"Antetokounmpo, Giannis",Out,Injury/Illness -,"Antetokounmpo, Giannis Out Injury/Illness - "
2026-02-12,"Kuzma, Kyle",Questionable,Injury/Illness -,"Kuzma, Kyle Questionable Injury/Illness - "
2026-02-12,"Prince, Taurean",Out,Injury/Illness -,"Prince, Taurean Out Injury/Illness - "
2026-02-12,"Rollins, Ryan",Questionable,Injury/Illness -,"Rollins, Ryan Questionable Injury/Illness - "
2026-02-12,"Carlson, Branden",Out,Injury/Illness -,"Carlson, Branden Out Injury/Illness - "
2026-02-12,"Alexander, Shai",Out,Injury/Illness -,"Alexander, Shai Out Injury/Illness - "
2026-02-12,"Hartenstein, Isaiah",Out,Injury/Illness -,"Hartenstein, Isaiah Out Injury/Illness - "
2026-02-12,"Mitchell, Ajay",Out,Injury/Illness -,"Mitchell, Ajay Out Injury/Illness - "
2026-02-12,"Sorber, Thomas",Out,Injury/Illness -,"Sorber, Thomas Out Injury/Illness - "
2026-02-12,"Williams, Jalen",Out,Injury/Illness -,"Williams, Jalen Out Injury/Illness - "
2026-02-12,"Avdija, Deni",Questionable,Injury/Illness -,"Avdija, Deni Questionable Injury/Illness - "
2026-02-12,"Lillard, Damian",Out,Injury/Illness -,"Lillard, Damian Out Injury/Illness - "
2026-02-12,"Murray, Kris",Out,Injury/Illness -,"Murray, Kris Out Injury/Illness - "
2026-02-12,"Sharpe, Shaedon",Out,Injury/Illness -,"Sharpe, Shaedon Out Injury/Illness - "
2026-02-12,"Thybulle, Matisse",Out,Injury/Illness -,"Thybulle, Matisse Out Injury/Illness - "
2026-02-12,"Williams III, Robert",Questionable,Injury/Illness -,"Williams III, Robert Questionable Injury/Illness - "
2026-02-12,"George, Keyonte",Out,Injury/Illness -,"George, Keyonte Out Injury/Illness - "
2026-02-12,"Jackson Jr., Jaren",Out,Injury/Illness -,"Jackson Jr., Jaren Out Injury/Illness - "
2026-02-12,"Kessler, Walker",Out,Injury/Illness -,"Kessler, Walker Out Injury/Illness - "
2026-02-12,"Markkanen, Lauri",Out,Rest 10:00 (,"Markkanen, Lauri Out Rest 10:00 ("
2026-02-12,"Cisse, Moussa",Doubtful,G,"Cisse, Moussa Doubtful G "
2026-02-12,"Flagg, Cooper",Out,Injury/Illness -,"Flagg, Cooper Out Injury/Illness - "
2026-02-12,"Irving, Kyrie",Out,Injury/Illness -,"Irving, Kyrie Out Injury/Illness - "
2026-02-12,"Kelly, Miles",Doubtful,G,"Kelly, Miles Doubtful G "
2026-02-12,"Lively II, Dereck",Out,Injury/Illness -,"Lively II, Dereck Out Injury/Illness - "
2026-02-12,"Marshall, Naji",Probable,Injury/Illness -,"Marshall, Naji Probable Injury/Illness - "
2026-02-12,"Martin, Caleb",Doubtful,Injury/Illness -,"Martin, Caleb Doubtful Injury/Illness - "
2026-02-12,"Nembhard, Ryan",Doubtful,G,"Nembhard, Ryan Doubtful G "
2026-02-12,"Ayton, Deandre",Out,Injury/Illness -,"Ayton, Deandre Out Injury/Illness - "
2026-02-12,"Doncic, Luka",Out,Injury/Illness -,"Doncic, Luka Out Injury/Illness - "
