report_date,player_name,current_status,reason,raw_snippet
2026-04-01,"Dennis, RayJ",Out,G,"Dennis, RayJ Out G "
2026-04-01,"Gilbert, Keshon",Out,G,"Gilbert, Keshon Out G "
2026-04-01,"Landale, Jock",Available,Injury/Illness -,"Landale, Jock Available Injury/Illness - "
2026-04-01,"Black, Anthony",Out,Injury/Illness -,"Black, Anthony Out Injury/Illness - "
2026-04-01,"Castleton, Colin",Out,G,"Castleton, Colin Out G "
2026-04-01,"Isaac, Jonathan",Out,Injury/Illness -,"Isaac, Jonathan Out Injury/Illness - "
2026-04-01,"Morales, Alex",Out,G,"Morales, Alex Out G "
2026-04-01,"Wagner, Franz",Available,Injury/Illness -,"Wagner, Franz Available Injury/Illness - "
2026-04-01,"Broome, Johni",Out,Injury/Illness -,"Broome, Johni Out Injury/Illness - "
2026-04-01,"Embiid, Joel",Out,Injury/Illness -,"Embiid, Joel Out Injury/Illness - "
2026-04-01,"Maxey, Tyrese",Available,Injury/Illness -,"Maxey, Tyrese Available Injury/Illness - "
2026-04-01,"Black, Leaky",Questionable,G,"Black, Leaky Questionable G "
2026-04-01,"Coulibaly, Bilal",Available,Injury/Illness -,"Coulibaly, Bilal Available Injury/Illness - "
2026-04-01,"Davis, Anthony",Out,Injury/Illness -,"Davis, Anthony Out Injury/Illness - "
2026-04-01,"George, Kyshawn",Out,Injury/Illness -,"George, Kyshawn Out Injury/Illness - "
2026-04-01,"Johnson, Tre",Available,Injury/Illness -,"Johnson, Tre Available Injury/Illness - "
2026-04-01,"Reese, Julian",Out,G,"Reese, Julian Out G "
2026-04-01,"Russell, D'Angelo",Out,Not,"Russell, D'Angelo Out Not "
2026-04-01,"Sarr, Alex",Out,Injury/Illness -,"Sarr, Alex Out Injury/Illness - "
2026-04-01,"Whitmore, Cam",Out,Injury/Illness -,"Whitmore, Cam Out Injury/Illness - "
2026-04-01,"Young, Trae",Out,Injury/Illness -,"Young, Trae Out Injury/Illness - "
2026-04-01,"Harper Jr., Ron",Available,Injury/Illness -,"Harper Jr., Ron Available Injury/Illness - "
2026-04-01,"Shulga, Max",Questionable,G,"Shulga, Max Questionable G "
2026-04-01,"Tonje, John",Questionable,G,"Tonje, John Questionable G "
2026-04-01,"Vucevic, Nikola",Out,Injury/Illness -,"Vucevic, Nikola Out Injury/Illness - "
2026-04-01,"Williams, Amari",Questionable,G,"Williams, Amari Questionable G "
2026-04-01,"Jaquez Jr., Jaime",Available,Injury/Illness -,"Jaquez Jr., Jaime Available Injury/Illness - "
2026-04-01,"Jovic, Nikola",Available,Injury/Illness -,"Jovic, Nikola Available Injury/Illness - "
2026-04-01,"Larsson, Pelle",Available,Injury/Illness -,"Larsson, Pelle Available Injury/Illness - "
2026-04-01,"Powell, Norman",Out,Injury/Illness -,"Powell, Norman Out Injury/Illness - "
2026-04-01,"Rozier, Terry",Out,Not,"Rozier, Terry Out Not "
2026-04-01,"Wiggins, Andrew",Probable,Injury/Illness -,"Wiggins, Andrew Probable Injury/Illness - "
2026-04-01,"Furphy, Johnny",Out,Injury/Illness -,"Furphy, Johnny Out Injury/Illness - "
2026-04-01,"Haliburton, Tyrese",Out,Injury/Illness -,"Haliburton, Tyrese Out Injury/Illness - "
2026-04-01,"Nembhard, Andrew",Out,Injury/Illness -,"Nembhard, Andrew Out Injury/Illness - "
2026-04-01,"Nesmith, Aaron",Out,Injury/Illness -,"Nesmith, Aaron Out Injury/Illness - "
2026-04-01,"Siakam, Pascal",Probable,Injury/Illness -,"Siakam, Pascal Probable Injury/Illness - "
2026-04-01,"Slawson, Jalen",Probable,G,"Slawson, Jalen Probable G "
2026-04-01,"Toppin, Obi",Probable,Injury/Illness -,"Toppin, Obi Probable Injury/Illness - "
2026-04-01,"Walker, Jarace",Out,Injury/Illness -,"Walker, Jarace Out Injury/Illness - "
2026-04-01,"Zubac, Ivica",Out,Injury/Illness -,"Zubac, Ivica Out Injury/Illness - "
2026-04-01,"Collins, Zach",Out,Injury/Illness -,"Collins, Zach Out Injury/Illness - "
2026-04-01,"Essengue, Noa",Out,Injury/Illness -,"Essengue, Noa Out Injury/Illness - "
2026-04-01,"Giddey, Josh",Questionable,Injury/Illness -,"Giddey, Josh Questionable Injury/Illness - "
2026-04-01,"Richards, Nick",Questionable,Injury/Illness -,"Richards, Nick Questionable Injury/Illness - "
2026-04-01,"Simons, Anfernee",Out,Injury/Illness -,"Simons, Anfernee Out Injury/Illness - "
2026-04-01,"Smith, Jalen",Out,Injury/Illness -,"Smith, Jalen Out Injury/Illness - "
2026-04-01,"Yabusele, Guerschon",Questionable,Injury/Illness -,"Yabusele, Guerschon Questionable Injury/Illness - "
2026-04-01,"Antetokounmpo, Giannis",Out,Injury/Illness -,"Antetokounmpo, Giannis Out Injury/Illness - "
2026-04-01,"Antetokounmpo, Thanasis",Out,Injury/Illness -,"Antetokounmpo, Thanasis Out Injury/Illness - "
2026-04-01,"Harris, Gary",Out,Personal,"Harris, Gary Out Personal "
2026-04-01,"Kuzma, Kyle",Out,Injury/Illness -,"Kuzma, Kyle Out Injury/Illness - "
2026-04-01,"Porter Jr., Kevin",Out,Injury/Illness -,"Porter Jr., Kevin Out Injury/Illness - "
2026-04-01,"Portis, Bobby",Out,Injury/Illness -,"Portis, Bobby Out Injury/Illness - "
2026-04-01,"Prince, Taurean",Out,Injury/Illness -,"Prince, Taurean Out Injury/Illness - "
2026-04-01,"Rollins, Ryan",Questionable,Injury/Illness -,"Rollins, Ryan Questionable Injury/Illness - "
2026-04-01,"Turner, Myles",Out,Injury/Illness -,"Turner, Myles Out Injury/Illness - "
2026-04-01,"Adams, Steven",Out,Injury/Illness -,"Adams, Steven Out Injury/Illness - "
2026-04-01,"Crawford, Isaiah",Out,G,"Crawford, Isaiah Out G "
2026-04-01,"Newton, Tristen",Out,G,"Newton, Tristen Out G "
2026-04-01,"VanVleet, Fred",Out,Injury/Illness -,"VanVleet, Fred Out Injury/Illness - "
2026-04-01,"Brunson, Jalen",Questionable,Injury/Illness -,"Brunson, Jalen Questionable Injury/Illness - "
2026-04-01,"McBride, Miles",Out,Injury/Illness -,"McBride, Miles Out Injury/Illness - "
2026-04-01,"Robinson, Mitchell",Out,Injury/Illness -,"Robinson, Mitchell Out Injury/Illness - "
2026-04-01,"Aldama, Santi",Out,Injury/Illness -,"Aldama, Santi Out Injury/Illness - "
2026-04-01,"Pope, Kentavious",Out,Injury/Illness -,"Pope, Kentavious Out Injury/Illness - "
2026-04-01,"Clarke, Brandon",Out,Injury/Illness -,"Clarke, Brandon Out Injury/Illness - "
2026-04-01,"Edey, Zach",Out,Injury/Illness -,"Edey, Zach Out Injury/Illness - "
2026-04-01,"Gibson, Taj",Questionable,Injury/Illness -,"Gibson, Taj Questionable Injury/Illness - "
2026-04-01,"Hendricks, Taylor",Doubtful,Injury/Illness -,"Hendricks, Taylor Doubtful Injury/Illness - "
2026-04-01,"Jerome, Ty",Out,Injury/Illness -,"Jerome, Ty Out Injury/Illness - "
2026-04-01,"Mashack, Jahmai",Available,Injury/Illness -,"Mashack, Jahmai Available Injury/Illness - "
2026-04-01,"Morant, Ja",Out,Injury/Illness -,"Morant, Ja Out Injury/Illness - "
2026-04-01,"Pippen Jr., Scotty",Out,Injury/Illness -,"Pippen Jr., Scotty Out Injury/Illness - "
2026-04-01,"Wells, Jaylen",Out,Injury/Illness -,"Wells, Jaylen Out Injury/Illness - "
2026-04-01,"Baldwin Jr., Patrick",Out,G,"Baldwin Jr., Patrick Out G "
2026-04-01,"Eubanks, Drew",Out,Injury/Illness -,"Eubanks, Drew Out Injury/Illness - "
2026-04-01,"Hunter, De'Andre",Out,Injury/Illness -,"Hunter, De'Andre Out Injury/Illness - "
2026-04-01,"Jeffries, DaQuan",Out,G,"Jeffries, DaQuan Out G "
2026-04-01,"LaVine, Zach",Out,Injury/Illness -,"LaVine, Zach Out Injury/Illness - "
2026-04-01,"Murray, Keegan",Out,Injury/Illness -,"Murray, Keegan Out Injury/Illness - "
2026-04-01,"Sabonis, Domantas",Out,Injury/Illness -,"Sabonis, Domantas Out Injury/Illness - "
2026-04-01,"Stevens, Isaiah",Out,G,"Stevens, Isaiah Out G "
2026-04-01,"Westbrook, Russell",Out,Injury/Illness -,"Westbrook, Russell Out Injury/Illness - "
2026-04-01,"Barnes, Scottie",Questionable,Injury/Illness -,"Barnes, Scottie Questionable Injury/Illness - "
2026-04-01,"Battle, Jamison",Out,Injury/Illness -,"Battle, Jamison Out Injury/Illness - "
2026-04-01,"Hepburn, Chucky",Out,G,"Hepburn, Chucky Out G "
2026-04-01,"Ingram, Brandon",Out,Injury/Illness -,"Ingram, Brandon Out Injury/Illness - "
2026-04-01,"Quickley, Immanuel",Out,Injury/Illness -,"Quickley, Immanuel Out Injury/Illness - "
2026-04-01,"Temple, Garrett",Questionable,Injury/Illness -,"Temple, Garrett Questionable Injury/Illness - "
2026-04-01,"Gordon, Aaron",Probable,Injury/Illness -,"Gordon, Aaron Probable Injury/Illness - "
2026-04-01,"Jones, Spencer",Out,Injury/Illness -,"Jones, Spencer Out Injury/Illness - "
2026-04-01,"Nnaji, Zeke",Out,Injury/Illness -,"Nnaji, Zeke Out Injury/Illness - "
2026-04-01,"Collier, Isaiah",Out,Injury/Illness -,"Collier, Isaiah Out Injury/Illness - "
2026-04-01,"George, Keyonte",Out,Injury/Illness -,"George, Keyonte Out Injury/Illness - "
2026-04-01,"Harkless, Elijah",Out,Injury/Illness -,"Harkless, Elijah Out Injury/Illness - "
2026-04-01,"Hinson, Blake",Out,G,"Hinson, Blake Out G "
2026-04-01,"Jackson Jr., Jaren",Out,Injury/Illness -,"Jackson Jr., Jaren Out Injury/Illness - "
2026-04-01,"Kessler, Walker",Out,Injury/Illness -,"Kessler, Walker Out Injury/Illness - "
2026-04-01,"Markkanen, Lauri",Out,Injury/Illness -,"Markkanen, Lauri Out Injury/Illness - "
2026-04-01,"Nurkic, Jusuf",Out,Injury/Illness -,"Nurkic, Jusuf Out Injury/Illness - "
2026-04-01,"Ingram, Harrison",Out,G,"Ingram, Harrison Out G "
2026-04-01,"Garcia, David",Out,G,"Garcia, David Out G "
2026-04-01,"Kornet, Luke",Out,Injury/Illness -,"Kornet, Luke Out Injury/Illness - "
2026-04-01,"Miller, Emanuel",Out,G,"Miller, Emanuel Out G "
2026-04-01,"Butler III, Jimmy",Out,Injury/Illness -,"Butler III, Jimmy Out Injury/Illness - "
2026-04-01,"Curry, Stephen",Out,Injury/Illness -,"Curry, Stephen Out Injury/Illness - "
2026-04-01,"Horford, Al",Out,Injury/Illness -,"Horford, Al Out Injury/Illness - "
2026-04-01,"Melton, De'Anthony",Out,Injury/Illness -,"Melton, De'Anthony Out Injury/Illness - "
2026-04-01,"Moody, Moses",Out,Injury/Illness -,"Moody, Moses Out Injury/Illness - "
2026-04-01,"Payton II, Gary",Questionable,Injury/Illness -,"Payton II, Gary Questionable Injury/Illness - "
2026-04-01,"Porzingis, Kristaps",Out,Injury/Illness -,"Porzingis, Kristaps Out Injury/Illness - "
2026-04-01,"Post, Quinten",Out,Injury/Illness -,"Post, Quinten Out Injury/Illness - "
2026-04-01,"Santos, Gui",Questionable,Injury/Illness -,"Santos, Gui Questionable Injury/Illness - "
2026-04-01,"Edwards, Anthony",Questionable,Injury/Illness -,"Edwards, Anthony Questionable Injury/Illness - "
2026-04-01,"Freeman, Enrique",Out,G,"Freeman, Enrique Out G "
2026-04-01,"McDaniels, Jaden",Out,Injury/Illness -,"McDaniels, Jaden Out Injury/Illness - "
2026-04-01,"Pullin, Zyon",Out,G,"Pullin, Zyon Out G "
2026-04-01,"Zikarsky, Rocco",Out,G,"Zikarsky, Rocco Out G "
2026-04-01,"Cunningham, Cade",Out,Injury/Illness -,"Cunningham, Cade Out Injury/Illness - "
2026-04-01,"Jones, Isaac",Out,G,"Jones, Isaac Out G "
2026-04-01,"Klintman, Bobi",Out,G,"Klintman, Bobi Out G "
2026-04-01,"Lanier, Chaz",Out,G,"Lanier, Chaz Out G "
2026-04-01,"Sasser, Marcus",Questionable,Injury/Illness -,"Sasser, Marcus Questionable Injury/Illness - "
2026-04-01,"Stewart, Isaiah",Out,Injury/Illness -,"Stewart, Isaiah Out Injury/Illness - "
2026-04-01,"Coffey, Amir",Out,Injury/Illness -,"Coffey, Amir Out Injury/Illness - "
2026-04-01,"Highsmith, Haywood",Out,Injury/Illness -,"Highsmith, Haywood Out Injury/Illness - "
2026-04-01,"Williams, Mark",Questionable,Injury/Illness -,"Williams, Mark Questionable Injury/Illness - "
2026-04-01,"Evbuomwan, Tosan",Out,G,"Evbuomwan, Tosan Out G "
2026-04-01,"Hall, PJ",Out,Injury/Illness -,"Hall, PJ Out Injury/Illness - "
2026-04-01,"McNeeley, Liam",Out,G,"McNeeley, Liam Out G "
2026-04-01,"Reeves, Antonio",Out,G,"Reeves, Antonio Out G "
2026-04-01,"Salaun, Tidjane",Out,G,"Salaun, Tidjane Out G "
2026-04-02,"Edwards, Anthony",Questionable,Injury/Illness -,"Edwards, Anthony Questionable Injury/Illness - "
2026-04-02,"Freeman, Enrique",Out,G,"Freeman, Enrique Out G "
2026-04-02,"McDaniels, Jaden",Out,Injury/Illness -,"McDaniels, Jaden Out Injury/Illness - "
2026-04-02,"Pullin, Zyon",Out,G,"Pullin, Zyon Out G "
2026-04-02,"Zikarsky, Rocco",Out,G,"Zikarsky, Rocco Out G "
2026-04-02,"Cunningham, Cade",Out,Injury/Illness -,"Cunningham, Cade Out Injury/Illness - "
2026-04-02,"Jones, Isaac",Out,G,"Jones, Isaac Out G "
2026-04-02,"Klintman, Bobi",Out,G,"Klintman, Bobi Out G "
2026-04-02,"Lanier, Chaz",Out,G,"Lanier, Chaz Out G "
2026-04-02,"Sasser, Marcus",Questionable,Injury/Illness -,"Sasser, Marcus Questionable Injury/Illness - "
2026-04-02,"Stewart, Isaiah",Out,Injury/Illness -,"Stewart, Isaiah Out Injury/Illness - "
2026-04-02,"Coffey, Amir",Out,Injury/Illness -,"Coffey, Amir Out Injury/Illness - "
2026-04-02,"Highsmith, Haywood",Out,Injury/Illness -,"Highsmith, Haywood Out Injury/Illness - "
2026-04-02,"Williams, Mark",Questionable,Injury/Illness -,"Williams, Mark Questionable Injury/Illness - "
2026-04-02,"Evbuomwan, Tosan",Out,G,"Evbuomwan, Tosan Out G "
2026-04-02,"Hall, PJ",Out,Injury/Illness -,"Hall, PJ Out Injury/Illness - "
2026-04-02,"McNeeley, Liam",Out,G,"McNeeley, Liam Out G "
2026-04-02,"Reeves, Antonio",Out,G,"Reeves, Antonio Out G "
2026-04-02,"Salaun, Tidjane",Out,G,"Salaun, Tidjane Out G "
2026-04-02,"Bufkin, Kobe",Out,G,"Bufkin, Kobe Out G "
2026-04-02,"Knecht, Dalton",Out,G,"Knecht, Dalton Out G "
2026-04-02,"Smart, Marcus",Out,Injury/Illness -,"Smart, Marcus Out Injury/Illness - "
2026-04-02,"Thiero, Adou",Out,G,"Thiero, Adou Out G "
2026-04-02,"Caruso, Alex",Questionable,Injury/Illness -,"Caruso, Alex Questionable Injury/Illness - "
2026-04-02,"Sorber, Thomas",Out,Injury/Illness -,"Sorber, Thomas Out Injury/Illness - "
2026-04-02,"Enaruna, Tristan",Out,G,"Enaruna, Tristan Out G "
2026-04-02,"Minix, Riley",Out,G,"Minix, Riley Out G "
2026-04-02,"Sarr, Olivier",Out,G,"Sarr, Olivier Out G "
2026-04-02,"Tyson, Jaylon",Out,Injury/Illness -,"Tyson, Jaylon Out Injury/Illness - "
2026-04-02,"Wade, Dean",Out,Injury/Illness -,"Wade, Dean Out Injury/Illness - "
2026-04-02,"Butler III, Jimmy",Out,Injury/Illness -,"Butler III, Jimmy Out Injury/Illness - "
2026-04-02,"Curry, Seth",Questionable,Injury/Illness -,"Curry, Seth Questionable Injury/Illness - "
2026-04-02,"Curry, Stephen",Out,Injury/Illness -,"Curry, Stephen Out Injury/Illness - "
2026-04-02,"Horford, Al",Out,Injury/Illness -,"Horford, Al Out Injury/Illness - "
2026-04-02,"Melton, De'Anthony",Questionable,Injury/Illness -,"Melton, De'Anthony Questionable Injury/Illness - "
2026-04-02,"Moody, Moses",Out,Injury/Illness -,"Moody, Moses Out Injury/Illness - "
2026-04-02,"Post, Quinten",Out,Injury/Illness -,"Post, Quinten Out Injury/Illness - "
2026-04-02,"Santos, Gui",Questionable,Injury/Illness -,"Santos, Gui Questionable Injury/Illness - "
2026-04-02,"Matkovic, Karlo",Out,Injury/Illness -,"Matkovic, Karlo Out Injury/Illness - "
2026-04-02,"McGowens, Bryce",Out,Injury/Illness -,"McGowens, Bryce Out Injury/Illness - "
2026-04-02,"Murphy III, Trey",Questionable,Injury/Illness -,"Murphy III, Trey Questionable Injury/Illness - "
2026-04-02,"Grant, Jerami",Out,Injury/Illness -,"Grant, Jerami Out Injury/Illness - "
2026-04-02,"Kent, Jayson",Questionable,G,"Kent, Jayson Questionable G "
2026-04-02,"Krejci, Vit",Out,Injury/Illness -,"Krejci, Vit Out Injury/Illness - "
2026-04-02,"Lillard, Damian",Out,Injury/Illness -,"Lillard, Damian Out Injury/Illness - "
2026-04-02,"Sharpe, Shaedon",Out,Injury/Illness -,"Sharpe, Shaedon Out Injury/Illness - "
2026-04-02,"Yang, Hansen",Doubtful,G,"Yang, Hansen Doubtful G "
2026-04-02,"Youngblood, Chris",Questionable,G,"Youngblood, Chris Questionable G "
2026-04-02,"Garcia, David",Out,G,"Garcia, David Out G "
2026-04-02,"Miller, Emanuel",Out,G,"Miller, Emanuel Out G "
2026-04-02,"Wembanyama, Victor",Out,Injury/Illness -,"Wembanyama, Victor Out Injury/Illness - "
2026-04-02,"Beal, Bradley",Out,Injury/Illness -,"Beal, Bradley Out Injury/Illness - "
2026-04-02,"Jackson, Isaiah",Out,Injury/Illness -,"Jackson, Isaiah Out Injury/Illness - "
2026-04-02,"Niederhauser, Yanic Konan",Out,Injury/Illness -,"Niederhauser, Yanic Konan Out Injury/Illness - "
2026-04-02,"Furphy, Johnny",Out,Injury/Illness -,"Furphy, Johnny Out Injury/Illness - "
2026-04-02,"Haliburton, Tyrese",Out,Injury/Illness -,"Haliburton, Tyrese Out Injury/Illness - "
2026-04-02,"Nembhard, Andrew",Out,Injury/Illness -,"Nembhard, Andrew Out Injury/Illness - "
2026-04-02,"Nesmith, Aaron",Out,Injury/Illness -,"Nesmith, Aaron Out Injury/Illness - "
2026-04-02,"Siakam, Pascal",Probable,Injury/Illness -,"Siakam, Pascal Probable Injury/Illness - "
2026-04-02,"Slawson, Jalen",Doubtful,G,"Slawson, Jalen Doubtful G "
2026-04-02,"Toppin, Obi",Probable,Injury/Illness -,"Toppin, Obi Probable Injury/Illness - "
2026-04-02,"Walker, Jarace",Out,Injury/Illness -,"Walker, Jarace Out Injury/Illness - "
2026-04-02,"Zubac, Ivica",Out,Injury/Illness -,"Zubac, Ivica Out Injury/Illness - "
2026-04-02,"Broome, Johni",Out,Injury/Illness -,"Broome, Johni Out Injury/Illness - "
2026-04-02,"Embiid, Joel",Doubtful,Injury/Illness -,"Embiid, Joel Doubtful Injury/Illness - "
2026-04-02,"Maxey, Tyrese",Available,Injury/Illness -,"Maxey, Tyrese Available Injury/Illness - "
2026-04-02,"Dennis, RayJ",Questionable,G,"Dennis, RayJ Questionable G "
2026-04-02,"Gilbert, Keshon",Questionable,G,"Gilbert, Keshon Questionable G "
2026-04-02,"Landale, Jock",Out,Injury/Illness -,"Landale, Jock Out Injury/Illness - "
2026-04-02,"Claxton, Nic",Probable,Injury/Illness -,"Claxton, Nic Probable Injury/Illness - "
2026-04-02,"Clowney, Noah",Probable,Injury/Illness -,"Clowney, Noah Probable Injury/Illness - "
2026-04-02,"Demin, Egor",Out,Injury/Illness -,"Demin, Egor Out Injury/Illness - "
2026-04-02,"Porter Jr., Michael",Out,Injury/Illness -,"Porter Jr., Michael Out Injury/Illness - "
2026-04-02,"Sharpe, Day'Ron",Out,Injury/Illness -,"Sharpe, Day'Ron Out Injury/Illness - "
2026-04-02,"Wolf, Danny",Out,Injury/Illness -,"Wolf, Danny Out Injury/Illness - "
2026-04-02,"Collins, Zach",Out,Injury/Illness -,"Collins, Zach Out Injury/Illness - "
2026-04-02,"Essengue, Noa",Out,Injury/Illness -,"Essengue, Noa Out Injury/Illness - "
2026-04-02,"Giddey, Josh",Questionable,Injury/Illness -,"Giddey, Josh Questionable Injury/Illness - "
2026-04-02,"Jones, Tre",Questionable,Injury/Illness -,"Jones, Tre Questionable Injury/Illness - "
2026-04-02,"McClung, Mac",Probable,Injury/Illness -,"McClung, Mac Probable Injury/Illness - "
2026-04-02,"Olbrich, Lachlan",Probable,Injury/Illness -,"Olbrich, Lachlan Probable Injury/Illness - "
2026-04-02,"Richards, Nick",Questionable,Injury/Illness -,"Richards, Nick Questionable Injury/Illness - "
2026-04-02,"Simons, Anfernee",Out,Injury/Illness -,"Simons, Anfernee Out Injury/Illness - "
2026-04-02,"Smith, Jalen",Out,Injury/Illness -,"Smith, Jalen Out Injury/Illness - "
2026-04-02,"Yabusele, Guerschon",Probable,Injury/Illness -,"Yabusele, Guerschon Probable Injury/Illness - "
2026-04-02,"Vucevic, Nikola",Out,Injury/Illness -,"Vucevic, Nikola Out Injury/Illness - "
2026-04-02,"Battle, Jamison",Questionable,Injury/Illness -,"Battle, Jamison Questionable Injury/Illness - "
2026-04-02,"Hepburn, Chucky",Out,Injury/Illness -,"Hepburn, Chucky Out Injury/Illness - "
2026-04-02,"Quickley, Immanuel",Out,Injury/Illness -,"Quickley, Immanuel Out Injury/Illness - "
2026-04-02,"Adams, Steven",Out,Injury/Illness -,"Adams, Steven Out Injury/Illness - "
2026-04-02,"Crawford, Isaiah",Out,G,"Crawford, Isaiah Out G "
2026-04-02,"Newton, Tristen",Out,G,"Newton, Tristen Out G "
2026-04-02,"VanVleet, Fred",Out,Injury/Illness -,"VanVleet, Fred Out Injury/Illness - "
2026-04-02,"Black, Anthony",Out,Injury/Illness -,"Black, Anthony Out Injury/Illness - "
2026-04-02,"Castleton, Colin",Out,G,"Castleton, Colin Out G "
2026-04-02,"Isaac, Jonathan",Out,Injury/Illness -,"Isaac, Jonathan Out Injury/Illness - "
2026-04-02,"Morales, Alex",Out,G,"Morales, Alex Out G "
2026-04-02,"Bagley III, Marvin",Doubtful,Injury/Illness -,"Bagley III, Marvin Doubtful Injury/Illness - "
2026-04-02,"Cisse, Moussa",Questionable,G,"Cisse, Moussa Questionable G "
2026-04-02,"Irving, Kyrie",Out,Injury/Illness -,"Irving, Kyrie Out Injury/Illness - "
2026-04-02,"Lively II, Dereck",Out,Injury/Illness -,"Lively II, Dereck Out Injury/Illness - "
2026-04-02,"Martin, Caleb",Doubtful,Injury/Illness -,"Martin, Caleb Doubtful Injury/Illness - "
2026-04-02,"Poulakidas, John",Probable,G,"Poulakidas, John Probable G "
2026-04-02,"Smith, Tyler",Probable,G,"Smith, Tyler Probable G "
2026-04-03,"Furphy, Johnny",Out,Injury/Illness -,"Furphy, Johnny Out Injury/Illness - "
2026-04-03,"Haliburton, Tyrese",Out,Injury/Illness -,"Haliburton, Tyrese Out Injury/Illness - "
2026-04-03,"Nembhard, Andrew",Out,Injury/Illness -,"Nembhard, Andrew Out Injury/Illness - "
2026-04-03,"Nesmith, Aaron",Out,Injury/Illness -,"Nesmith, Aaron Out Injury/Illness - "
2026-04-03,"Siakam, Pascal",Probable,Injury/Illness -,"Siakam, Pascal Probable Injury/Illness - "
2026-04-03,"Slawson, Jalen",Doubtful,G,"Slawson, Jalen Doubtful G "
2026-04-03,"Toppin, Obi",Probable,Injury/Illness -,"Toppin, Obi Probable Injury/Illness - "
2026-04-03,"Walker, Jarace",Out,Injury/Illness -,"Walker, Jarace Out Injury/Illness - "
2026-04-03,"Zubac, Ivica",Out,Injury/Illness -,"Zubac, Ivica Out Injury/Illness - "
2026-04-03,"Diabate, Moussa",Questionable,Injury/Illness -,"Diabate, Moussa Questionable Injury/Illness - "
2026-04-03,"Evbuomwan, Tosan",Out,G,"Evbuomwan, Tosan Out G "
2026-04-03,"Hall, PJ",Out,Injury/Illness -,"Hall, PJ Out Injury/Illness - "
2026-04-03,"McNeeley, Liam",Out,G,"McNeeley, Liam Out G "
2026-04-03,"Reeves, Antonio",Out,G,"Reeves, Antonio Out G "
2026-04-03,"Salaun, Tidjane",Out,G,"Salaun, Tidjane Out G "
2026-04-03,"Williams, Grant",Out,Injury/Illness -,"Williams, Grant Out Injury/Illness - "
2026-04-03,"Edwards, Anthony",Available,Injury/Illness -,"Edwards, Anthony Available Injury/Illness - "
2026-04-03,"Freeman, Enrique",Out,G,"Freeman, Enrique Out G "
2026-04-03,"McDaniels, Jaden",Out,Injury/Illness -,"McDaniels, Jaden Out Injury/Illness - "
2026-04-03,"Pullin, Zyon",Out,G,"Pullin, Zyon Out G "
2026-04-03,"Zikarsky, Rocco",Out,G,"Zikarsky, Rocco Out G "
2026-04-03,"Broome, Johni",Out,Injury/Illness -,"Broome, Johni Out Injury/Illness - "
2026-04-03,"Embiid, Joel",Probable,Injury/Illness -,"Embiid, Joel Probable Injury/Illness - "
2026-04-03,"Maxey, Tyrese",Available,Injury/Illness -,"Maxey, Tyrese Available Injury/Illness - "
2026-04-03,"Dennis, RayJ",Questionable,G,"Dennis, RayJ Questionable G "
2026-04-03,"Gilbert, Keshon",Questionable,G,"Gilbert, Keshon Questionable G "
2026-04-03,"Landale, Jock",Out,Injury/Illness -,"Landale, Jock Out Injury/Illness - "
2026-04-03,"Claxton, Nic",Available,Injury/Illness -,"Claxton, Nic Available Injury/Illness - "
2026-04-03,"Clowney, Noah",Available,Injury/Illness -,"Clowney, Noah Available Injury/Illness - "
2026-04-03,"Demin, Egor",Out,Injury/Illness -,"Demin, Egor Out Injury/Illness - "
2026-04-03,"Porter Jr., Michael",Out,Injury/Illness -,"Porter Jr., Michael Out Injury/Illness - "
2026-04-03,"Sharpe, Day'Ron",Out,Injury/Illness -,"Sharpe, Day'Ron Out Injury/Illness - "
2026-04-03,"Wolf, Danny",Out,Injury/Illness -,"Wolf, Danny Out Injury/Illness - "
2026-04-03,"Collins, Zach",Out,Injury/Illness -,"Collins, Zach Out Injury/Illness - "
2026-04-03,"Essengue, Noa",Out,Injury/Illness -,"Essengue, Noa Out Injury/Illness - "
2026-04-03,"Giddey, Josh",Probable,Injury/Illness -,"Giddey, Josh Probable Injury/Illness - "
2026-04-03,"Jones, Tre",Probable,Injury/Illness -,"Jones, Tre Probable Injury/Illness - "
2026-04-03,"McClung, Mac",Probable,Injury/Illness -,"McClung, Mac Probable Injury/Illness - "
2026-04-03,"Olbrich, Lachlan",Probable,Injury/Illness -,"Olbrich, Lachlan Probable Injury/Illness - "
2026-04-03,"Richards, Nick",Questionable,Injury/Illness -,"Richards, Nick Questionable Injury/Illness - "
2026-04-03,"Simons, Anfernee",Out,Injury/Illness -,"Simons, Anfernee Out Injury/Illness - "
2026-04-03,"Smith, Jalen",Out,Injury/Illness -,"Smith, Jalen Out Injury/Illness - "
2026-04-03,"Yabusele, Guerschon",Probable,Injury/Illness -,"Yabusele, Guerschon Probable Injury/Illness - "
2026-04-03,"Towns, Karl- Anthony",Questionable,Injury/Illness -,"Towns, Karl- Anthony Questionable Injury/Illness - "
2026-04-03,"Vucevic, Nikola",Out,Injury/Illness -,"Vucevic, Nikola Out Injury/Illness - "
2026-04-03,"Antetokounmpo, Giannis",Out,Injury/Illness -,"Antetokounmpo, Giannis Out Injury/Illness - "
2026-04-03,"Antetokounmpo, Thanasis",Questionable,Injury/Illness -,"Antetokounmpo, Thanasis Questionable Injury/Illness - "
2026-04-03,"Porter Jr., Kevin",Out,Injury/Illness -,"Porter Jr., Kevin Out Injury/Illness - "
2026-04-03,"Portis, Bobby",Out,Injury/Illness -,"Portis, Bobby Out Injury/Illness - "
2026-04-03,"Rollins, Ryan",Probable,Injury/Illness -,"Rollins, Ryan Probable Injury/Illness - "
2026-04-03,"Sims, Jericho",Probable,Injury/Illness -,"Sims, Jericho Probable Injury/Illness - "
2026-04-03,"Trent Jr., Gary",Questionable,Injury/Illness -,"Trent Jr., Gary Questionable Injury/Illness - "
2026-04-03,"Battle, Jamison",Questionable,Injury/Illness -,"Battle, Jamison Questionable Injury/Illness - "
2026-04-03,"Hepburn, Chucky",Out,Injury/Illness -,"Hepburn, Chucky Out Injury/Illness - "
2026-04-03,"Quickley, Immanuel",Out,Injury/Illness -,"Quickley, Immanuel Out Injury/Illness - "
2026-04-03,"Aldama, Santi",Out,Injury/Illness -,"Aldama, Santi Out Injury/Illness - "
2026-04-03,"Pope, Kentavious",Out,Injury/Illness -,"Pope, Kentavious Out Injury/Illness - "
2026-04-03,"Clarke, Brandon",Out,Injury/Illness -,"Clarke, Brandon Out Injury/Illness - "
2026-04-03,"Clayton Jr., Walter",Questionable,Injury/Illness -,"Clayton Jr., Walter Questionable Injury/Illness - "
2026-04-03,"Edey, Zach",Out,Injury/Illness -,"Edey, Zach Out Injury/Illness - "
2026-04-03,"Gibson, Taj",Doubtful,Injury/Illness -,"Gibson, Taj Doubtful Injury/Illness - "
2026-04-03,"Jerome, Ty",Out,Injury/Illness -,"Jerome, Ty Out Injury/Illness - "
2026-04-03,"Mashack, Jahmai",Available,Injury/Illness -,"Mashack, Jahmai Available Injury/Illness - "
2026-04-03,"Morant, Ja",Out,Injury/Illness -,"Morant, Ja Out Injury/Illness - "
2026-04-03,"Pippen Jr., Scotty",Out,Injury/Illness -,"Pippen Jr., Scotty Out Injury/Illness - "
2026-04-03,"Prosper, Olivier- Maxence",Doubtful,Injury/Illness -,"Prosper, Olivier- Maxence Doubtful Injury/Illness - "
2026-04-03,"Spencer, Cam",Out,Injury/Illness -,"Spencer, Cam Out Injury/Illness - "
2026-04-03,"Wells, Jaylen",Out,Injury/Illness -,"Wells, Jaylen Out Injury/Illness - "
2026-04-03,"Collier, Isaiah",Out,Injury/Illness -,"Collier, Isaiah Out Injury/Illness - "
2026-04-03,"George, Keyonte",Out,Injury/Illness -,"George, Keyonte Out Injury/Illness - "
2026-04-03,"Harkless, Elijah",Out,Injury/Illness -,"Harkless, Elijah Out Injury/Illness - "
2026-04-03,"Hinson, Blake",Out,G,"Hinson, Blake Out G "
2026-04-03,"Jackson Jr., Jaren",Out,Injury/Illness -,"Jackson Jr., Jaren Out Injury/Illness - "
2026-04-03,"Kessler, Walker",Out,Injury/Illness -,"Kessler, Walker Out Injury/Illness - "
2026-04-03,"Markkanen, Lauri",Out,Injury/Illness -,"Markkanen, Lauri Out Injury/Illness - "
2026-04-03,"Nurkic, Jusuf",Out,Injury/Illness -,"Nurkic, Jusuf Out Injury/Illness - "
2026-04-03,"Adams, Steven",Out,Injury/Illness -,"Adams, Steven Out Injury/Illness - "
2026-04-03,"Crawford, Isaiah",Out,G,"Crawford, Isaiah Out G "
2026-04-03,"Newton, Tristen",Out,G,"Newton, Tristen Out G "
2026-04-03,"VanVleet, Fred",Out,Injury/Illness -,"VanVleet, Fred Out Injury/Illness - "
2026-04-03,"Black, Anthony",Out,Injury/Illness -,"Black, Anthony Out Injury/Illness - "
2026-04-03,"Castleton, Colin",Out,G,"Castleton, Colin Out G "
2026-04-03,"Isaac, Jonathan",Out,Injury/Illness -,"Isaac, Jonathan Out Injury/Illness - "
2026-04-03,"Morales, Alex",Out,G,"Morales, Alex Out G "
2026-04-03,"Bagley III, Marvin",Doubtful,Injury/Illness -,"Bagley III, Marvin Doubtful Injury/Illness - "
2026-04-03,"Cisse, Moussa",Doubtful,G,"Cisse, Moussa Doubtful G "
2026-04-03,"Irving, Kyrie",Out,Injury/Illness -,"Irving, Kyrie Out Injury/Illness - "
2026-04-03,"Lively II, Dereck",Out,Injury/Illness -,"Lively II, Dereck Out Injury/Illness - "
2026-04-03,"Martin, Caleb",Doubtful,Injury/Illness -,"Martin, Caleb Doubtful Injury/Illness - "
2026-04-03,"Poulakidas, John",Probable,G,"Poulakidas, John Probable G "
2026-04-03,"Smith, Tyler",Probable,G,"Smith, Tyler Probable G "
2026-04-03,"Matkovic, Karlo",Questionable,Injury/Illness -,"Matkovic, Karlo Questionable Injury/Illness - "
2026-04-03,"McGowens, Bryce",Out,Injury/Illness -,"McGowens, Bryce Out Injury/Illness - "
2026-04-03,"Murphy III, Trey",Probable,Injury/Illness -,"Murphy III, Trey Probable Injury/Illness - "
2026-04-03,"Murray, Dejounte",Out,Injury/Illness -,"Murray, Dejounte Out Injury/Illness - "
2026-04-03,"Baldwin Jr., Patrick",Out,G,"Baldwin Jr., Patrick Out G "
2026-04-03,"Eubanks, Drew",Out,Injury/Illness -,"Eubanks, Drew Out Injury/Illness - "
2026-04-03,"Hunter, De'Andre",Out,Injury/Illness -,"Hunter, De'Andre Out Injury/Illness - "
2026-04-03,"LaVine, Zach",Out,Injury/Illness -,"LaVine, Zach Out Injury/Illness - "
2026-04-03,"Monk, Malik",Out,Personal,"Monk, Malik Out Personal "
2026-04-03,"Murray, Keegan",Out,Injury/Illness -,"Murray, Keegan Out Injury/Illness - "
2026-04-03,"Sabonis, Domantas",Out,Injury/Illness -,"Sabonis, Domantas Out Injury/Illness - "
2026-04-03,"Stevens, Isaiah",Out,G,"Stevens, Isaiah Out G "
2026-04-03,"Westbrook, Russell",Out,Injury/Illness -,"Westbrook, Russell Out Injury/Illness - "
2026-04-03,"Garcia, David",Out,Injury/Illness -,"Garcia, David Out Injury/Illness - "
2026-04-03,"Miller, Emanuel",Out,G,"Miller, Emanuel Out G "
2026-04-03,"Hardaway Jr., Tim",Probable,Injury/Illness -,"Hardaway Jr., Tim Probable Injury/Illness - "
2026-04-03,"Jones, Spencer",Out,Injury/Illness -,"Jones, Spencer Out Injury/Illness - "
2026-04-03,"Nnaji, Zeke",Out,Injury/Illness -,"Nnaji, Zeke Out Injury/Illness - "
2026-04-03,"Watson, Peyton",Out,Injury/Illness -,"Watson, Peyton Out Injury/Illness - "
2026-04-03,"Coulibaly, Bilal",Questionable,Injury/Illness -,"Coulibaly, Bilal Questionable Injury/Illness - "
2026-04-03,"Davis, Anthony",Out,Injury/Illness -,"Davis, Anthony Out Injury/Illness - "
2026-04-03,"George, Kyshawn",Out,Injury/Illness -,"George, Kyshawn Out Injury/Illness - "
2026-04-03,"Johnson, Tre",Questionable,Injury/Illness -,"Johnson, Tre Questionable Injury/Illness - "
2026-04-03,"Russell, D'Angelo",Out,Not,"Russell, D'Angelo Out Not "
2026-04-03,"Sarr, Alex",Questionable,Injury/Illness -,"Sarr, Alex Questionable Injury/Illness - "
2026-04-03,"Vukcevic, Tristan",Questionable,Injury/Illness -,"Vukcevic, Tristan Questionable Injury/Illness - "
2026-04-03,"Whitmore, Cam",Out,Injury/Illness -,"Whitmore, Cam Out Injury/Illness - "
2026-04-03,"Young, Trae",Out,Injury/Illness -,"Young, Trae Out Injury/Illness - "
2026-04-03,"Herro, Tyler",Probable,Injury/Illness -,"Herro, Tyler Probable Injury/Illness - "
2026-04-03,"Powell, Norman",Out,Return to,"Powell, Norman Out Return to "
2026-04-03,"Rozier, Terry",Out,Not,"Rozier, Terry Out Not "
2026-04-03,"Wiggins, Andrew",Available,Injury/Illness -,"Wiggins, Andrew Available Injury/Illness - "
2026-04-03,"Cunningham, Cade",Out,Injury/Illness -,"Cunningham, Cade Out Injury/Illness - "
2026-04-03,"Harris, Tobias",Questionable,Injury/Illness -,"Harris, Tobias Questionable Injury/Illness - "
2026-04-03,"Jones, Isaac",Questionable,G,"Jones, Isaac Questionable G "
2026-04-03,"Klintman, Bobi",Questionable,G,"Klintman, Bobi Questionable G "
2026-04-03,"Lanier, Chaz",Questionable,G,"Lanier, Chaz Questionable G "
2026-04-03,"Moore Jr., Wendell",Questionable,G,"Moore Jr., Wendell Questionable G "
2026-04-03,"Sasser, Marcus",Probable,Injury/Illness -,"Sasser, Marcus Probable Injury/Illness - "
2026-04-03,"Stewart, Isaiah",Out,Injury/Illness -,"Stewart, Isaiah Out Injury/Illness - "
2026-04-04,"Garcia, David",Out,Injury/Illness -,"Garcia, David Out Injury/Illness - "
2026-04-04,"Miller, Emanuel",Out,G,"Miller, Emanuel Out G "
2026-04-04,"Hardaway Jr., Tim",Available,Injury/Illness -,"Hardaway Jr., Tim Available Injury/Illness - "
2026-04-04,"Jones, Spencer",Out,Injury/Illness -,"Jones, Spencer Out Injury/Illness - "
2026-04-04,"Nnaji, Zeke",Out,Injury/Illness -,"Nnaji, Zeke Out Injury/Illness - "
2026-04-04,"Watson, Peyton",Out,Injury/Illness -,"Watson, Peyton Out Injury/Illness - "
2026-04-04,"Champagnie, Justin",Available,Injury/Illness -,"Champagnie, Justin Available Injury/Illness - "
2026-04-04,"Coulibaly, Bilal",Available,Injury/Illness -,"Coulibaly, Bilal Available Injury/Illness - "
2026-04-04,"Davis, Anthony",Out,Injury/Illness -,"Davis, Anthony Out Injury/Illness - "
2026-04-04,"George, Kyshawn",Out,Injury/Illness -,"George, Kyshawn Out Injury/Illness - "
2026-04-04,"Johnson, Tre",Available,Injury/Illness -,"Johnson, Tre Available Injury/Illness - "
2026-04-04,"Russell, D'Angelo",Out,Not,"Russell, D'Angelo Out Not "
2026-04-04,"Sarr, Alex",Out,Injury/Illness -,"Sarr, Alex Out Injury/Illness - "
2026-04-04,"Vukcevic, Tristan",Out,Injury/Illness -,"Vukcevic, Tristan Out Injury/Illness - "
2026-04-04,"Whitmore, Cam",Out,Injury/Illness -,"Whitmore, Cam Out Injury/Illness - "
2026-04-04,"Young, Trae",Out,Injury/Illness -,"Young, Trae Out Injury/Illness - "
2026-04-04,"Herro, Tyler",Out,Personal,"Herro, Tyler Out Personal "
2026-04-04,"Powell, Norman",Out,Return to,"Powell, Norman Out Return to "
2026-04-04,"Rozier, Terry",Out,Not,"Rozier, Terry Out Not "
2026-04-04,"Wiggins, Andrew",Available,Injury/Illness -,"Wiggins, Andrew Available Injury/Illness - "
2026-04-04,"Cunningham, Cade",Out,Injury/Illness -,"Cunningham, Cade Out Injury/Illness - "
2026-04-04,"Duren, Jalen",Questionable,Injury/Illness -,"Duren, Jalen Questionable Injury/Illness - "
2026-04-04,"Harris, Tobias",Questionable,Injury/Illness -,"Harris, Tobias Questionable Injury/Illness - "
2026-04-04,"Jones, Isaac",Out,G,"Jones, Isaac Out G "
2026-04-04,"Klintman, Bobi",Out,G,"Klintman, Bobi Out G "
2026-04-04,"Lanier, Chaz",Questionable,G,"Lanier, Chaz Questionable G "
2026-04-04,"Moore Jr., Wendell",Out,G,"Moore Jr., Wendell Out G "
2026-04-04,"Sasser, Marcus",Available,Injury/Illness -,"Sasser, Marcus Available Injury/Illness - "
2026-04-04,"Stewart, Isaiah",Out,Injury/Illness -,"Stewart, Isaiah Out Injury/Illness - "
2026-04-04,"Broome, Johni",Out,Injury/Illness -,"Broome, Johni Out Injury/Illness - "
2026-04-04,"Embiid, Joel",Out,Injury/Illness -,"Embiid, Joel Out Injury/Illness - "
2026-04-04,"George, Paul",Probable,Injury/Illness -,"George, Paul Probable Injury/Illness - "
2026-04-04,"Maxey, Tyrese",Available,Injury/Illness -,"Maxey, Tyrese Available Injury/Illness - "
2026-04-04,"Antetokounmpo, Giannis",Out,Injury/Illness -,"Antetokounmpo, Giannis Out Injury/Illness - "
2026-04-04,"Porter Jr., Kevin",Out,Injury/Illness -,"Porter Jr., Kevin Out Injury/Illness - "
2026-04-04,"Portis, Bobby",Out,Injury/Illness -,"Portis, Bobby Out Injury/Illness - "
2026-04-04,"Rollins, Ryan",Questionable,Injury/Illness -,"Rollins, Ryan Questionable Injury/Illness - "
2026-04-04,"Trent Jr., Gary",Out,Injury/Illness -,"Trent Jr., Gary Out Injury/Illness - "
2026-04-04,"Collins, Zach",Out,Injury/Illness -,"Collins, Zach Out Injury/Illness - "
2026-04-04,"Essengue, Noa",Out,Injury/Illness -,"Essengue, Noa Out Injury/Illness - "
2026-04-04,"Giddey, Josh",Questionable,Injury/Illness -,"Giddey, Josh Questionable Injury/Illness - "
2026-04-04,"Olbrich, Lachlan",Probable,Injury/Illness -,"Olbrich, Lachlan Probable Injury/Illness - "
2026-04-04,"Richards, Nick",Questionable,Injury/Illness -,"Richards, Nick Questionable Injury/Illness - "
2026-04-04,"Sexton, Collin",Probable,Injury/Illness -,"Sexton, Collin Probable Injury/Illness - "
2026-04-04,"Simons, Anfernee",Out,Injury/Illness -,"Simons, Anfernee Out Injury/Illness - "
2026-04-04,"Smith, Jalen",Out,Injury/Illness -,"Smith, Jalen Out Injury/Illness - "
2026-04-04,"Hepburn, Chucky",Out,Injury/Illness -,"Hepburn, Chucky Out Injury/Illness - "
2026-04-04,"Quickley, Immanuel",Out,Injury/Illness -,"Quickley, Immanuel Out Injury/Illness - "
2026-04-04,"Vucevic, Nikola",Questionable,Injury/Illness -,"Vucevic, Nikola Questionable Injury/Illness - "
2026-04-04,"Claxton, Nic",Out,Injury/Illness -,"Claxton, Nic Out Injury/Illness - "
2026-04-04,"Clowney, Noah",Questionable,Injury/Illness -,"Clowney, Noah Questionable Injury/Illness - "
2026-04-04,"Demin, Egor",Out,Injury/Illness -,"Demin, Egor Out Injury/Illness - "
2026-04-04,"Mann, Terance",Probable,Injury/Illness -,"Mann, Terance Probable Injury/Illness - "
2026-04-04,"Porter Jr., Michael",Out,Injury/Illness -,"Porter Jr., Michael Out Injury/Illness - "
2026-04-04,"Sharpe, Day'Ron",Out,Injury/Illness -,"Sharpe, Day'Ron Out Injury/Illness - "
2026-04-04,"Williams, Ziaire",Out,Injury/Illness -,"Williams, Ziaire Out Injury/Illness - "
2026-04-04,"Wolf, Danny",Out,Injury/Illness -,"Wolf, Danny Out Injury/Illness - "
2026-04-04,"Furphy, Johnny",Out,Injury/Illness -,"Furphy, Johnny Out Injury/Illness - "
2026-04-04,"Haliburton, Tyrese",Out,Injury/Illness -,"Haliburton, Tyrese Out Injury/Illness - "
2026-04-04,"Nembhard, Andrew",Out,Injury/Illness -,"Nembhard, Andrew Out Injury/Illness - "
2026-04-04,"Nesmith, Aaron",Out,Injury/Illness -,"Nesmith, Aaron Out Injury/Illness - "
2026-04-04,"Sheppard, Ben",Questionable,Injury/Illness -,"Sheppard, Ben Questionable Injury/Illness - "
2026-04-04,"Siakam, Pascal",Out,Injury/Illness -,"Siakam, Pascal Out Injury/Illness - "
2026-04-04,"Toppin, Obi",Probable,Injury/Illness -,"Toppin, Obi Probable Injury/Illness - "
2026-04-04,"Walker, Jarace",Questionable,Injury/Illness -,"Walker, Jarace Questionable Injury/Illness - "
2026-04-04,"Zubac, Ivica",Out,Injury/Illness -,"Zubac, Ivica Out Injury/Illness - "
2026-04-04,"Allen, Jarrett",Out,Injury/Illness -,"Allen, Jarrett Out Injury/Illness - "
2026-04-04,"Merrill, Sam",Out,Injury/Illness -,"Merrill, Sam Out Injury/Illness - "
2026-04-04,"Mobley, Evan",Out,Injury/Illness -,"Mobley, Evan Out Injury/Illness - "
2026-04-04,"Tyson, Jaylon",Out,Injury/Illness -,"Tyson, Jaylon Out Injury/Illness - "
2026-04-04,"Wade, Dean",Out,Injury/Illness -,"Wade, Dean Out Injury/Illness - "
2026-04-04,"Edwards, Anthony",Questionable,Injury/Illness -,"Edwards, Anthony Questionable Injury/Illness - "
2026-04-04,"McDaniels, Jaden",Out,Injury/Illness -,"McDaniels, Jaden Out Injury/Illness - "
2026-04-04,"Black, Anthony",Out,Injury/Illness -,"Black, Anthony Out Injury/Illness - "
2026-04-04,"Castleton, Colin",Out,G,"Castleton, Colin Out G "
2026-04-04,"Isaac, Jonathan",Out,Injury/Illness -,"Isaac, Jonathan Out Injury/Illness - "
2026-04-04,"Morales, Alex",Out,G,"Morales, Alex Out G "
2026-04-04,"Matkovic, Karlo",Questionable,Injury/Illness -,"Matkovic, Karlo Questionable Injury/Illness - "
2026-04-04,"McGowens, Bryce",Out,Injury/Illness -,"McGowens, Bryce Out Injury/Illness - "
2026-04-04,"Murphy III, Trey",Questionable,Injury/Illness -,"Murphy III, Trey Questionable Injury/Illness - "
2026-04-04,"Murray, Dejounte",Questionable,Injury/Illness -,"Murray, Dejounte Questionable Injury/Illness - "
2026-04-04,"Bagley III, Marvin",Probable,Injury/Illness -,"Bagley III, Marvin Probable Injury/Illness - "
2026-04-04,"Cisse, Moussa",Questionable,G,"Cisse, Moussa Questionable G "
2026-04-04,"Irving, Kyrie",Out,Injury/Illness -,"Irving, Kyrie Out Injury/Illness - "
2026-04-04,"Lively II, Dereck",Out,Injury/Illness -,"Lively II, Dereck Out Injury/Illness - "
2026-04-04,"Martin, Caleb",Out,Injury/Illness -,"Martin, Caleb Out Injury/Illness - "
2026-04-04,"Poulakidas, John",Probable,G,"Poulakidas, John Probable G "
2026-04-04,"Smith, Tyler",Questionable,Injury/Illness -,"Smith, Tyler Questionable Injury/Illness - "
2026-04-04,"Adams, Steven",Out,Injury/Illness -,"Adams, Steven Out Injury/Illness - "
2026-04-04,"Crawford, Isaiah",Out,G,"Crawford, Isaiah Out G "
2026-04-04,"Newton, Tristen",Out,G,"Newton, Tristen Out G "
2026-04-04,"VanVleet, Fred",Out,Injury/Illness -,"VanVleet, Fred Out Injury/Illness - "
2026-04-04,"Butler III, Jimmy",Out,Injury/Illness -,"Butler III, Jimmy Out Injury/Illness - "
2026-04-04,"Curry, Seth",Questionable,Injury/Illness -,"Curry, Seth Questionable Injury/Illness - "
2026-04-04,"Curry, Stephen",Questionable,Injury/Illness -,"Curry, Stephen Questionable Injury/Illness - "
2026-04-04,"Horford, Al",Out,Injury/Illness -,"Horford, Al Out Injury/Illness - "
2026-04-04,"Moody, Moses",Out,Injury/Illness -,"Moody, Moses Out Injury/Illness - "
2026-04-04,"Post, Quinten",Out,Injury/Illness -,"Post, Quinten Out Injury/Illness - "
2026-04-04,"Santos, Gui",Probable,Injury/Illness -,"Santos, Gui Probable Injury/Illness - "
2026-04-05,"Aldama, Santi",Out,Injury/Illness -,"Aldama, Santi Out Injury/Illness - "
2026-04-05,"Pope, Kentavious",Out,Injury/Illness -,"Pope, Kentavious Out Injury/Illness - "
2026-04-05,"Clarke, Brandon",Out,Injury/Illness -,"Clarke, Brandon Out Injury/Illness - "
2026-04-05,"Clayton Jr., Walter",Available,Injury/Illness -,"Clayton Jr., Walter Available Injury/Illness - "
2026-04-05,"Coward, Cedric",Out,Injury/Illness -,"Coward, Cedric Out Injury/Illness - "
2026-04-05,"Edey, Zach",Out,Injury/Illness -,"Edey, Zach Out Injury/Illness - "
2026-04-05,"Gibson, Taj",Available,Injury/Illness -,"Gibson, Taj Available Injury/Illness - "
2026-04-05,"Jackson, GG",Out,Injury/Illness -,"Jackson, GG Out Injury/Illness - "
2026-04-05,"Jerome, Ty",Out,Injury/Illness -,"Jerome, Ty Out Injury/Illness - "
2026-04-05,"Mashack, Jahmai",Out,Injury/Illness -,"Mashack, Jahmai Out Injury/Illness - "
2026-04-05,"Morant, Ja",Out,Injury/Illness -,"Morant, Ja Out Injury/Illness - "
2026-04-05,"Pippen Jr., Scotty",Out,Injury/Illness -,"Pippen Jr., Scotty Out Injury/Illness - "
2026-04-05,"Small, Javon",Out,Injury/Illness -,"Small, Javon Out Injury/Illness - "
2026-04-05,"Spencer, Cam",Out,Injury/Illness -,"Spencer, Cam Out Injury/Illness - "
2026-04-05,"Wells, Jaylen",Out,Injury/Illness -,"Wells, Jaylen Out Injury/Illness - "
2026-04-05,"Antetokounmpo, Giannis",Out,Injury/Illness -,"Antetokounmpo, Giannis Out Injury/Illness - "
2026-04-05,"Porter Jr., Kevin",Out,Injury/Illness -,"Porter Jr., Kevin Out Injury/Illness - "
2026-04-05,"Portis, Bobby",Out,Injury/Illness -,"Portis, Bobby Out Injury/Illness - "
2026-04-05,"Rollins, Ryan",Available,Injury/Illness -,"Rollins, Ryan Available Injury/Illness - "
2026-04-05,"Trent Jr., Gary",Out,Injury/Illness -,"Trent Jr., Gary Out Injury/Illness - "
2026-04-05,"Coffey, Amir",Available,Injury/Illness -,"Coffey, Amir Available Injury/Illness - "
2026-04-05,"Highsmith, Haywood",Out,Injury/Illness -,"Highsmith, Haywood Out Injury/Illness - "
2026-04-05,"Buzelis, Matas",Out,Injury/Illness -,"Buzelis, Matas Out Injury/Illness - "
2026-04-05,"Collins, Zach",Out,Injury/Illness -,"Collins, Zach Out Injury/Illness - "
2026-04-05,"Essengue, Noa",Out,Injury/Illness -,"Essengue, Noa Out Injury/Illness - "
2026-04-05,"Giddey, Josh",Out,Injury/Illness -,"Giddey, Josh Out Injury/Illness - "
2026-04-05,"Richards, Nick",Out,Injury/Illness -,"Richards, Nick Out Injury/Illness - "
2026-04-05,"Simons, Anfernee",Out,Injury/Illness -,"Simons, Anfernee Out Injury/Illness - "
2026-04-05,"Smith, Jalen",Out,Injury/Illness -,"Smith, Jalen Out Injury/Illness - "
2026-04-05,"Hepburn, Chucky",Out,Injury/Illness -,"Hepburn, Chucky Out Injury/Illness - "
2026-04-05,"Quickley, Immanuel",Out,Injury/Illness -,"Quickley, Immanuel Out Injury/Illness - "
2026-04-05,"Vucevic, Nikola",Available,Injury/Illness -,"Vucevic, Nikola Available Injury/Illness - "
2026-04-05,"Champagnie, Justin",Out,Injury/Illness -,"Champagnie, Justin Out Injury/Illness - "
2026-04-05,"Coulibaly, Bilal",Out,Injury/Illness -,"Coulibaly, Bilal Out Injury/Illness - "
2026-04-05,"Davis, Anthony",Out,Injury/Illness -,"Davis, Anthony Out Injury/Illness - "
2026-04-05,"George, Kyshawn",Out,Injury/Illness -,"George, Kyshawn Out Injury/Illness - "
2026-04-05,"Johnson, Tre",Out,Injury/Illness -,"Johnson, Tre Out Injury/Illness - "
2026-04-05,"Russell, D'Angelo",Out,Not,"Russell, D'Angelo Out Not "
2026-04-05,"Sarr, Alex",Out,Injury/Illness -,"Sarr, Alex Out Injury/Illness - "
2026-04-05,"Vukcevic, Tristan",Out,Injury/Illness -,"Vukcevic, Tristan Out Injury/Illness - "
2026-04-05,"Whitmore, Cam",Out,Injury/Illness -,"Whitmore, Cam Out Injury/Illness - "
2026-04-05,"Young, Trae",Out,Injury/Illness -,"Young, Trae Out Injury/Illness - "
2026-04-05,"Claxton, Nic",Out,Injury/Illness -,"Claxton, Nic Out Injury/Illness - "
2026-04-05,"Clowney, Noah",Out,Injury/Illness -,"Clowney, Noah Out Injury/Illness - "
2026-04-05,"Demin, Egor",Out,Injury/Illness -,"Demin, Egor Out Injury/Illness - "
2026-04-05,"Mann, Terance",Out,Injury/Illness -,"Mann, Terance Out Injury/Illness - "
2026-04-05,"Porter Jr., Michael",Out,Injury/Illness -,"Porter Jr., Michael Out Injury/Illness - "
2026-04-05,"Saraf, Ben",Out,Injury/Illness -,"Saraf, Ben Out Injury/Illness - "
2026-04-05,"Sharpe, Day'Ron",Out,Injury/Illness -,"Sharpe, Day'Ron Out Injury/Illness - "
2026-04-05,"Williams, Ziaire",Out,Injury/Illness -,"Williams, Ziaire Out Injury/Illness - "
2026-04-05,"Wolf, Danny",Out,Injury/Illness -,"Wolf, Danny Out Injury/Illness - "
2026-04-05,"Furphy, Johnny",Out,Injury/Illness -,"Furphy, Johnny Out Injury/Illness - "
2026-04-05,"Haliburton, Tyrese",Out,Injury/Illness -,"Haliburton, Tyrese Out Injury/Illness - "
2026-04-05,"Nembhard, Andrew",Out,Injury/Illness -,"Nembhard, Andrew Out Injury/Illness - "
2026-04-05,"Nesmith, Aaron",Out,Injury/Illness -,"Nesmith, Aaron Out Injury/Illness - "
2026-04-05,"Sheppard, Ben",Out,Injury/Illness -,"Sheppard, Ben Out Injury/Illness - "
2026-04-05,"Siakam, Pascal",Out,Injury/Illness -,"Siakam, Pascal Out Injury/Illness - "
2026-04-05,"Toppin, Obi",Available,Injury/Illness -,"Toppin, Obi Available Injury/Illness - "
2026-04-05,"Walker, Jarace",Out,Injury/Illness -,"Walker, Jarace Out Injury/Illness - "
2026-04-05,"Zubac, Ivica",Out,Injury/Illness -,"Zubac, Ivica Out Injury/Illness - "
2026-04-05,"Allen, Jarrett",Out,Injury/Illness -,"Allen, Jarrett Out Injury/Illness - "
2026-04-05,"Merrill, Sam",Out,Injury/Illness -,"Merrill, Sam Out Injury/Illness - "
2026-04-05,"Mobley, Evan",Out,Injury/Illness -,"Mobley, Evan Out Injury/Illness - "
2026-04-05,"Tyson, Jaylon",Out,Injury/Illness -,"Tyson, Jaylon Out Injury/Illness - "
2026-04-05,"Wade, Dean",Out,Injury/Illness -,"Wade, Dean Out Injury/Illness - "
2026-04-05,"Diabate, Moussa",Available,Injury/Illness -,"Diabate, Moussa Available Injury/Illness - "
2026-04-05,"Evbuomwan, Tosan",Out,G,"Evbuomwan, Tosan Out G "
2026-04-05,"Hall, PJ",Out,Injury/Illness -,"Hall, PJ Out Injury/Illness - "
2026-04-05,"McNeeley, Liam",Out,G,"McNeeley, Liam Out G "
2026-04-05,"Reeves, Antonio",Out,G,"Reeves, Antonio Out G "
2026-04-05,"Salaun, Tidjane",Out,G,"Salaun, Tidjane Out G "
2026-04-05,"Edwards, Anthony",Out,Injury/Illness -,"Edwards, Anthony Out Injury/Illness - "
2026-04-05,"McDaniels, Jaden",Out,Injury/Illness -,"McDaniels, Jaden Out Injury/Illness - "
2026-04-05,"Black, Anthony",Out,Injury/Illness -,"Black, Anthony Out Injury/Illness - "
2026-04-05,"Castleton, Colin",Out,G,"Castleton, Colin Out G "
2026-04-05,"Howard, Jett",Out,Injury/Illness -,"Howard, Jett Out Injury/Illness - "
2026-04-05,"Isaac, Jonathan",Out,Injury/Illness -,"Isaac, Jonathan Out Injury/Illness - "
2026-04-05,"Morales, Alex",Out,G,"Morales, Alex Out G "
2026-04-05,"Matkovic, Karlo",Out,Injury/Illness -,"Matkovic, Karlo Out Injury/Illness - "
2026-04-05,"McGowens, Bryce",Out,Injury/Illness -,"McGowens, Bryce Out Injury/Illness - "
2026-04-05,"Murphy III, Trey",Out,Injury/Illness -,"Murphy III, Trey Out Injury/Illness - "
2026-04-05,"Murray, Dejounte",Out,Injury/Illness -,"Murray, Dejounte Out Injury/Illness - "
2026-04-05,"Collier, Isaiah",Out,Injury/Illness -,"Collier, Isaiah Out Injury/Illness - "
2026-04-05,"George, Keyonte",Out,Injury/Illness -,"George, Keyonte Out Injury/Illness - "
2026-04-05,"Harkless, Elijah",Out,Injury/Illness -,"Harkless, Elijah Out Injury/Illness - "
2026-04-05,"Hinson, Blake",Out,G,"Hinson, Blake Out G "
2026-04-05,"Jackson Jr., Jaren",Out,Injury/Illness -,"Jackson Jr., Jaren Out Injury/Illness - "
2026-04-05,"Kessler, Walker",Out,Injury/Illness -,"Kessler, Walker Out Injury/Illness - "
2026-04-05,"Markkanen, Lauri",Out,Injury/Illness -,"Markkanen, Lauri Out Injury/Illness - "
2026-04-05,"Nurkic, Jusuf",Out,Injury/Illness -,"Nurkic, Jusuf Out Injury/Illness - "
2026-04-05,"Sorber, Thomas",Out,Injury/Illness -,"Sorber, Thomas Out Injury/Illness - "
2026-04-05,"Doncic, Luka",Out,Injury/Illness -,"Doncic, Luka Out Injury/Illness - "
2026-04-05,"Reaves, Austin",Out,Injury/Illness -,"Reaves, Austin Out Injury/Illness - "
2026-04-05,"Smart, Marcus",Out,Injury/Illness -,"Smart, Marcus Out Injury/Illness - "
2026-04-05,"Vanderbilt, Jarred",Available,Injury/Illness -,"Vanderbilt, Jarred Available Injury/Illness - "
2026-04-05,"Bagley III, Marvin",Probable,Injury/Illness -,"Bagley III, Marvin Probable Injury/Illness - "
2026-04-05,"Cisse, Moussa",Questionable,G,"Cisse, Moussa Questionable G "
2026-04-05,"Irving, Kyrie",Out,Injury/Illness -,"Irving, Kyrie Out Injury/Illness - "
2026-04-05,"Lively II, Dereck",Out,Injury/Illness -,"Lively II, Dereck Out Injury/Illness - "
2026-04-05,"Martin, Caleb",Out,Injury/Illness -,"Martin, Caleb Out Injury/Illness - "
2026-04-05,"Poulakidas, John",Probable,G,"Poulakidas, John Probable G "
2026-04-05,"Smith, Tyler",Questionable,Injury/Illness -,"Smith, Tyler Questionable Injury/Illness - "
2026-04-05,"Beal, Bradley",Out,Injury/Illness -,"Beal, Bradley Out Injury/Illness - "
2026-04-05,"Jackson, Isaiah",Out,Injury/Illness -,"Jackson, Isaiah Out Injury/Illness - "
2026-04-05,"Niederhauser, Yanic Konan",Out,Injury/Illness -,"Niederhauser, Yanic Konan Out Injury/Illness - "
2026-04-05,"Baldwin Jr., Patrick",Out,G,"Baldwin Jr., Patrick Out G "
2026-04-05,"Eubanks, Drew",Out,Injury/Illness -,"Eubanks, Drew Out Injury/Illness - "
2026-04-05,"Hunter, De'Andre",Out,Injury/Illness -,"Hunter, De'Andre Out Injury/Illness - "
2026-04-05,"LaVine, Zach",Out,Injury/Illness -,"LaVine, Zach Out Injury/Illness - "
2026-04-05,"Murray, Keegan",Out,Injury/Illness -,"Murray, Keegan Out Injury/Illness - "
2026-04-05,"Sabonis, Domantas",Out,Injury/Illness -,"Sabonis, Domantas Out Injury/Illness - "
2026-04-05,"Stevens, Isaiah",Out,G,"Stevens, Isaiah Out G "
2026-04-05,"Westbrook, Russell",Out,Injury/Illness -,"Westbrook, Russell Out Injury/Illness - "
2026-04-05,"Adams, Steven",Out,Injury/Illness -,"Adams, Steven Out Injury/Illness - "
2026-04-05,"Crawford, Isaiah",Available,G,"Crawford, Isaiah Available G "
2026-04-05,"Newton, Tristen",Available,G,"Newton, Tristen Available G "
2026-04-05,"VanVleet, Fred",Out,Injury/Illness -,"VanVleet, Fred Out Injury/Illness - "
2026-04-05,"Butler III, Jimmy",Out,Injury/Illness -,"Butler III, Jimmy Out Injury/Illness - "
2026-04-05,"Cryer, LJ",Out,Injury/Illness -,"Cryer, LJ Out Injury/Illness - "
2026-04-05,"Curry, Seth",Questionable,Injury/Illness -,"Curry, Seth Questionable Injury/Illness - "
2026-04-05,"Curry, Stephen",Questionable,Injury/Illness -,"Curry, Stephen Questionable Injury/Illness - "
2026-04-05,"Horford, Al",Out,Injury/Illness -,"Horford, Al Out Injury/Illness - "
2026-04-05,"Moody, Moses",Out,Injury/Illness -,"Moody, Moses Out Injury/Illness - "
2026-04-05,"Post, Quinten",Out,Injury/Illness -,"Post, Quinten Out Injury/Illness - "
2026-04-05,"Santos, Gui",Probable,Injury/Illness -,"Santos, Gui Probable Injury/Illness - "
2026-04-05,"Cunningham, Cade",Out,Injury/Illness -,"Cunningham, Cade Out Injury/Illness - "
2026-04-05,"Harris, Tobias",Questionable,Injury/Illness -,"Harris, Tobias Questionable Injury/Illness - "
2026-04-05,"Jones, Isaac",Out,G,"Jones, Isaac Out G "
2026-04-05,"Klintman, Bobi",Out,G,"Klintman, Bobi Out G "
2026-04-05,"Moore Jr., Wendell",Out,G,"Moore Jr., Wendell Out G "
2026-04-05,"Robinson, Duncan",Questionable,Injury/Illness -,"Robinson, Duncan Questionable Injury/Illness - "
2026-04-05,"Stewart, Isaiah",Out,Injury/Illness -,"Stewart, Isaiah Out Injury/Illness - "
2026-04-05,"Jemison III, Trey",Out,G,"Jemison III, Trey Out G "
2026-04-05,"Dennis, RayJ",Questionable,G,"Dennis, RayJ Questionable G "
2026-04-05,"Gilbert, Keshon",Questionable,G,"Gilbert, Keshon Questionable G "
2026-04-05,"Landale, Jock",Out,Injury/Illness -,"Landale, Jock Out Injury/Illness - "
2026-04-06,"Cunningham, Cade",Out,Injury/Illness -,"Cunningham, Cade Out Injury/Illness - "
2026-04-06,"Harris, Tobias",Out,Injury/Illness -,"Harris, Tobias Out Injury/Illness - "
2026-04-06,"Jones, Isaac",Out,G,"Jones, Isaac Out G "
2026-04-06,"Klintman, Bobi",Out,G,"Klintman, Bobi Out G "
2026-04-06,"LeVert, Caris",Out,Injury/Illness -,"LeVert, Caris Out Injury/Illness - "
2026-04-06,"Moore Jr., Wendell",Out,G,"Moore Jr., Wendell Out G "
2026-04-06,"Robinson, Duncan",Out,Injury/Illness -,"Robinson, Duncan Out Injury/Illness - "
2026-04-06,"Stewart, Isaiah",Out,Injury/Illness -,"Stewart, Isaiah Out Injury/Illness - "
2026-04-06,"Black, Anthony",Available,Injury/Illness -,"Black, Anthony Available Injury/Illness - "
2026-04-06,"Howard, Jett",Out,Injury/Illness -,"Howard, Jett Out Injury/Illness - "
2026-04-06,"Isaac, Jonathan",Out,Injury/Illness -,"Isaac, Jonathan Out Injury/Illness - "
2026-04-06,"Wagner, Franz",Out,Injury/Illness -,"Wagner, Franz Out Injury/Illness - "
2026-04-06,"Jemison III, Trey",Out,G,"Jemison III, Trey Out G "
2026-04-06,"Dennis, RayJ",Questionable,G,"Dennis, RayJ Questionable G "
2026-04-06,"Gilbert, Keshon",Questionable,G,"Gilbert, Keshon Questionable G "
2026-04-06,"Landale, Jock",Out,Injury/Illness -,"Landale, Jock Out Injury/Illness - "
2026-04-06,"Bryant, Thomas",Out,Injury/Illness -,"Bryant, Thomas Out Injury/Illness - "
2026-04-06,"Harden, James",Out,Personal,"Harden, James Out Personal "
2026-04-06,"Mitchell, Donovan",Out,Injury/Illness -,"Mitchell, Donovan Out Injury/Illness - "
2026-04-06,"Strus, Max",Out,Injury/Illness -,"Strus, Max Out Injury/Illness - "
2026-04-06,"Tyson, Jaylon",Out,Injury/Illness -,"Tyson, Jaylon Out Injury/Illness - "
2026-04-06,"Wade, Dean",Out,Injury/Illness -,"Wade, Dean Out Injury/Illness - "
2026-04-06,"Aldama, Santi",Out,Injury/Illness -,"Aldama, Santi Out Injury/Illness - "
2026-04-06,"Pope, Kentavious",Out,Injury/Illness -,"Pope, Kentavious Out Injury/Illness - "
2026-04-06,"Clarke, Brandon",Out,Injury/Illness -,"Clarke, Brandon Out Injury/Illness - "
2026-04-06,"Edey, Zach",Out,Injury/Illness -,"Edey, Zach Out Injury/Illness - "
2026-04-06,"Gibson, Taj",Doubtful,Injury/Illness -,"Gibson, Taj Doubtful Injury/Illness - "
2026-04-06,"Hendricks, Taylor",Doubtful,Injury/Illness -,"Hendricks, Taylor Doubtful Injury/Illness - "
2026-04-06,"Jerome, Ty",Out,Injury/Illness -,"Jerome, Ty Out Injury/Illness - "
2026-04-06,"Mashack, Jahmai",Out,Injury/Illness -,"Mashack, Jahmai Out Injury/Illness - "
2026-04-06,"Morant, Ja",Out,Injury/Illness -,"Morant, Ja Out Injury/Illness - "
2026-04-06,"Pippen Jr., Scotty",Out,Injury/Illness -,"Pippen Jr., Scotty Out Injury/Illness - "
2026-04-06,"Small, Javon",Out,Injury/Illness -,"Small, Javon Out Injury/Illness - "
2026-04-06,"Wells, Jaylen",Out,Injury/Illness -,"Wells, Jaylen Out Injury/Illness - "
2026-04-06,"Broome, Johni",Out,Injury/Illness -,"Broome, Johni Out Injury/Illness - "
2026-04-06,"Maxey, Tyrese",Available,Injury/Illness -,"Maxey, Tyrese Available Injury/Illness - "
2026-04-06,"Payne, Cameron",Out,Injury/Illness -,"Payne, Cameron Out Injury/Illness - "
2026-04-06,"Ingram, Harrison",Out,G,"Ingram, Harrison Out G "
2026-04-06,"Garcia, David",Out,Injury/Illness -,"Garcia, David Out Injury/Illness - "
2026-04-06,"Miller, Emanuel",Out,G,"Miller, Emanuel Out G "
2026-04-06,"Grant, Jerami",Out,Injury/Illness -,"Grant, Jerami Out Injury/Illness - "
2026-04-06,"Krejci, Vit",Out,Injury/Illness -,"Krejci, Vit Out Injury/Illness - "
2026-04-06,"Lillard, Damian",Out,Injury/Illness -,"Lillard, Damian Out Injury/Illness - "
2026-04-06,"Sharpe, Shaedon",Out,Injury/Illness -,"Sharpe, Shaedon Out Injury/Illness - "
2026-04-06,"Brown, Bruce",Probable,Injury/Illness -,"Brown, Bruce Probable Injury/Illness - "
2026-04-06,"Jones, Spencer",Out,Injury/Illness -,"Jones, Spencer Out Injury/Illness - "
2026-04-06,"Nnaji, Zeke",Questionable,Injury/Illness -,"Nnaji, Zeke Questionable Injury/Illness - "
2026-04-06,"Watson, Peyton",Out,Injury/Illness -,"Watson, Peyton Out Injury/Illness - "
2026-04-06,"Buzelis, Matas",Out,Injury/Illness -,"Buzelis, Matas Out Injury/Illness - "
2026-04-06,"Collins, Zach",Out,Injury/Illness -,"Collins, Zach Out Injury/Illness - "
2026-04-06,"Essengue, Noa",Out,Injury/Illness -,"Essengue, Noa Out Injury/Illness - "
2026-04-06,"Giddey, Josh",Out,Injury/Illness -,"Giddey, Josh Out Injury/Illness - "
2026-04-06,"Olbrich, Lachlan",Probable,Injury/Illness -,"Olbrich, Lachlan Probable Injury/Illness - "
2026-04-06,"Richards, Nick",Out,Injury/Illness -,"Richards, Nick Out Injury/Illness - "
2026-04-06,"Sexton, Collin",Probable,Injury/Illness -,"Sexton, Collin Probable Injury/Illness - "
2026-04-06,"Simons, Anfernee",Out,Injury/Illness -,"Simons, Anfernee Out Injury/Illness - "
2026-04-06,"Smith, Jalen",Out,Injury/Illness -,"Smith, Jalen Out Injury/Illness - "
2026-04-06,"Champagnie, Justin",Questionable,Injury/Illness -,"Champagnie, Justin Questionable Injury/Illness - "
2026-04-06,"Coulibaly, Bilal",Questionable,Injury/Illness -,"Coulibaly, Bilal Questionable Injury/Illness - "
2026-04-06,"Davis, Anthony",Out,Injury/Illness -,"Davis, Anthony Out Injury/Illness - "
2026-04-06,"George, Kyshawn",Out,Injury/Illness -,"George, Kyshawn Out Injury/Illness - "
2026-04-06,"Johnson, Tre",Questionable,Injury/Illness -,"Johnson, Tre Questionable Injury/Illness - "
2026-04-06,"Russell, D'Angelo",Out,Not,"Russell, D'Angelo Out Not "
2026-04-06,"Sarr, Alex",Out,Injury/Illness -,"Sarr, Alex Out Injury/Illness - "
2026-04-06,"Vukcevic, Tristan",Questionable,Injury/Illness -,"Vukcevic, Tristan Questionable Injury/Illness - "
2026-04-06,"Whitmore, Cam",Out,Injury/Illness -,"Whitmore, Cam Out Injury/Illness - "
2026-04-06,"Young, Trae",Out,Injury/Illness -,"Young, Trae Out Injury/Illness - "
2026-04-06,"Edwards, Anthony",Out,Injury/Illness -,"Edwards, Anthony Out Injury/Illness - "
2026-04-06,"McDaniels, Jaden",Out,Injury/Illness -,"McDaniels, Jaden Out Injury/Illness - "
2026-04-06,"Furphy, Johnny",Out,Injury/Illness -,"Furphy, Johnny Out Injury/Illness - "
2026-04-06,"Haliburton, Tyrese",Out,Injury/Illness -,"Haliburton, Tyrese Out Injury/Illness - "
2026-04-06,"Nembhard, Andrew",Out,Injury/Illness -,"Nembhard, Andrew Out Injury/Illness - "
2026-04-06,"Nesmith, Aaron",Out,Injury/Illness -,"Nesmith, Aaron Out Injury/Illness - "
2026-04-06,"Sheppard, Ben",Questionable,Injury/Illness -,"Sheppard, Ben Questionable Injury/Illness - "
2026-04-06,"Siakam, Pascal",Out,Injury/Illness -,"Siakam, Pascal Out Injury/Illness - "
2026-04-06,"Toppin, Obi",Probable,Injury/Illness -,"Toppin, Obi Probable Injury/Illness - "
2026-04-06,"Walker, Jarace",Questionable,Injury/Illness -,"Walker, Jarace Questionable Injury/Illness - "
2026-04-06,"Zubac, Ivica",Out,Injury/Illness -,"Zubac, Ivica Out Injury/Illness - "
2026-04-06,"Herro, Tyler",Probable,Injury/Illness -,"Herro, Tyler Probable Injury/Illness - "
2026-04-06,"Jovic, Nikola",Out,Injury/Illness -,"Jovic, Nikola Out Injury/Illness - "
2026-04-06,"Powell, Norman",Probable,Return to,"Powell, Norman Probable Return to "
2026-04-06,"Rozier, Terry",Out,Not,"Rozier, Terry Out Not "
2026-04-06,"Wiggins, Andrew",Available,Injury/Illness -,"Wiggins, Andrew Available Injury/Illness - "
2026-04-06,"Hepburn, Chucky",Out,Injury/Illness -,"Hepburn, Chucky Out Injury/Illness - "
2026-04-06,"Mamukelashvili, Sandro",Questionable,Injury/Illness -,"Mamukelashvili, Sandro Questionable Injury/Illness - "
2026-04-06,"Boyles, Collin",Questionable,Injury/Illness -,"Boyles, Collin Questionable Injury/Illness - "
2026-04-06,"Quickley, Immanuel",Questionable,Injury/Illness -,"Quickley, Immanuel Questionable Injury/Illness - "
2026-04-06,"Antetokounmpo, Giannis",Out,Injury/Illness -,"Antetokounmpo, Giannis Out Injury/Illness - "
2026-04-06,"Kuzma, Kyle",Out,Injury/Illness -,"Kuzma, Kyle Out Injury/Illness - "
2026-04-06,"Porter Jr., Kevin",Out,Injury/Illness -,"Porter Jr., Kevin Out Injury/Illness - "
2026-04-06,"Portis, Bobby",Out,Injury/Illness -,"Portis, Bobby Out Injury/Illness - "
2026-04-06,"Rollins, Ryan",Out,Injury/Illness -,"Rollins, Ryan Out Injury/Illness - "
2026-04-06,"Trent Jr., Gary",Out,Injury/Illness -,"Trent Jr., Gary Out Injury/Illness - "
2026-04-06,"Turner, Myles",Out,Injury/Illness -,"Turner, Myles Out Injury/Illness - "
2026-04-06,"Claxton, Nic",Out,Injury/Illness -,"Claxton, Nic Out Injury/Illness - "
2026-04-06,"Clowney, Noah",Out,Injury/Illness -,"Clowney, Noah Out Injury/Illness - "
2026-04-06,"Demin, Egor",Out,Injury/Illness -,"Demin, Egor Out Injury/Illness - "
2026-04-06,"Mann, Terance",Out,Injury/Illness -,"Mann, Terance Out Injury/Illness - "
2026-04-06,"Porter Jr., Michael",Out,Injury/Illness -,"Porter Jr., Michael Out Injury/Illness - "
2026-04-06,"Saraf, Ben",Probable,Injury/Illness -,"Saraf, Ben Probable Injury/Illness - "
2026-04-06,"Sharpe, Day'Ron",Out,Injury/Illness -,"Sharpe, Day'Ron Out Injury/Illness - "
2026-04-06,"Williams, Ziaire",Out,Injury/Illness -,"Williams, Ziaire Out Injury/Illness - "
2026-04-06,"Wolf, Danny",Out,Injury/Illness -,"Wolf, Danny Out Injury/Illness - "
2026-04-06,"Evbuomwan, Tosan",Out,G,"Evbuomwan, Tosan Out G "
2026-04-06,"Hall, PJ",Out,Injury/Illness -,"Hall, PJ Out Injury/Illness - "
2026-04-06,"McNeeley, Liam",Out,G,"McNeeley, Liam Out G "
2026-04-06,"Reeves, Antonio",Out,G,"Reeves, Antonio Out G "
2026-04-06,"Salaun, Tidjane",Out,G,"Salaun, Tidjane Out G "
2026-04-06,"White, Coby",Out,Injury/Illness -,"White, Coby Out Injury/Illness - "
2026-04-06,"Matkovic, Karlo",Questionable,Injury/Illness -,"Matkovic, Karlo Questionable Injury/Illness - "
2026-04-06,"McGowens, Bryce",Out,Injury/Illness -,"McGowens, Bryce Out Injury/Illness - "
2026-04-06,"Murphy III, Trey",Out,Injury/Illness -,"Murphy III, Trey Out Injury/Illness - "
2026-04-06,"Murray, Dejounte",Questionable,Injury/Illness -,"Murray, Dejounte Questionable Injury/Illness - "
2026-04-06,"Butler III, Jimmy",Out,Injury/Illness -,"Butler III, Jimmy Out Injury/Illness - "
2026-04-06,"Cryer, LJ",Probable,Injury/Illness -,"Cryer, LJ Probable Injury/Illness - "
2026-04-06,"Curry, Stephen",Probable,Injury/Illness -,"Curry, Stephen Probable Injury/Illness - "
2026-04-06,"Horford, Al",Out,Injury/Illness -,"Horford, Al Out Injury/Illness - "
2026-04-06,"Moody, Moses",Out,Injury/Illness -,"Moody, Moses Out Injury/Illness - "
2026-04-06,"Porzingis, Kristaps",Questionable,Injury/Illness -,"Porzingis, Kristaps Questionable Injury/Illness - "
2026-04-06,"Post, Quinten",Out,Injury/Illness -,"Post, Quinten Out Injury/Illness - "
2026-04-06,"Santos, Gui",Out,Injury/Illness -,"Santos, Gui Out Injury/Illness - "
2026-04-06,"Bagley III, Marvin",Questionable,Injury/Illness -,"Bagley III, Marvin Questionable Injury/Illness - "
2026-04-06,"Cisse, Moussa",Probable,G,"Cisse, Moussa Probable G "
2026-04-06,"Gafford, Daniel",Doubtful,Injury/Illness -,"Gafford, Daniel Doubtful Injury/Illness - "
2026-04-06,"Irving, Kyrie",Out,Injury/Illness -,"Irving, Kyrie Out Injury/Illness - "
2026-04-06,"Lively II, Dereck",Out,Injury/Illness -,"Lively II, Dereck Out Injury/Illness - "
2026-04-06,"Martin, Caleb",Doubtful,Injury/Illness -,"Martin, Caleb Doubtful Injury/Illness - "
2026-04-06,"Poulakidas, John",Probable,G,"Poulakidas, John Probable G "
2026-04-06,"Smith, Tyler",Probable,G,"Smith, Tyler Probable G "
2026-04-06,"Williams, Brandon",Questionable,Injury/Illness -,"Williams, Brandon Questionable Injury/Illness - "
2026-04-07,"Buzelis, Matas",Out,Injury/Illness -,"Buzelis, Matas Out Injury/Illness - "
2026-04-07,"Collins, Zach",Out,Injury/Illness -,"Collins, Zach Out Injury/Illness - "
2026-04-07,"Essengue, Noa",Out,Injury/Illness -,"Essengue, Noa Out Injury/Illness - "
2026-04-07,"Giddey, Josh",Out,Injury/Illness -,"Giddey, Josh Out Injury/Illness - "
2026-04-07,"Olbrich, Lachlan",Probable,Injury/Illness -,"Olbrich, Lachlan Probable Injury/Illness - "
2026-04-07,"Richards, Nick",Out,Injury/Illness -,"Richards, Nick Out Injury/Illness - "
2026-04-07,"Sexton, Collin",Probable,Injury/Illness -,"Sexton, Collin Probable Injury/Illness - "
2026-04-07,"Simons, Anfernee",Out,Injury/Illness -,"Simons, Anfernee Out Injury/Illness - "
2026-04-07,"Smith, Jalen",Out,Injury/Illness -,"Smith, Jalen Out Injury/Illness - "
2026-04-07,"Williams, Patrick",Probable,Injury/Illness -,"Williams, Patrick Probable Injury/Illness - "
2026-04-07,"Champagnie, Justin",Available,Injury/Illness -,"Champagnie, Justin Available Injury/Illness - "
2026-04-07,"Coulibaly, Bilal",Available,Injury/Illness -,"Coulibaly, Bilal Available Injury/Illness - "
2026-04-07,"Davis, Anthony",Out,Injury/Illness -,"Davis, Anthony Out Injury/Illness - "
2026-04-07,"George, Kyshawn",Out,Injury/Illness -,"George, Kyshawn Out Injury/Illness - "
2026-04-07,"Hardy, Jaden",Out,Injury/Illness -,"Hardy, Jaden Out Injury/Illness - "
2026-04-07,"Johnson, Tre",Out,Injury/Illness -,"Johnson, Tre Out Injury/Illness - "
2026-04-07,"Russell, D'Angelo",Out,Not,"Russell, D'Angelo Out Not "
2026-04-07,"Sarr, Alex",Out,Injury/Illness -,"Sarr, Alex Out Injury/Illness - "
2026-04-07,"Vukcevic, Tristan",Out,Injury/Illness -,"Vukcevic, Tristan Out Injury/Illness - "
2026-04-07,"Whitmore, Cam",Out,Injury/Illness -,"Whitmore, Cam Out Injury/Illness - "
2026-04-07,"Young, Trae",Out,Injury/Illness -,"Young, Trae Out Injury/Illness - "
2026-04-07,"Edwards, Anthony",Out,Injury/Illness -,"Edwards, Anthony Out Injury/Illness - "
2026-04-07,"McDaniels, Jaden",Out,Injury/Illness -,"McDaniels, Jaden Out Injury/Illness - "
2026-04-07,"Furphy, Johnny",Out,Injury/Illness -,"Furphy, Johnny Out Injury/Illness - "
2026-04-07,"Haliburton, Tyrese",Out,Injury/Illness -,"Haliburton, Tyrese Out Injury/Illness - "
2026-04-07,"Nembhard, Andrew",Out,Injury/Illness -,"Nembhard, Andrew Out Injury/Illness - "
2026-04-07,"Nesmith, Aaron",Out,Injury/Illness -,"Nesmith, Aaron Out Injury/Illness - "
2026-04-07,"Sheppard, Ben",Questionable,Injury/Illness -,"Sheppard, Ben Questionable Injury/Illness - "
2026-04-07,"Siakam, Pascal",Out,Injury/Illness -,"Siakam, Pascal Out Injury/Illness - "
2026-04-07,"Toppin, Obi",Probable,Injury/Illness -,"Toppin, Obi Probable Injury/Illness - "
2026-04-07,"Walker, Jarace",Questionable,Injury/Illness -,"Walker, Jarace Questionable Injury/Illness - "
2026-04-07,"Zubac, Ivica",Out,Injury/Illness -,"Zubac, Ivica Out Injury/Illness - "
2026-04-07,"Herro, Tyler",Available,Injury/Illness -,"Herro, Tyler Available Injury/Illness - "
2026-04-07,"Jovic, Nikola",Out,Injury/Illness -,"Jovic, Nikola Out Injury/Illness - "
2026-04-07,"Powell, Norman",Available,Return to,"Powell, Norman Available Return to "
2026-04-07,"Rozier, Terry",Out,Not,"Rozier, Terry Out Not "
2026-04-07,"Wiggins, Andrew",Available,Injury/Illness -,"Wiggins, Andrew Available Injury/Illness - "
2026-04-07,"Hepburn, Chucky",Out,Injury/Illness -,"Hepburn, Chucky Out Injury/Illness - "
2026-04-07,"Mamukelashvili, Sandro",Questionable,Injury/Illness -,"Mamukelashvili, Sandro Questionable Injury/Illness - "
2026-04-07,"Boyles, Collin",Questionable,Injury/Illness -,"Boyles, Collin Questionable Injury/Illness - "
2026-04-07,"Quickley, Immanuel",Questionable,Injury/Illness -,"Quickley, Immanuel Questionable Injury/Illness - "
2026-04-07,"Antetokounmpo, Giannis",Out,Injury/Illness -,"Antetokounmpo, Giannis Out Injury/Illness - "
2026-04-07,"Kuzma, Kyle",Out,Injury/Illness -,"Kuzma, Kyle Out Injury/Illness - "
2026-04-07,"Porter Jr., Kevin",Out,Injury/Illness -,"Porter Jr., Kevin Out Injury/Illness - "
2026-04-07,"Portis, Bobby",Out,Injury/Illness -,"Portis, Bobby Out Injury/Illness - "
2026-04-07,"Rollins, Ryan",Out,Injury/Illness -,"Rollins, Ryan Out Injury/Illness - "
2026-04-07,"Trent Jr., Gary",Out,Injury/Illness -,"Trent Jr., Gary Out Injury/Illness - "
2026-04-07,"Turner, Myles",Out,Injury/Illness -,"Turner, Myles Out Injury/Illness - "
2026-04-07,"Claxton, Nic",Out,Injury/Illness -,"Claxton, Nic Out Injury/Illness - "
2026-04-07,"Clowney, Noah",Out,Injury/Illness -,"Clowney, Noah Out Injury/Illness - "
2026-04-07,"Demin, Egor",Out,Injury/Illness -,"Demin, Egor Out Injury/Illness - "
2026-04-07,"Mann, Terance",Out,Injury/Illness -,"Mann, Terance Out Injury/Illness - "
2026-04-07,"Porter Jr., Michael",Out,Injury/Illness -,"Porter Jr., Michael Out Injury/Illness - "
2026-04-07,"Saraf, Ben",Probable,Injury/Illness -,"Saraf, Ben Probable Injury/Illness - "
2026-04-07,"Sharpe, Day'Ron",Out,Injury/Illness -,"Sharpe, Day'Ron Out Injury/Illness - "
2026-04-07,"Williams, Ziaire",Out,Injury/Illness -,"Williams, Ziaire Out Injury/Illness - "
2026-04-07,"Wolf, Danny",Out,Injury/Illness -,"Wolf, Danny Out Injury/Illness - "
2026-04-07,"Evbuomwan, Tosan",Out,G,"Evbuomwan, Tosan Out G "
2026-04-07,"Hall, PJ",Out,Injury/Illness -,"Hall, PJ Out Injury/Illness - "
2026-04-07,"McNeeley, Liam",Out,G,"McNeeley, Liam Out G "
2026-04-07,"Reeves, Antonio",Out,G,"Reeves, Antonio Out G "
2026-04-07,"Salaun, Tidjane",Out,G,"Salaun, Tidjane Out G "
2026-04-07,"White, Coby",Questionable,Injury/Illness -,"White, Coby Questionable Injury/Illness - "
2026-04-07,"Bailey, Ace",Doubtful,Injury/Illness -,"Bailey, Ace Doubtful Injury/Illness - "
2026-04-07,"Collier, Isaiah",Out,Injury/Illness -,"Collier, Isaiah Out Injury/Illness - "
2026-04-07,"Filipowski, Kyle",Probable,Injury/Illness -,"Filipowski, Kyle Probable Injury/Illness - "
2026-04-07,"George, Keyonte",Out,Injury/Illness -,"George, Keyonte Out Injury/Illness - "
2026-04-07,"Harkless, Elijah",Out,Injury/Illness -,"Harkless, Elijah Out Injury/Illness - "
2026-04-07,"Jackson Jr., Jaren",Out,Injury/Illness -,"Jackson Jr., Jaren Out Injury/Illness - "
2026-04-07,"Kessler, Walker",Out,Injury/Illness -,"Kessler, Walker Out Injury/Illness - "
2026-04-07,"Markkanen, Lauri",Out,Injury/Illness -,"Markkanen, Lauri Out Injury/Illness - "
2026-04-07,"Nurkic, Jusuf",Out,Injury/Illness -,"Nurkic, Jusuf Out Injury/Illness - "
2026-04-07,"Hawkins, Jordan",Questionable,Injury/Illness -,"Hawkins, Jordan Questionable Injury/Illness - "
2026-04-07,"Matkovic, Karlo",Out,Injury/Illness -,"Matkovic, Karlo Out Injury/Illness - "
2026-04-07,"McGowens, Bryce",Out,Injury/Illness -,"McGowens, Bryce Out Injury/Illness - "
2026-04-07,"Missi, Yves",Questionable,Injury/Illness -,"Missi, Yves Questionable Injury/Illness - "
2026-04-07,"Murphy III, Trey",Out,Injury/Illness -,"Murphy III, Trey Out Injury/Illness - "
2026-04-07,"Murray, Dejounte",Out,Injury/Illness -,"Murray, Dejounte Out Injury/Illness - "
2026-04-07,"Baldwin Jr., Patrick",Out,G,"Baldwin Jr., Patrick Out G "
2026-04-07,"DeRozan, DeMar",Out,Injury/Illness -,"DeRozan, DeMar Out Injury/Illness - "
2026-04-07,"Eubanks, Drew",Out,Injury/Illness -,"Eubanks, Drew Out Injury/Illness - "
2026-04-07,"Hunter, De'Andre",Out,Injury/Illness -,"Hunter, De'Andre Out Injury/Illness - "
2026-04-07,"LaVine, Zach",Out,Injury/Illness -,"LaVine, Zach Out Injury/Illness - "
2026-04-07,"Murray, Keegan",Out,Injury/Illness -,"Murray, Keegan Out Injury/Illness - "
2026-04-07,"Sabonis, Domantas",Out,Injury/Illness -,"Sabonis, Domantas Out Injury/Illness - "
2026-04-07,"Stevens, Isaiah",Out,G,"Stevens, Isaiah Out G "
2026-04-07,"Westbrook, Russell",Out,Injury/Illness -,"Westbrook, Russell Out Injury/Illness - "
2026-04-07,"Butler III, Jimmy",Out,Injury/Illness -,"Butler III, Jimmy Out Injury/Illness - "
2026-04-07,"Cryer, LJ",Questionable,Injury/Illness -,"Cryer, LJ Questionable Injury/Illness - "
2026-04-07,"Curry, Stephen",Probable,Injury/Illness -,"Curry, Stephen Probable Injury/Illness - "
2026-04-07,"Horford, Al",Out,Injury/Illness -,"Horford, Al Out Injury/Illness - "
2026-04-07,"Moody, Moses",Out,Injury/Illness -,"Moody, Moses Out Injury/Illness - "
2026-04-07,"Porzingis, Kristaps",Questionable,Injury/Illness -,"Porzingis, Kristaps Questionable Injury/Illness - "
2026-04-07,"Post, Quinten",Out,Injury/Illness -,"Post, Quinten Out Injury/Illness - "
2026-04-07,"Santos, Gui",Out,Injury/Illness -,"Santos, Gui Out Injury/Illness - "
2026-04-07,"Bagley III, Marvin",Probable,Injury/Illness -,"Bagley III, Marvin Probable Injury/Illness - "
2026-04-07,"Cisse, Moussa",Questionable,G,"Cisse, Moussa Questionable G "
2026-04-07,"Gafford, Daniel",Doubtful,Injury/Illness -,"Gafford, Daniel Doubtful Injury/Illness - "
2026-04-07,"Irving, Kyrie",Out,Injury/Illness -,"Irving, Kyrie Out Injury/Illness - "
2026-04-07,"Lively II, Dereck",Out,Injury/Illness -,"Lively II, Dereck Out Injury/Illness - "
2026-04-07,"Martin, Caleb",Doubtful,Injury/Illness -,"Martin, Caleb Doubtful Injury/Illness - "
2026-04-07,"Poulakidas, John",Probable,G,"Poulakidas, John Probable G "
2026-04-07,"Smith, Tyler",Probable,G,"Smith, Tyler Probable G "
2026-04-07,"Williams, Brandon",Doubtful,Injury/Illness -,"Williams, Brandon Doubtful Injury/Illness - "
2026-04-07,"Beal, Bradley",Out,Injury/Illness -,"Beal, Bradley Out Injury/Illness - "
2026-04-07,"Jackson, Isaiah",Out,Injury/Illness -,"Jackson, Isaiah Out Injury/Illness - "
2026-04-07,"Niederhauser, Yanic Konan",Out,Injury/Illness -,"Niederhauser, Yanic Konan Out Injury/Illness - "
2026-04-07,"Sorber, Thomas",Out,Injury/Illness -,"Sorber, Thomas Out Injury/Illness - "
2026-04-07,"Williams, Jalen",Out,Injury/Illness -,"Williams, Jalen Out Injury/Illness - "
2026-04-07,"Doncic, Luka",Out,Injury/Illness -,"Doncic, Luka Out Injury/Illness - "
2026-04-07,"James, LeBron",Out,Injury/Illness -,"James, LeBron Out Injury/Illness - "
2026-04-07,"Reaves, Austin",Out,Injury/Illness -,"Reaves, Austin Out Injury/Illness - "
2026-04-07,"Smart, Marcus",Out,Injury/Illness -,"Smart, Marcus Out Injury/Illness - "
2026-04-07,"Adams, Steven",Out,Injury/Illness -,"Adams, Steven Out Injury/Illness - "
2026-04-07,"VanVleet, Fred",Out,Injury/Illness -,"VanVleet, Fred Out Injury/Illness - "
2026-04-07,"Highsmith, Haywood",Out,Injury/Illness -,"Highsmith, Haywood Out Injury/Illness - "
2026-04-07,"Dennis, RayJ",Questionable,G,"Dennis, RayJ Questionable G "
2026-04-07,"Gilbert, Keshon",Questionable,G,"Gilbert, Keshon Questionable G "
2026-04-07,"Landale, Jock",Out,Injury/Illness -,"Landale, Jock Out Injury/Illness - "
2026-04-07,"Bryant, Thomas",Out,Injury/Illness -,"Bryant, Thomas Out Injury/Illness - "
2026-04-07,"Enaruna, Tristan",Out,G,"Enaruna, Tristan Out G "
2026-04-07,"Mitchell, Donovan",Questionable,Injury/Illness -,"Mitchell, Donovan Questionable Injury/Illness - "
2026-04-07,"Tyson, Jaylon",Questionable,Injury/Illness -,"Tyson, Jaylon Questionable Injury/Illness - "
2026-04-07,"Wade, Dean",Questionable,Injury/Illness -,"Wade, Dean Questionable Injury/Illness - "
2026-04-07,"Cunningham, Cade",Questionable,Injury/Illness -,"Cunningham, Cade Questionable Injury/Illness - "
2026-04-07,"Jones, Isaac",Out,G,"Jones, Isaac Out G "
2026-04-07,"Klintman, Bobi",Out,Not,"Klintman, Bobi Out Not "
2026-04-07,"Moore Jr., Wendell",Out,G,"Moore Jr., Wendell Out G "
2026-04-07,"Stewart, Isaiah",Questionable,Injury/Illness -,"Stewart, Isaiah Questionable Injury/Illness - "
2026-04-07,"Cain, Jamal",Questionable,Injury/Illness -,"Cain, Jamal Questionable Injury/Illness - "
2026-04-07,"Carter Jr., Wendell",Questionable,Injury/Illness -,"Carter Jr., Wendell Questionable Injury/Illness - "
2026-04-07,"Howard, Jett",Out,Injury/Illness -,"Howard, Jett Out Injury/Illness - "
2026-04-07,"Isaac, Jonathan",Out,Injury/Illness -,"Isaac, Jonathan Out Injury/Illness - "
2026-04-08,"Dennis, RayJ",Questionable,G,"Dennis, RayJ Questionable G "
2026-04-08,"Gilbert, Keshon",Questionable,G,"Gilbert, Keshon Questionable G "
2026-04-08,"Landale, Jock",Out,Injury/Illness -,"Landale, Jock Out Injury/Illness - "
2026-04-08,"Bryant, Thomas",Out,Injury/Illness -,"Bryant, Thomas Out Injury/Illness - "
2026-04-08,"Enaruna, Tristan",Out,G,"Enaruna, Tristan Out G "
2026-04-08,"Mitchell, Donovan",Questionable,Injury/Illness -,"Mitchell, Donovan Questionable Injury/Illness - "
2026-04-08,"Tyson, Jaylon",Doubtful,Injury/Illness -,"Tyson, Jaylon Doubtful Injury/Illness - "
2026-04-08,"Wade, Dean",Questionable,Injury/Illness -,"Wade, Dean Questionable Injury/Illness - "
2026-04-08,"Antetokounmpo, Giannis",Out,Injury/Illness -,"Antetokounmpo, Giannis Out Injury/Illness - "
2026-04-08,"Kuzma, Kyle",Out,Injury/Illness -,"Kuzma, Kyle Out Injury/Illness - "
2026-04-08,"Porter Jr., Kevin",Out,Injury/Illness -,"Porter Jr., Kevin Out Injury/Illness - "
2026-04-08,"Portis, Bobby",Out,Injury/Illness -,"Portis, Bobby Out Injury/Illness - "
2026-04-08,"Turner, Myles",Out,Injury/Illness -,"Turner, Myles Out Injury/Illness - "
2026-04-08,"Cunningham, Cade",Questionable,Injury/Illness -,"Cunningham, Cade Questionable Injury/Illness - "
2026-04-08,"Huerter, Kevin",Questionable,Injury/Illness -,"Huerter, Kevin Questionable Injury/Illness - "
2026-04-08,"Jones, Isaac",Out,G,"Jones, Isaac Out G "
2026-04-08,"Moore Jr., Wendell",Questionable,G,"Moore Jr., Wendell Questionable G "
2026-04-08,"Stewart, Isaiah",Questionable,Injury/Illness -,"Stewart, Isaiah Questionable Injury/Illness - "
2026-04-08,"Conley, Mike",Out,Rest,"Conley, Mike Out Rest "
2026-04-08,"Dosunmu, Ayo",Out,Injury/Illness -,"Dosunmu, Ayo Out Injury/Illness - "
2026-04-08,"Edwards, Anthony",Out,Injury/Illness -,"Edwards, Anthony Out Injury/Illness - "
2026-04-08,"Gobert, Rudy",Out,Rest,"Gobert, Rudy Out Rest "
2026-04-08,"McDaniels, Jaden",Available,Injury/Illness -,"McDaniels, Jaden Available Injury/Illness - "
2026-04-08,"Randle, Julius",Out,Injury/Illness -,"Randle, Julius Out Injury/Illness - "
2026-04-08,"Cain, Jamal",Available,Injury/Illness -,"Cain, Jamal Available Injury/Illness - "
2026-04-08,"Carter Jr., Wendell",Available,Injury/Illness -,"Carter Jr., Wendell Available Injury/Illness - "
2026-04-08,"Howard, Jett",Out,Injury/Illness -,"Howard, Jett Out Injury/Illness - "
2026-04-08,"Isaac, Jonathan",Out,Injury/Illness -,"Isaac, Jonathan Out Injury/Illness - "
2026-04-08,"Aldama, Santi",Out,Injury/Illness -,"Aldama, Santi Out Injury/Illness - "
2026-04-08,"Pope, Kentavious",Out,Injury/Illness -,"Pope, Kentavious Out Injury/Illness - "
2026-04-08,"Clarke, Brandon",Out,Injury/Illness -,"Clarke, Brandon Out Injury/Illness - "
2026-04-08,"Edey, Zach",Out,Injury/Illness -,"Edey, Zach Out Injury/Illness - "
2026-04-08,"Jackson, GG",Out,Injury/Illness -,"Jackson, GG Out Injury/Illness - "
2026-04-08,"Jerome, Ty",Out,Injury/Illness -,"Jerome, Ty Out Injury/Illness - "
2026-04-08,"Mashack, Jahmai",Questionable,Injury/Illness -,"Mashack, Jahmai Questionable Injury/Illness - "
2026-04-08,"Morant, Ja",Out,Injury/Illness -,"Morant, Ja Out Injury/Illness - "
2026-04-08,"Pippen Jr., Scotty",Out,Injury/Illness -,"Pippen Jr., Scotty Out Injury/Illness - "
2026-04-08,"Prosper, Olivier- Maxence",Doubtful,Injury/Illness -,"Prosper, Olivier- Maxence Doubtful Injury/Illness - "
2026-04-08,"Small, Javon",Out,Injury/Illness -,"Small, Javon Out Injury/Illness - "
2026-04-08,"Spencer, Cam",Out,Injury/Illness -,"Spencer, Cam Out Injury/Illness - "
2026-04-08,"Wells, Jaylen",Out,Injury/Illness -,"Wells, Jaylen Out Injury/Illness - "
2026-04-08,"Jones, Spencer",Out,Injury/Illness -,"Jones, Spencer Out Injury/Illness - "
2026-04-08,"Watson, Peyton",Out,Injury/Illness -,"Watson, Peyton Out Injury/Illness - "
2026-04-08,"Grant, Jerami",Out,Injury/Illness -,"Grant, Jerami Out Injury/Illness - "
2026-04-08,"Krejci, Vit",Doubtful,Injury/Illness -,"Krejci, Vit Doubtful Injury/Illness - "
2026-04-08,"Lillard, Damian",Out,Injury/Illness -,"Lillard, Damian Out Injury/Illness - "
2026-04-08,"Sharpe, Shaedon",Doubtful,Injury/Illness -,"Sharpe, Shaedon Doubtful Injury/Illness - "
2026-04-08,"Castle, Stephon",Out,Injury/Illness -,"Castle, Stephon Out Injury/Illness - "
2026-04-08,"Garcia, David",Out,Injury/Illness -,"Garcia, David Out Injury/Illness - "
2026-04-08,"Wembanyama, Victor",Out,Injury/Illness -,"Wembanyama, Victor Out Injury/Illness - "
2026-04-08,"Cisse, Moussa",Probable,G,"Cisse, Moussa Probable G "
2026-04-08,"Flagg, Cooper",Probable,Injury/Illness -,"Flagg, Cooper Probable Injury/Illness - "
2026-04-08,"Gafford, Daniel",Doubtful,Injury/Illness -,"Gafford, Daniel Doubtful Injury/Illness - "
2026-04-08,"Irving, Kyrie",Out,Injury/Illness -,"Irving, Kyrie Out Injury/Illness - "
2026-04-08,"Lively II, Dereck",Out,Injury/Illness -,"Lively II, Dereck Out Injury/Illness - "
2026-04-08,"Marshall, Naji",Doubtful,Injury/Illness -,"Marshall, Naji Doubtful Injury/Illness - "
2026-04-08,"Martin, Caleb",Doubtful,Injury/Illness -,"Martin, Caleb Doubtful Injury/Illness - "
2026-04-08,"Poulakidas, John",Probable,G,"Poulakidas, John Probable G "
2026-04-08,"Smith, Tyler",Probable,G,"Smith, Tyler Probable G "
2026-04-08,"Thompson, Klay",Doubtful,Rest,"Thompson, Klay Doubtful Rest "
2026-04-08,"Williams, Brandon",Doubtful,Injury/Illness -,"Williams, Brandon Doubtful Injury/Illness - "
2026-04-08,"Allen, Grayson",Questionable,Injury/Illness -,"Allen, Grayson Questionable Injury/Illness - "
2026-04-08,"Highsmith, Haywood",Out,Injury/Illness -,"Highsmith, Haywood Out Injury/Illness - "
2026-04-08,"Williams, Mark",Out,Injury/Illness -,"Williams, Mark Out Injury/Illness - "
2026-04-08,"Sorber, Thomas",Out,Injury/Illness -,"Sorber, Thomas Out Injury/Illness - "
2026-04-08,"Beal, Bradley",Out,Injury/Illness -,"Beal, Bradley Out Injury/Illness - "
2026-04-08,"Garland, Darius",Out,Injury/Illness -,"Garland, Darius Out Injury/Illness - "
2026-04-08,"Jackson, Isaiah",Out,Injury/Illness -,"Jackson, Isaiah Out Injury/Illness - "
2026-04-08,"Niederhauser, Yanic Konan",Out,Injury/Illness -,"Niederhauser, Yanic Konan Out Injury/Illness - "
2026-04-08,"Buzelis, Matas",Out,Injury/Illness -,"Buzelis, Matas Out Injury/Illness - "
2026-04-08,"Collins, Zach",Out,Injury/Illness -,"Collins, Zach Out Injury/Illness - "
2026-04-08,"Essengue, Noa",Out,Injury/Illness -,"Essengue, Noa Out Injury/Illness - "
2026-04-08,"Giddey, Josh",Out,Injury/Illness -,"Giddey, Josh Out Injury/Illness - "
2026-04-08,"Okoro, Isaac",Questionable,Injury/Illness -,"Okoro, Isaac Questionable Injury/Illness - "
2026-04-08,"Olbrich, Lachlan",Probable,Injury/Illness -,"Olbrich, Lachlan Probable Injury/Illness - "
2026-04-08,"Richards, Nick",Out,Injury/Illness -,"Richards, Nick Out Injury/Illness - "
2026-04-08,"Sexton, Collin",Probable,Injury/Illness -,"Sexton, Collin Probable Injury/Illness - "
2026-04-08,"Simons, Anfernee",Out,Injury/Illness -,"Simons, Anfernee Out Injury/Illness - "
2026-04-08,"Smith, Jalen",Out,Injury/Illness -,"Smith, Jalen Out Injury/Illness - "
2026-04-08,"Williams, Patrick",Probable,Injury/Illness -,"Williams, Patrick Probable Injury/Illness - "
2026-04-08,"Champagnie, Justin",Questionable,Injury/Illness -,"Champagnie, Justin Questionable Injury/Illness - "
2026-04-08,"Coulibaly, Bilal",Questionable,Injury/Illness -,"Coulibaly, Bilal Questionable Injury/Illness - "
2026-04-08,"Davis, Anthony",Out,Injury/Illness -,"Davis, Anthony Out Injury/Illness - "
2026-04-08,"George, Kyshawn",Out,Injury/Illness -,"George, Kyshawn Out Injury/Illness - "
2026-04-08,"Gill, Anthony",Questionable,Injury/Illness -,"Gill, Anthony Questionable Injury/Illness - "
2026-04-08,"Hardy, Jaden",Questionable,Injury/Illness -,"Hardy, Jaden Questionable Injury/Illness - "
2026-04-08,"Johnson, Tre",Questionable,Injury/Illness -,"Johnson, Tre Questionable Injury/Illness - "
2026-04-08,"Russell, D'Angelo",Out,Not,"Russell, D'Angelo Out Not "
2026-04-08,"Sarr, Alex",Out,Injury/Illness -,"Sarr, Alex Out Injury/Illness - "
2026-04-08,"Vukcevic, Tristan",Out,Injury/Illness -,"Vukcevic, Tristan Out Injury/Illness - "
2026-04-08,"Whitmore, Cam",Out,Injury/Illness -,"Whitmore, Cam Out Injury/Illness - "
2026-04-08,"Young, Trae",Out,Injury/Illness -,"Young, Trae Out Injury/Illness - "
2026-04-08,"Herro, Tyler",Available,Injury/Illness -,"Herro, Tyler Available Injury/Illness - "
2026-04-08,"Jovic, Nikola",Out,Injury/Illness -,"Jovic, Nikola Out Injury/Illness - "
2026-04-08,"Powell, Norman",Questionable,Injury/Illness -,"Powell, Norman Questionable Injury/Illness - "
2026-04-08,"Rozier, Terry",Out,Not,"Rozier, Terry Out Not "
2026-04-08,"Smith, Dru",Questionable,Injury/Illness -,"Smith, Dru Questionable Injury/Illness - "
2026-04-08,"Wiggins, Andrew",Available,Injury/Illness -,"Wiggins, Andrew Available Injury/Illness - "
2026-04-08,"Hepburn, Chucky",Out,Injury/Illness -,"Hepburn, Chucky Out Injury/Illness - "
2026-04-08,"Brown, Jaylen",Questionable,Injury/Illness -,"Brown, Jaylen Questionable Injury/Illness - "
2026-04-08,"Hauser, Sam",Questionable,Injury/Illness -,"Hauser, Sam Questionable Injury/Illness - "
2026-04-08,"Queta, Neemias",Questionable,Injury/Illness -,"Queta, Neemias Questionable Injury/Illness - "
2026-04-08,"White, Derrick",Questionable,Injury/Illness -,"White, Derrick Questionable Injury/Illness - "
2026-04-08,"Kolek, Tyler",Questionable,Injury/Illness -,"Kolek, Tyler Questionable Injury/Illness - "
2026-04-08,"Brown, Kobe",Questionable,Injury/Illness -,"Brown, Kobe Questionable Injury/Illness - "
2026-04-08,"Furphy, Johnny",Out,Injury/Illness -,"Furphy, Johnny Out Injury/Illness - "
2026-04-08,"Haliburton, Tyrese",Out,Injury/Illness -,"Haliburton, Tyrese Out Injury/Illness - "
2026-04-08,"Nembhard, Andrew",Out,Injury/Illness -,"Nembhard, Andrew Out Injury/Illness - "
2026-04-08,"Nesmith, Aaron",Out,Injury/Illness -,"Nesmith, Aaron Out Injury/Illness - "
2026-04-08,"Sheppard, Ben",Questionable,Injury/Illness -,"Sheppard, Ben Questionable Injury/Illness - "
2026-04-08,"Siakam, Pascal",Out,Injury/Illness -,"Siakam, Pascal Out Injury/Illness - "
2026-04-08,"Walker, Jarace",Questionable,Injury/Illness -,"Walker, Jarace Questionable Injury/Illness - "
2026-04-08,"Zubac, Ivica",Out,Injury/Illness -,"Zubac, Ivica Out Injury/Illness - "
2026-04-08,"Claxton, Nic",Out,Injury/Illness -,"Claxton, Nic Out Injury/Illness - "
2026-04-08,"Clowney, Noah",Out,Injury/Illness -,"Clowney, Noah Out Injury/Illness - "
2026-04-08,"Demin, Egor",Out,Injury/Illness -,"Demin, Egor Out Injury/Illness - "
2026-04-08,"Mann, Terance",Out,Injury/Illness -,"Mann, Terance Out Injury/Illness - "
2026-04-08,"Minott, Josh",Out,Injury/Illness -,"Minott, Josh Out Injury/Illness - "
2026-04-08,"Porter Jr., Michael",Out,Injury/Illness -,"Porter Jr., Michael Out Injury/Illness - "
2026-04-08,"Sharpe, Day'Ron",Out,Injury/Illness -,"Sharpe, Day'Ron Out Injury/Illness - "
2026-04-08,"Traore, Nolan",Out,Rest,"Traore, Nolan Out Rest "
2026-04-08,"Williams, Ziaire",Out,Injury/Illness -,"Williams, Ziaire Out Injury/Illness - "
2026-04-08,"Wolf, Danny",Out,Injury/Illness -,"Wolf, Danny Out Injury/Illness - "
2026-04-08,"Adams, Steven",Out,Injury/Illness -,"Adams, Steven Out Injury/Illness - "
2026-04-08,"VanVleet, Fred",Out,Injury/Illness -,"VanVleet, Fred Out Injury/Illness - "
2026-04-08,"Bassey, Charles",Questionable,Injury/Illness -,"Bassey, Charles Questionable Injury/Illness - "
2026-04-08,"Butler III, Jimmy",Out,Injury/Illness -,"Butler III, Jimmy Out Injury/Illness - "
2026-04-08,"Cryer, LJ",Probable,Injury/Illness -,"Cryer, LJ Probable Injury/Illness - "
2026-04-08,"Curry, Stephen",Questionable,Injury/Illness -,"Curry, Stephen Questionable Injury/Illness - "
2026-04-08,"Horford, Al",Out,Injury/Illness -,"Horford, Al Out Injury/Illness - "
2026-04-08,"Moody, Moses",Out,Injury/Illness -,"Moody, Moses Out Injury/Illness - "
2026-04-08,"Porzingis, Kristaps",Out,Injury/Illness -,"Porzingis, Kristaps Out Injury/Illness - "
2026-04-08,"Post, Quinten",Out,Injury/Illness -,"Post, Quinten Out Injury/Illness - "
2026-04-08,"Richard, Will",Doubtful,Injury/Illness -,"Richard, Will Doubtful Injury/Illness - "
2026-04-08,"Santos, Gui",Questionable,Injury/Illness -,"Santos, Gui Questionable Injury/Illness - "
2026-04-09,"Buzelis, Matas",Out,Injury/Illness -,"Buzelis, Matas Out Injury/Illness - "
2026-04-09,"Collins, Zach",Out,Injury/Illness -,"Collins, Zach Out Injury/Illness - "
2026-04-09,"Essengue, Noa",Out,Injury/Illness -,"Essengue, Noa Out Injury/Illness - "
2026-04-09,"Giddey, Josh",Out,Injury/Illness -,"Giddey, Josh Out Injury/Illness - "
2026-04-09,"Okoro, Isaac",Out,Injury/Illness -,"Okoro, Isaac Out Injury/Illness - "
2026-04-09,"Olbrich, Lachlan",Probable,Injury/Illness -,"Olbrich, Lachlan Probable Injury/Illness - "
2026-04-09,"Richards, Nick",Out,Injury/Illness -,"Richards, Nick Out Injury/Illness - "
2026-04-09,"Sexton, Collin",Probable,Injury/Illness -,"Sexton, Collin Probable Injury/Illness - "
2026-04-09,"Simons, Anfernee",Out,Injury/Illness -,"Simons, Anfernee Out Injury/Illness - "
2026-04-09,"Smith, Jalen",Out,Injury/Illness -,"Smith, Jalen Out Injury/Illness - "
2026-04-09,"Williams, Patrick",Probable,Injury/Illness -,"Williams, Patrick Probable Injury/Illness - "
2026-04-09,"Champagnie, Justin",Available,Injury/Illness -,"Champagnie, Justin Available Injury/Illness - "
2026-04-09,"Coulibaly, Bilal",Out,Injury/Illness -,"Coulibaly, Bilal Out Injury/Illness - "
2026-04-09,"Davis, Anthony",Out,Injury/Illness -,"Davis, Anthony Out Injury/Illness - "
2026-04-09,"George, Kyshawn",Out,Injury/Illness -,"George, Kyshawn Out Injury/Illness - "
2026-04-09,"Gill, Anthony",Available,Injury/Illness -,"Gill, Anthony Available Injury/Illness - "
2026-04-09,"Hardy, Jaden",Out,Injury/Illness -,"Hardy, Jaden Out Injury/Illness - "
2026-04-09,"Johnson, Tre",Out,Injury/Illness -,"Johnson, Tre Out Injury/Illness - "
2026-04-09,"Russell, D'Angelo",Out,Not,"Russell, D'Angelo Out Not "
2026-04-09,"Sarr, Alex",Out,Injury/Illness -,"Sarr, Alex Out Injury/Illness - "
2026-04-09,"Vukcevic, Tristan",Out,Injury/Illness -,"Vukcevic, Tristan Out Injury/Illness - "
2026-04-09,"Whitmore, Cam",Out,Injury/Illness -,"Whitmore, Cam Out Injury/Illness - "
2026-04-09,"Young, Trae",Out,Injury/Illness -,"Young, Trae Out Injury/Illness - "
2026-04-09,"Herro, Tyler",Available,Injury/Illness -,"Herro, Tyler Available Injury/Illness - "
2026-04-09,"Jovic, Nikola",Out,Injury/Illness -,"Jovic, Nikola Out Injury/Illness - "
2026-04-09,"Powell, Norman",Questionable,Injury/Illness -,"Powell, Norman Questionable Injury/Illness - "
2026-04-09,"Rozier, Terry",Out,Not,"Rozier, Terry Out Not "
2026-04-09,"Smith, Dru",Questionable,Injury/Illness -,"Smith, Dru Questionable Injury/Illness - "
2026-04-09,"Wiggins, Andrew",Available,Injury/Illness -,"Wiggins, Andrew Available Injury/Illness - "
2026-04-09,"Hepburn, Chucky",Out,Injury/Illness -,"Hepburn, Chucky Out Injury/Illness - "
2026-04-09,"Davis, Trayce",Out,Injury/Illness -,"Davis, Trayce Out Injury/Illness - "
2026-04-09,"Brown, Jaylen",Out,Injury/Illness -,"Brown, Jaylen Out Injury/Illness - "
2026-04-09,"Hauser, Sam",Available,Injury/Illness -,"Hauser, Sam Available Injury/Illness - "
2026-04-09,"Queta, Neemias",Questionable,Injury/Illness -,"Queta, Neemias Questionable Injury/Illness - "
2026-04-09,"White, Derrick",Questionable,Injury/Illness -,"White, Derrick Questionable Injury/Illness - "
2026-04-09,"Kolek, Tyler",Out,Injury/Illness -,"Kolek, Tyler Out Injury/Illness - "
2026-04-09,"Brown, Kobe",Questionable,Injury/Illness -,"Brown, Kobe Questionable Injury/Illness - "
2026-04-09,"Furphy, Johnny",Out,Injury/Illness -,"Furphy, Johnny Out Injury/Illness - "
2026-04-09,"Haliburton, Tyrese",Out,Injury/Illness -,"Haliburton, Tyrese Out Injury/Illness - "
2026-04-09,"Nembhard, Andrew",Out,Injury/Illness -,"Nembhard, Andrew Out Injury/Illness - "
2026-04-09,"Nesmith, Aaron",Out,Injury/Illness -,"Nesmith, Aaron Out Injury/Illness - "
2026-04-09,"Sheppard, Ben",Questionable,Injury/Illness -,"Sheppard, Ben Questionable Injury/Illness - "
2026-04-09,"Siakam, Pascal",Out,Injury/Illness -,"Siakam, Pascal Out Injury/Illness - "
2026-04-09,"Walker, Jarace",Questionable,Injury/Illness -,"Walker, Jarace Questionable Injury/Illness - "
2026-04-09,"Zubac, Ivica",Out,Injury/Illness -,"Zubac, Ivica Out Injury/Illness - "
2026-04-09,"Claxton, Nic",Out,Injury/Illness -,"Claxton, Nic Out Injury/Illness - "
2026-04-09,"Clowney, Noah",Out,Injury/Illness -,"Clowney, Noah Out Injury/Illness - "
2026-04-09,"Demin, Egor",Out,Injury/Illness -,"Demin, Egor Out Injury/Illness - "
2026-04-09,"Mann, Terance",Out,Injury/Illness -,"Mann, Terance Out Injury/Illness - "
2026-04-09,"Minott, Josh",Out,Injury/Illness -,"Minott, Josh Out Injury/Illness - "
2026-04-09,"Porter Jr., Michael",Out,Injury/Illness -,"Porter Jr., Michael Out Injury/Illness - "
2026-04-09,"Sharpe, Day'Ron",Out,Injury/Illness -,"Sharpe, Day'Ron Out Injury/Illness - "
2026-04-09,"Traore, Nolan",Out,Rest,"Traore, Nolan Out Rest "
2026-04-09,"Williams, Ziaire",Out,Injury/Illness -,"Williams, Ziaire Out Injury/Illness - "
2026-04-09,"Wolf, Danny",Out,Injury/Illness -,"Wolf, Danny Out Injury/Illness - "
2026-04-09,"Broome, Johni",Out,Injury/Illness -,"Broome, Johni Out Injury/Illness - "
2026-04-09,"Embiid, Joel",Out,Injury/Illness -,"Embiid, Joel Out Injury/Illness - "
2026-04-09,"Maxey, Tyrese",Available,Injury/Illness -,"Maxey, Tyrese Available Injury/Illness - "
2026-04-09,"Payne, Cameron",Out,Injury/Illness -,"Payne, Cameron Out Injury/Illness - "
2026-04-09,"Adams, Steven",Out,Injury/Illness -,"Adams, Steven Out Injury/Illness - "
2026-04-09,"Eason, Tari",Questionable,Injury/Illness -,"Eason, Tari Questionable Injury/Illness - "
2026-04-09,"VanVleet, Fred",Out,Injury/Illness -,"VanVleet, Fred Out Injury/Illness - "
2026-04-09,"Doncic, Luka",Out,Injury/Illness -,"Doncic, Luka Out Injury/Illness - "
2026-04-09,"Hayes, Jaxson",Out,Injury/Illness -,"Hayes, Jaxson Out Injury/Illness - "
2026-04-09,"Reaves, Austin",Out,Injury/Illness -,"Reaves, Austin Out Injury/Illness - "
2026-04-09,"Smart, Marcus",Out,Injury/Illness -,"Smart, Marcus Out Injury/Illness - "
2026-04-09,"Bassey, Charles",Probable,Injury/Illness -,"Bassey, Charles Probable Injury/Illness - "
2026-04-09,"Butler III, Jimmy",Out,Injury/Illness -,"Butler III, Jimmy Out Injury/Illness - "
2026-04-09,"Cryer, LJ",Probable,Injury/Illness -,"Cryer, LJ Probable Injury/Illness - "
2026-04-09,"Curry, Stephen",Out,Injury/Illness -,"Curry, Stephen Out Injury/Illness - "
2026-04-09,"Horford, Al",Out,Injury/Illness -,"Horford, Al Out Injury/Illness - "
2026-04-09,"Moody, Moses",Out,Injury/Illness -,"Moody, Moses Out Injury/Illness - "
2026-04-09,"Porzingis, Kristaps",Out,Injury/Illness -,"Porzingis, Kristaps Out Injury/Illness - "
2026-04-09,"Post, Quinten",Out,Injury/Illness -,"Post, Quinten Out Injury/Illness - "
2026-04-09,"Richard, Will",Out,Injury/Illness -,"Richard, Will Out Injury/Illness - "
2026-04-09,"Santos, Gui",Questionable,Injury/Illness -,"Santos, Gui Questionable Injury/Illness - "
2026-04-09,"Allen, Jarrett",Out,Injury/Illness -,"Allen, Jarrett Out Injury/Illness - "
2026-04-09,"Bryant, Thomas",Out,Injury/Illness -,"Bryant, Thomas Out Injury/Illness - "
2026-04-09,"Merrill, Sam",Out,Injury/Illness -,"Merrill, Sam Out Injury/Illness - "
2026-04-09,"Mitchell, Donovan",Out,Injury/Illness -,"Mitchell, Donovan Out Injury/Illness - "
2026-04-09,"Tyson, Jaylon",Questionable,Injury/Illness -,"Tyson, Jaylon Questionable Injury/Illness - "
2026-04-09,"Dennis, RayJ",Doubtful,G,"Dennis, RayJ Doubtful G "
2026-04-09,"Gilbert, Keshon",Doubtful,G,"Gilbert, Keshon Doubtful G "
2026-04-09,"Landale, Jock",Out,Injury/Illness -,"Landale, Jock Out Injury/Illness - "
2026-04-09,"Huerter, Kevin",Questionable,Injury/Illness -,"Huerter, Kevin Questionable Injury/Illness - "
2026-04-09,"Jones, Isaac",Out,G,"Jones, Isaac Out G "
2026-04-09,"Moore Jr., Wendell",Out,G,"Moore Jr., Wendell Out G "
2026-04-09,"Evbuomwan, Tosan",Out,G,"Evbuomwan, Tosan Out G "
2026-04-09,"Hall, PJ",Out,Injury/Illness -,"Hall, PJ Out Injury/Illness - "
2026-04-09,"McNeeley, Liam",Out,G,"McNeeley, Liam Out G "
2026-04-09,"Reeves, Antonio",Out,G,"Reeves, Antonio Out G "
2026-04-09,"Salaun, Tidjane",Out,G,"Salaun, Tidjane Out G "
2026-04-09,"White, Coby",Probable,Injury/Illness -,"White, Coby Probable Injury/Illness - "
2026-04-09,"Bey, Saddiq",Questionable,Rest,"Bey, Saddiq Questionable Rest "
2026-04-09,"Jones, Herbert",Questionable,Rest,"Jones, Herbert Questionable Rest "
2026-04-09,"Matkovic, Karlo",Questionable,Injury/Illness -,"Matkovic, Karlo Questionable Injury/Illness - "
2026-04-09,"McGowens, Bryce",Out,Injury/Illness -,"McGowens, Bryce Out Injury/Illness - "
2026-04-09,"Missi, Yves",Out,Injury/Illness -,"Missi, Yves Out Injury/Illness - "
2026-04-09,"Murphy III, Trey",Out,Injury/Illness -,"Murphy III, Trey Out Injury/Illness - "
2026-04-09,"Murray, Dejounte",Out,Injury/Illness -,"Murray, Dejounte Out Injury/Illness - "
2026-04-09,"Williamson, Zion",Out,Injury/Illness -,"Williamson, Zion Out Injury/Illness - "
2026-04-09,"Antetokounmpo, Giannis",Out,Injury/Illness -,"Antetokounmpo, Giannis Out Injury/Illness - "
2026-04-09,"Porter Jr., Kevin",Out,Injury/Illness -,"Porter Jr., Kevin Out Injury/Illness - "
2026-04-09,"Portis, Bobby",Out,Injury/Illness -,"Portis, Bobby Out Injury/Illness - "
2026-04-09,"Trent Jr., Gary",Out,Injury/Illness -,"Trent Jr., Gary Out Injury/Illness - "
2026-04-09,"Cisse, Moussa",Probable,G,"Cisse, Moussa Probable G "
2026-04-09,"Flagg, Cooper",Probable,Injury/Illness -,"Flagg, Cooper Probable Injury/Illness - "
2026-04-09,"Gafford, Daniel",Doubtful,Rest,"Gafford, Daniel Doubtful Rest "
2026-04-09,"Irving, Kyrie",Out,Injury/Illness -,"Irving, Kyrie Out Injury/Illness - "
2026-04-09,"Lively II, Dereck",Out,Injury/Illness -,"Lively II, Dereck Out Injury/Illness - "
2026-04-09,"Marshall, Naji",Doubtful,Injury/Illness -,"Marshall, Naji Doubtful Injury/Illness - "
2026-04-09,"Martin, Caleb",Doubtful,Injury/Illness -,"Martin, Caleb Doubtful Injury/Illness - "
2026-04-09,"Poulakidas, John",Probable,G,"Poulakidas, John Probable G "
2026-04-09,"Smith, Tyler",Probable,G,"Smith, Tyler Probable G "
2026-04-09,"Williams, Brandon",Doubtful,Injury/Illness -,"Williams, Brandon Doubtful Injury/Illness - "
2026-04-09,"Carter Jr., Wendell",Available,Injury/Illness -,"Carter Jr., Wendell Available Injury/Illness - "
2026-04-09,"Howard, Jett",Out,Injury/Illness -,"Howard, Jett Out Injury/Illness - "
2026-04-09,"Isaac, Jonathan",Out,Injury/Illness -,"Isaac, Jonathan Out Injury/Illness - "
2026-04-10,"Allen, Jarrett",Out,Injury/Illness -,"Allen, Jarrett Out Injury/Illness - "
2026-04-10,"Bryant, Thomas",Out,Injury/Illness -,"Bryant, Thomas Out Injury/Illness - "
2026-04-10,"Merrill, Sam",Out,Injury/Illness -,"Merrill, Sam Out Injury/Illness - "
2026-04-10,"Mitchell, Donovan",Out,Injury/Illness -,"Mitchell, Donovan Out Injury/Illness - "
2026-04-10,"Tyson, Jaylon",Probable,Injury/Illness -,"Tyson, Jaylon Probable Injury/Illness - "
2026-04-10,"Dennis, RayJ",Doubtful,G,"Dennis, RayJ Doubtful G "
2026-04-10,"Gilbert, Keshon",Doubtful,G,"Gilbert, Keshon Doubtful G "
2026-04-10,"Landale, Jock",Out,Injury/Illness -,"Landale, Jock Out Injury/Illness - "
2026-04-10,"Huerter, Kevin",Probable,Injury/Illness -,"Huerter, Kevin Probable Injury/Illness - "
2026-04-10,"Jones, Isaac",Out,G,"Jones, Isaac Out G "
2026-04-10,"Moore Jr., Wendell",Out,G,"Moore Jr., Wendell Out G "
2026-04-10,"Evbuomwan, Tosan",Out,G,"Evbuomwan, Tosan Out G "
2026-04-10,"Hall, PJ",Out,Injury/Illness -,"Hall, PJ Out Injury/Illness - "
2026-04-10,"McNeeley, Liam",Out,G,"McNeeley, Liam Out G "
2026-04-10,"Reeves, Antonio",Out,G,"Reeves, Antonio Out G "
2026-04-10,"Salaun, Tidjane",Out,G,"Salaun, Tidjane Out G "
2026-04-10,"White, Coby",Available,Injury/Illness -,"White, Coby Available Injury/Illness - "
2026-04-10,"Herro, Tyler",Out,Injury/Illness -,"Herro, Tyler Out Injury/Illness - "
2026-04-10,"Jovic, Nikola",Out,Injury/Illness -,"Jovic, Nikola Out Injury/Illness - "
2026-04-10,"Mitchell, Davion",Questionable,Injury/Illness -,"Mitchell, Davion Questionable Injury/Illness - "
2026-04-10,"Powell, Norman",Out,Injury/Illness -,"Powell, Norman Out Injury/Illness - "
2026-04-10,"Rozier, Terry",Out,Not,"Rozier, Terry Out Not "
2026-04-10,"Smith, Dru",Out,Injury/Illness -,"Smith, Dru Out Injury/Illness - "
2026-04-10,"Wiggins, Andrew",Available,Injury/Illness -,"Wiggins, Andrew Available Injury/Illness - "
2026-04-10,"Champagnie, Justin",Out,Injury/Illness -,"Champagnie, Justin Out Injury/Illness - "
2026-04-10,"Coulibaly, Bilal",Available,Injury/Illness -,"Coulibaly, Bilal Available Injury/Illness - "
2026-04-10,"Davis, Anthony",Out,Injury/Illness -,"Davis, Anthony Out Injury/Illness - "
2026-04-10,"George, Kyshawn",Out,Injury/Illness -,"George, Kyshawn Out Injury/Illness - "
2026-04-10,"Gill, Anthony",Available,Injury/Illness -,"Gill, Anthony Available Injury/Illness - "
2026-04-10,"Hardy, Jaden",Available,Injury/Illness -,"Hardy, Jaden Available Injury/Illness - "
2026-04-10,"Johnson, Tre",Out,Injury/Illness -,"Johnson, Tre Out Injury/Illness - "
2026-04-10,"Russell, D'Angelo",Out,Not,"Russell, D'Angelo Out Not "
2026-04-10,"Sarr, Alex",Out,Injury/Illness -,"Sarr, Alex Out Injury/Illness - "
2026-04-10,"Vukcevic, Tristan",Out,Injury/Illness -,"Vukcevic, Tristan Out Injury/Illness - "
2026-04-10,"Whitmore, Cam",Out,Injury/Illness -,"Whitmore, Cam Out Injury/Illness - "
2026-04-10,"Young, Trae",Out,Injury/Illness -,"Young, Trae Out Injury/Illness - "
2026-04-10,"Bey, Saddiq",Out,Rest,"Bey, Saddiq Out Rest "
2026-04-10,"Jones, Herbert",Out,Rest,"Jones, Herbert Out Rest "
2026-04-10,"Matkovic, Karlo",Out,Injury/Illness -,"Matkovic, Karlo Out Injury/Illness - "
2026-04-10,"McGowens, Bryce",Out,Injury/Illness -,"McGowens, Bryce Out Injury/Illness - "
2026-04-10,"Missi, Yves",Out,Injury/Illness -,"Missi, Yves Out Injury/Illness - "
2026-04-10,"Murphy III, Trey",Out,Injury/Illness -,"Murphy III, Trey Out Injury/Illness - "
2026-04-10,"Murray, Dejounte",Out,Injury/Illness -,"Murray, Dejounte Out Injury/Illness - "
2026-04-10,"Williamson, Zion",Out,Injury/Illness -,"Williamson, Zion Out Injury/Illness - "
2026-04-10,"Brown, Jaylen",Questionable,Injury/Illness -,"Brown, Jaylen Questionable Injury/Illness - "
2026-04-10,"Hauser, Sam",Probable,Injury/Illness -,"Hauser, Sam Probable Injury/Illness - "
2026-04-10,"Queta, Neemias",Probable,Injury/Illness -,"Queta, Neemias Probable Injury/Illness - "
2026-04-10,"Tatum, Jayson",Out,Injury/Illness -,"Tatum, Jayson Out Injury/Illness - "
2026-04-10,"White, Derrick",Probable,Injury/Illness -,"White, Derrick Probable Injury/Illness - "
2026-04-10,"Broome, Johni",Out,Injury/Illness -,"Broome, Johni Out Injury/Illness - "
2026-04-10,"Embiid, Joel",Out,Injury/Illness -,"Embiid, Joel Out Injury/Illness - "
2026-04-10,"Maxey, Tyrese",Available,Injury/Illness -,"Maxey, Tyrese Available Injury/Illness - "
2026-04-10,"Payne, Cameron",Out,Injury/Illness -,"Payne, Cameron Out Injury/Illness - "
2026-04-10,"Brown, Kobe",Questionable,Injury/Illness -,"Brown, Kobe Questionable Injury/Illness - "
2026-04-10,"Furphy, Johnny",Out,Injury/Illness -,"Furphy, Johnny Out Injury/Illness - "
2026-04-10,"Haliburton, Tyrese",Out,Injury/Illness -,"Haliburton, Tyrese Out Injury/Illness - "
2026-04-10,"Nembhard, Andrew",Out,Injury/Illness -,"Nembhard, Andrew Out Injury/Illness - "
2026-04-10,"Nesmith, Aaron",Out,Injury/Illness -,"Nesmith, Aaron Out Injury/Illness - "
2026-04-10,"Sheppard, Ben",Questionable,Injury/Illness -,"Sheppard, Ben Questionable Injury/Illness - "
2026-04-10,"Siakam, Pascal",Out,Injury/Illness -,"Siakam, Pascal Out Injury/Illness - "
2026-04-10,"Walker, Jarace",Questionable,Injury/Illness -,"Walker, Jarace Questionable Injury/Illness - "
2026-04-10,"Zubac, Ivica",Out,Injury/Illness -,"Zubac, Ivica Out Injury/Illness - "
2026-04-10,"Hepburn, Chucky",Out,Injury/Illness -,"Hepburn, Chucky Out Injury/Illness - "
2026-04-10,"Davis, Trayce",Out,Injury/Illness -,"Davis, Trayce Out Injury/Illness - "
2026-04-10,"Key, Tyreke",Out,Not,"Key, Tyreke Out Not "
2026-04-10,"Boyles, Collin",Out,Injury/Illness -,"Boyles, Collin Out Injury/Illness - "
2026-04-10,"Quickley, Immanuel",Out,Injury/Illness -,"Quickley, Immanuel Out Injury/Illness - "
2026-04-10,"Kolek, Tyler",Questionable,Injury/Illness -,"Kolek, Tyler Questionable Injury/Illness - "
2026-04-10,"McBride, Miles",Out,Injury/Illness -,"McBride, Miles Out Injury/Illness - "
2026-04-10,"Robinson, Mitchell",Out,Injury/Illness -,"Robinson, Mitchell Out Injury/Illness - "
2026-04-10,"Claxton, Nic",Out,Injury/Illness -,"Claxton, Nic Out Injury/Illness - "
2026-04-10,"Clowney, Noah",Out,Injury/Illness -,"Clowney, Noah Out Injury/Illness - "
2026-04-10,"Demin, Egor",Out,Injury/Illness -,"Demin, Egor Out Injury/Illness - "
2026-04-10,"Mann, Terance",Out,Injury/Illness -,"Mann, Terance Out Injury/Illness - "
2026-04-10,"Minott, Josh",Out,Injury/Illness -,"Minott, Josh Out Injury/Illness - "
2026-04-10,"Porter Jr., Michael",Out,Injury/Illness -,"Porter Jr., Michael Out Injury/Illness - "
2026-04-10,"Powell, Drake",Out,Injury/Illness -,"Powell, Drake Out Injury/Illness - "
2026-04-10,"Sharpe, Day'Ron",Out,Injury/Illness -,"Sharpe, Day'Ron Out Injury/Illness - "
2026-04-10,"Williams, Ziaire",Out,Injury/Illness -,"Williams, Ziaire Out Injury/Illness - "
2026-04-10,"Wolf, Danny",Out,Injury/Illness -,"Wolf, Danny Out Injury/Illness - "
2026-04-10,"Antetokounmpo, Giannis",Out,Injury/Illness -,"Antetokounmpo, Giannis Out Injury/Illness - "
2026-04-10,"Nance, Pete",Out,Injury/Illness -,"Nance, Pete Out Injury/Illness - "
2026-04-10,"Porter Jr., Kevin",Out,Injury/Illness -,"Porter Jr., Kevin Out Injury/Illness - "
2026-04-10,"Portis, Bobby",Out,Injury/Illness -,"Portis, Bobby Out Injury/Illness - "
2026-04-10,"Trent Jr., Gary",Out,Injury/Illness -,"Trent Jr., Gary Out Injury/Illness - "
2026-04-10,"Bagley III, Marvin",Questionable,Injury/Illness -,"Bagley III, Marvin Questionable Injury/Illness - "
2026-04-10,"Cisse, Moussa",Probable,G,"Cisse, Moussa Probable G "
2026-04-10,"Flagg, Cooper",Probable,Injury/Illness -,"Flagg, Cooper Probable Injury/Illness - "
2026-04-10,"Gafford, Daniel",Doubtful,Rest,"Gafford, Daniel Doubtful Rest "
2026-04-10,"Irving, Kyrie",Out,Injury/Illness -,"Irving, Kyrie Out Injury/Illness - "
2026-04-10,"Lively II, Dereck",Out,Injury/Illness -,"Lively II, Dereck Out Injury/Illness - "
2026-04-10,"Marshall, Naji",Doubtful,Injury/Illness -,"Marshall, Naji Doubtful Injury/Illness - "
2026-04-10,"Martin, Caleb",Doubtful,Injury/Illness -,"Martin, Caleb Doubtful Injury/Illness - "
2026-04-10,"Poulakidas, John",Probable,G,"Poulakidas, John Probable G "
2026-04-10,"Powell, Dwight",Questionable,Injury/Illness -,"Powell, Dwight Questionable Injury/Illness - "
2026-04-10,"Smith, Tyler",Probable,G,"Smith, Tyler Probable G "
2026-04-10,"Williams, Brandon",Doubtful,Injury/Illness -,"Williams, Brandon Doubtful Injury/Illness - "
2026-04-10,"Castle, Stephon",Questionable,Injury/Illness -,"Castle, Stephon Questionable Injury/Illness - "
2026-04-10,"Ingram, Harrison",Questionable,G,"Ingram, Harrison Questionable G "
2026-04-10,"Garcia, David",Out,Injury/Illness -,"Garcia, David Out Injury/Illness - "
2026-04-10,"Miller, Emanuel",Out,G,"Miller, Emanuel Out G "
2026-04-10,"Wembanyama, Victor",Questionable,Injury/Illness -,"Wembanyama, Victor Questionable Injury/Illness - "
2026-04-10,"Carter Jr., Wendell",Available,Injury/Illness -,"Carter Jr., Wendell Available Injury/Illness - "
2026-04-10,"Howard, Jett",Out,Injury/Illness -,"Howard, Jett Out Injury/Illness - "
2026-04-10,"Isaac, Jonathan",Out,Injury/Illness -,"Isaac, Jonathan Out Injury/Illness - "
2026-04-10,"Buzelis, Matas",Questionable,Injury/Illness -,"Buzelis, Matas Questionable Injury/Illness - "
2026-04-10,"Collins, Zach",Out,Injury/Illness -,"Collins, Zach Out Injury/Illness - "
2026-04-10,"Essengue, Noa",Out,Injury/Illness -,"Essengue, Noa Out Injury/Illness - "
2026-04-10,"Giddey, Josh",Out,Injury/Illness -,"Giddey, Josh Out Injury/Illness - "
2026-04-10,"Miller, Leonard",Probable,Injury/Illness -,"Miller, Leonard Probable Injury/Illness - "
2026-04-10,"Okoro, Isaac",Doubtful,Injury/Illness -,"Okoro, Isaac Doubtful Injury/Illness - "
2026-04-10,"Olbrich, Lachlan",Probable,Injury/Illness -,"Olbrich, Lachlan Probable Injury/Illness - "
2026-04-10,"Richards, Nick",Out,Injury/Illness -,"Richards, Nick Out Injury/Illness - "
2026-04-10,"Sexton, Collin",Probable,Injury/Illness -,"Sexton, Collin Probable Injury/Illness - "
2026-04-10,"Simons, Anfernee",Out,Injury/Illness -,"Simons, Anfernee Out Injury/Illness - "
2026-04-10,"Smith, Jalen",Out,Injury/Illness -,"Smith, Jalen Out Injury/Illness - "
2026-04-10,"Williams, Patrick",Probable,Injury/Illness -,"Williams, Patrick Probable Injury/Illness - "
2026-04-10,"Yabusele, Guerschon",Out,Injury/Illness -,"Yabusele, Guerschon Out Injury/Illness - "
2026-04-10,"Caruso, Alex",Out,Rest -,"Caruso, Alex Out Rest - "
2026-04-10,"Alexander, Shai",Out,Injury/Illness -,"Alexander, Shai Out Injury/Illness - "
2026-04-10,"Hartenstein, Isaiah",Out,Injury/Illness -,"Hartenstein, Isaiah Out Injury/Illness - "
2026-04-10,"Holmgren, Chet",Out,Injury/Illness -,"Holmgren, Chet Out Injury/Illness - "
2026-04-10,"Joe, Isaiah",Out,Injury/Illness -,"Joe, Isaiah Out Injury/Illness - "
2026-04-10,"Mitchell, Ajay",Out,Injury/Illness -,"Mitchell, Ajay Out Injury/Illness - "
2026-04-10,"Sorber, Thomas",Out,Injury/Illness -,"Sorber, Thomas Out Injury/Illness - "
2026-04-10,"Wallace, Cason",Out,Injury/Illness -,"Wallace, Cason Out Injury/Illness - "
2026-04-10,"Williams, Jalen",Out,Injury/Illness -,"Williams, Jalen Out Injury/Illness - "
2026-04-10,"Williams, Jaylin",Out,Injury/Illness -,"Williams, Jaylin Out Injury/Illness - "
2026-04-10,"Braun, Christian",Questionable,Injury/Illness -,"Braun, Christian Questionable Injury/Illness - "
2026-04-10,"Gordon, Aaron",Questionable,Injury/Illness -,"Gordon, Aaron Questionable Injury/Illness - "
2026-04-10,"Johnson, Cameron",Questionable,Injury/Illness -,"Johnson, Cameron Questionable Injury/Illness - "
2026-04-10,"Jokic, Nikola",Questionable,Injury/Illness -,"Jokic, Nikola Questionable Injury/Illness - "
2026-04-10,"Jones, Spencer",Out,Injury/Illness -,"Jones, Spencer Out Injury/Illness - "
2026-04-10,"Murray, Jamal",Questionable,Injury/Illness -,"Murray, Jamal Questionable Injury/Illness - "
2026-04-10,"Watson, Peyton",Out,Injury/Illness -,"Watson, Peyton Out Injury/Illness - "
2026-04-10,"Aldama, Santi",Out,Injury/Illness -,"Aldama, Santi Out Injury/Illness - "
2026-04-10,"Pope, Kentavious",Out,Injury/Illness -,"Pope, Kentavious Out Injury/Illness - "
2026-04-10,"Clarke, Brandon",Out,Injury/Illness -,"Clarke, Brandon Out Injury/Illness - "
2026-04-10,"Clayton Jr., Walter",Questionable,Injury/Illness -,"Clayton Jr., Walter Questionable Injury/Illness - "
2026-04-10,"Coward, Cedric",Out,Injury/Illness -,"Coward, Cedric Out Injury/Illness - "
2026-04-10,"Edey, Zach",Out,Injury/Illness -,"Edey, Zach Out Injury/Illness - "
2026-04-10,"Hendricks, Taylor",Out,Injury/Illness -,"Hendricks, Taylor Out Injury/Illness - "
2026-04-10,"Jackson, GG",Out,Injury/Illness -,"Jackson, GG Out Injury/Illness - "
2026-04-10,"Jerome, Ty",Out,Injury/Illness -,"Jerome, Ty Out Injury/Illness - "
2026-04-10,"Mashack, Jahmai",Available,Injury/Illness -,"Mashack, Jahmai Available Injury/Illness - "
2026-04-10,"Morant, Ja",Out,Injury/Illness -,"Morant, Ja Out Injury/Illness - "
2026-04-10,"Pippen Jr., Scotty",Out,Injury/Illness -,"Pippen Jr., Scotty Out Injury/Illness - "
2026-04-10,"Prosper, Olivier- Maxence",Doubtful,Injury/Illness -,"Prosper, Olivier- Maxence Doubtful Injury/Illness - "
2026-04-10,"Small, Javon",Questionable,Injury/Illness -,"Small, Javon Questionable Injury/Illness - "
2026-04-10,"Spencer, Cam",Out,Injury/Illness -,"Spencer, Cam Out Injury/Illness - "
2026-04-10,"Wells, Jaylen",Out,Injury/Illness -,"Wells, Jaylen Out Injury/Illness - "
2026-04-10,"Collier, Isaiah",Out,Injury/Illness -,"Collier, Isaiah Out Injury/Illness - "
2026-04-10,"Filipowski, Kyle",Out,Injury/Illness -,"Filipowski, Kyle Out Injury/Illness - "
2026-04-10,"George, Keyonte",Out,Injury/Illness -,"George, Keyonte Out Injury/Illness - "
2026-04-10,"Harkless, Elijah",Out,Injury/Illness -,"Harkless, Elijah Out Injury/Illness - "
2026-04-10,"Jackson Jr., Jaren",Out,Injury/Illness -,"Jackson Jr., Jaren Out Injury/Illness - "
2026-04-10,"Kessler, Walker",Out,Injury/Illness -,"Kessler, Walker Out Injury/Illness - "
2026-04-10,"Markkanen, Lauri",Out,Injury/Illness -,"Markkanen, Lauri Out Injury/Illness - "
2026-04-10,"Nurkic, Jusuf",Out,Injury/Illness -,"Nurkic, Jusuf Out Injury/Illness - "
2026-04-10,"Sensabaugh, Brice",Out,Rest,"Sensabaugh, Brice Out Rest "
2026-04-10,"Dosunmu, Ayo",Available,Injury/Illness -,"Dosunmu, Ayo Available Injury/Illness - "
2026-04-10,"Edwards, Anthony",Questionable,Injury/Illness -,"Edwards, Anthony Questionable Injury/Illness - "
2026-04-10,"Gobert, Rudy",Out,Rest,"Gobert, Rudy Out Rest "
2026-04-10,"Hyland, Bones",Out,Injury/Illness -,"Hyland, Bones Out Injury/Illness - "
2026-04-10,"Ingles, Joe",Out,Personal,"Ingles, Joe Out Personal "
2026-04-10,"Randle, Julius",Out,Injury/Illness -,"Randle, Julius Out Injury/Illness - "
2026-04-10,"Reid, Naz",Questionable,Injury/Illness -,"Reid, Naz Questionable Injury/Illness - "
2026-04-10,"Adams, Steven",Out,Injury/Illness -,"Adams, Steven Out Injury/Illness - "
2026-04-10,"Eason, Tari",Questionable,Injury/Illness -,"Eason, Tari Questionable Injury/Illness - "
2026-04-10,"VanVleet, Fred",Out,Injury/Illness -,"VanVleet, Fred Out Injury/Illness - "
2026-04-10,"Bassey, Charles",Probable,Injury/Illness -,"Bassey, Charles Probable Injury/Illness - "
2026-04-10,"Butler III, Jimmy",Out,Injury/Illness -,"Butler III, Jimmy Out Injury/Illness - "
2026-04-10,"Cryer, LJ",Out,Injury/Illness -,"Cryer, LJ Out Injury/Illness - "
2026-04-10,"Curry, Seth",Out,Injury/Illness -,"Curry, Seth Out Injury/Illness - "
2026-04-10,"Curry, Stephen",Probable,Injury/Illness -,"Curry, Stephen Probable Injury/Illness - "
2026-04-10,"Moody, Moses",Out,Injury/Illness -,"Moody, Moses Out Injury/Illness - "
2026-04-10,"Porzingis, Kristaps",Probable,Injury/Illness -,"Porzingis, Kristaps Probable Injury/Illness - "
2026-04-10,"Post, Quinten",Out,Injury/Illness -,"Post, Quinten Out Injury/Illness - "
2026-04-10,"Richard, Will",Questionable,Injury/Illness -,"Richard, Will Questionable Injury/Illness - "
2026-04-10,"Santos, Gui",Questionable,Injury/Illness -,"Santos, Gui Questionable Injury/Illness - "
2026-04-10,"Baldwin Jr., Patrick",Out,G,"Baldwin Jr., Patrick Out G "
2026-04-10,"DeRozan, DeMar",Out,Injury/Illness -,"DeRozan, DeMar Out Injury/Illness - "
2026-04-10,"Eubanks, Drew",Out,Injury/Illness -,"Eubanks, Drew Out Injury/Illness - "
2026-04-10,"Hunter, De'Andre",Out,Injury/Illness -,"Hunter, De'Andre Out Injury/Illness - "
2026-04-10,"LaVine, Zach",Out,Injury/Illness -,"LaVine, Zach Out Injury/Illness - "
2026-04-10,"Murray, Keegan",Out,Injury/Illness -,"Murray, Keegan Out Injury/Illness - "
2026-04-10,"Sabonis, Domantas",Out,Injury/Illness -,"Sabonis, Domantas Out Injury/Illness - "
2026-04-10,"Stevens, Isaiah",Out,G,"Stevens, Isaiah Out G "
2026-04-10,"Westbrook, Russell",Out,Injury/Illness -,"Westbrook, Russell Out Injury/Illness - "
2026-04-10,"Beal, Bradley",Out,Injury/Illness -,"Beal, Bradley Out Injury/Illness - "
2026-04-10,"Jackson, Isaiah",Out,Injury/Illness -,"Jackson, Isaiah Out Injury/Illness - "
2026-04-10,"Niederhauser, Yanic Konan",Out,Injury/Illness -,"Niederhauser, Yanic Konan Out Injury/Illness - "
2026-04-10,"Grant, Jerami",Out,Injury/Illness -,"Grant, Jerami Out Injury/Illness - "
2026-04-10,"Krejci, Vit",Questionable,Injury/Illness -,"Krejci, Vit Questionable Injury/Illness - "
2026-04-10,"Lillard, Damian",Out,Injury/Illness -,"Lillard, Damian Out Injury/Illness - "
2026-04-10,"Sharpe, Shaedon",Questionable,Injury/Illness -,"Sharpe, Shaedon Questionable Injury/Illness - "
2026-04-10,"Booker, Devin",Out,Injury/Illness -,"Booker, Devin Out Injury/Illness - "
2026-04-10,"Goodwin, Jordan",Out,Injury/Illness -,"Goodwin, Jordan Out Injury/Illness - "
2026-04-10,"Green, Jalen",Questionable,Injury/Illness -,"Green, Jalen Questionable Injury/Illness - "
2026-04-10,"Highsmith, Haywood",Out,Injury/Illness -,"Highsmith, Haywood Out Injury/Illness - "
2026-04-10,"Doncic, Luka",Out,Injury/Illness -,"Doncic, Luka Out Injury/Illness - "
2026-04-10,"Hayes, Jaxson",Out,Injury/Illness -,"Hayes, Jaxson Out Injury/Illness - "
2026-04-10,"Kennard, Luke",Questionable,Injury/Illness -,"Kennard, Luke Questionable Injury/Illness - "
2026-04-10,"Reaves, Austin",Out,Injury/Illness -,"Reaves, Austin Out Injury/Illness - "
2026-04-11,"Walker, Nickeil",Questionable,Injury/Illness -,"Walker, Nickeil Questionable Injury/Illness - "
2026-04-11,"Daniels, Dyson",Questionable,Injury/Illness -,"Daniels, Dyson Questionable Injury/Illness - "
2026-04-11,"Dennis, RayJ",Questionable,G,"Dennis, RayJ Questionable G "
2026-04-11,"Gilbert, Keshon",Questionable,G,"Gilbert, Keshon Questionable G "
2026-04-11,"Johnson, Jalen",Questionable,Rest,"Johnson, Jalen Questionable Rest "
2026-04-11,"Kuminga, Jonathan",Questionable,Injury/Illness -,"Kuminga, Jonathan Questionable Injury/Illness - "
2026-04-11,"Landale, Jock",Out,Injury/Illness -,"Landale, Jock Out Injury/Illness - "
2026-04-11,"McCollum, CJ",Questionable,Rest,"McCollum, CJ Questionable Rest "
2026-04-11,"Okongwu, Onyeka",Questionable,Injury/Illness -,"Okongwu, Onyeka Questionable Injury/Illness - "
2026-04-11,"Fontecchio, Simone",Probable,Injury/Illness -,"Fontecchio, Simone Probable Injury/Illness - "
2026-04-11,"Herro, Tyler",Available,Injury/Illness -,"Herro, Tyler Available Injury/Illness - "
2026-04-11,"Jovic, Nikola",Out,Injury/Illness -,"Jovic, Nikola Out Injury/Illness - "
2026-04-11,"Mitchell, Davion",Available,Injury/Illness -,"Mitchell, Davion Available Injury/Illness - "
2026-04-11,"Powell, Norman",Questionable,Injury/Illness -,"Powell, Norman Questionable Injury/Illness - "
2026-04-11,"Smith, Dru",Out,Injury/Illness -,"Smith, Dru Out Injury/Illness - "
2026-04-11,"Wiggins, Andrew",Available,Injury/Illness -,"Wiggins, Andrew Available Injury/Illness - "
2026-04-11,"Claxton, Nic",Out,Injury/Illness -,"Claxton, Nic Out Injury/Illness - "
2026-04-11,"Clowney, Noah",Out,Injury/Illness -,"Clowney, Noah Out Injury/Illness - "
2026-04-11,"Demin, Egor",Out,Injury/Illness -,"Demin, Egor Out Injury/Illness - "
2026-04-11,"Mann, Terance",Out,Injury/Illness -,"Mann, Terance Out Injury/Illness - "
2026-04-11,"Minott, Josh",Out,Injury/Illness -,"Minott, Josh Out Injury/Illness - "
2026-04-11,"Porter Jr., Michael",Out,Injury/Illness -,"Porter Jr., Michael Out Injury/Illness - "
2026-04-11,"Sharpe, Day'Ron",Out,Injury/Illness -,"Sharpe, Day'Ron Out Injury/Illness - "
2026-04-11,"Traore, Nolan",Questionable,Injury/Illness -,"Traore, Nolan Questionable Injury/Illness - "
2026-04-11,"Williams, Ziaire",Out,Injury/Illness -,"Williams, Ziaire Out Injury/Illness - "
2026-04-11,"Wolf, Danny",Out,Injury/Illness -,"Wolf, Danny Out Injury/Illness - "
2026-04-11,"Barrett, RJ",Questionable,Injury/Illness -,"Barrett, RJ Questionable Injury/Illness - "
2026-04-11,"Hepburn, Chucky",Out,Injury/Illness -,"Hepburn, Chucky Out Injury/Illness - "
2026-04-11,"Davis, Trayce",Questionable,Injury/Illness -,"Davis, Trayce Questionable Injury/Illness - "
2026-04-11,"Boyles, Collin",Questionable,Injury/Illness -,"Boyles, Collin Questionable Injury/Illness - "
2026-04-11,"Evbuomwan, Tosan",Out,G,"Evbuomwan, Tosan Out G "
2026-04-11,"Hall, PJ",Out,Injury/Illness -,"Hall, PJ Out Injury/Illness - "
2026-04-11,"Reeves, Antonio",Out,G,"Reeves, Antonio Out G "
2026-04-11,"White, Coby",Probable,Injury/Illness -,"White, Coby Probable Injury/Illness - "
2026-04-11,"Anunoby, OG",Out,Injury/Illness -,"Anunoby, OG Out Injury/Illness - "
2026-04-11,"Brunson, Jalen",Out,Injury/Illness -,"Brunson, Jalen Out Injury/Illness - "
2026-04-11,"Hart, Josh",Out,Injury/Illness -,"Hart, Josh Out Injury/Illness - "
2026-04-11,"Kolek, Tyler",Out,Injury/Illness -,"Kolek, Tyler Out Injury/Illness - "
2026-04-11,"Robinson, Mitchell",Out,Injury/Illness -,"Robinson, Mitchell Out Injury/Illness - "
2026-04-11,"Towns, Karl- Anthony",Out,Injury/Illness -,"Towns, Karl- Anthony Out Injury/Illness - "
2026-04-11,"Duren, Jalen",Out,Injury/Illness -,"Duren, Jalen Out Injury/Illness - "
2026-04-11,"Moore Jr., Wendell",Out,G,"Moore Jr., Wendell Out G "
2026-04-11,"Brown, Kobe",Questionable,Injury/Illness -,"Brown, Kobe Questionable Injury/Illness - "
2026-04-11,"Furphy, Johnny",Out,Injury/Illness -,"Furphy, Johnny Out Injury/Illness - "
2026-04-11,"Haliburton, Tyrese",Out,Injury/Illness -,"Haliburton, Tyrese Out Injury/Illness - "
2026-04-11,"Nembhard, Andrew",Out,Injury/Illness -,"Nembhard, Andrew Out Injury/Illness - "
2026-04-11,"Nesmith, Aaron",Out,Injury/Illness -,"Nesmith, Aaron Out Injury/Illness - "
2026-04-11,"Sheppard, Ben",Questionable,Injury/Illness -,"Sheppard, Ben Questionable Injury/Illness - "
2026-04-11,"Siakam, Pascal",Out,Injury/Illness -,"Siakam, Pascal Out Injury/Illness - "
2026-04-11,"Walker, Jarace",Questionable,Injury/Illness -,"Walker, Jarace Questionable Injury/Illness - "
2026-04-11,"Zubac, Ivica",Out,Injury/Illness -,"Zubac, Ivica Out Injury/Illness - "
2026-04-11,"Antetokounmpo, Giannis",Out,Injury/Illness -,"Antetokounmpo, Giannis Out Injury/Illness - "
2026-04-11,"Harris, Gary",Questionable,Injury/Illness -,"Harris, Gary Questionable Injury/Illness - "
2026-04-11,"Kuzma, Kyle",Out,Injury/Illness -,"Kuzma, Kyle Out Injury/Illness - "
2026-04-11,"Nance, Pete",Questionable,Injury/Illness -,"Nance, Pete Questionable Injury/Illness - "
2026-04-11,"Porter Jr., Kevin",Out,Injury/Illness -,"Porter Jr., Kevin Out Injury/Illness - "
2026-04-11,"Portis, Bobby",Out,Injury/Illness -,"Portis, Bobby Out Injury/Illness - "
2026-04-11,"Rollins, Ryan",Out,Injury/Illness -,"Rollins, Ryan Out Injury/Illness - "
2026-04-11,"Trent Jr., Gary",Out,Injury/Illness -,"Trent Jr., Gary Out Injury/Illness - "
2026-04-11,"Turner, Myles",Out,Injury/Illness -,"Turner, Myles Out Injury/Illness - "
2026-04-11,"Broome, Johni",Out,Injury/Illness -,"Broome, Johni Out Injury/Illness - "
2026-04-11,"Embiid, Joel",Out,Injury/Illness -,"Embiid, Joel Out Injury/Illness - "
2026-04-11,"Maxey, Tyrese",Available,Injury/Illness -,"Maxey, Tyrese Available Injury/Illness - "
2026-04-11,"Carter Jr., Wendell",Available,Injury/Illness -,"Carter Jr., Wendell Available Injury/Illness - "
2026-04-11,"Howard, Jett",Questionable,Injury/Illness -,"Howard, Jett Questionable Injury/Illness - "
2026-04-11,"Isaac, Jonathan",Questionable,Injury/Illness -,"Isaac, Jonathan Questionable Injury/Illness - "
2026-04-11,"Brown, Jaylen",Out,Injury/Illness -,"Brown, Jaylen Out Injury/Illness - "
2026-04-11,"Hauser, Sam",Doubtful,Injury/Illness -,"Hauser, Sam Doubtful Injury/Illness - "
2026-04-11,"Pritchard, Payton",Doubtful,Injury/Illness -,"Pritchard, Payton Doubtful Injury/Illness - "
2026-04-11,"Queta, Neemias",Out,Injury/Illness -,"Queta, Neemias Out Injury/Illness - "
2026-04-11,"Tatum, Jayson",Out,Injury/Illness -,"Tatum, Jayson Out Injury/Illness - "
2026-04-11,"Vucevic, Nikola",Doubtful,Injury/Illness -,"Vucevic, Nikola Doubtful Injury/Illness - "
2026-04-11,"White, Derrick",Out,Injury/Illness -,"White, Derrick Out Injury/Illness - "
2026-04-11,"Coulibaly, Bilal",Out,Injury/Illness -,"Coulibaly, Bilal Out Injury/Illness - "
2026-04-11,"Davis, Anthony",Out,Injury/Illness -,"Davis, Anthony Out Injury/Illness - "
2026-04-11,"George, Kyshawn",Out,Injury/Illness -,"George, Kyshawn Out Injury/Illness - "
2026-04-11,"Gill, Anthony",Questionable,Injury/Illness -,"Gill, Anthony Questionable Injury/Illness - "
2026-04-11,"Johnson, Tre",Out,Injury/Illness -,"Johnson, Tre Out Injury/Illness - "
2026-04-11,"Russell, D'Angelo",Out,Not,"Russell, D'Angelo Out Not "
2026-04-11,"Sarr, Alex",Out,Injury/Illness -,"Sarr, Alex Out Injury/Illness - "
2026-04-11,"Vukcevic, Tristan",Out,Injury/Illness -,"Vukcevic, Tristan Out Injury/Illness - "
2026-04-11,"Whitmore, Cam",Out,Injury/Illness -,"Whitmore, Cam Out Injury/Illness - "
2026-04-11,"Young, Trae",Out,Injury/Illness -,"Young, Trae Out Injury/Illness - "
2026-04-11,"Allen, Jarrett",Out,Injury/Illness -,"Allen, Jarrett Out Injury/Illness - "
2026-04-11,"Bryant, Thomas",Out,Injury/Illness -,"Bryant, Thomas Out Injury/Illness - "
2026-04-11,"Ellis, Keon",Out,Injury/Illness -,"Ellis, Keon Out Injury/Illness - "
2026-04-11,"Harden, James",Out,Rest,"Harden, James Out Rest "
2026-04-11,"Merrill, Sam",Out,Injury/Illness -,"Merrill, Sam Out Injury/Illness - "
2026-04-11,"Mitchell, Donovan",Out,Injury/Illness -,"Mitchell, Donovan Out Injury/Illness - "
2026-04-11,"Mobley, Evan",Out,Injury/Illness -,"Mobley, Evan Out Injury/Illness - "
2026-04-11,"Schroder, Dennis",Out,Rest,"Schroder, Dennis Out Rest "
2026-04-11,"Wade, Dean",Out,Injury/Illness -,"Wade, Dean Out Injury/Illness - "
2026-04-11,"Buzelis, Matas",Out,Injury/Illness -,"Buzelis, Matas Out Injury/Illness - "
2026-04-11,"Collins, Zach",Out,Injury/Illness -,"Collins, Zach Out Injury/Illness - "
2026-04-11,"Essengue, Noa",Out,Injury/Illness -,"Essengue, Noa Out Injury/Illness - "
2026-04-11,"Giddey, Josh",Out,Injury/Illness -,"Giddey, Josh Out Injury/Illness - "
2026-04-11,"Okoro, Isaac",Out,Injury/Illness -,"Okoro, Isaac Out Injury/Illness - "
2026-04-11,"Olbrich, Lachlan",Probable,Injury/Illness -,"Olbrich, Lachlan Probable Injury/Illness - "
2026-04-11,"Richards, Nick",Out,Injury/Illness -,"Richards, Nick Out Injury/Illness - "
2026-04-11,"Sexton, Collin",Probable,Injury/Illness -,"Sexton, Collin Probable Injury/Illness - "
2026-04-11,"Simons, Anfernee",Out,Injury/Illness -,"Simons, Anfernee Out Injury/Illness - "
2026-04-11,"Smith, Jalen",Out,Injury/Illness -,"Smith, Jalen Out Injury/Illness - "
2026-04-11,"Williams, Patrick",Probable,Injury/Illness -,"Williams, Patrick Probable Injury/Illness - "
2026-04-11,"Yabusele, Guerschon",Out,Injury/Illness -,"Yabusele, Guerschon Out Injury/Illness - "
2026-04-11,"Bagley III, Marvin",Doubtful,Injury/Illness -,"Bagley III, Marvin Doubtful Injury/Illness - "
2026-04-11,"Cisse, Moussa",Probable,G,"Cisse, Moussa Probable G "
2026-04-11,"Gafford, Daniel",Doubtful,Rest,"Gafford, Daniel Doubtful Rest "
2026-04-11,"Irving, Kyrie",Out,Injury/Illness -,"Irving, Kyrie Out Injury/Illness - "
2026-04-11,"Lively II, Dereck",Out,Injury/Illness -,"Lively II, Dereck Out Injury/Illness - "
2026-04-11,"Marshall, Naji",Doubtful,Injury/Illness -,"Marshall, Naji Doubtful Injury/Illness - "
2026-04-11,"Martin, Caleb",Doubtful,Injury/Illness -,"Martin, Caleb Doubtful Injury/Illness - "
2026-04-11,"Poulakidas, John",Probable,G,"Poulakidas, John Probable G "
2026-04-11,"Smith, Tyler",Probable,G,"Smith, Tyler Probable G "
2026-04-11,"Williams, Brandon",Doubtful,Injury/Illness -,"Williams, Brandon Doubtful Injury/Illness - "
2026-04-11,"Adams, Steven",Out,Injury/Illness -,"Adams, Steven Out Injury/Illness - "
2026-04-11,"Durant, Kevin",Out,Rest,"Durant, Kevin Out Rest "
2026-04-11,"Sengun, Alperen",Out,Rest,"Sengun, Alperen Out Rest "
2026-04-11,"Smith Jr., Jabari",Out,Rest,"Smith Jr., Jabari Out Rest "
2026-04-11,"Thompson, Amen",Out,Rest,"Thompson, Amen Out Rest "
2026-04-11,"VanVleet, Fred",Out,Injury/Illness -,"VanVleet, Fred Out Injury/Illness - "
2026-04-11,"Bey, Saddiq",Out,Rest,"Bey, Saddiq Out Rest "
2026-04-11,"Jones, Herbert",Out,Rest,"Jones, Herbert Out Rest "
2026-04-11,"Matkovic, Karlo",Out,Injury/Illness -,"Matkovic, Karlo Out Injury/Illness - "
2026-04-11,"McGowens, Bryce",Out,Injury/Illness -,"McGowens, Bryce Out Injury/Illness - "
2026-04-11,"Missi, Yves",Out,Injury/Illness -,"Missi, Yves Out Injury/Illness - "
2026-04-11,"Murphy III, Trey",Out,Injury/Illness -,"Murphy III, Trey Out Injury/Illness - "
2026-04-11,"Murray, Dejounte",Out,Injury/Illness -,"Murray, Dejounte Out Injury/Illness - "
2026-04-11,"Williamson, Zion",Out,Injury/Illness -,"Williamson, Zion Out Injury/Illness - "
2026-04-12,"Walker, Nickeil",Out,Injury/Illness -,"Walker, Nickeil Out Injury/Illness - "
2026-04-12,"Daniels, Dyson",Out,Injury/Illness -,"Daniels, Dyson Out Injury/Illness - "
2026-04-12,"Dennis, RayJ",Available,G,"Dennis, RayJ Available G "
2026-04-12,"Gilbert, Keshon",Available,G,"Gilbert, Keshon Available G "
2026-04-12,"Gueye, Mouhamed",Available,Injury/Illness -,"Gueye, Mouhamed Available Injury/Illness - "
2026-04-12,"Johnson, Jalen",Out,Rest,"Johnson, Jalen Out Rest "
2026-04-12,"Kuminga, Jonathan",Out,Injury/Illness -,"Kuminga, Jonathan Out Injury/Illness - "
2026-04-12,"Landale, Jock",Out,Injury/Illness -,"Landale, Jock Out Injury/Illness - "
2026-04-12,"McCollum, CJ",Out,Rest,"McCollum, CJ Out Rest "
2026-04-12,"Okongwu, Onyeka",Out,Injury/Illness -,"Okongwu, Onyeka Out Injury/Illness - "
2026-04-12,"Vincent, Gabe",Out,Injury/Illness -,"Vincent, Gabe Out Injury/Illness - "
2026-04-12,"Fontecchio, Simone",Out,Injury/Illness -,"Fontecchio, Simone Out Injury/Illness - "
2026-04-12,"Herro, Tyler",Available,Injury/Illness -,"Herro, Tyler Available Injury/Illness - "
2026-04-12,"Jovic, Nikola",Out,Injury/Illness -,"Jovic, Nikola Out Injury/Illness - "
2026-04-12,"Larsson, Pelle",Out,Injury/Illness -,"Larsson, Pelle Out Injury/Illness - "
2026-04-12,"Mitchell, Davion",Available,Injury/Illness -,"Mitchell, Davion Available Injury/Illness - "
2026-04-12,"Powell, Norman",Available,Injury/Illness -,"Powell, Norman Available Injury/Illness - "
2026-04-12,"Smith, Dru",Out,Injury/Illness -,"Smith, Dru Out Injury/Illness - "
2026-04-12,"Wiggins, Andrew",Available,Injury/Illness -,"Wiggins, Andrew Available Injury/Illness - "
2026-04-12,"Agbaji, Ochai",Available,Injury/Illness -,"Agbaji, Ochai Available Injury/Illness - "
2026-04-12,"Claxton, Nic",Out,Injury/Illness -,"Claxton, Nic Out Injury/Illness - "
2026-04-12,"Clowney, Noah",Out,Injury/Illness -,"Clowney, Noah Out Injury/Illness - "
2026-04-12,"Demin, Egor",Out,Injury/Illness -,"Demin, Egor Out Injury/Illness - "
2026-04-12,"Mann, Terance",Out,Injury/Illness -,"Mann, Terance Out Injury/Illness - "
2026-04-12,"Minott, Josh",Out,Injury/Illness -,"Minott, Josh Out Injury/Illness - "
2026-04-12,"Porter Jr., Michael",Out,Injury/Illness -,"Porter Jr., Michael Out Injury/Illness - "
2026-04-12,"Sharpe, Day'Ron",Out,Injury/Illness -,"Sharpe, Day'Ron Out Injury/Illness - "
2026-04-12,"Traore, Nolan",Out,Injury/Illness -,"Traore, Nolan Out Injury/Illness - "
2026-04-12,"Williams, Ziaire",Out,Injury/Illness -,"Williams, Ziaire Out Injury/Illness - "
2026-04-12,"Wolf, Danny",Out,Injury/Illness -,"Wolf, Danny Out Injury/Illness - "
2026-04-12,"Barrett, RJ",Available,Injury/Illness -,"Barrett, RJ Available Injury/Illness - "
2026-04-12,"Hepburn, Chucky",Out,Injury/Illness -,"Hepburn, Chucky Out Injury/Illness - "
2026-04-12,"Davis, Trayce",Available,Injury/Illness -,"Davis, Trayce Available Injury/Illness - "
2026-04-12,"Boyles, Collin",Available,Injury/Illness -,"Boyles, Collin Available Injury/Illness - "
2026-04-12,"Evbuomwan, Tosan",Out,G,"Evbuomwan, Tosan Out G "
2026-04-12,"Hall, PJ",Out,Injury/Illness -,"Hall, PJ Out Injury/Illness - "
2026-04-12,"Reeves, Antonio",Out,G,"Reeves, Antonio Out G "
2026-04-12,"White, Coby",Available,Injury/Illness -,"White, Coby Available Injury/Illness - "
2026-04-12,"Anunoby, OG",Out,Injury/Illness -,"Anunoby, OG Out Injury/Illness - "
2026-04-12,"Brunson, Jalen",Out,Injury/Illness -,"Brunson, Jalen Out Injury/Illness - "
2026-04-12,"Hart, Josh",Out,Injury/Illness -,"Hart, Josh Out Injury/Illness - "
2026-04-12,"Kolek, Tyler",Out,Injury/Illness -,"Kolek, Tyler Out Injury/Illness - "
2026-04-12,"Robinson, Mitchell",Out,Injury/Illness -,"Robinson, Mitchell Out Injury/Illness - "
2026-04-12,"Shamet, Landry",Out,Injury/Illness -,"Shamet, Landry Out Injury/Illness - "
2026-04-12,"Towns, Karl- Anthony",Out,Injury/Illness -,"Towns, Karl- Anthony Out Injury/Illness - "
2026-04-12,"Duren, Jalen",Out,Injury/Illness -,"Duren, Jalen Out Injury/Illness - "
2026-04-12,"Moore Jr., Wendell",Out,G,"Moore Jr., Wendell Out G "
2026-04-12,"Brown, Kobe",Available,Injury/Illness -,"Brown, Kobe Available Injury/Illness - "
2026-04-12,"Furphy, Johnny",Out,Injury/Illness -,"Furphy, Johnny Out Injury/Illness - "
2026-04-12,"Haliburton, Tyrese",Out,Injury/Illness -,"Haliburton, Tyrese Out Injury/Illness - "
2026-04-12,"Nembhard, Andrew",Out,Injury/Illness -,"Nembhard, Andrew Out Injury/Illness - "
2026-04-12,"Nesmith, Aaron",Out,Injury/Illness -,"Nesmith, Aaron Out Injury/Illness - "
2026-04-12,"Sheppard, Ben",Out,Injury/Illness -,"Sheppard, Ben Out Injury/Illness - "
2026-04-12,"Siakam, Pascal",Out,Injury/Illness -,"Siakam, Pascal Out Injury/Illness - "
2026-04-12,"Walker, Jarace",Out,Injury/Illness -,"Walker, Jarace Out Injury/Illness - "
2026-04-12,"Zubac, Ivica",Out,Injury/Illness -,"Zubac, Ivica Out Injury/Illness - "
2026-04-12,"Antetokounmpo, Giannis",Out,Injury/Illness -,"Antetokounmpo, Giannis Out Injury/Illness - "
2026-04-12,"Harris, Gary",Out,Injury/Illness -,"Harris, Gary Out Injury/Illness - "
2026-04-12,"Kuzma, Kyle",Out,Injury/Illness -,"Kuzma, Kyle Out Injury/Illness - "
2026-04-12,"Nance, Pete",Out,Injury/Illness -,"Nance, Pete Out Injury/Illness - "
2026-04-12,"Porter Jr., Kevin",Out,Injury/Illness -,"Porter Jr., Kevin Out Injury/Illness - "
2026-04-12,"Portis, Bobby",Out,Injury/Illness -,"Portis, Bobby Out Injury/Illness - "
2026-04-12,"Rollins, Ryan",Out,Injury/Illness -,"Rollins, Ryan Out Injury/Illness - "
2026-04-12,"Trent Jr., Gary",Out,Injury/Illness -,"Trent Jr., Gary Out Injury/Illness - "
2026-04-12,"Turner, Myles",Out,Injury/Illness -,"Turner, Myles Out Injury/Illness - "
2026-04-12,"Broome, Johni",Out,Injury/Illness -,"Broome, Johni Out Injury/Illness - "
2026-04-12,"Embiid, Joel",Out,Injury/Illness -,"Embiid, Joel Out Injury/Illness - "
2026-04-12,"Maxey, Tyrese",Available,Injury/Illness -,"Maxey, Tyrese Available Injury/Illness - "
2026-04-12,"Carter Jr., Wendell",Available,Injury/Illness -,"Carter Jr., Wendell Available Injury/Illness - "
2026-04-12,"Howard, Jett",Out,Injury/Illness -,"Howard, Jett Out Injury/Illness - "
2026-04-12,"Isaac, Jonathan",Out,Injury/Illness -,"Isaac, Jonathan Out Injury/Illness - "
2026-04-12,"Brown, Jaylen",Out,Injury/Illness -,"Brown, Jaylen Out Injury/Illness - "
2026-04-12,"Gonzalez, Hugo",Out,Injury/Illness -,"Gonzalez, Hugo Out Injury/Illness - "
2026-04-12,"Hauser, Sam",Out,Injury/Illness -,"Hauser, Sam Out Injury/Illness - "
2026-04-12,"Pritchard, Payton",Out,Injury/Illness -,"Pritchard, Payton Out Injury/Illness - "
2026-04-12,"Queta, Neemias",Out,Injury/Illness -,"Queta, Neemias Out Injury/Illness - "
2026-04-12,"Tatum, Jayson",Out,Injury/Illness -,"Tatum, Jayson Out Injury/Illness - "
2026-04-12,"Vucevic, Nikola",Out,Injury/Illness -,"Vucevic, Nikola Out Injury/Illness - "
2026-04-12,"White, Derrick",Out,Injury/Illness -,"White, Derrick Out Injury/Illness - "
2026-04-12,"Coulibaly, Bilal",Out,Injury/Illness -,"Coulibaly, Bilal Out Injury/Illness - "
2026-04-12,"Davis, Anthony",Out,Injury/Illness -,"Davis, Anthony Out Injury/Illness - "
2026-04-12,"George, Kyshawn",Out,Injury/Illness -,"George, Kyshawn Out Injury/Illness - "
2026-04-12,"Gill, Anthony",Available,Injury/Illness -,"Gill, Anthony Available Injury/Illness - "
2026-04-12,"Johnson, Tre",Out,Injury/Illness -,"Johnson, Tre Out Injury/Illness - "
2026-04-12,"Russell, D'Angelo",Out,Not,"Russell, D'Angelo Out Not "
2026-04-12,"Sarr, Alex",Out,Injury/Illness -,"Sarr, Alex Out Injury/Illness - "
2026-04-12,"Vukcevic, Tristan",Out,Injury/Illness -,"Vukcevic, Tristan Out Injury/Illness - "
2026-04-12,"Whitmore, Cam",Out,Injury/Illness -,"Whitmore, Cam Out Injury/Illness - "
2026-04-12,"Young, Trae",Out,Injury/Illness -,"Young, Trae Out Injury/Illness - "
2026-04-12,"Allen, Jarrett",Out,Injury/Illness -,"Allen, Jarrett Out Injury/Illness - "
2026-04-12,"Bryant, Thomas",Out,Injury/Illness -,"Bryant, Thomas Out Injury/Illness - "
2026-04-12,"Ellis, Keon",Out,Injury/Illness -,"Ellis, Keon Out Injury/Illness - "
2026-04-12,"Harden, James",Out,Rest,"Harden, James Out Rest "
2026-04-12,"Merrill, Sam",Out,Injury/Illness -,"Merrill, Sam Out Injury/Illness - "
2026-04-12,"Mitchell, Donovan",Out,Injury/Illness -,"Mitchell, Donovan Out Injury/Illness - "
2026-04-12,"Mobley, Evan",Out,Injury/Illness -,"Mobley, Evan Out Injury/Illness - "
2026-04-12,"Schroder, Dennis",Out,Rest,"Schroder, Dennis Out Rest "
2026-04-12,"Wade, Dean",Out,Injury/Illness -,"Wade, Dean Out Injury/Illness - "
2026-04-12,"Buzelis, Matas",Out,Injury/Illness -,"Buzelis, Matas Out Injury/Illness - "
2026-04-12,"Collins, Zach",Out,Injury/Illness -,"Collins, Zach Out Injury/Illness - "
2026-04-12,"Essengue, Noa",Out,Injury/Illness -,"Essengue, Noa Out Injury/Illness - "
2026-04-12,"Giddey, Josh",Out,Injury/Illness -,"Giddey, Josh Out Injury/Illness - "
2026-04-12,"Okoro, Isaac",Out,Injury/Illness -,"Okoro, Isaac Out Injury/Illness - "
2026-04-12,"Olbrich, Lachlan",Probable,Injury/Illness -,"Olbrich, Lachlan Probable Injury/Illness - "
2026-04-12,"Richards, Nick",Out,Injury/Illness -,"Richards, Nick Out Injury/Illness - "
2026-04-12,"Sexton, Collin",Probable,Injury/Illness -,"Sexton, Collin Probable Injury/Illness - "
2026-04-12,"Simons, Anfernee",Out,Injury/Illness -,"Simons, Anfernee Out Injury/Illness - "
2026-04-12,"Smith, Jalen",Out,Injury/Illness -,"Smith, Jalen Out Injury/Illness - "
2026-04-12,"Williams, Patrick",Probable,Injury/Illness -,"Williams, Patrick Probable Injury/Illness - "
2026-04-12,"Yabusele, Guerschon",Out,Injury/Illness -,"Yabusele, Guerschon Out Injury/Illness - "
2026-04-12,"Bagley III, Marvin",Doubtful,Injury/Illness -,"Bagley III, Marvin Doubtful Injury/Illness - "
2026-04-12,"Cisse, Moussa",Probable,G,"Cisse, Moussa Probable G "
2026-04-12,"Gafford, Daniel",Doubtful,Rest,"Gafford, Daniel Doubtful Rest "
2026-04-12,"Irving, Kyrie",Out,Injury/Illness -,"Irving, Kyrie Out Injury/Illness - "
2026-04-12,"Lively II, Dereck",Out,Injury/Illness -,"Lively II, Dereck Out Injury/Illness - "
2026-04-12,"Marshall, Naji",Doubtful,Injury/Illness -,"Marshall, Naji Doubtful Injury/Illness - "
2026-04-12,"Martin, Caleb",Doubtful,Injury/Illness -,"Martin, Caleb Doubtful Injury/Illness - "
2026-04-12,"Poulakidas, John",Probable,G,"Poulakidas, John Probable G "
2026-04-12,"Smith, Tyler",Probable,G,"Smith, Tyler Probable G "
2026-04-12,"Williams, Brandon",Doubtful,Injury/Illness -,"Williams, Brandon Doubtful Injury/Illness - "
2026-04-12,"Braun, Christian",Out,Injury/Illness -,"Braun, Christian Out Injury/Illness - "
2026-04-12,"Gordon, Aaron",Out,Injury/Illness -,"Gordon, Aaron Out Injury/Illness - "
2026-04-12,"Hardaway Jr., Tim",Out,Injury/Illness -,"Hardaway Jr., Tim Out Injury/Illness - "
2026-04-12,"Johnson, Cameron",Out,Injury/Illness -,"Johnson, Cameron Out Injury/Illness - "
2026-04-12,"Jokic, Nikola",Questionable,Injury/Illness -,"Jokic, Nikola Questionable Injury/Illness - "
2026-04-12,"Jones, Spencer",Out,Injury/Illness -,"Jones, Spencer Out Injury/Illness - "
2026-04-12,"Murray, Jamal",Out,Injury/Illness -,"Murray, Jamal Out Injury/Illness - "
2026-04-12,"Watson, Peyton",Out,Injury/Illness -,"Watson, Peyton Out Injury/Illness - "
2026-04-12,"Castle, Stephon",Questionable,Injury/Illness -,"Castle, Stephon Questionable Injury/Illness - "
2026-04-12,"Garcia, David",Out,Injury/Illness -,"Garcia, David Out Injury/Illness - "
2026-04-12,"Kornet, Luke",Out,Injury/Illness -,"Kornet, Luke Out Injury/Illness - "
2026-04-12,"Miller, Emanuel",Out,G,"Miller, Emanuel Out G "
2026-04-12,"Vassell, Devin",Questionable,Injury/Illness -,"Vassell, Devin Questionable Injury/Illness - "
2026-04-12,"Wembanyama, Victor",Questionable,Injury/Illness -,"Wembanyama, Victor Questionable Injury/Illness - "
2026-04-12,"Butler III, Jimmy",Out,Injury/Illness -,"Butler III, Jimmy Out Injury/Illness - "
2026-04-12,"Cryer, LJ",Out,Injury/Illness -,"Cryer, LJ Out Injury/Illness - "
2026-04-12,"Green, Draymond",Questionable,Injury/Illness -,"Green, Draymond Questionable Injury/Illness - "
2026-04-12,"Moody, Moses",Out,Injury/Illness -,"Moody, Moses Out Injury/Illness - "
2026-04-12,"Post, Quinten",Out,Injury/Illness -,"Post, Quinten Out Injury/Illness - "
2026-04-12,"Richard, Will",Questionable,Injury/Illness -,"Richard, Will Questionable Injury/Illness - "
2026-04-12,"Beal, Bradley",Out,Injury/Illness -,"Beal, Bradley Out Injury/Illness - "
2026-04-12,"Jackson, Isaiah",Out,Injury/Illness -,"Jackson, Isaiah Out Injury/Illness - "
2026-04-12,"Leonard, Kawhi",Out,Injury/Illness -,"Leonard, Kawhi Out Injury/Illness - "
2026-04-12,"Niederhauser, Yanic Konan",Out,Injury/Illness -,"Niederhauser, Yanic Konan Out Injury/Illness - "
2026-04-12,"Aldama, Santi",Out,Injury/Illness -,"Aldama, Santi Out Injury/Illness - "
2026-04-12,"Bal, Adama",Questionable,Injury/Illness -,"Bal, Adama Questionable Injury/Illness - "
2026-04-12,"Pope, Kentavious",Out,Injury/Illness -,"Pope, Kentavious Out Injury/Illness - "
2026-04-12,"Clarke, Brandon",Out,Injury/Illness -,"Clarke, Brandon Out Injury/Illness - "
2026-04-12,"Clayton Jr., Walter",Questionable,Injury/Illness -,"Clayton Jr., Walter Questionable Injury/Illness - "
2026-04-12,"Coward, Cedric",Out,Injury/Illness -,"Coward, Cedric Out Injury/Illness - "
2026-04-12,"Edey, Zach",Out,Injury/Illness -,"Edey, Zach Out Injury/Illness - "
2026-04-12,"Hendricks, Taylor",Out,Injury/Illness -,"Hendricks, Taylor Out Injury/Illness - "
2026-04-12,"Jackson, GG",Out,Injury/Illness -,"Jackson, GG Out Injury/Illness - "
2026-04-12,"Jerome, Ty",Out,Injury/Illness -,"Jerome, Ty Out Injury/Illness - "
2026-04-12,"Mashack, Jahmai",Available,Injury/Illness -,"Mashack, Jahmai Available Injury/Illness - "
2026-04-12,"Morant, Ja",Out,Injury/Illness -,"Morant, Ja Out Injury/Illness - "
2026-04-12,"Pippen Jr., Scotty",Out,Injury/Illness -,"Pippen Jr., Scotty Out Injury/Illness - "
2026-04-12,"Prosper, Olivier- Maxence",Questionable,Injury/Illness -,"Prosper, Olivier- Maxence Questionable Injury/Illness - "
2026-04-12,"Small, Javon",Probable,Injury/Illness -,"Small, Javon Probable Injury/Illness - "
2026-04-12,"Spencer, Cam",Out,Injury/Illness -,"Spencer, Cam Out Injury/Illness - "
2026-04-12,"Wells, Jaylen",Out,Injury/Illness -,"Wells, Jaylen Out Injury/Illness - "
2026-04-12,"Adams, Steven",Out,Injury/Illness -,"Adams, Steven Out Injury/Illness - "
2026-04-12,"Durant, Kevin",Out,Rest,"Durant, Kevin Out Rest "
2026-04-12,"Sengun, Alperen",Out,Rest,"Sengun, Alperen Out Rest "
2026-04-12,"Smith Jr., Jabari",Out,Rest,"Smith Jr., Jabari Out Rest "
2026-04-12,"Thompson, Amen",Out,Rest,"Thompson, Amen Out Rest "
2026-04-12,"VanVleet, Fred",Out,Injury/Illness -,"VanVleet, Fred Out Injury/Illness - "
2026-04-12,"Bey, Saddiq",Out,Rest,"Bey, Saddiq Out Rest "
2026-04-12,"Jones, Herbert",Out,Rest,"Jones, Herbert Out Rest "
2026-04-12,"Matkovic, Karlo",Out,Injury/Illness -,"Matkovic, Karlo Out Injury/Illness - "
2026-04-12,"McGowens, Bryce",Out,Injury/Illness -,"McGowens, Bryce Out Injury/Illness - "
2026-04-12,"Missi, Yves",Out,Injury/Illness -,"Missi, Yves Out Injury/Illness - "
2026-04-12,"Murphy III, Trey",Out,Injury/Illness -,"Murphy III, Trey Out Injury/Illness - "
2026-04-12,"Murray, Dejounte",Out,Injury/Illness -,"Murray, Dejounte Out Injury/Illness - "
2026-04-12,"Williamson, Zion",Out,Injury/Illness -,"Williamson, Zion Out Injury/Illness - "
2026-04-12,"Anderson, Kyle",Out,Injury/Illness -,"Anderson, Kyle Out Injury/Illness - "
2026-04-12,"Conley, Mike",Out,Rest,"Conley, Mike Out Rest "
2026-04-12,"Dosunmu, Ayo",Out,Injury/Illness -,"Dosunmu, Ayo Out Injury/Illness - "
2026-04-12,"Edwards, Anthony",Out,Injury/Illness -,"Edwards, Anthony Out Injury/Illness - "
2026-04-12,"Gobert, Rudy",Out,Rest,"Gobert, Rudy Out Rest "
2026-04-12,"Hyland, Bones",Out,Injury/Illness -,"Hyland, Bones Out Injury/Illness - "
2026-04-12,"McDaniels, Jaden",Out,Injury/Illness -,"McDaniels, Jaden Out Injury/Illness - "
2026-04-12,"Randle, Julius",Out,Injury/Illness -,"Randle, Julius Out Injury/Illness - "
2026-04-12,"Reid, Naz",Out,Injury/Illness -,"Reid, Naz Out Injury/Illness - "
2026-04-12,"Allen, Grayson",Out,Injury/Illness -,"Allen, Grayson Out Injury/Illness - "
2026-04-12,"Booker, Devin",Out,Injury/Illness -,"Booker, Devin Out Injury/Illness - "
2026-04-12,"Brooks, Dillon",Out,Injury/Illness -,"Brooks, Dillon Out Injury/Illness - "
2026-04-12,"Gillespie, Collin",Questionable,Injury/Illness -,"Gillespie, Collin Questionable Injury/Illness - "
2026-04-12,"Goodwin, Jordan",Questionable,Injury/Illness -,"Goodwin, Jordan Questionable Injury/Illness - "
2026-04-12,"Green, Jalen",Questionable,Injury/Illness -,"Green, Jalen Questionable Injury/Illness - "
2026-04-12,"Highsmith, Haywood",Questionable,Injury/Illness -,"Highsmith, Haywood Questionable Injury/Illness - "
2026-04-12,"O'Neale, Royce",Out,Injury/Illness -,"O'Neale, Royce Out Injury/Illness - "
2026-04-12,"Williams, Mark",Questionable,Injury/Illness -,"Williams, Mark Questionable Injury/Illness - "
2026-04-12,"Caruso, Alex",Out,Rest,"Caruso, Alex Out Rest "
2026-04-12,"Alexander, Shai",Out,Injury/Illness -,"Alexander, Shai Out Injury/Illness - "
2026-04-12,"Hartenstein, Isaiah",Out,Injury/Illness -,"Hartenstein, Isaiah Out Injury/Illness - "
2026-04-12,"Holmgren, Chet",Out,Injury/Illness -,"Holmgren, Chet Out Injury/Illness - "
2026-04-12,"Joe, Isaiah",Out,Injury/Illness -,"Joe, Isaiah Out Injury/Illness - "
2026-04-12,"Mitchell, Ajay",Out,Injury/Illness -,"Mitchell, Ajay Out Injury/Illness - "
2026-04-12,"Sorber, Thomas",Out,Injury/Illness -,"Sorber, Thomas Out Injury/Illness - "
2026-04-12,"Wallace, Cason",Out,Injury/Illness -,"Wallace, Cason Out Injury/Illness - "
2026-04-12,"Williams, Jalen",Out,Injury/Illness -,"Williams, Jalen Out Injury/Illness - "
2026-04-12,"Williams, Jaylin",Out,Injury/Illness -,"Williams, Jaylin Out Injury/Illness - "
2026-04-12,"DeRozan, DeMar",Out,Injury/Illness -,"DeRozan, DeMar Out Injury/Illness - "
2026-04-12,"Eubanks, Drew",Out,Injury/Illness -,"Eubanks, Drew Out Injury/Illness - "
2026-04-12,"Hunter, De'Andre",Out,Injury/Illness -,"Hunter, De'Andre Out Injury/Illness - "
2026-04-12,"LaVine, Zach",Out,Injury/Illness -,"LaVine, Zach Out Injury/Illness - "
2026-04-12,"Monk, Malik",Out,Personal,"Monk, Malik Out Personal "
2026-04-12,"Murray, Keegan",Out,Injury/Illness -,"Murray, Keegan Out Injury/Illness - "
2026-04-12,"Sabonis, Domantas",Out,Injury/Illness -,"Sabonis, Domantas Out Injury/Illness - "
2026-04-12,"Stevens, Isaiah",Out,G,"Stevens, Isaiah Out G "
2026-04-12,"Westbrook, Russell",Out,Injury/Illness -,"Westbrook, Russell Out Injury/Illness - "
2026-04-12,"Grant, Jerami",Out,Injury/Illness -,"Grant, Jerami Out Injury/Illness - "
2026-04-12,"Krejci, Vit",Questionable,Injury/Illness -,"Krejci, Vit Questionable Injury/Illness - "
2026-04-12,"Lillard, Damian",Out,Injury/Illness -,"Lillard, Damian Out Injury/Illness - "
2026-04-12,"Thybulle, Matisse",Probable,Injury/Illness -,"Thybulle, Matisse Probable Injury/Illness - "
2026-04-12,"Collier, Isaiah",Out,Injury/Illness -,"Collier, Isaiah Out Injury/Illness - "
2026-04-12,"Filipowski, Kyle",Out,Injury/Illness -,"Filipowski, Kyle Out Injury/Illness - "
2026-04-12,"George, Keyonte",Out,Injury/Illness -,"George, Keyonte Out Injury/Illness - "
2026-04-12,"Harkless, Elijah",Out,Injury/Illness -,"Harkless, Elijah Out Injury/Illness - "
2026-04-12,"Jackson Jr., Jaren",Out,Injury/Illness -,"Jackson Jr., Jaren Out Injury/Illness - "
2026-04-12,"Kessler, Walker",Out,Injury/Illness -,"Kessler, Walker Out Injury/Illness - "
2026-04-12,"Markkanen, Lauri",Out,Injury/Illness -,"Markkanen, Lauri Out Injury/Illness - "
2026-04-12,"Nurkic, Jusuf",Out,Injury/Illness -,"Nurkic, Jusuf Out Injury/Illness - "
2026-04-12,"Doncic, Luka",Out,Injury/Illness -,"Doncic, Luka Out Injury/Illness - "
2026-04-12,"Hayes, Jaxson",Out,Injury/Illness -,"Hayes, Jaxson Out Injury/Illness - "
2026-04-12,"James, LeBron",Questionable,Injury/Illness -,"James, LeBron Questionable Injury/Illness - "
2026-04-12,"Reaves, Austin",Out,Injury/Illness -,"Reaves, Austin Out Injury/Illness - "
2026-04-13,"Fontecchio, Simone",Available,Injury/Illness -,"Fontecchio, Simone Available Injury/Illness - "
2026-04-13,"Herro, Tyler",Available,Injury/Illness -,"Herro, Tyler Available Injury/Illness - "
2026-04-13,"Jovic, Nikola",Out,Injury/Illness -,"Jovic, Nikola Out Injury/Illness - "
2026-04-13,"Larsson, Pelle",Questionable,Injury/Illness -,"Larsson, Pelle Questionable Injury/Illness - "
2026-04-13,"Smith, Dru",Out,Injury/Illness -,"Smith, Dru Out Injury/Illness - "
2026-04-13,"Wiggins, Andrew",Available,Injury/Illness -,"Wiggins, Andrew Available Injury/Illness - "
2026-04-13,"Hall, PJ",Out,Injury/Illness -,"Hall, PJ Out Injury/Illness - "
2026-04-14,"Fontecchio, Simone",Available,Injury/Illness -,"Fontecchio, Simone Available Injury/Illness - "
2026-04-14,"Herro, Tyler",Available,Injury/Illness -,"Herro, Tyler Available Injury/Illness - "
2026-04-14,"Jovic, Nikola",Out,Injury/Illness -,"Jovic, Nikola Out Injury/Illness - "
2026-04-14,"Larsson, Pelle",Available,Injury/Illness -,"Larsson, Pelle Available Injury/Illness - "
2026-04-14,"Smith, Dru",Out,Injury/Illness -,"Smith, Dru Out Injury/Illness - "
2026-04-14,"Ware, Kel'el",Available,Injury/Illness -,"Ware, Kel'el Available Injury/Illness - "
2026-04-14,"Wiggins, Andrew",Available,Injury/Illness -,"Wiggins, Andrew Available Injury/Illness - "
2026-04-14,"Grant, Jerami",Questionable,Injury/Illness -,"Grant, Jerami Questionable Injury/Illness - "
2026-04-14,"Lillard, Damian",Out,Injury/Illness -,"Lillard, Damian Out Injury/Illness - "
2026-04-14,"Allen, Grayson",Questionable,Injury/Illness -,"Allen, Grayson Questionable Injury/Illness - "
2026-04-14,"Carter Jr., Wendell",Available,Injury/Illness -,"Carter Jr., Wendell Available Injury/Illness - "
2026-04-14,"Howard, Jett",Questionable,Injury/Illness -,"Howard, Jett Questionable Injury/Illness - "
2026-04-14,"Isaac, Jonathan",Questionable,Injury/Illness -,"Isaac, Jonathan Questionable Injury/Illness - "
2026-04-14,"Broome, Johni",Out,Injury/Illness -,"Broome, Johni Out Injury/Illness - "
2026-04-14,"Embiid, Joel",Out,Injury/Illness -,"Embiid, Joel Out Injury/Illness - "
2026-04-14,"Maxey, Tyrese",Available,Injury/Illness -,"Maxey, Tyrese Available Injury/Illness - "
2026-04-14,"Watford, Trendon",Probable,Injury/Illness -,"Watford, Trendon Probable Injury/Illness - "
2026-04-15,"Carter Jr., Wendell",Available,Injury/Illness -,"Carter Jr., Wendell Available Injury/Illness - "
2026-04-15,"Howard, Jett",Available,Injury/Illness -,"Howard, Jett Available Injury/Illness - "
2026-04-15,"Isaac, Jonathan",Questionable,Injury/Illness -,"Isaac, Jonathan Questionable Injury/Illness - "
2026-04-15,"Broome, Johni",Out,Injury/Illness -,"Broome, Johni Out Injury/Illness - "
2026-04-15,"Embiid, Joel",Out,Injury/Illness -,"Embiid, Joel Out Injury/Illness - "
2026-04-15,"Maxey, Tyrese",Available,Injury/Illness -,"Maxey, Tyrese Available Injury/Illness - "
2026-04-15,"Watford, Trendon",Probable,Injury/Illness -,"Watford, Trendon Probable Injury/Illness - "
2026-04-15,"Butler III, Jimmy",Out,Injury/Illness -,"Butler III, Jimmy Out Injury/Illness - "
2026-04-15,"Moody, Moses",Out,Injury/Illness -,"Moody, Moses Out Injury/Illness - "
2026-04-15,"Post, Quinten",Out,Injury/Illness -,"Post, Quinten Out Injury/Illness - "
2026-04-15,"Beal, Bradley",Out,Injury/Illness -,"Beal, Bradley Out Injury/Illness - "
2026-04-15,"Jackson, Isaiah",Probable,Injury/Illness -,"Jackson, Isaiah Probable Injury/Illness - "
2026-04-15,"Niederhauser, Yanic Konan",Out,Injury/Illness -,"Niederhauser, Yanic Konan Out Injury/Illness - "
