report_date,player_name,current_status,reason,raw_snippet
2026-03-01,"Ingram, Harrison",Out,G,"Ingram, Harrison Out G "
2026-03-01,"Garcia, David",Out,G,"Garcia, David Out G "
2026-03-01,"Miller, Emanuel",Out,G,"Miller, Emanuel Out G "
2026-03-01,"Plumlee, Mason",Out,Return to,"Plumlee, Mason Out Return to "
2026-03-01,"Dadiet, Pacome",Out,G,"Dadiet, Pacome Out G "
2026-03-01,"Jemison III, Trey",Out,G,"Jemison III, Trey Out G "
2026-03-01,"Jones, Dillon",Out,G,"Jones, Dillon Out G "
2026-03-01,"McBride, Miles",Out,Injury/Illness -,"McBride, Miles Out Injury/Illness - "
2026-03-01,"McCullar Jr., Kevin",Available,G,"McCullar Jr., Kevin Available G "
2026-03-01,"Ellis, Keon",Available,Injury/Illness -,"Ellis, Keon Available Injury/Illness - "
2026-03-01,"Harden, James",Available,Injury/Illness -,"Harden, James Available Injury/Illness - "
2026-03-01,"Minix, Riley",Out,G,"Minix, Riley Out G "
2026-03-01,"Mitchell, Donovan",Out,Injury/Illness -,"Mitchell, Donovan Out Injury/Illness - "
2026-03-01,"Strus, Max",Out,Injury/Illness -,"Strus, Max Out Injury/Illness - "
2026-03-01,"Wade, Dean",Out,Injury/Illness -,"Wade, Dean Out Injury/Illness - "
2026-03-01,"Claxton, Nic",Out,Injury/Illness -,"Claxton, Nic Out Injury/Illness - "
2026-03-01,"Demin, Egor",Out,Injury/Illness -,"Demin, Egor Out Injury/Illness - "
2026-03-01,"Etienne, Tyson",Out,G,"Etienne, Tyson Out G "
2026-03-01,"Johnson, Chaney",Out,G,"Johnson, Chaney Out G "
2026-03-01,"Powell, Drake",Out,G,"Powell, Drake Out G "
2026-03-01,"Antetokounmpo, Alex",Out,G,"Antetokounmpo, Alex Out G "
2026-03-01,"Antetokounmpo, Giannis",Out,Injury/Illness -,"Antetokounmpo, Giannis Out Injury/Illness - "
2026-03-01,"Antetokounmpo, Thanasis",Out,Injury/Illness -,"Antetokounmpo, Thanasis Out Injury/Illness - "
2026-03-01,"Prince, Taurean",Out,Injury/Illness -,"Prince, Taurean Out Injury/Illness - "
2026-03-01,"Ryan, Cormac",Out,G,"Ryan, Cormac Out G "
2026-03-01,"Collins, Zach",Out,Injury/Illness -,"Collins, Zach Out Injury/Illness - "
2026-03-01,"Essengue, Noa",Out,Injury/Illness -,"Essengue, Noa Out Injury/Illness - "
2026-03-01,"Ivey, Jaden",Out,Injury/Illness -,"Ivey, Jaden Out Injury/Illness - "
2026-03-01,"Simons, Anfernee",Out,Injury/Illness -,"Simons, Anfernee Out Injury/Illness - "
2026-03-01,"Smith, Jalen",Out,Injury/Illness -,"Smith, Jalen Out Injury/Illness - "
2026-03-01,"Williams, Patrick",Out,Injury/Illness -,"Williams, Patrick Out Injury/Illness - "
2026-03-01,"Freeman, Enrique",Out,G,"Freeman, Enrique Out G "
2026-03-01,"Randle, Julius",Available,Injury/Illness -,"Randle, Julius Available Injury/Illness - "
2026-03-01,"Zikarsky, Rocco",Out,G,"Zikarsky, Rocco Out G "
2026-03-01,"Bates, Tamar",Out,Injury/Illness -,"Bates, Tamar Out Injury/Illness - "
2026-03-01,"Gordon, Aaron",Out,Injury/Illness -,"Gordon, Aaron Out Injury/Illness - "
2026-03-01,"Johnson, Cameron",Available,Injury/Illness -,"Johnson, Cameron Available Injury/Illness - "
2026-03-01,"Jones, Curtis",Out,G,"Jones, Curtis Out G "
2026-03-01,"Jones, Spencer",Out,Injury/Illness -,"Jones, Spencer Out Injury/Illness - "
2026-03-01,"Watson, Peyton",Out,Injury/Illness -,"Watson, Peyton Out Injury/Illness - "
2026-03-01,"Aldama, Santi",Out,Injury/Illness -,"Aldama, Santi Out Injury/Illness - "
2026-03-01,"Pope, Kentavious",Out,Injury/Illness -,"Pope, Kentavious Out Injury/Illness - "
2026-03-01,"Clarke, Brandon",Out,Injury/Illness -,"Clarke, Brandon Out Injury/Illness - "
2026-03-01,"Coward, Cedric",Out,Injury/Illness -,"Coward, Cedric Out Injury/Illness - "
2026-03-01,"Edey, Zach",Out,Injury/Illness -,"Edey, Zach Out Injury/Illness - "
2026-03-01,"Gibson, Taj",Out,Return to,"Gibson, Taj Out Return to "
2026-03-01,"Jerome, Ty",Out,Injury/Illness -,"Jerome, Ty Out Injury/Illness - "
2026-03-01,"Morant, Ja",Out,Injury/Illness -,"Morant, Ja Out Injury/Illness - "
2026-03-01,"Furphy, Johnny",Out,Injury/Illness -,"Furphy, Johnny Out Injury/Illness - "
2026-03-01,"Haliburton, Tyrese",Out,Injury/Illness -,"Haliburton, Tyrese Out Injury/Illness - "
2026-03-01,"Nembhard, Andrew",Out,Injury/Illness -,"Nembhard, Andrew Out Injury/Illness - "
2026-03-01,"Nesmith, Aaron",Out,Injury/Illness -,"Nesmith, Aaron Out Injury/Illness - "
2026-03-01,"Peter, Taelon",Available,G,"Peter, Taelon Available G "
2026-03-01,"Siakam, Pascal",Out,Injury/Illness -,"Siakam, Pascal Out Injury/Illness - "
2026-03-01,"Slawson, Jalen",Out,G,"Slawson, Jalen Out G "
2026-03-01,"Thompson, Ethan",Out,G,"Thompson, Ethan Out G "
2026-03-01,"Toppin, Obi",Available,Injury/Illness -,"Toppin, Obi Available Injury/Illness - "
2026-03-01,"Zubac, Ivica",Out,Injury/Illness -,"Zubac, Ivica Out Injury/Illness - "
2026-03-01,"Jones, Isaac",Out,G,"Jones, Isaac Out G "
2026-03-01,"Klintman, Bobi",Out,G,"Klintman, Bobi Out G "
2026-03-01,"Lanier, Chaz",Out,G,"Lanier, Chaz Out G "
2026-03-01,"Moore Jr., Wendell",Out,G,"Moore Jr., Wendell Out G "
2026-03-01,"Stewart, Isaiah",Out,League,"Stewart, Isaiah Out League "
2026-03-01,"Black, Anthony",Out,Injury/Illness -,"Black, Anthony Out Injury/Illness - "
2026-03-01,"Castleton, Colin",Out,G,"Castleton, Colin Out G "
2026-03-01,"Morales, Alex",Out,G,"Morales, Alex Out G "
2026-03-01,"Wagner, Franz",Out,Injury/Illness -,"Wagner, Franz Out Injury/Illness - "
2026-03-01,"Avdija, Deni",Out,Injury/Illness -,"Avdija, Deni Out Injury/Illness - "
2026-03-01,"Cissoko, Sidy",Available,Injury/Illness -,"Cissoko, Sidy Available Injury/Illness - "
2026-03-01,"Lillard, Damian",Out,Injury/Illness -,"Lillard, Damian Out Injury/Illness - "
2026-03-01,"Love, Caleb",Out,G,"Love, Caleb Out G "
2026-03-01,"Sharpe, Shaedon",Out,Injury/Illness -,"Sharpe, Shaedon Out Injury/Illness - "
2026-03-01,"Williams III, Robert",Out,Injury/Illness -,"Williams III, Robert Out Injury/Illness - "
2026-03-01,"Yang, Hansen",Available,Injury/Illness -,"Yang, Hansen Available Injury/Illness - "
2026-03-01,"Walker, Nickeil",Available,Injury/Illness -,"Walker, Nickeil Available Injury/Illness - "
2026-03-01,"Dennis, RayJ",Out,G,"Dennis, RayJ Out G "
2026-03-01,"Johnson, Jalen",Available,Injury/Illness -,"Johnson, Jalen Available Injury/Illness - "
2026-03-01,"Newell, Asa",Out,G,"Newell, Asa Out G "
2026-03-01,"Carlson, Branden",Out,Injury/Illness -,"Carlson, Branden Out Injury/Illness - "
2026-03-01,"Mitchell, Ajay",Out,Injury/Illness -,"Mitchell, Ajay Out Injury/Illness - "
2026-03-01,"Sorber, Thomas",Out,Injury/Illness -,"Sorber, Thomas Out Injury/Illness - "
2026-03-01,"Topic, Nikola",Out,G,"Topic, Nikola Out G "
2026-03-01,"Williams, Jalen",Out,Injury/Illness -,"Williams, Jalen Out Injury/Illness - "
2026-03-01,"Bagley III, Marvin",Out,Injury/Illness -,"Bagley III, Marvin Out Injury/Illness - "
2026-03-01,"Cisse, Moussa",Questionable,G,"Cisse, Moussa Questionable G "
2026-03-01,"Flagg, Cooper",Out,Injury/Illness -,"Flagg, Cooper Out Injury/Illness - "
2026-03-01,"Irving, Kyrie",Out,Injury/Illness -,"Irving, Kyrie Out Injury/Illness - "
2026-03-01,"Kelly, Miles",Out,Not,"Kelly, Miles Out Not "
2026-03-01,"Lively II, Dereck",Out,Injury/Illness -,"Lively II, Dereck Out Injury/Illness - "
2026-03-01,"Marshall, Naji",Doubtful,Injury/Illness -,"Marshall, Naji Doubtful Injury/Illness - "
2026-03-01,"Martin, Caleb",Probable,Injury/Illness -,"Martin, Caleb Probable Injury/Illness - "
2026-03-01,"Beauchamp, MarJon",Out,G,"Beauchamp, MarJon Out G "
2026-03-01,"Broome, Johni",Out,Injury/Illness -,"Broome, Johni Out Injury/Illness - "
2026-03-01,"Edwards, Justin",Available,G,"Edwards, Justin Available G "
2026-03-01,"Embiid, Joel",Out,Injury/Illness -,"Embiid, Joel Out Injury/Illness - "
2026-03-01,"George, Paul",Out,League,"George, Paul Out League "
2026-03-01,"Martin, Tyrese",Out,G,"Martin, Tyrese Out G "
2026-03-01,"Oubre Jr., Kelly",Available,Injury/Illness -,"Oubre Jr., Kelly Available Injury/Illness - "
2026-03-01,"Terry, Dalen",Out,G,"Terry, Dalen Out G "
2026-03-01,"Scheierman, Baylor",Questionable,Injury/Illness -,"Scheierman, Baylor Questionable Injury/Illness - "
2026-03-01,"Shulga, Max",Questionable,G,"Shulga, Max Questionable G "
2026-03-01,"Tatum, Jayson",Out,Injury/Illness -,"Tatum, Jayson Out Injury/Illness - "
2026-03-01,"Williams, Amari",Questionable,G,"Williams, Amari Questionable G "
2026-03-01,"Alexander, Trey",Out,G,"Alexander, Trey Out G "
2026-03-01,"Dickinson, Hunter",Out,G,"Dickinson, Hunter Out G "
2026-03-01,"Murphy III, Trey",Available,Injury/Illness -,"Murphy III, Trey Available Injury/Illness - "
2026-03-01,"Murray, Dejounte",Available,Return to,"Murray, Dejounte Available Return to "
2026-03-01,"Williamson, Zion",Questionable,Injury/Illness -,"Williamson, Zion Questionable Injury/Illness - "
2026-03-01,"Beal, Bradley",Out,Injury/Illness -,"Beal, Bradley Out Injury/Illness - "
2026-03-01,"Collins, John",Questionable,Injury/Illness -,"Collins, John Questionable Injury/Illness - "
2026-03-01,"Garland, Darius",Out,Injury/Illness -,"Garland, Darius Out Injury/Illness - "
2026-03-01,"Cardwell, Dylan",Out,Injury/Illness -,"Cardwell, Dylan Out Injury/Illness - "
2026-03-01,"Hunter, De'Andre",Out,Injury/Illness -,"Hunter, De'Andre Out Injury/Illness - "
2026-03-01,"LaVine, Zach",Out,Injury/Illness -,"LaVine, Zach Out Injury/Illness - "
2026-03-01,"Murray, Keegan",Out,Injury/Illness -,"Murray, Keegan Out Injury/Illness - "
2026-03-01,"Sabonis, Domantas",Out,Injury/Illness -,"Sabonis, Domantas Out Injury/Illness - "
2026-03-01,"Stevens, Isaiah",Out,G,"Stevens, Isaiah Out G "
2026-03-01,"James, LeBron",Questionable,Injury/Illness -,"James, LeBron Questionable Injury/Illness - "
2026-03-01,"Adams, Steven",Out,Injury/Illness -,"Adams, Steven Out Injury/Illness - "
2026-03-01,"Newton, Tristen",Out,G,"Newton, Tristen Out G "
2026-03-01,"Smith Jr., Jabari",Out,Injury/Illness -,"Smith Jr., Jabari Out Injury/Illness - "
2026-03-01,"Tate, Jae'Sean",Out,Injury/Illness -,"Tate, Jae'Sean Out Injury/Illness - "
2026-03-01,"VanVleet, Fred",Out,Injury/Illness -,"VanVleet, Fred Out Injury/Illness - "
2026-03-01,"Black, Leaky",Out,Injury/Illness -,"Black, Leaky Out Injury/Illness - "
2026-03-01,"Davis, Anthony",Out,Injury/Illness -,"Davis, Anthony Out Injury/Illness - "
2026-03-01,"George, Kyshawn",Questionable,Injury/Illness -,"George, Kyshawn Questionable Injury/Illness - "
2026-03-01,"Gill, Anthony",Questionable,Injury/Illness -,"Gill, Anthony Questionable Injury/Illness - "
2026-03-01,"Russell, D'Angelo",Out,Not,"Russell, D'Angelo Out Not "
2026-03-01,"Sarr, Alex",Out,Injury/Illness -,"Sarr, Alex Out Injury/Illness - "
2026-03-01,"Vukcevic, Tristan",Questionable,Injury/Illness -,"Vukcevic, Tristan Questionable Injury/Illness - "
2026-03-01,"Whitmore, Cam",Out,Injury/Illness -,"Whitmore, Cam Out Injury/Illness - "
2026-03-01,"Young, Trae",Out,Injury/Illness -,"Young, Trae Out Injury/Illness - "
2026-03-02,"Adams, Steven",Out,Injury/Illness -,"Adams, Steven Out Injury/Illness - "
2026-03-02,"Newton, Tristen",Out,G,"Newton, Tristen Out G "
2026-03-02,"Smith Jr., Jabari",Out,Injury/Illness -,"Smith Jr., Jabari Out Injury/Illness - "
2026-03-02,"Tate, Jae'Sean",Out,Injury/Illness -,"Tate, Jae'Sean Out Injury/Illness - "
2026-03-02,"VanVleet, Fred",Out,Injury/Illness -,"VanVleet, Fred Out Injury/Illness - "
2026-03-02,"Black, Leaky",Out,Injury/Illness -,"Black, Leaky Out Injury/Illness - "
2026-03-02,"Davis, Anthony",Out,Injury/Illness -,"Davis, Anthony Out Injury/Illness - "
2026-03-02,"George, Kyshawn",Available,Injury/Illness -,"George, Kyshawn Available Injury/Illness - "
2026-03-02,"Gill, Anthony",Questionable,Injury/Illness -,"Gill, Anthony Questionable Injury/Illness - "
2026-03-02,"Russell, D'Angelo",Out,Not,"Russell, D'Angelo Out Not "
2026-03-02,"Sarr, Alex",Out,Injury/Illness -,"Sarr, Alex Out Injury/Illness - "
2026-03-02,"Vukcevic, Tristan",Out,Injury/Illness -,"Vukcevic, Tristan Out Injury/Illness - "
2026-03-02,"Whitmore, Cam",Out,Injury/Illness -,"Whitmore, Cam Out Injury/Illness - "
2026-03-02,"Young, Trae",Out,Injury/Illness -,"Young, Trae Out Injury/Illness - "
2026-03-02,"Brown, Jaylen",Out,Injury/Illness -,"Brown, Jaylen Out Injury/Illness - "
2026-03-02,"Queta, Neemias",Out,Rest,"Queta, Neemias Out Rest "
2026-03-02,"Tatum, Jayson",Out,Injury/Illness -,"Tatum, Jayson Out Injury/Illness - "
2026-03-02,"Antetokounmpo, Alex",Out,G,"Antetokounmpo, Alex Out G "
2026-03-02,"Antetokounmpo, Giannis",Questionable,Injury/Illness -,"Antetokounmpo, Giannis Questionable Injury/Illness - "
2026-03-02,"Prince, Taurean",Out,Injury/Illness -,"Prince, Taurean Out Injury/Illness - "
2026-03-02,"Ryan, Cormac",Out,G,"Ryan, Cormac Out G "
2026-03-02,"Bates, Tamar",Out,Injury/Illness -,"Bates, Tamar Out Injury/Illness - "
2026-03-02,"Gordon, Aaron",Out,Injury/Illness -,"Gordon, Aaron Out Injury/Illness - "
2026-03-02,"Johnson, Cameron",Out,Injury/Illness -,"Johnson, Cameron Out Injury/Illness - "
2026-03-02,"Jones, Curtis",Out,G,"Jones, Curtis Out G "
2026-03-02,"Jones, Spencer",Out,Injury/Illness -,"Jones, Spencer Out Injury/Illness - "
2026-03-02,"Watson, Peyton",Out,Injury/Illness -,"Watson, Peyton Out Injury/Illness - "
2026-03-02,"Jackson Jr., Jaren",Out,Injury/Illness -,"Jackson Jr., Jaren Out Injury/Illness - "
2026-03-02,"Kessler, Walker",Out,Injury/Illness -,"Kessler, Walker Out Injury/Illness - "
2026-03-02,"Love, Kevin",Out,Rest,"Love, Kevin Out Rest "
2026-03-02,"Markkanen, Lauri",Out,Injury/Illness -,"Markkanen, Lauri Out Injury/Illness - "
2026-03-02,"Nurkic, Jusuf",Out,Injury/Illness -,"Nurkic, Jusuf Out Injury/Illness - "
2026-03-02,"Williams Jr., Vince",Out,Injury/Illness -,"Williams Jr., Vince Out Injury/Illness - "
2026-03-02,"Beal, Bradley",Out,Injury/Illness -,"Beal, Bradley Out Injury/Illness - "
2026-03-02,"Collins, John",Out,Injury/Illness -,"Collins, John Out Injury/Illness - "
2026-03-02,"Butler III, Jimmy",Out,Injury/Illness -,"Butler III, Jimmy Out Injury/Illness - "
2026-03-02,"Cryer, LJ",Out,G,"Cryer, LJ Out G "
2026-03-02,"Curry, Seth",Out,Injury/Illness -,"Curry, Seth Out Injury/Illness - "
2026-03-02,"Curry, Stephen",Out,Injury/Illness -,"Curry, Stephen Out Injury/Illness - "
2026-03-02,"Payton II, Gary",Questionable,Injury/Illness -,"Payton II, Gary Questionable Injury/Illness - "
2026-03-02,"Porzingis, Kristaps",Out,Injury/Illness -,"Porzingis, Kristaps Out Injury/Illness - "
2026-03-02,"Richard, Will",Out,Injury/Illness -,"Richard, Will Out Injury/Illness - "
2026-03-02,"Bagley III, Marvin",Out,Injury/Illness -,"Bagley III, Marvin Out Injury/Illness - "
2026-03-02,"Cisse, Moussa",Questionable,G,"Cisse, Moussa Questionable G "
2026-03-02,"Flagg, Cooper",Doubtful,Injury/Illness -,"Flagg, Cooper Doubtful Injury/Illness - "
2026-03-02,"Irving, Kyrie",Out,Injury/Illness -,"Irving, Kyrie Out Injury/Illness - "
2026-03-02,"Lively II, Dereck",Out,Injury/Illness -,"Lively II, Dereck Out Injury/Illness - "
2026-03-02,"Marshall, Naji",Out,Injury/Illness -,"Marshall, Naji Out Injury/Illness - "
2026-03-02,"Martin, Caleb",Probable,Injury/Illness -,"Martin, Caleb Probable Injury/Illness - "
2026-03-02,"Poulakidas, John",Questionable,G,"Poulakidas, John Questionable G "
2026-03-02,"Smith, Tyler",Questionable,G,"Smith, Tyler Questionable G "
2026-03-02,"Thompson, Klay",Questionable,Injury/Illness -,"Thompson, Klay Questionable Injury/Illness - "
2026-03-02,"Evbuomwan, Tosan",Out,G,"Evbuomwan, Tosan Out G "
2026-03-02,"Hall, PJ",Out,G,"Hall, PJ Out G "
2026-03-02,"McNeeley, Liam",Out,G,"McNeeley, Liam Out G "
2026-03-02,"Reeves, Antonio",Out,G,"Reeves, Antonio Out G "
2026-03-02,"White, Coby",Out,Injury/Illness -,"White, Coby Out Injury/Illness - "
2026-03-02,"Jones, Isaac",Out,G,"Jones, Isaac Out G "
2026-03-02,"Klintman, Bobi",Questionable,G,"Klintman, Bobi Questionable G "
2026-03-02,"Lanier, Chaz",Questionable,G,"Lanier, Chaz Questionable G "
2026-03-02,"Moore Jr., Wendell",Out,G,"Moore Jr., Wendell Out G "
2026-03-02,"Smith, Tolu",Questionable,G,"Smith, Tolu Questionable G "
2026-03-02,"Brown, Darius",Out,G,"Brown, Darius Out G "
2026-03-02,"Minix, Riley",Out,G,"Minix, Riley Out G "
2026-03-02,"Mitchell, Donovan",Out,Injury/Illness -,"Mitchell, Donovan Out Injury/Illness - "
2026-03-02,"Strus, Max",Out,Injury/Illness -,"Strus, Max Out Injury/Illness - "
2026-03-02,"Wade, Dean",Questionable,Injury/Illness -,"Wade, Dean Questionable Injury/Illness - "
2026-03-02,"Black, Anthony",Probable,Injury/Illness -,"Black, Anthony Probable Injury/Illness - "
2026-03-02,"Castleton, Colin",Out,G,"Castleton, Colin Out G "
2026-03-02,"Morales, Alex",Out,G,"Morales, Alex Out G "
2026-03-02,"Wagner, Franz",Out,Injury/Illness -,"Wagner, Franz Out Injury/Illness - "
2026-03-02,"Claxton, Nic",Probable,Injury/Illness -,"Claxton, Nic Probable Injury/Illness - "
2026-03-02,"Demin, Egor",Out,Injury/Illness -,"Demin, Egor Out Injury/Illness - "
2026-03-02,"Etienne, Tyson",Out,G,"Etienne, Tyson Out G "
2026-03-02,"Johnson, Chaney",Out,G,"Johnson, Chaney Out G "
2026-03-02,"Powell, Drake",Out,G,"Powell, Drake Out G "
2026-03-02,"Goldin, Vladislav",Out,G,"Goldin, Vladislav Out G "
2026-03-02,"Johnson, Keshad",Out,G,"Johnson, Keshad Out G "
2026-03-02,"Jovic, Nikola",Out,Injury/Illness -,"Jovic, Nikola Out Injury/Illness - "
2026-03-02,"Keels, Trevor",Out,G,"Keels, Trevor Out G "
2026-03-02,"Larsson, Pelle",Available,Injury/Illness -,"Larsson, Pelle Available Injury/Illness - "
2026-03-02,"Mitchell, Davion",Questionable,Injury/Illness -,"Mitchell, Davion Questionable Injury/Illness - "
2026-03-02,"Powell, Norman",Out,Injury/Illness -,"Powell, Norman Out Injury/Illness - "
2026-03-02,"Rozier, Terry",Out,Not,"Rozier, Terry Out Not "
2026-03-02,"Smith, Dru",Available,Injury/Illness -,"Smith, Dru Available Injury/Illness - "
2026-03-02,"Wiggins, Andrew",Available,Injury/Illness -,"Wiggins, Andrew Available Injury/Illness - "
2026-03-02,"Dadiet, Pacome",Out,G,"Dadiet, Pacome Out G "
2026-03-02,"Jemison III, Trey",Out,G,"Jemison III, Trey Out G "
2026-03-02,"Jones, Dillon",Out,G,"Jones, Dillon Out G "
2026-03-02,"McBride, Miles",Out,Injury/Illness -,"McBride, Miles Out Injury/Illness - "
2026-03-02,"Hepburn, Chucky",Out,G,"Hepburn, Chucky Out G "
2026-03-02,"Boyles, Collin",Out,Injury/Illness -,"Boyles, Collin Out Injury/Illness - "
2026-03-02,"Ingram, Harrison",Out,G,"Ingram, Harrison Out G "
2026-03-02,"Garcia, David",Out,G,"Garcia, David Out G "
2026-03-02,"Miller, Emanuel",Out,G,"Miller, Emanuel Out G "
2026-03-02,"Plumlee, Mason",Out,Return to,"Plumlee, Mason Out Return to "
2026-03-02,"Beauchamp, MarJon",Doubtful,G,"Beauchamp, MarJon Doubtful G "
2026-03-02,"Broome, Johni",Out,Injury/Illness -,"Broome, Johni Out Injury/Illness - "
2026-03-02,"Embiid, Joel",Out,Injury/Illness -,"Embiid, Joel Out Injury/Illness - "
2026-03-02,"George, Paul",Out,League,"George, Paul Out League "
2026-03-02,"Martin, Tyrese",Doubtful,G,"Martin, Tyrese Doubtful G "
2026-03-02,"Oubre Jr., Kelly",Available,Injury/Illness -,"Oubre Jr., Kelly Available Injury/Illness - "
2026-03-02,"Terry, Dalen",Doubtful,G,"Terry, Dalen Doubtful G "
2026-03-03,"Bagley III, Marvin",Out,Injury/Illness -,"Bagley III, Marvin Out Injury/Illness - "
2026-03-03,"Cisse, Moussa",Questionable,G,"Cisse, Moussa Questionable G "
2026-03-03,"Flagg, Cooper",Doubtful,Injury/Illness -,"Flagg, Cooper Doubtful Injury/Illness - "
2026-03-03,"Irving, Kyrie",Out,Injury/Illness -,"Irving, Kyrie Out Injury/Illness - "
2026-03-03,"Lively II, Dereck",Out,Injury/Illness -,"Lively II, Dereck Out Injury/Illness - "
2026-03-03,"Marshall, Naji",Out,Injury/Illness -,"Marshall, Naji Out Injury/Illness - "
2026-03-03,"Martin, Caleb",Probable,Injury/Illness -,"Martin, Caleb Probable Injury/Illness - "
2026-03-03,"Poulakidas, John",Questionable,G,"Poulakidas, John Questionable G "
2026-03-03,"Smith, Tyler",Questionable,G,"Smith, Tyler Questionable G "
2026-03-03,"Thompson, Klay",Doubtful,Injury/Illness -,"Thompson, Klay Doubtful Injury/Illness - "
2026-03-03,"Evbuomwan, Tosan",Out,G,"Evbuomwan, Tosan Out G "
2026-03-03,"Hall, PJ",Out,G,"Hall, PJ Out G "
2026-03-03,"McNeeley, Liam",Out,G,"McNeeley, Liam Out G "
2026-03-03,"Reeves, Antonio",Out,G,"Reeves, Antonio Out G "
2026-03-03,"White, Coby",Out,Injury/Illness -,"White, Coby Out Injury/Illness - "
2026-03-03,"Jones, Isaac",Out,G,"Jones, Isaac Out G "
2026-03-03,"Klintman, Bobi",Available,G,"Klintman, Bobi Available G "
2026-03-03,"Lanier, Chaz",Available,G,"Lanier, Chaz Available G "
2026-03-03,"Moore Jr., Wendell",Out,G,"Moore Jr., Wendell Out G "
2026-03-03,"Smith, Tolu",Out,G,"Smith, Tolu Out G "
2026-03-03,"Brown, Darius",Out,G,"Brown, Darius Out G "
2026-03-03,"Minix, Riley",Available,G,"Minix, Riley Available G "
2026-03-03,"Mitchell, Donovan",Out,Injury/Illness -,"Mitchell, Donovan Out Injury/Illness - "
2026-03-03,"Strus, Max",Out,Injury/Illness -,"Strus, Max Out Injury/Illness - "
2026-03-03,"Wade, Dean",Questionable,Injury/Illness -,"Wade, Dean Questionable Injury/Illness - "
2026-03-03,"Davis, Anthony",Out,Injury/Illness -,"Davis, Anthony Out Injury/Illness - "
2026-03-03,"George, Kyshawn",Out,Injury/Illness -,"George, Kyshawn Out Injury/Illness - "
2026-03-03,"Gill, Anthony",Out,Injury/Illness -,"Gill, Anthony Out Injury/Illness - "
2026-03-03,"Russell, D'Angelo",Out,Not,"Russell, D'Angelo Out Not "
2026-03-03,"Sarr, Alex",Out,Injury/Illness -,"Sarr, Alex Out Injury/Illness - "
2026-03-03,"Vukcevic, Tristan",Out,Injury/Illness -,"Vukcevic, Tristan Out Injury/Illness - "
2026-03-03,"Watkins, Jamir",Out,Injury/Illness -,"Watkins, Jamir Out Injury/Illness - "
2026-03-03,"Whitmore, Cam",Out,Injury/Illness -,"Whitmore, Cam Out Injury/Illness - "
2026-03-03,"Young, Trae",Out,Injury/Illness -,"Young, Trae Out Injury/Illness - "
2026-03-03,"Black, Anthony",Out,Injury/Illness -,"Black, Anthony Out Injury/Illness - "
2026-03-03,"Carter Jr., Wendell",Questionable,Injury/Illness -,"Carter Jr., Wendell Questionable Injury/Illness - "
2026-03-03,"Castleton, Colin",Out,G,"Castleton, Colin Out G "
2026-03-03,"Morales, Alex",Out,G,"Morales, Alex Out G "
2026-03-03,"Wagner, Franz",Out,Injury/Illness -,"Wagner, Franz Out Injury/Illness - "
2026-03-03,"Claxton, Nic",Available,Injury/Illness -,"Claxton, Nic Available Injury/Illness - "
2026-03-03,"Demin, Egor",Out,Injury/Illness -,"Demin, Egor Out Injury/Illness - "
2026-03-03,"Etienne, Tyson",Out,G,"Etienne, Tyson Out G "
2026-03-03,"Johnson, Chaney",Out,G,"Johnson, Chaney Out G "
2026-03-03,"Powell, Drake",Out,G,"Powell, Drake Out G "
2026-03-03,"Goldin, Vladislav",Out,G,"Goldin, Vladislav Out G "
2026-03-03,"Johnson, Keshad",Out,G,"Johnson, Keshad Out G "
2026-03-03,"Jovic, Nikola",Out,Injury/Illness -,"Jovic, Nikola Out Injury/Illness - "
2026-03-03,"Keels, Trevor",Out,G,"Keels, Trevor Out G "
2026-03-03,"Larsson, Pelle",Available,Injury/Illness -,"Larsson, Pelle Available Injury/Illness - "
2026-03-03,"Mitchell, Davion",Questionable,Injury/Illness -,"Mitchell, Davion Questionable Injury/Illness - "
2026-03-03,"Powell, Norman",Out,Injury/Illness -,"Powell, Norman Out Injury/Illness - "
2026-03-03,"Rozier, Terry",Out,Not,"Rozier, Terry Out Not "
2026-03-03,"Smith, Dru",Available,Injury/Illness -,"Smith, Dru Available Injury/Illness - "
2026-03-03,"Wiggins, Andrew",Probable,Injury/Illness -,"Wiggins, Andrew Probable Injury/Illness - "
2026-03-03,"Dadiet, Pacome",Out,G,"Dadiet, Pacome Out G "
2026-03-03,"Jemison III, Trey",Out,G,"Jemison III, Trey Out G "
2026-03-03,"Jones, Dillon",Out,G,"Jones, Dillon Out G "
2026-03-03,"McBride, Miles",Out,Injury/Illness -,"McBride, Miles Out Injury/Illness - "
2026-03-03,"Hepburn, Chucky",Out,G,"Hepburn, Chucky Out G "
2026-03-03,"Boyles, Collin",Out,Injury/Illness -,"Boyles, Collin Out Injury/Illness - "
2026-03-03,"Aldama, Santi",Questionable,Injury/Illness -,"Aldama, Santi Questionable Injury/Illness - "
2026-03-03,"Pope, Kentavious",Out,Injury/Illness -,"Pope, Kentavious Out Injury/Illness - "
2026-03-03,"Clarke, Brandon",Out,Injury/Illness -,"Clarke, Brandon Out Injury/Illness - "
2026-03-03,"Coward, Cedric",Questionable,Injury/Illness -,"Coward, Cedric Questionable Injury/Illness - "
2026-03-03,"Edey, Zach",Out,Injury/Illness -,"Edey, Zach Out Injury/Illness - "
2026-03-03,"Gibson, Taj",Out,Return to,"Gibson, Taj Out Return to "
2026-03-03,"Jerome, Ty",Questionable,Injury/Illness -,"Jerome, Ty Questionable Injury/Illness - "
2026-03-03,"Morant, Ja",Out,Injury/Illness -,"Morant, Ja Out Injury/Illness - "
2026-03-03,"Freeman, Enrique",Out,G,"Freeman, Enrique Out G "
2026-03-03,"Pullin, Zyon",Out,G,"Pullin, Zyon Out G "
2026-03-03,"Zikarsky, Rocco",Out,G,"Zikarsky, Rocco Out G "
2026-03-03,"Carlson, Branden",Out,Injury/Illness -,"Carlson, Branden Out Injury/Illness - "
2026-03-03,"Alexander, Shai",Out,Injury/Illness -,"Alexander, Shai Out Injury/Illness - "
2026-03-03,"Hartenstein, Isaiah",Out,Injury/Illness -,"Hartenstein, Isaiah Out Injury/Illness - "
2026-03-03,"Mitchell, Ajay",Out,Injury/Illness -,"Mitchell, Ajay Out Injury/Illness - "
2026-03-03,"Sorber, Thomas",Out,Injury/Illness -,"Sorber, Thomas Out Injury/Illness - "
2026-03-03,"Topic, Nikola",Out,G,"Topic, Nikola Out G "
2026-03-03,"Williams, Jalen",Out,Injury/Illness -,"Williams, Jalen Out Injury/Illness - "
2026-03-03,"Collins, Zach",Out,Injury/Illness -,"Collins, Zach Out Injury/Illness - "
2026-03-03,"Essengue, Noa",Out,Injury/Illness -,"Essengue, Noa Out Injury/Illness - "
2026-03-03,"Ivey, Jaden",Out,Injury/Illness -,"Ivey, Jaden Out Injury/Illness - "
2026-03-03,"Simons, Anfernee",Out,Injury/Illness -,"Simons, Anfernee Out Injury/Illness - "
2026-03-03,"Smith, Jalen",Out,Injury/Illness -,"Smith, Jalen Out Injury/Illness - "
2026-03-03,"Williams, Patrick",Out,Injury/Illness -,"Williams, Patrick Out Injury/Illness - "
2026-03-03,"Ingram, Harrison",Out,G,"Ingram, Harrison Out G "
2026-03-03,"Garcia, David",Out,G,"Garcia, David Out G "
2026-03-03,"Miller, Emanuel",Out,G,"Miller, Emanuel Out G "
2026-03-03,"Plumlee, Mason",Out,Return to,"Plumlee, Mason Out Return to "
2026-03-03,"Beauchamp, MarJon",Out,G,"Beauchamp, MarJon Out G "
2026-03-03,"Broome, Johni",Out,Injury/Illness -,"Broome, Johni Out Injury/Illness - "
2026-03-03,"Embiid, Joel",Out,Injury/Illness -,"Embiid, Joel Out Injury/Illness - "
2026-03-03,"George, Paul",Out,League,"George, Paul Out League "
2026-03-03,"Martin, Tyrese",Available,G,"Martin, Tyrese Available G "
2026-03-03,"Oubre Jr., Kelly",Out,Injury/Illness -,"Oubre Jr., Kelly Out Injury/Illness - "
2026-03-03,"Terry, Dalen",Available,G,"Terry, Dalen Available G "
2026-03-03,"Alexander, Trey",Out,G,"Alexander, Trey Out G "
2026-03-03,"Dickinson, Hunter",Out,G,"Dickinson, Hunter Out G "
2026-03-03,"Williamson, Zion",Questionable,Injury/Illness -,"Williamson, Zion Questionable Injury/Illness - "
2026-03-03,"Kleber, Maxi",Questionable,Injury/Illness -,"Kleber, Maxi Questionable Injury/Illness - "
2026-03-03,"Brooks, Dillon",Out,Injury/Illness -,"Brooks, Dillon Out Injury/Illness - "
2026-03-03,"Goodwin, Jordan",Out,Injury/Illness -,"Goodwin, Jordan Out Injury/Illness - "
2026-03-03,"Maluach, Khaman",Available,Injury/Illness -,"Maluach, Khaman Available Injury/Illness - "
2026-03-03,"Cardwell, Dylan",Out,Injury/Illness -,"Cardwell, Dylan Out Injury/Illness - "
2026-03-03,"Hunter, De'Andre",Out,Injury/Illness -,"Hunter, De'Andre Out Injury/Illness - "
2026-03-03,"LaVine, Zach",Out,Injury/Illness -,"LaVine, Zach Out Injury/Illness - "
2026-03-03,"Murray, Keegan",Out,Injury/Illness -,"Murray, Keegan Out Injury/Illness - "
2026-03-03,"Sabonis, Domantas",Out,Injury/Illness -,"Sabonis, Domantas Out Injury/Illness - "
2026-03-03,"Stevens, Isaiah",Out,G,"Stevens, Isaiah Out G "
2026-03-03,"Tatum, Jayson",Out,Injury/Illness -,"Tatum, Jayson Out Injury/Illness - "
2026-03-03,"Jackson Jr., Jaren",Out,Injury/Illness -,"Jackson Jr., Jaren Out Injury/Illness - "
2026-03-03,"Kessler, Walker",Out,Injury/Illness -,"Kessler, Walker Out Injury/Illness - "
2026-03-03,"Markkanen, Lauri",Out,Injury/Illness -,"Markkanen, Lauri Out Injury/Illness - "
2026-03-03,"Nurkic, Jusuf",Out,Injury/Illness -,"Nurkic, Jusuf Out Injury/Illness - "
2026-03-03,"Williams Jr., Vince",Out,Injury/Illness -,"Williams Jr., Vince Out Injury/Illness - "
2026-03-03,"Dennis, RayJ",Doubtful,G,"Dennis, RayJ Doubtful G "
2026-03-03,"Newell, Asa",Doubtful,G,"Newell, Asa Doubtful G "
2026-03-04,"Carlson, Branden",Out,Injury/Illness -,"Carlson, Branden Out Injury/Illness - "
2026-03-04,"Mitchell, Ajay",Out,Injury/Illness -,"Mitchell, Ajay Out Injury/Illness - "
2026-03-04,"Sorber, Thomas",Out,Injury/Illness -,"Sorber, Thomas Out Injury/Illness - "
2026-03-04,"Topic, Nikola",Out,G,"Topic, Nikola Out G "
2026-03-04,"Williams, Jalen",Out,Injury/Illness -,"Williams, Jalen Out Injury/Illness - "
2026-03-04,"Dadiet, Pacome",Questionable,G,"Dadiet, Pacome Questionable G "
2026-03-04,"Jemison III, Trey",Questionable,G,"Jemison III, Trey Questionable G "
2026-03-04,"Jones, Dillon",Questionable,G,"Jones, Dillon Questionable G "
2026-03-04,"McBride, Miles",Out,Injury/Illness -,"McBride, Miles Out Injury/Illness - "
2026-03-04,"McCullar Jr., Kevin",Questionable,G,"McCullar Jr., Kevin Questionable G "
2026-03-04,"Robinson, Mitchell",Out,Injury/Illness -,"Robinson, Mitchell Out Injury/Illness - "
2026-03-04,"Hall, PJ",Out,G,"Hall, PJ Out G "
2026-03-04,"McNeeley, Liam",Out,G,"McNeeley, Liam Out G "
2026-03-04,"Salaun, Tidjane",Out,Injury/Illness -,"Salaun, Tidjane Out Injury/Illness - "
2026-03-04,"Williams, Grant",Out,Injury/Illness -,"Williams, Grant Out Injury/Illness - "
2026-03-04,"Tatum, Jayson",Out,Injury/Illness -,"Tatum, Jayson Out Injury/Illness - "
2026-03-04,"Jackson Jr., Jaren",Out,Injury/Illness -,"Jackson Jr., Jaren Out Injury/Illness - "
2026-03-04,"Kessler, Walker",Out,Injury/Illness -,"Kessler, Walker Out Injury/Illness - "
2026-03-04,"Markkanen, Lauri",Out,Injury/Illness -,"Markkanen, Lauri Out Injury/Illness - "
2026-03-04,"Nurkic, Jusuf",Out,Injury/Illness -,"Nurkic, Jusuf Out Injury/Illness - "
2026-03-04,"Williams Jr., Vince",Out,Injury/Illness -,"Williams Jr., Vince Out Injury/Illness - "
2026-03-04,"Broome, Johni",Out,Injury/Illness -,"Broome, Johni Out Injury/Illness - "
2026-03-04,"Edgecombe, VJ",Out,Injury/Illness - lumbar,"Edgecombe, VJ Out Injury/Illness - lumbar; "
2026-03-04,"Embiid, Joel",Out,Injury/Illness -,"Embiid, Joel Out Injury/Illness - "
2026-03-04,"George, Paul",Out,League,"George, Paul Out League "
2026-03-04,"Oubre Jr., Kelly",Out,Injury/Illness -,"Oubre Jr., Kelly Out Injury/Illness - "
2026-03-04,"Avdija, Deni",Questionable,Injury/Illness -,"Avdija, Deni Questionable Injury/Illness - "
2026-03-04,"Kent, Jayson",Out,G,"Kent, Jayson Out G "
2026-03-04,"Lillard, Damian",Out,Injury/Illness -,"Lillard, Damian Out Injury/Illness - "
2026-03-04,"Love, Caleb",Out,G,"Love, Caleb Out G "
2026-03-04,"Murray, Kris",Questionable,Injury/Illness -,"Murray, Kris Questionable Injury/Illness - "
2026-03-04,"Sharpe, Shaedon",Out,Injury/Illness -,"Sharpe, Shaedon Out Injury/Illness - "
2026-03-04,"Yang, Hansen",Out,G,"Yang, Hansen Out G "
2026-03-04,"Aldama, Santi",Out,Injury/Illness -,"Aldama, Santi Out Injury/Illness - "
2026-03-04,"Pope, Kentavious",Out,Injury/Illness -,"Pope, Kentavious Out Injury/Illness - "
2026-03-04,"Clarke, Brandon",Out,Injury/Illness -,"Clarke, Brandon Out Injury/Illness - "
2026-03-04,"Coward, Cedric",Doubtful,Injury/Illness -,"Coward, Cedric Doubtful Injury/Illness - "
2026-03-04,"Edey, Zach",Out,Injury/Illness -,"Edey, Zach Out Injury/Illness - "
2026-03-04,"Gibson, Taj",Out,Return to,"Gibson, Taj Out Return to "
2026-03-04,"Hendricks, Taylor",Questionable,Injury/Illness -,"Hendricks, Taylor Questionable Injury/Illness - "
2026-03-04,"Jerome, Ty",Doubtful,Injury/Illness -,"Jerome, Ty Doubtful Injury/Illness - "
2026-03-04,"Morant, Ja",Out,Injury/Illness -,"Morant, Ja Out Injury/Illness - "
2026-03-04,"Pippen Jr., Scotty",Doubtful,Injury/Illness -,"Pippen Jr., Scotty Doubtful Injury/Illness - "
2026-03-04,"Dennis, RayJ",Doubtful,G,"Dennis, RayJ Doubtful G "
2026-03-04,"Kuminga, Jonathan",Questionable,Injury/Illness -,"Kuminga, Jonathan Questionable Injury/Illness - "
2026-03-04,"Newell, Asa",Doubtful,G,"Newell, Asa Doubtful G "
2026-03-04,"Antetokounmpo, Alex",Out,G,"Antetokounmpo, Alex Out G "
2026-03-04,"Porter Jr., Kevin",Out,Injury/Illness -,"Porter Jr., Kevin Out Injury/Illness - "
2026-03-04,"Prince, Taurean",Out,Injury/Illness -,"Prince, Taurean Out Injury/Illness - "
2026-03-04,"Ryan, Cormac",Out,G,"Ryan, Cormac Out G "
2026-03-04,"Furphy, Johnny",Out,Injury/Illness -,"Furphy, Johnny Out Injury/Illness - "
2026-03-04,"Haliburton, Tyrese",Out,Injury/Illness -,"Haliburton, Tyrese Out Injury/Illness - "
2026-03-04,"Nembhard, Andrew",Questionable,Injury/Illness -,"Nembhard, Andrew Questionable Injury/Illness - "
2026-03-04,"Nesmith, Aaron",Questionable,Injury/Illness -,"Nesmith, Aaron Questionable Injury/Illness - "
2026-03-04,"Peter, Taelon",Questionable,G,"Peter, Taelon Questionable G "
2026-03-04,"Siakam, Pascal",Questionable,Injury/Illness -,"Siakam, Pascal Questionable Injury/Illness - "
2026-03-04,"Slawson, Jalen",Questionable,G,"Slawson, Jalen Questionable G "
2026-03-04,"Thompson, Ethan",Questionable,G,"Thompson, Ethan Questionable G "
2026-03-04,"Toppin, Obi",Probable,Injury/Illness -,"Toppin, Obi Probable Injury/Illness - "
2026-03-04,"Zubac, Ivica",Out,Injury/Illness -,"Zubac, Ivica Out Injury/Illness - "
2026-03-04,"Beal, Bradley",Out,Injury/Illness -,"Beal, Bradley Out Injury/Illness - "
2026-03-04,"Collins, John",Out,Injury/Illness -,"Collins, John Out Injury/Illness - "
2026-03-04,"Bagley III, Marvin",Out,Injury/Illness -,"Bagley III, Marvin Out Injury/Illness - "
2026-03-04,"Cisse, Moussa",Questionable,G,"Cisse, Moussa Questionable G "
2026-03-04,"Flagg, Cooper",Questionable,Injury/Illness -,"Flagg, Cooper Questionable Injury/Illness - "
2026-03-04,"Irving, Kyrie",Out,Injury/Illness -,"Irving, Kyrie Out Injury/Illness - "
2026-03-04,"Lively II, Dereck",Out,Injury/Illness -,"Lively II, Dereck Out Injury/Illness - "
2026-03-04,"Marshall, Naji",Probable,Injury/Illness -,"Marshall, Naji Probable Injury/Illness - "
2026-03-04,"Poulakidas, John",Questionable,G,"Poulakidas, John Questionable G "
2026-03-04,"Smith, Tyler",Questionable,G,"Smith, Tyler Questionable G "
2026-03-04,"Thompson, Klay",Probable,Injury/Illness -,"Thompson, Klay Probable Injury/Illness - "
2026-03-04,"Williams, Brandon",Probable,Injury/Illness -,"Williams, Brandon Probable Injury/Illness - "
2026-03-04,"Black, Anthony",Questionable,Injury/Illness -,"Black, Anthony Questionable Injury/Illness - "
2026-03-04,"Carter Jr., Wendell",Questionable,Injury/Illness -,"Carter Jr., Wendell Questionable Injury/Illness - "
2026-03-04,"Wagner, Franz",Out,Injury/Illness -,"Wagner, Franz Out Injury/Illness - "
2026-03-04,"Davis, Anthony",Out,Injury/Illness -,"Davis, Anthony Out Injury/Illness - "
2026-03-04,"George, Kyshawn",Out,Injury/Illness -,"George, Kyshawn Out Injury/Illness - "
2026-03-04,"Gill, Anthony",Questionable,Injury/Illness -,"Gill, Anthony Questionable Injury/Illness - "
2026-03-04,"Russell, D'Angelo",Out,Not,"Russell, D'Angelo Out Not "
2026-03-04,"Sarr, Alex",Out,Injury/Illness -,"Sarr, Alex Out Injury/Illness - "
2026-03-04,"Vukcevic, Tristan",Out,Injury/Illness -,"Vukcevic, Tristan Out Injury/Illness - "
2026-03-04,"Watkins, Jamir",Out,Injury/Illness -,"Watkins, Jamir Out Injury/Illness - "
2026-03-04,"Whitmore, Cam",Out,Injury/Illness -,"Whitmore, Cam Out Injury/Illness - "
2026-03-04,"Demin, Egor",Out,Injury/Illness -,"Demin, Egor Out Injury/Illness - "
2026-03-04,"Etienne, Tyson",Out,G,"Etienne, Tyson Out G "
2026-03-04,"Johnson, Chaney",Out,G,"Johnson, Chaney Out G "
2026-03-04,"Powell, Drake",Out,G,"Powell, Drake Out G "
2026-03-04,"Fontecchio, Simone",Out,Injury/Illness -,"Fontecchio, Simone Out Injury/Illness - "
2026-03-04,"Goldin, Vladislav",Out,G,"Goldin, Vladislav Out G "
2026-03-04,"Johnson, Keshad",Out,G,"Johnson, Keshad Out G "
2026-03-04,"Jovic, Nikola",Out,Injury/Illness -,"Jovic, Nikola Out Injury/Illness - "
2026-03-04,"Keels, Trevor",Out,G,"Keels, Trevor Out G "
2026-03-04,"Larsson, Pelle",Available,Injury/Illness -,"Larsson, Pelle Available Injury/Illness - "
2026-03-04,"Mitchell, Davion",Available,Injury/Illness -,"Mitchell, Davion Available Injury/Illness - "
2026-03-04,"Powell, Norman",Out,Injury/Illness -,"Powell, Norman Out Injury/Illness - "
2026-03-04,"Rozier, Terry",Out,Not,"Rozier, Terry Out Not "
2026-03-04,"Smith, Dru",Available,Injury/Illness -,"Smith, Dru Available Injury/Illness - "
2026-03-04,"Wiggins, Andrew",Available,Injury/Illness -,"Wiggins, Andrew Available Injury/Illness - "
2026-03-04,"Butler III, Jimmy",Out,Injury/Illness -,"Butler III, Jimmy Out Injury/Illness - "
2026-03-04,"Curry, Seth",Out,Injury/Illness -,"Curry, Seth Out Injury/Illness - "
2026-03-04,"Curry, Stephen",Out,Injury/Illness -,"Curry, Stephen Out Injury/Illness - "
2026-03-04,"Moody, Moses",Out,Injury/Illness -,"Moody, Moses Out Injury/Illness - "
2026-03-04,"Payton II, Gary",Questionable,Injury/Illness -,"Payton II, Gary Questionable Injury/Illness - "
2026-03-04,"Porzingis, Kristaps",Out,Injury/Illness -,"Porzingis, Kristaps Out Injury/Illness - "
2026-03-04,"Richard, Will",Out,Injury/Illness -,"Richard, Will Out Injury/Illness - "
2026-03-04,"Adams, Steven",Out,Injury/Illness -,"Adams, Steven Out Injury/Illness - "
2026-03-04,"Newton, Tristen",Out,G,"Newton, Tristen Out G "
2026-03-04,"Sengun, Alperen",Questionable,Injury/Illness -,"Sengun, Alperen Questionable Injury/Illness - "
2026-03-04,"Smith Jr., Jabari",Questionable,Injury/Illness -,"Smith Jr., Jabari Questionable Injury/Illness - "
2026-03-04,"Tate, Jae'Sean",Out,Injury/Illness -,"Tate, Jae'Sean Out Injury/Illness - "
2026-03-04,"Thompson, Amen",Questionable,Injury/Illness -,"Thompson, Amen Questionable Injury/Illness - "
2026-03-04,"VanVleet, Fred",Out,Injury/Illness -,"VanVleet, Fred Out Injury/Illness - "
2026-03-04,"Hepburn, Chucky",Out,G,"Hepburn, Chucky Out G "
2026-03-04,"Ingram, Brandon",Questionable,Injury/Illness -,"Ingram, Brandon Questionable Injury/Illness - "
2026-03-04,"Martin, Alijah",Out,G,"Martin, Alijah Out G "
2026-03-04,"Boyles, Collin",Out,Injury/Illness -,"Boyles, Collin Out Injury/Illness - "
2026-03-04,"Freeman, Enrique",Out,G,"Freeman, Enrique Out G "
2026-03-04,"Ingles, Joe",Out,Personal,"Ingles, Joe Out Personal "
2026-03-04,"Pullin, Zyon",Out,G,"Pullin, Zyon Out G "
2026-03-04,"Zikarsky, Rocco",Out,G,"Zikarsky, Rocco Out G "
2026-03-04,"Buzelis, Matas",Questionable,Injury/Illness -,"Buzelis, Matas Questionable Injury/Illness - "
2026-03-04,"Collins, Zach",Out,Injury/Illness -,"Collins, Zach Out Injury/Illness - "
2026-03-04,"Essengue, Noa",Out,Injury/Illness -,"Essengue, Noa Out Injury/Illness - "
2026-03-04,"Giddey, Josh",Questionable,Injury/Illness -,"Giddey, Josh Questionable Injury/Illness - "
2026-03-04,"Ivey, Jaden",Out,Injury/Illness -,"Ivey, Jaden Out Injury/Illness - "
2026-03-04,"Simons, Anfernee",Out,Injury/Illness -,"Simons, Anfernee Out Injury/Illness - "
2026-03-04,"Smith, Jalen",Doubtful,Injury/Illness -,"Smith, Jalen Doubtful Injury/Illness - "
2026-03-04,"Williams, Patrick",Doubtful,Injury/Illness -,"Williams, Patrick Doubtful Injury/Illness - "
2026-03-05,"Bagley III, Marvin",Out,Injury/Illness -,"Bagley III, Marvin Out Injury/Illness - "
2026-03-05,"Cisse, Moussa",Doubtful,G,"Cisse, Moussa Doubtful G "
2026-03-05,"Flagg, Cooper",Questionable,Injury/Illness -,"Flagg, Cooper Questionable Injury/Illness - "
2026-03-05,"Irving, Kyrie",Out,Injury/Illness -,"Irving, Kyrie Out Injury/Illness - "
2026-03-05,"Lively II, Dereck",Out,Injury/Illness -,"Lively II, Dereck Out Injury/Illness - "
2026-03-05,"Marshall, Naji",Probable,Injury/Illness -,"Marshall, Naji Probable Injury/Illness - "
2026-03-05,"Poulakidas, John",Doubtful,G,"Poulakidas, John Doubtful G "
2026-03-05,"Smith, Tyler",Doubtful,G,"Smith, Tyler Doubtful G "
2026-03-05,"Thompson, Klay",Probable,Injury/Illness -,"Thompson, Klay Probable Injury/Illness - "
2026-03-05,"Williams, Brandon",Questionable,Injury/Illness -,"Williams, Brandon Questionable Injury/Illness - "
2026-03-05,"Black, Anthony",Available,Injury/Illness -,"Black, Anthony Available Injury/Illness - "
2026-03-05,"Carter Jr., Wendell",Available,Injury/Illness -,"Carter Jr., Wendell Available Injury/Illness - "
2026-03-05,"Isaac, Jonathan",Out,Injury/Illness -,"Isaac, Jonathan Out Injury/Illness - "
2026-03-05,"Wagner, Franz",Out,Injury/Illness -,"Wagner, Franz Out Injury/Illness - "
2026-03-05,"George, Keyonte",Out,Injury/Illness -,"George, Keyonte Out Injury/Illness - "
2026-03-05,"Jackson Jr., Jaren",Out,Injury/Illness -,"Jackson Jr., Jaren Out Injury/Illness - "
2026-03-05,"Kessler, Walker",Out,Injury/Illness -,"Kessler, Walker Out Injury/Illness - "
2026-03-05,"Markkanen, Lauri",Out,Injury/Illness -,"Markkanen, Lauri Out Injury/Illness - "
2026-03-05,"Nurkic, Jusuf",Out,Injury/Illness -,"Nurkic, Jusuf Out Injury/Illness - "
2026-03-05,"Williams Jr., Vince",Out,Injury/Illness -,"Williams Jr., Vince Out Injury/Illness - "
2026-03-05,"Davis, Anthony",Out,Injury/Illness -,"Davis, Anthony Out Injury/Illness - "
2026-03-05,"George, Kyshawn",Out,Injury/Illness -,"George, Kyshawn Out Injury/Illness - "
2026-03-05,"Gill, Anthony",Questionable,Injury/Illness -,"Gill, Anthony Questionable Injury/Illness - "
2026-03-05,"Russell, D'Angelo",Out,Not,"Russell, D'Angelo Out Not "
2026-03-05,"Sarr, Alex",Out,Injury/Illness -,"Sarr, Alex Out Injury/Illness - "
2026-03-05,"Vukcevic, Tristan",Out,Injury/Illness -,"Vukcevic, Tristan Out Injury/Illness - "
2026-03-05,"Watkins, Jamir",Out,Injury/Illness -,"Watkins, Jamir Out Injury/Illness - "
2026-03-05,"Whitmore, Cam",Out,Injury/Illness -,"Whitmore, Cam Out Injury/Illness - "
2026-03-05,"Demin, Egor",Out,Injury/Illness -,"Demin, Egor Out Injury/Illness - "
2026-03-05,"Etienne, Tyson",Out,G,"Etienne, Tyson Out G "
2026-03-05,"Johnson, Chaney",Out,G,"Johnson, Chaney Out G "
2026-03-05,"Powell, Drake",Out,G,"Powell, Drake Out G "
2026-03-05,"Fontecchio, Simone",Out,Injury/Illness -,"Fontecchio, Simone Out Injury/Illness - "
2026-03-05,"Goldin, Vladislav",Out,G,"Goldin, Vladislav Out G "
2026-03-05,"Johnson, Keshad",Out,G,"Johnson, Keshad Out G "
2026-03-05,"Jovic, Nikola",Out,Injury/Illness -,"Jovic, Nikola Out Injury/Illness - "
2026-03-05,"Keels, Trevor",Available,G,"Keels, Trevor Available G "
2026-03-05,"Larsson, Pelle",Available,Injury/Illness -,"Larsson, Pelle Available Injury/Illness - "
2026-03-05,"Mitchell, Davion",Available,Injury/Illness -,"Mitchell, Davion Available Injury/Illness - "
2026-03-05,"Powell, Norman",Out,Injury/Illness -,"Powell, Norman Out Injury/Illness - "
2026-03-05,"Rozier, Terry",Out,Not,"Rozier, Terry Out Not "
2026-03-05,"Smith, Dru",Available,Injury/Illness -,"Smith, Dru Available Injury/Illness - "
2026-03-05,"Wiggins, Andrew",Available,Injury/Illness -,"Wiggins, Andrew Available Injury/Illness - "
2026-03-05,"Butler III, Jimmy",Out,Injury/Illness -,"Butler III, Jimmy Out Injury/Illness - "
2026-03-05,"Curry, Seth",Out,Injury/Illness -,"Curry, Seth Out Injury/Illness - "
2026-03-05,"Curry, Stephen",Out,Injury/Illness -,"Curry, Stephen Out Injury/Illness - "
2026-03-05,"Moody, Moses",Out,Injury/Illness -,"Moody, Moses Out Injury/Illness - "
2026-03-05,"Payton II, Gary",Out,Injury/Illness -,"Payton II, Gary Out Injury/Illness - "
2026-03-05,"Porzingis, Kristaps",Out,Injury/Illness -,"Porzingis, Kristaps Out Injury/Illness - "
2026-03-05,"Richard, Will",Out,Injury/Illness -,"Richard, Will Out Injury/Illness - "
2026-03-05,"Adams, Steven",Out,Injury/Illness -,"Adams, Steven Out Injury/Illness - "
2026-03-05,"Newton, Tristen",Out,G,"Newton, Tristen Out G "
2026-03-05,"Sengun, Alperen",Questionable,Injury/Illness -,"Sengun, Alperen Questionable Injury/Illness - "
2026-03-05,"Smith Jr., Jabari",Questionable,Injury/Illness -,"Smith Jr., Jabari Questionable Injury/Illness - "
2026-03-05,"Tate, Jae'Sean",Out,Injury/Illness -,"Tate, Jae'Sean Out Injury/Illness - "
2026-03-05,"Thompson, Amen",Questionable,Injury/Illness -,"Thompson, Amen Questionable Injury/Illness - "
2026-03-05,"VanVleet, Fred",Out,Injury/Illness -,"VanVleet, Fred Out Injury/Illness - "
2026-03-05,"Jones, Isaac",Out,G,"Jones, Isaac Out G "
2026-03-05,"Moore Jr., Wendell",Out,G,"Moore Jr., Wendell Out G "
2026-03-05,"Smith, Tolu",Out,G,"Smith, Tolu Out G "
2026-03-05,"Barnes, Harrison",Out,Injury/Illness -,"Barnes, Harrison Out Injury/Illness - "
2026-03-05,"Ingram, Harrison",Out,G,"Ingram, Harrison Out G "
2026-03-05,"Garcia, David",Out,G,"Garcia, David Out G "
2026-03-05,"Miller, Emanuel",Out,G,"Miller, Emanuel Out G "
2026-03-05,"Plumlee, Mason",Out,Return to,"Plumlee, Mason Out Return to "
2026-03-05,"Hepburn, Chucky",Out,G,"Hepburn, Chucky Out G "
2026-03-05,"Ingram, Brandon",Questionable,Injury/Illness -,"Ingram, Brandon Questionable Injury/Illness - "
2026-03-05,"Martin, Alijah",Out,G,"Martin, Alijah Out G "
2026-03-05,"Boyles, Collin",Out,Injury/Illness -,"Boyles, Collin Out Injury/Illness - "
2026-03-05,"Clark, Jaylen",Questionable,Injury/Illness -,"Clark, Jaylen Questionable Injury/Illness - "
2026-03-05,"Edwards, Anthony",Questionable,Injury/Illness -,"Edwards, Anthony Questionable Injury/Illness - "
2026-03-05,"Freeman, Enrique",Out,G,"Freeman, Enrique Out G "
2026-03-05,"Ingles, Joe",Out,Personal,"Ingles, Joe Out Personal "
2026-03-05,"Pullin, Zyon",Out,G,"Pullin, Zyon Out G "
2026-03-05,"Zikarsky, Rocco",Out,G,"Zikarsky, Rocco Out G "
2026-03-05,"Buzelis, Matas",Questionable,Injury/Illness -,"Buzelis, Matas Questionable Injury/Illness - "
2026-03-05,"Collins, Zach",Out,Injury/Illness -,"Collins, Zach Out Injury/Illness - "
2026-03-05,"Essengue, Noa",Out,Injury/Illness -,"Essengue, Noa Out Injury/Illness - "
2026-03-05,"Giddey, Josh",Questionable,Injury/Illness -,"Giddey, Josh Questionable Injury/Illness - "
2026-03-05,"Ivey, Jaden",Out,Injury/Illness -,"Ivey, Jaden Out Injury/Illness - "
2026-03-05,"Simons, Anfernee",Out,Injury/Illness -,"Simons, Anfernee Out Injury/Illness - "
2026-03-05,"Smith, Jalen",Doubtful,Injury/Illness -,"Smith, Jalen Doubtful Injury/Illness - "
2026-03-05,"Williams, Patrick",Doubtful,Injury/Illness -,"Williams, Patrick Doubtful Injury/Illness - "
2026-03-05,"Brooks, Dillon",Out,Injury/Illness -,"Brooks, Dillon Out Injury/Illness - "
2026-03-05,"Goodwin, Jordan",Out,Injury/Illness -,"Goodwin, Jordan Out Injury/Illness - "
2026-03-05,"Williams, Mark",Out,Injury/Illness -,"Williams, Mark Out Injury/Illness - "
2026-03-05,"Kleber, Maxi",Questionable,Injury/Illness -,"Kleber, Maxi Questionable Injury/Illness - "
2026-03-05,"Gordon, Aaron",Out,Injury/Illness -,"Gordon, Aaron Out Injury/Illness - "
2026-03-05,"Johnson, Cameron",Questionable,Injury/Illness -,"Johnson, Cameron Questionable Injury/Illness - "
2026-03-05,"Jones, Curtis",Out,G,"Jones, Curtis Out G "
2026-03-05,"Jones, Spencer",Out,Injury/Illness -,"Jones, Spencer Out Injury/Illness - "
2026-03-05,"Watson, Peyton",Out,Injury/Illness -,"Watson, Peyton Out Injury/Illness - "
2026-03-05,"Alexander, Trey",Out,G,"Alexander, Trey Out G "
2026-03-05,"Dickinson, Hunter",Out,G,"Dickinson, Hunter Out G "
2026-03-05,"Murphy III, Trey",Questionable,Injury/Illness -,"Murphy III, Trey Questionable Injury/Illness - "
2026-03-05,"Murray, Dejounte",Out,Return to,"Murray, Dejounte Out Return to "
2026-03-05,"Oduro, Josh",Out,G,"Oduro, Josh Out G "
2026-03-05,"Williamson, Zion",Questionable,Injury/Illness -,"Williamson, Zion Questionable Injury/Illness - "
2026-03-05,"Cardwell, Dylan",Out,Injury/Illness -,"Cardwell, Dylan Out Injury/Illness - "
2026-03-05,"Hunter, De'Andre",Out,Injury/Illness -,"Hunter, De'Andre Out Injury/Illness - "
2026-03-05,"LaVine, Zach",Out,Injury/Illness -,"LaVine, Zach Out Injury/Illness - "
2026-03-05,"Murray, Keegan",Out,Injury/Illness -,"Murray, Keegan Out Injury/Illness - "
2026-03-05,"Sabonis, Domantas",Out,Injury/Illness -,"Sabonis, Domantas Out Injury/Illness - "
2026-03-05,"Stevens, Isaiah",Out,G,"Stevens, Isaiah Out G "
2026-03-05,"Scheierman, Baylor",Available,Injury/Illness -,"Scheierman, Baylor Available Injury/Illness - "
2026-03-05,"Tatum, Jayson",Questionable,Injury/Illness -,"Tatum, Jayson Questionable Injury/Illness - "
2026-03-05,"Evbuomwan, Tosan",Out,G,"Evbuomwan, Tosan Out G "
2026-03-05,"Hall, PJ",Out,G,"Hall, PJ Out G "
2026-03-05,"McNeeley, Liam",Out,G,"McNeeley, Liam Out G "
2026-03-05,"Reeves, Antonio",Out,G,"Reeves, Antonio Out G "
2026-03-05,"Salaun, Tidjane",Out,Injury/Illness -,"Salaun, Tidjane Out Injury/Illness - "
2026-03-05,"Hart, Josh",Questionable,Injury/Illness -,"Hart, Josh Questionable Injury/Illness - "
2026-03-05,"Jones, Dillon",Out,G,"Jones, Dillon Out G "
2026-03-05,"McBride, Miles",Out,Injury/Illness -,"McBride, Miles Out Injury/Illness - "
2026-03-06,"Bagley III, Marvin",Doubtful,Injury/Illness -,"Bagley III, Marvin Doubtful Injury/Illness - "
2026-03-06,"Cisse, Moussa",Questionable,G,"Cisse, Moussa Questionable G "
2026-03-06,"Gafford, Daniel",Doubtful,Injury/Illness -,"Gafford, Daniel Doubtful Injury/Illness - "
2026-03-06,"Irving, Kyrie",Out,Injury/Illness -,"Irving, Kyrie Out Injury/Illness - "
2026-03-06,"Lively II, Dereck",Out,Injury/Illness -,"Lively II, Dereck Out Injury/Illness - "
2026-03-06,"Poulakidas, John",Questionable,G,"Poulakidas, John Questionable G "
2026-03-06,"Smith, Tyler",Questionable,G,"Smith, Tyler Questionable G "
2026-03-06,"Thompson, Klay",Probable,Injury/Illness -,"Thompson, Klay Probable Injury/Illness - "
2026-03-06,"Williams, Brandon",Probable,Injury/Illness -,"Williams, Brandon Probable Injury/Illness - "
2026-03-06,"Scheierman, Baylor",Available,Injury/Illness -,"Scheierman, Baylor Available Injury/Illness - "
2026-03-06,"Tatum, Jayson",Available,Injury/Illness -,"Tatum, Jayson Available Injury/Illness - "
2026-03-06,"Walsh, Jordan",Questionable,Injury/Illness -,"Walsh, Jordan Questionable Injury/Illness - "
2026-03-06,"Fontecchio, Simone",Out,Injury/Illness -,"Fontecchio, Simone Out Injury/Illness - "
2026-03-06,"Johnson, Keshad",Out,G,"Johnson, Keshad Out G "
2026-03-06,"Jovic, Nikola",Out,Injury/Illness -,"Jovic, Nikola Out Injury/Illness - "
2026-03-06,"Larsson, Pelle",Available,Injury/Illness -,"Larsson, Pelle Available Injury/Illness - "
2026-03-06,"Mitchell, Davion",Available,Injury/Illness -,"Mitchell, Davion Available Injury/Illness - "
2026-03-06,"Powell, Norman",Out,Injury/Illness -,"Powell, Norman Out Injury/Illness - "
2026-03-06,"Rozier, Terry",Out,Not,"Rozier, Terry Out Not "
2026-03-06,"Smith, Dru",Available,Injury/Illness -,"Smith, Dru Available Injury/Illness - "
2026-03-06,"Wiggins, Andrew",Out,Injury/Illness -,"Wiggins, Andrew Out Injury/Illness - "
2026-03-06,"Young, Jahmir",Out,G,"Young, Jahmir Out G "
2026-03-06,"Evbuomwan, Tosan",Out,G,"Evbuomwan, Tosan Out G "
2026-03-06,"Hall, PJ",Out,G,"Hall, PJ Out G "
2026-03-06,"McNeeley, Liam",Out,G,"McNeeley, Liam Out G "
2026-03-06,"Reeves, Antonio",Out,G,"Reeves, Antonio Out G "
2026-03-06,"Salaun, Tidjane",Out,Injury/Illness -,"Salaun, Tidjane Out Injury/Illness - "
2026-03-06,"Avdija, Deni",Doubtful,Injury/Illness -,"Avdija, Deni Doubtful Injury/Illness - "
2026-03-06,"Kent, Jayson",Out,G,"Kent, Jayson Out G "
2026-03-06,"Lillard, Damian",Out,Injury/Illness -,"Lillard, Damian Out Injury/Illness - "
2026-03-06,"Love, Caleb",Out,G,"Love, Caleb Out G "
2026-03-06,"Murray, Kris",Questionable,Injury/Illness -,"Murray, Kris Questionable Injury/Illness - "
2026-03-06,"Sharpe, Shaedon",Out,Injury/Illness -,"Sharpe, Shaedon Out Injury/Illness - "
2026-03-06,"Yang, Hansen",Out,G,"Yang, Hansen Out G "
2026-03-06,"Adams, Steven",Out,Injury/Illness -,"Adams, Steven Out Injury/Illness - "
2026-03-06,"Newton, Tristen",Out,G,"Newton, Tristen Out G "
2026-03-06,"Smith Jr., Jabari",Questionable,Injury/Illness -,"Smith Jr., Jabari Questionable Injury/Illness - "
2026-03-06,"Tate, Jae'Sean",Out,Injury/Illness -,"Tate, Jae'Sean Out Injury/Illness - "
2026-03-06,"Thompson, Amen",Questionable,Injury/Illness -,"Thompson, Amen Questionable Injury/Illness - "
2026-03-06,"VanVleet, Fred",Out,Injury/Illness -,"VanVleet, Fred Out Injury/Illness - "
2026-03-06,"Alexander, Trey",Out,G,"Alexander, Trey Out G "
2026-03-06,"Dickinson, Hunter",Out,G,"Dickinson, Hunter Out G "
2026-03-06,"Oduro, Josh",Out,G,"Oduro, Josh Out G "
2026-03-06,"Brooks, Dillon",Out,Injury/Illness -,"Brooks, Dillon Out Injury/Illness - "
2026-03-06,"Goodwin, Jordan",Out,Injury/Illness -,"Goodwin, Jordan Out Injury/Illness - "
2026-03-06,"O'Neale, Royce",Questionable,Injury/Illness -,"O'Neale, Royce Questionable Injury/Illness - "
2026-03-06,"Williams, Mark",Out,Injury/Illness -,"Williams, Mark Out Injury/Illness - "
2026-03-06,"Hart, Josh",Questionable,Injury/Illness -,"Hart, Josh Questionable Injury/Illness - "
2026-03-06,"Jones, Dillon",Out,G,"Jones, Dillon Out G "
2026-03-06,"McBride, Miles",Out,Injury/Illness -,"McBride, Miles Out Injury/Illness - "
2026-03-06,"Gordon, Aaron",Questionable,Injury/Illness -,"Gordon, Aaron Questionable Injury/Illness - "
2026-03-06,"Johnson, Cameron",Questionable,Injury/Illness -,"Johnson, Cameron Questionable Injury/Illness - "
2026-03-06,"Jones, Curtis",Out,G,"Jones, Curtis Out G "
2026-03-06,"Jones, Spencer",Questionable,Injury/Illness -,"Jones, Spencer Questionable Injury/Illness - "
2026-03-06,"Simpson, KJ",Out,G,"Simpson, KJ Out G "
2026-03-06,"Watson, Peyton",Out,Injury/Illness -,"Watson, Peyton Out Injury/Illness - "
2026-03-06,"Beal, Bradley",Out,Injury/Illness -,"Beal, Bradley Out Injury/Illness - "
2026-03-06,"Bogdanovic, Bogdan",Questionable,Injury/Illness -,"Bogdanovic, Bogdan Questionable Injury/Illness - "
2026-03-06,"Collins, John",Out,Injury/Illness -,"Collins, John Out Injury/Illness - "
2026-03-06,"Garland, Darius",Out,Injury/Illness -,"Garland, Darius Out Injury/Illness - "
2026-03-06,"Niederhauser, Yanic Konan",Out,Injury/Illness -,"Niederhauser, Yanic Konan Out Injury/Illness - "
2026-03-06,"Barnes, Harrison",Out,Injury/Illness -,"Barnes, Harrison Out Injury/Illness - "
2026-03-06,"Champagnie, Julian",Questionable,Injury/Illness -,"Champagnie, Julian Questionable Injury/Illness - "
2026-03-06,"Ingram, Harrison",Out,G,"Ingram, Harrison Out G "
2026-03-06,"Garcia, David",Out,G,"Garcia, David Out G "
2026-03-06,"Miller, Emanuel",Out,G,"Miller, Emanuel Out G "
2026-03-06,"Plumlee, Mason",Out,Return to,"Plumlee, Mason Out Return to "
2026-03-06,"Furphy, Johnny",Out,Injury/Illness -,"Furphy, Johnny Out Injury/Illness - "
2026-03-06,"Haliburton, Tyrese",Out,Injury/Illness -,"Haliburton, Tyrese Out Injury/Illness - "
2026-03-06,"Nembhard, Andrew",Probable,Injury/Illness -,"Nembhard, Andrew Probable Injury/Illness - "
2026-03-06,"Nesmith, Aaron",Probable,Injury/Illness -,"Nesmith, Aaron Probable Injury/Illness - "
2026-03-06,"Peter, Taelon",Questionable,G,"Peter, Taelon Questionable G "
2026-03-06,"Siakam, Pascal",Probable,Injury/Illness -,"Siakam, Pascal Probable Injury/Illness - "
2026-03-06,"Slawson, Jalen",Questionable,G,"Slawson, Jalen Questionable G "
2026-03-06,"Thompson, Ethan",Doubtful,G,"Thompson, Ethan Doubtful G "
2026-03-06,"Zubac, Ivica",Out,Injury/Illness -,"Zubac, Ivica Out Injury/Illness - "
2026-03-06,"Ayton, Deandre",Out,Injury/Illness -,"Ayton, Deandre Out Injury/Illness - "
2026-03-06,"James, LeBron",Out,Injury/Illness -,"James, LeBron Out Injury/Illness - "
2026-03-06,"Kleber, Maxi",Out,Injury/Illness -,"Kleber, Maxi Out Injury/Illness - "
2026-03-06,"Castleton, Colin",Out,G,"Castleton, Colin Out G "
2026-03-06,"Isaac, Jonathan",Questionable,Injury/Illness -,"Isaac, Jonathan Questionable Injury/Illness - "
2026-03-06,"Morales, Alex",Out,G,"Morales, Alex Out G "
2026-03-06,"Wagner, Franz",Out,Injury/Illness -,"Wagner, Franz Out Injury/Illness - "
2026-03-06,"Anderson, Kyle",Questionable,Injury/Illness -,"Anderson, Kyle Questionable Injury/Illness - "
2026-03-06,"Freeman, Enrique",Out,G,"Freeman, Enrique Out G "
2026-03-06,"Pullin, Zyon",Out,G,"Pullin, Zyon Out G "
2026-03-06,"Zikarsky, Rocco",Out,G,"Zikarsky, Rocco Out G "
2026-03-06,"Demin, Egor",Out,Injury/Illness -,"Demin, Egor Out Injury/Illness - "
2026-03-06,"Etienne, Tyson",Out,G,"Etienne, Tyson Out G "
2026-03-06,"Johnson, Chaney",Out,G,"Johnson, Chaney Out G "
2026-03-06,"Powell, Drake",Out,G,"Powell, Drake Out G "
2026-03-06,"Cunningham, Cade",Questionable,Injury/Illness -,"Cunningham, Cade Questionable Injury/Illness - "
2026-03-06,"Duren, Jalen",Probable,Injury/Illness -,"Duren, Jalen Probable Injury/Illness - "
2026-03-06,"Jones, Isaac",Out,G,"Jones, Isaac Out G "
2026-03-06,"Moore Jr., Wendell",Out,G,"Moore Jr., Wendell Out G "
2026-03-06,"Thompson, Ausar",Out,Injury/Illness -,"Thompson, Ausar Out Injury/Illness - "
2026-03-06,"Broome, Johni",Out,Injury/Illness -,"Broome, Johni Out Injury/Illness - "
2026-03-06,"Edgecombe, VJ",Doubtful,Injury/Illness -,"Edgecombe, VJ Doubtful Injury/Illness - "
2026-03-06,"Embiid, Joel",Out,Injury/Illness -,"Embiid, Joel Out Injury/Illness - "
2026-03-06,"George, Paul",Out,League,"George, Paul Out League "
2026-03-06,"Oubre Jr., Kelly",Available,Injury/Illness -,"Oubre Jr., Kelly Available Injury/Illness - "
2026-03-06,"Dennis, RayJ",Doubtful,G,"Dennis, RayJ Doubtful G "
2026-03-06,"Gilbert, Keshon",Doubtful,G,"Gilbert, Keshon Doubtful G "
2026-03-06,"Kuminga, Jonathan",Questionable,Injury/Illness -,"Kuminga, Jonathan Questionable Injury/Illness - "
2026-03-06,"Newell, Asa",Doubtful,G,"Newell, Asa Doubtful G "
2026-03-06,"Antetokounmpo, Alex",Out,G,"Antetokounmpo, Alex Out G "
2026-03-06,"Porter Jr., Kevin",Out,Injury/Illness -,"Porter Jr., Kevin Out Injury/Illness - "
2026-03-06,"Prince, Taurean",Out,Injury/Illness -,"Prince, Taurean Out Injury/Illness - "
2026-03-06,"Ryan, Cormac",Out,G,"Ryan, Cormac Out G "
2026-03-06,"Butler III, Jimmy",Out,Injury/Illness -,"Butler III, Jimmy Out Injury/Illness - "
2026-03-06,"Curry, Seth",Questionable,Injury/Illness -,"Curry, Seth Questionable Injury/Illness - "
2026-03-06,"Curry, Stephen",Out,Injury/Illness -,"Curry, Stephen Out Injury/Illness - "
2026-03-06,"Melton, De'Anthony",Questionable,Injury/Illness -,"Melton, De'Anthony Questionable Injury/Illness - "
2026-03-06,"Moody, Moses",Out,Injury/Illness -,"Moody, Moses Out Injury/Illness - "
2026-03-06,"Payton II, Gary",Probable,Injury/Illness -,"Payton II, Gary Probable Injury/Illness - "
2026-03-06,"Porzingis, Kristaps",Questionable,Injury/Illness -,"Porzingis, Kristaps Questionable Injury/Illness - "
2026-03-06,"Richard, Will",Questionable,Injury/Illness -,"Richard, Will Questionable Injury/Illness - "
2026-03-07,"Castleton, Colin",Out,G,"Castleton, Colin Out G "
2026-03-07,"Isaac, Jonathan",Out,Injury/Illness -,"Isaac, Jonathan Out Injury/Illness - "
2026-03-07,"Morales, Alex",Out,G,"Morales, Alex Out G "
2026-03-07,"Richardson, Jase",Out,Injury/Illness -,"Richardson, Jase Out Injury/Illness - "
2026-03-07,"Wagner, Franz",Out,Injury/Illness -,"Wagner, Franz Out Injury/Illness - "
2026-03-07,"Anderson, Kyle",Out,Injury/Illness -,"Anderson, Kyle Out Injury/Illness - "
2026-03-07,"Beringer, Joan",Out,G,"Beringer, Joan Out G "
2026-03-07,"Freeman, Enrique",Out,G,"Freeman, Enrique Out G "
2026-03-07,"Pullin, Zyon",Out,G,"Pullin, Zyon Out G "
2026-03-07,"Zikarsky, Rocco",Available,G,"Zikarsky, Rocco Available G "
2026-03-07,"Demin, Egor",Out,Injury/Illness -,"Demin, Egor Out Injury/Illness - "
2026-03-07,"Etienne, Tyson",Out,G,"Etienne, Tyson Out G "
2026-03-07,"Johnson, Chaney",Out,G,"Johnson, Chaney Out G "
2026-03-07,"Powell, Drake",Out,G,"Powell, Drake Out G "
2026-03-07,"Cunningham, Cade",Out,Injury/Illness -,"Cunningham, Cade Out Injury/Illness - "
2026-03-07,"Duren, Jalen",Available,Injury/Illness -,"Duren, Jalen Available Injury/Illness - "
2026-03-07,"Jones, Isaac",Out,G,"Jones, Isaac Out G "
2026-03-07,"Moore Jr., Wendell",Out,G,"Moore Jr., Wendell Out G "
2026-03-07,"Thompson, Ausar",Out,Injury/Illness -,"Thompson, Ausar Out Injury/Illness - "
2026-03-07,"Broome, Johni",Out,Injury/Illness -,"Broome, Johni Out Injury/Illness - "
2026-03-07,"Edgecombe, VJ",Out,Injury/Illness -,"Edgecombe, VJ Out Injury/Illness - "
2026-03-07,"Embiid, Joel",Out,Injury/Illness -,"Embiid, Joel Out Injury/Illness - "
2026-03-07,"George, Paul",Out,League,"George, Paul Out League "
2026-03-07,"Oubre Jr., Kelly",Available,Injury/Illness -,"Oubre Jr., Kelly Available Injury/Illness - "
2026-03-07,"Dennis, RayJ",Out,G,"Dennis, RayJ Out G "
2026-03-07,"Gilbert, Keshon",Out,G,"Gilbert, Keshon Out G "
2026-03-07,"Kuminga, Jonathan",Out,Injury/Illness -,"Kuminga, Jonathan Out Injury/Illness - "
2026-03-07,"Newell, Asa",Out,G,"Newell, Asa Out G "
2026-03-07,"Beal, Bradley",Out,Injury/Illness -,"Beal, Bradley Out Injury/Illness - "
2026-03-07,"Collins, John",Out,Injury/Illness -,"Collins, John Out Injury/Illness - "
2026-03-07,"Niederhauser, Yanic Konan",Out,Injury/Illness -,"Niederhauser, Yanic Konan Out Injury/Illness - "
2026-03-07,"Aldama, Santi",Out,Injury/Illness -,"Aldama, Santi Out Injury/Illness - "
2026-03-07,"Pope, Kentavious",Out,Injury/Illness -,"Pope, Kentavious Out Injury/Illness - "
2026-03-07,"Clarke, Brandon",Out,Injury/Illness -,"Clarke, Brandon Out Injury/Illness - "
2026-03-07,"Edey, Zach",Out,Injury/Illness -,"Edey, Zach Out Injury/Illness - "
2026-03-07,"Gibson, Taj",Out,Return to,"Gibson, Taj Out Return to "
2026-03-07,"Morant, Ja",Out,Injury/Illness -,"Morant, Ja Out Injury/Illness - "
2026-03-07,"Collier, Isaiah",Out,Personal,"Collier, Isaiah Out Personal "
2026-03-07,"Jackson Jr., Jaren",Out,Injury/Illness -,"Jackson Jr., Jaren Out Injury/Illness - "
2026-03-07,"Kessler, Walker",Out,Injury/Illness -,"Kessler, Walker Out Injury/Illness - "
2026-03-07,"Markkanen, Lauri",Out,Injury/Illness -,"Markkanen, Lauri Out Injury/Illness - "
2026-03-07,"Nurkic, Jusuf",Out,Injury/Illness -,"Nurkic, Jusuf Out Injury/Illness - "
2026-03-07,"Williams Jr., Vince",Out,Injury/Illness -,"Williams Jr., Vince Out Injury/Illness - "
2026-03-07,"Antetokounmpo, Alex",Out,G,"Antetokounmpo, Alex Out G "
2026-03-07,"Porter Jr., Kevin",Out,Injury/Illness -,"Porter Jr., Kevin Out Injury/Illness - "
2026-03-07,"Prince, Taurean",Out,Injury/Illness -,"Prince, Taurean Out Injury/Illness - "
2026-03-07,"Ryan, Cormac",Out,G,"Ryan, Cormac Out G "
2026-03-07,"Butler III, Jimmy",Out,Injury/Illness -,"Butler III, Jimmy Out Injury/Illness - "
2026-03-07,"Curry, Seth",Out,Injury/Illness -,"Curry, Seth Out Injury/Illness - "
2026-03-07,"Curry, Stephen",Out,Injury/Illness -,"Curry, Stephen Out Injury/Illness - "
2026-03-07,"Melton, De'Anthony",Out,Injury/Illness -,"Melton, De'Anthony Out Injury/Illness - "
2026-03-07,"Moody, Moses",Out,Injury/Illness -,"Moody, Moses Out Injury/Illness - "
2026-03-07,"Payton II, Gary",Probable,Injury/Illness -,"Payton II, Gary Probable Injury/Illness - "
2026-03-07,"Porzingis, Kristaps",Questionable,Injury/Illness -,"Porzingis, Kristaps Questionable Injury/Illness - "
2026-03-07,"Richard, Will",Questionable,Injury/Illness -,"Richard, Will Questionable Injury/Illness - "
2026-03-07,"Carlson, Branden",Out,Injury/Illness -,"Carlson, Branden Out Injury/Illness - "
2026-03-07,"Caruso, Alex",Out,Injury/Illness -,"Caruso, Alex Out Injury/Illness - "
2026-03-07,"Hartenstein, Isaiah",Out,Injury/Illness -,"Hartenstein, Isaiah Out Injury/Illness - "
2026-03-07,"Holmgren, Chet",Out,Injury/Illness -,"Holmgren, Chet Out Injury/Illness - "
2026-03-07,"Mitchell, Ajay",Out,Injury/Illness -,"Mitchell, Ajay Out Injury/Illness - "
2026-03-07,"Sorber, Thomas",Out,Injury/Illness -,"Sorber, Thomas Out Injury/Illness - "
2026-03-07,"Williams, Jalen",Out,Injury/Illness -,"Williams, Jalen Out Injury/Illness - "
2026-03-07,"Scheierman, Baylor",Available,Injury/Illness -,"Scheierman, Baylor Available Injury/Illness - "
2026-03-07,"Tonje, John",Out,G,"Tonje, John Out G "
2026-03-07,"Vucevic, Nikola",Out,Injury/Illness -,"Vucevic, Nikola Out Injury/Illness - "
2026-03-07,"Allen, Jarrett",Out,Injury/Illness -,"Allen, Jarrett Out Injury/Illness - "
2026-03-07,"Ellis, Keon",Available,Injury/Illness -,"Ellis, Keon Available Injury/Illness - "
2026-03-07,"Harden, James",Available,Injury/Illness -,"Harden, James Available Injury/Illness - "
2026-03-07,"Minix, Riley",Out,G,"Minix, Riley Out G "
2026-03-07,"Mitchell, Donovan",Probable,Injury/Illness -,"Mitchell, Donovan Probable Injury/Illness - "
2026-03-07,"Proctor, Tyrese",Out,Injury/Illness -,"Proctor, Tyrese Out Injury/Illness - "
2026-03-07,"Sarr, Olivier",Out,G,"Sarr, Olivier Out G "
2026-03-07,"Strus, Max",Out,Injury/Illness -,"Strus, Max Out Injury/Illness - "
2026-03-07,"Tyson, Jaylon",Questionable,Injury/Illness -,"Tyson, Jaylon Questionable Injury/Illness - "
2026-03-07,"Wade, Dean",Probable,Injury/Illness -,"Wade, Dean Probable Injury/Illness - "
2026-03-07,"Bagley III, Marvin",Questionable,Injury/Illness -,"Bagley III, Marvin Questionable Injury/Illness - "
2026-03-07,"Cisse, Moussa",Doubtful,G,"Cisse, Moussa Doubtful G "
2026-03-07,"Flagg, Cooper",Questionable,Injury/Illness -,"Flagg, Cooper Questionable Injury/Illness - "
2026-03-07,"Irving, Kyrie",Out,Injury/Illness -,"Irving, Kyrie Out Injury/Illness - "
2026-03-07,"Lively II, Dereck",Out,Injury/Illness -,"Lively II, Dereck Out Injury/Illness - "
2026-03-07,"Poulakidas, John",Doubtful,G,"Poulakidas, John Doubtful G "
2026-03-07,"Powell, Dwight",Probable,Injury/Illness -,"Powell, Dwight Probable Injury/Illness - "
2026-03-07,"Smith, Tyler",Doubtful,G,"Smith, Tyler Doubtful G "
2026-03-07,"Hepburn, Chucky",Out,G,"Hepburn, Chucky Out G "
2026-03-07,"Ingram, Brandon",Questionable,Injury/Illness -,"Ingram, Brandon Questionable Injury/Illness - "
2026-03-07,"Martin, Alijah",Out,G,"Martin, Alijah Out G "
2026-03-07,"Mogbo, Jonathan",Out,G,"Mogbo, Jonathan Out G "
2026-03-07,"Boyles, Collin",Out,Injury/Illness -,"Boyles, Collin Out Injury/Illness - "
2026-03-07,"Fontecchio, Simone",Out,Injury/Illness -,"Fontecchio, Simone Out Injury/Illness - "
2026-03-07,"Johnson, Keshad",Out,G,"Johnson, Keshad Out G "
2026-03-07,"Jovic, Nikola",Out,Injury/Illness -,"Jovic, Nikola Out Injury/Illness - "
2026-03-07,"Mitchell, Davion",Available,Injury/Illness -,"Mitchell, Davion Available Injury/Illness - "
2026-03-07,"Powell, Norman",Out,Injury/Illness -,"Powell, Norman Out Injury/Illness - "
2026-03-07,"Rozier, Terry",Out,Not,"Rozier, Terry Out Not "
2026-03-07,"Wiggins, Andrew",Questionable,Injury/Illness -,"Wiggins, Andrew Questionable Injury/Illness - "
2026-03-07,"Young, Jahmir",Out,G,"Young, Jahmir Out G "
2026-03-07,"Adams, Steven",Out,Injury/Illness -,"Adams, Steven Out Injury/Illness - "
2026-03-07,"Newton, Tristen",Out,G,"Newton, Tristen Out G "
2026-03-07,"Tate, Jae'Sean",Out,Injury/Illness -,"Tate, Jae'Sean Out Injury/Illness - "
2026-03-07,"VanVleet, Fred",Out,Injury/Illness -,"VanVleet, Fred Out Injury/Illness - "
2026-03-07,"Barnes, Harrison",Out,Injury/Illness -,"Barnes, Harrison Out Injury/Illness - "
2026-03-07,"Ingram, Harrison",Out,G,"Ingram, Harrison Out G "
2026-03-07,"Garcia, David",Out,G,"Garcia, David Out G "
2026-03-07,"Miller, Emanuel",Out,G,"Miller, Emanuel Out G "
2026-03-07,"Plumlee, Mason",Out,Return to,"Plumlee, Mason Out Return to "
2026-03-08,"Scheierman, Baylor",Available,Injury/Illness -,"Scheierman, Baylor Available Injury/Illness - "
2026-03-08,"Tonje, John",Out,G,"Tonje, John Out G "
2026-03-08,"Vucevic, Nikola",Out,Injury/Illness -,"Vucevic, Nikola Out Injury/Illness - "
2026-03-08,"Allen, Jarrett",Out,Injury/Illness -,"Allen, Jarrett Out Injury/Illness - "
2026-03-08,"Ellis, Keon",Available,Injury/Illness -,"Ellis, Keon Available Injury/Illness - "
2026-03-08,"Harden, James",Available,Injury/Illness -,"Harden, James Available Injury/Illness - "
2026-03-08,"Minix, Riley",Available,G,"Minix, Riley Available G "
2026-03-08,"Mitchell, Donovan",Available,Injury/Illness -,"Mitchell, Donovan Available Injury/Illness - "
2026-03-08,"Proctor, Tyrese",Out,Injury/Illness -,"Proctor, Tyrese Out Injury/Illness - "
2026-03-08,"Sarr, Olivier",Out,G,"Sarr, Olivier Out G "
2026-03-08,"Strus, Max",Out,Injury/Illness -,"Strus, Max Out Injury/Illness - "
2026-03-08,"Tyson, Jaylon",Available,Injury/Illness -,"Tyson, Jaylon Available Injury/Illness - "
2026-03-08,"Wade, Dean",Available,Injury/Illness -,"Wade, Dean Available Injury/Illness - "
2026-03-08,"Jones, Dillon",Out,G,"Jones, Dillon Out G "
2026-03-08,"McBride, Miles",Out,Injury/Illness -,"McBride, Miles Out Injury/Illness - "
2026-03-08,"Shamet, Landry",Available,Injury/Illness -,"Shamet, Landry Available Injury/Illness - "
2026-03-08,"James, Bronny",Out,G,"James, Bronny Out G "
2026-03-08,"James, LeBron",Out,Injury/Illness -,"James, LeBron Out Injury/Illness - "
2026-03-08,"Kleber, Maxi",Available,Injury/Illness -,"Kleber, Maxi Available Injury/Illness - "
2026-03-08,"Thiero, Adou",Out,G,"Thiero, Adou Out G "
2026-03-08,"Bagley III, Marvin",Available,Injury/Illness -,"Bagley III, Marvin Available Injury/Illness - "
2026-03-08,"Cisse, Moussa",Out,G,"Cisse, Moussa Out G "
2026-03-08,"Flagg, Cooper",Available,Injury/Illness -,"Flagg, Cooper Available Injury/Illness - "
2026-03-08,"Irving, Kyrie",Out,Injury/Illness -,"Irving, Kyrie Out Injury/Illness - "
2026-03-08,"Lively II, Dereck",Out,Injury/Illness -,"Lively II, Dereck Out Injury/Illness - "
2026-03-08,"Poulakidas, John",Out,G,"Poulakidas, John Out G "
2026-03-08,"Powell, Dwight",Available,Injury/Illness -,"Powell, Dwight Available Injury/Illness - "
2026-03-08,"Smith, Tyler",Out,G,"Smith, Tyler Out G "
2026-03-08,"Hepburn, Chucky",Out,G,"Hepburn, Chucky Out G "
2026-03-08,"Ingram, Brandon",Available,Injury/Illness -,"Ingram, Brandon Available Injury/Illness - "
2026-03-08,"Martin, Alijah",Out,G,"Martin, Alijah Out G "
2026-03-08,"Mogbo, Jonathan",Out,G,"Mogbo, Jonathan Out G "
2026-03-08,"Boyles, Collin",Out,Injury/Illness -,"Boyles, Collin Out Injury/Illness - "
2026-03-08,"Cunningham, Cade",Available,Injury/Illness -,"Cunningham, Cade Available Injury/Illness - "
2026-03-08,"Jones, Isaac",Out,G,"Jones, Isaac Out G "
2026-03-08,"LeVert, Caris",Out,Injury/Illness -,"LeVert, Caris Out Injury/Illness - "
2026-03-08,"Moore Jr., Wendell",Out,G,"Moore Jr., Wendell Out G "
2026-03-08,"Thompson, Ausar",Out,Injury/Illness -,"Thompson, Ausar Out Injury/Illness - "
2026-03-08,"Fontecchio, Simone",Out,Injury/Illness -,"Fontecchio, Simone Out Injury/Illness - "
2026-03-08,"Johnson, Keshad",Out,G,"Johnson, Keshad Out G "
2026-03-08,"Jovic, Nikola",Out,Injury/Illness -,"Jovic, Nikola Out Injury/Illness - "
2026-03-08,"Mitchell, Davion",Available,Injury/Illness -,"Mitchell, Davion Available Injury/Illness - "
2026-03-08,"Powell, Norman",Out,Injury/Illness -,"Powell, Norman Out Injury/Illness - "
2026-03-08,"Rozier, Terry",Out,Not,"Rozier, Terry Out Not "
2026-03-08,"Wiggins, Andrew",Out,Injury/Illness -,"Wiggins, Andrew Out Injury/Illness - "
2026-03-08,"Young, Jahmir",Out,G,"Young, Jahmir Out G "
2026-03-08,"Davis, Anthony",Out,Injury/Illness -,"Davis, Anthony Out Injury/Illness - "
2026-03-08,"George, Kyshawn",Out,Injury/Illness -,"George, Kyshawn Out Injury/Illness - "
2026-03-08,"Russell, D'Angelo",Out,Not,"Russell, D'Angelo Out Not "
2026-03-08,"Vukcevic, Tristan",Out,Injury/Illness -,"Vukcevic, Tristan Out Injury/Illness - "
2026-03-08,"Watkins, Jamir",Out,Injury/Illness -,"Watkins, Jamir Out Injury/Illness - "
2026-03-08,"Whitmore, Cam",Out,Injury/Illness -,"Whitmore, Cam Out Injury/Illness - "
2026-03-08,"Alexander, Trey",Out,G,"Alexander, Trey Out G "
2026-03-08,"Dickinson, Hunter",Out,G,"Dickinson, Hunter Out G "
2026-03-08,"Oduro, Josh",Out,G,"Oduro, Josh Out G "
2026-03-08,"Adams, Steven",Out,Injury/Illness -,"Adams, Steven Out Injury/Illness - "
2026-03-08,"Newton, Tristen",Out,G,"Newton, Tristen Out G "
2026-03-08,"Tate, Jae'Sean",Out,Injury/Illness -,"Tate, Jae'Sean Out Injury/Illness - "
2026-03-08,"VanVleet, Fred",Out,Injury/Illness -,"VanVleet, Fred Out Injury/Illness - "
2026-03-08,"Barnes, Harrison",Out,Injury/Illness -,"Barnes, Harrison Out Injury/Illness - "
2026-03-08,"Ingram, Harrison",Out,G,"Ingram, Harrison Out G "
2026-03-08,"Garcia, David",Out,G,"Garcia, David Out G "
2026-03-08,"Miller, Emanuel",Out,G,"Miller, Emanuel Out G "
2026-03-08,"Plumlee, Mason",Out,Return to,"Plumlee, Mason Out Return to "
2026-03-08,"Black, Anthony",Questionable,Injury/Illness -,"Black, Anthony Questionable Injury/Illness - "
2026-03-08,"Castleton, Colin",Out,G,"Castleton, Colin Out G "
2026-03-08,"Isaac, Jonathan",Questionable,Injury/Illness -,"Isaac, Jonathan Questionable Injury/Illness - "
2026-03-08,"Morales, Alex",Out,G,"Morales, Alex Out G "
2026-03-08,"Richardson, Jase",Questionable,Injury/Illness -,"Richardson, Jase Questionable Injury/Illness - "
2026-03-08,"Wagner, Franz",Out,Injury/Illness -,"Wagner, Franz Out Injury/Illness - "
2026-03-08,"Antetokounmpo, Alex",Out,G,"Antetokounmpo, Alex Out G "
2026-03-08,"Antetokounmpo, Giannis",Out,Injury/Illness -,"Antetokounmpo, Giannis Out Injury/Illness - "
2026-03-08,"Kuzma, Kyle",Questionable,Injury/Illness -,"Kuzma, Kyle Questionable Injury/Illness - "
2026-03-08,"Porter Jr., Kevin",Out,Injury/Illness -,"Porter Jr., Kevin Out Injury/Illness - "
2026-03-08,"Prince, Taurean",Out,Injury/Illness -,"Prince, Taurean Out Injury/Illness - "
2026-03-08,"Ryan, Cormac",Out,G,"Ryan, Cormac Out G "
2026-03-08,"Buzelis, Matas",Questionable,Injury/Illness -,"Buzelis, Matas Questionable Injury/Illness - "
2026-03-08,"Collins, Zach",Out,Injury/Illness -,"Collins, Zach Out Injury/Illness - "
2026-03-08,"Essengue, Noa",Out,Injury/Illness -,"Essengue, Noa Out Injury/Illness - "
2026-03-08,"Giddey, Josh",Questionable,Injury/Illness -,"Giddey, Josh Questionable Injury/Illness - "
2026-03-08,"Ivey, Jaden",Out,Injury/Illness -,"Ivey, Jaden Out Injury/Illness - "
2026-03-08,"McClung, Mac",Out,G,"McClung, Mac Out G "
2026-03-08,"Simons, Anfernee",Out,Injury/Illness -,"Simons, Anfernee Out Injury/Illness - "
2026-03-08,"Smith, Jalen",Questionable,Injury/Illness -,"Smith, Jalen Questionable Injury/Illness - "
2026-03-08,"Williams, Patrick",Questionable,Injury/Illness -,"Williams, Patrick Questionable Injury/Illness - "
2026-03-08,"Cardwell, Dylan",Out,Injury/Illness -,"Cardwell, Dylan Out Injury/Illness - "
2026-03-08,"Hunter, De'Andre",Out,Injury/Illness -,"Hunter, De'Andre Out Injury/Illness - "
2026-03-08,"LaVine, Zach",Out,Injury/Illness -,"LaVine, Zach Out Injury/Illness - "
2026-03-08,"Murray, Keegan",Out,Injury/Illness -,"Murray, Keegan Out Injury/Illness - "
2026-03-08,"Sabonis, Domantas",Out,Injury/Illness -,"Sabonis, Domantas Out Injury/Illness - "
2026-03-08,"Stevens, Isaiah",Out,G,"Stevens, Isaiah Out G "
2026-03-08,"Furphy, Johnny",Out,Injury/Illness -,"Furphy, Johnny Out Injury/Illness - "
2026-03-08,"Haliburton, Tyrese",Out,Injury/Illness -,"Haliburton, Tyrese Out Injury/Illness - "
2026-03-08,"Nembhard, Andrew",Questionable,Injury/Illness -,"Nembhard, Andrew Questionable Injury/Illness - "
2026-03-08,"Nesmith, Aaron",Probable,Injury/Illness -,"Nesmith, Aaron Probable Injury/Illness - "
2026-03-08,"Peter, Taelon",Questionable,G,"Peter, Taelon Questionable G "
2026-03-08,"Siakam, Pascal",Probable,Injury/Illness -,"Siakam, Pascal Probable Injury/Illness - "
2026-03-08,"Slawson, Jalen",Questionable,G,"Slawson, Jalen Questionable G "
2026-03-08,"Thompson, Ethan",Doubtful,G,"Thompson, Ethan Doubtful G "
2026-03-08,"Zubac, Ivica",Out,Injury/Illness -,"Zubac, Ivica Out Injury/Illness - "
2026-03-08,"Avdija, Deni",Questionable,Injury/Illness -,"Avdija, Deni Questionable Injury/Illness - "
2026-03-08,"Kent, Jayson",Questionable,G,"Kent, Jayson Questionable G "
2026-03-08,"Lillard, Damian",Out,Injury/Illness -,"Lillard, Damian Out Injury/Illness - "
2026-03-08,"Love, Caleb",Questionable,G,"Love, Caleb Questionable G "
2026-03-08,"Murray, Kris",Questionable,Injury/Illness -,"Murray, Kris Questionable Injury/Illness - "
2026-03-08,"Sharpe, Shaedon",Out,Injury/Illness -,"Sharpe, Shaedon Out Injury/Illness - "
2026-03-08,"Youngblood, Chris",Questionable,G,"Youngblood, Chris Questionable G "
2026-03-08,"Evbuomwan, Tosan",Out,G,"Evbuomwan, Tosan Out G "
2026-03-08,"Hall, PJ",Out,G,"Hall, PJ Out G "
2026-03-08,"McNeeley, Liam",Out,G,"McNeeley, Liam Out G "
2026-03-08,"Reeves, Antonio",Out,G,"Reeves, Antonio Out G "
2026-03-08,"Salaun, Tidjane",Out,Injury/Illness -,"Salaun, Tidjane Out Injury/Illness - "
2026-03-08,"Allen, Grayson",Probable,Injury/Illness -,"Allen, Grayson Probable Injury/Illness - "
2026-03-08,"Brooks, Dillon",Out,Injury/Illness -,"Brooks, Dillon Out Injury/Illness - "
2026-03-08,"Goodwin, Jordan",Out,Injury/Illness -,"Goodwin, Jordan Out Injury/Illness - "
2026-03-08,"Williams, Mark",Out,Injury/Illness -,"Williams, Mark Out Injury/Illness - "
2026-03-08,"Broome, Johni",Out,Injury/Illness -,"Broome, Johni Out Injury/Illness - "
2026-03-08,"Edgecombe, VJ",Questionable,Injury/Illness -,"Edgecombe, VJ Questionable Injury/Illness - "
2026-03-08,"Embiid, Joel",Out,Injury/Illness -,"Embiid, Joel Out Injury/Illness - "
2026-03-08,"George, Paul",Out,League,"George, Paul Out League "
2026-03-08,"Maxey, Tyrese",Out,Injury/Illness -,"Maxey, Tyrese Out Injury/Illness - "
2026-03-08,"Oubre Jr., Kelly",Available,Injury/Illness -,"Oubre Jr., Kelly Available Injury/Illness - "
2026-03-08,"Aldama, Santi",Out,Injury/Illness -,"Aldama, Santi Out Injury/Illness - "
2026-03-08,"Pope, Kentavious",Out,Injury/Illness -,"Pope, Kentavious Out Injury/Illness - "
2026-03-08,"Clarke, Brandon",Out,Injury/Illness -,"Clarke, Brandon Out Injury/Illness - "
2026-03-08,"Coward, Cedric",Doubtful,Injury/Illness -,"Coward, Cedric Doubtful Injury/Illness - "
2026-03-08,"Edey, Zach",Out,Injury/Illness -,"Edey, Zach Out Injury/Illness - "
2026-03-08,"Gibson, Taj",Out,Return to,"Gibson, Taj Out Return to "
2026-03-08,"Hendricks, Taylor",Doubtful,Injury/Illness -,"Hendricks, Taylor Doubtful Injury/Illness - "
2026-03-08,"Jerome, Ty",Doubtful,Injury/Illness -,"Jerome, Ty Doubtful Injury/Illness - "
2026-03-08,"Morant, Ja",Out,Injury/Illness -,"Morant, Ja Out Injury/Illness - "
2026-03-08,"Pippen Jr., Scotty",Doubtful,Injury/Illness -,"Pippen Jr., Scotty Doubtful Injury/Illness - "
2026-03-08,"Demin, Egor",Out,Injury/Illness -,"Demin, Egor Out Injury/Illness - "
2026-03-08,"Porter Jr., Michael",Out,Rest,"Porter Jr., Michael Out Rest "
2026-03-08,"Saraf, Ben",Probable,Injury/Illness -,"Saraf, Ben Probable Injury/Illness - "
2026-03-09,"Broome, Johni",Out,Injury/Illness -,"Broome, Johni Out Injury/Illness - "
2026-03-09,"Edgecombe, VJ",Out,Injury/Illness -,"Edgecombe, VJ Out Injury/Illness - "
2026-03-09,"Embiid, Joel",Out,Injury/Illness -,"Embiid, Joel Out Injury/Illness - "
2026-03-09,"George, Paul",Out,League,"George, Paul Out League "
2026-03-09,"Maxey, Tyrese",Out,Injury/Illness -,"Maxey, Tyrese Out Injury/Illness - "
2026-03-09,"Oubre Jr., Kelly",Available,Injury/Illness -,"Oubre Jr., Kelly Available Injury/Illness - "
2026-03-09,"Allen, Jarrett",Out,Injury/Illness -,"Allen, Jarrett Out Injury/Illness - "
2026-03-09,"Ellis, Keon",Available,Injury/Illness -,"Ellis, Keon Available Injury/Illness - "
2026-03-09,"Harden, James",Available,Injury/Illness -,"Harden, James Available Injury/Illness - "
2026-03-09,"Proctor, Tyrese",Out,Injury/Illness -,"Proctor, Tyrese Out Injury/Illness - "
2026-03-09,"Sarr, Olivier",Out,G,"Sarr, Olivier Out G "
2026-03-09,"Strus, Max",Out,Injury/Illness -,"Strus, Max Out Injury/Illness - "
2026-03-09,"Wade, Dean",Probable,Injury/Illness -,"Wade, Dean Probable Injury/Illness - "
2026-03-09,"Holmes II, DaRon",Out,G,"Holmes II, DaRon Out G "
2026-03-09,"Jones, Curtis",Out,G,"Jones, Curtis Out G "
2026-03-09,"Murray, Jamal",Questionable,Injury/Illness -,"Murray, Jamal Questionable Injury/Illness - "
2026-03-09,"Simpson, KJ",Out,G,"Simpson, KJ Out G "
2026-03-09,"Watson, Peyton",Out,Injury/Illness -,"Watson, Peyton Out Injury/Illness - "
2026-03-09,"Carlson, Branden",Out,Injury/Illness -,"Carlson, Branden Out Injury/Illness - "
2026-03-09,"Caruso, Alex",Out,Injury/Illness -,"Caruso, Alex Out Injury/Illness - "
2026-03-09,"Hartenstein, Isaiah",Out,Injury/Illness -,"Hartenstein, Isaiah Out Injury/Illness - "
2026-03-09,"Holmgren, Chet",Questionable,Injury/Illness -,"Holmgren, Chet Questionable Injury/Illness - "
2026-03-09,"Sorber, Thomas",Out,Injury/Illness -,"Sorber, Thomas Out Injury/Illness - "
2026-03-09,"Williams, Jalen",Out,Injury/Illness -,"Williams, Jalen Out Injury/Illness - "
2026-03-09,"Aldama, Santi",Out,Injury/Illness -,"Aldama, Santi Out Injury/Illness - "
2026-03-09,"Pope, Kentavious",Out,Injury/Illness -,"Pope, Kentavious Out Injury/Illness - "
2026-03-09,"Clarke, Brandon",Out,Injury/Illness -,"Clarke, Brandon Out Injury/Illness - "
2026-03-09,"Coward, Cedric",Doubtful,Injury/Illness -,"Coward, Cedric Doubtful Injury/Illness - "
2026-03-09,"Edey, Zach",Out,Injury/Illness -,"Edey, Zach Out Injury/Illness - "
2026-03-09,"Gibson, Taj",Out,Return to,"Gibson, Taj Out Return to "
2026-03-09,"Hendricks, Taylor",Doubtful,Injury/Illness -,"Hendricks, Taylor Doubtful Injury/Illness - "
2026-03-09,"Jerome, Ty",Doubtful,Injury/Illness -,"Jerome, Ty Doubtful Injury/Illness - "
2026-03-09,"Morant, Ja",Out,Injury/Illness -,"Morant, Ja Out Injury/Illness - "
2026-03-09,"Pippen Jr., Scotty",Doubtful,Injury/Illness -,"Pippen Jr., Scotty Doubtful Injury/Illness - "
2026-03-09,"Demin, Egor",Out,Injury/Illness -,"Demin, Egor Out Injury/Illness - "
2026-03-09,"Porter Jr., Michael",Out,Rest,"Porter Jr., Michael Out Rest "
2026-03-09,"Saraf, Ben",Available,Injury/Illness -,"Saraf, Ben Available Injury/Illness - "
2026-03-09,"Butler III, Jimmy",Out,Injury/Illness -,"Butler III, Jimmy Out Injury/Illness - "
2026-03-09,"Curry, Seth",Available,Injury/Illness -,"Curry, Seth Available Injury/Illness - "
2026-03-09,"Curry, Stephen",Out,Injury/Illness -,"Curry, Stephen Out Injury/Illness - "
2026-03-09,"Horford, Al",Out,Injury/Illness -,"Horford, Al Out Injury/Illness - "
2026-03-09,"Moody, Moses",Out,Injury/Illness -,"Moody, Moses Out Injury/Illness - "
2026-03-09,"Porzingis, Kristaps",Out,Injury/Illness -,"Porzingis, Kristaps Out Injury/Illness - "
2026-03-09,"Richard, Will",Out,Injury/Illness -,"Richard, Will Out Injury/Illness - "
2026-03-09,"Bailey, Ace",Questionable,Injury/Illness -,"Bailey, Ace Questionable Injury/Illness - "
2026-03-09,"Collier, Isaiah",Out,Injury/Illness -,"Collier, Isaiah Out Injury/Illness - "
2026-03-09,"George, Keyonte",Questionable,Injury/Illness -,"George, Keyonte Questionable Injury/Illness - "
2026-03-09,"Jackson Jr., Jaren",Out,Injury/Illness -,"Jackson Jr., Jaren Out Injury/Illness - "
2026-03-09,"Kessler, Walker",Out,Injury/Illness -,"Kessler, Walker Out Injury/Illness - "
2026-03-09,"Markkanen, Lauri",Out,Injury/Illness -,"Markkanen, Lauri Out Injury/Illness - "
2026-03-09,"Nurkic, Jusuf",Out,Injury/Illness -,"Nurkic, Jusuf Out Injury/Illness - "
2026-03-09,"Williams Jr., Vince",Out,Injury/Illness -,"Williams Jr., Vince Out Injury/Illness - "
2026-03-09,"Jones, Dillon",Out,G,"Jones, Dillon Out G "
2026-03-09,"McBride, Miles",Out,Injury/Illness -,"McBride, Miles Out Injury/Illness - "
2026-03-09,"Robinson, Mitchell",Out,Injury/Illness -,"Robinson, Mitchell Out Injury/Illness - "
2026-03-09,"Beal, Bradley",Out,Injury/Illness -,"Beal, Bradley Out Injury/Illness - "
2026-03-09,"Collins, John",Out,Injury/Illness -,"Collins, John Out Injury/Illness - "
2026-03-09,"Niederhauser, Yanic Konan",Out,Injury/Illness -,"Niederhauser, Yanic Konan Out Injury/Illness - "
2026-03-09,"Cisse, Moussa",Doubtful,G,"Cisse, Moussa Doubtful G "
2026-03-09,"Irving, Kyrie",Out,Injury/Illness -,"Irving, Kyrie Out Injury/Illness - "
2026-03-09,"Lively II, Dereck",Out,Injury/Illness -,"Lively II, Dereck Out Injury/Illness - "
2026-03-09,"Poulakidas, John",Doubtful,G,"Poulakidas, John Doubtful G "
2026-03-09,"Smith, Tyler",Doubtful,G,"Smith, Tyler Doubtful G "
2026-03-09,"Dennis, RayJ",Doubtful,G,"Dennis, RayJ Doubtful G "
2026-03-09,"Gilbert, Keshon",Doubtful,G,"Gilbert, Keshon Doubtful G "
2026-03-09,"Kuminga, Jonathan",Questionable,Injury/Illness -,"Kuminga, Jonathan Questionable Injury/Illness - "
2026-03-09,"Newell, Asa",Doubtful,G,"Newell, Asa Doubtful G "
2026-03-09,"Jones, Isaac",Out,G,"Jones, Isaac Out G "
2026-03-09,"Klintman, Bobi",Out,G,"Klintman, Bobi Out G "
2026-03-09,"LeVert, Caris",Out,Injury/Illness -,"LeVert, Caris Out Injury/Illness - "
2026-03-09,"Moore Jr., Wendell",Out,G,"Moore Jr., Wendell Out G "
2026-03-09,"Smith, Tolu",Out,G,"Smith, Tolu Out G "
2026-03-09,"Thompson, Ausar",Out,Injury/Illness -,"Thompson, Ausar Out Injury/Illness - "
2026-03-09,"Davis, Anthony",Out,Injury/Illness -,"Davis, Anthony Out Injury/Illness - "
2026-03-09,"George, Kyshawn",Out,Injury/Illness -,"George, Kyshawn Out Injury/Illness - "
2026-03-09,"Russell, D'Angelo",Out,Not,"Russell, D'Angelo Out Not "
2026-03-09,"Watkins, Jamir",Out,Injury/Illness -,"Watkins, Jamir Out Injury/Illness - "
2026-03-09,"Whitmore, Cam",Out,Injury/Illness -,"Whitmore, Cam Out Injury/Illness - "
2026-03-09,"Fontecchio, Simone",Probable,Injury/Illness -,"Fontecchio, Simone Probable Injury/Illness - "
2026-03-09,"Johnson, Keshad",Out,G,"Johnson, Keshad Out G "
2026-03-09,"Jovic, Nikola",Out,Injury/Illness -,"Jovic, Nikola Out Injury/Illness - "
2026-03-09,"Mitchell, Davion",Available,Injury/Illness -,"Mitchell, Davion Available Injury/Illness - "
2026-03-09,"Powell, Norman",Out,Injury/Illness -,"Powell, Norman Out Injury/Illness - "
2026-03-09,"Rozier, Terry",Out,Not,"Rozier, Terry Out Not "
2026-03-09,"Ware, Kel'el",Questionable,Injury/Illness -,"Ware, Kel'el Questionable Injury/Illness - "
2026-03-09,"Wiggins, Andrew",Out,Injury/Illness -,"Wiggins, Andrew Out Injury/Illness - "
2026-03-09,"Young, Jahmir",Out,G,"Young, Jahmir Out G "
2026-03-09,"Pritchard, Payton",Questionable,Injury/Illness -,"Pritchard, Payton Questionable Injury/Illness - "
2026-03-09,"Scheierman, Baylor",Available,Injury/Illness -,"Scheierman, Baylor Available Injury/Illness - "
2026-03-09,"Tonje, John",Out,G,"Tonje, John Out G "
2026-03-09,"Vucevic, Nikola",Out,Injury/Illness -,"Vucevic, Nikola Out Injury/Illness - "
2026-03-09,"Barnes, Harrison",Out,Injury/Illness -,"Barnes, Harrison Out Injury/Illness - "
2026-03-09,"Ingram, Harrison",Out,G,"Ingram, Harrison Out G "
2026-03-09,"Garcia, David",Out,G,"Garcia, David Out G "
2026-03-09,"Miller, Emanuel",Out,G,"Miller, Emanuel Out G "
2026-03-09,"Plumlee, Mason",Questionable,Return to,"Plumlee, Mason Questionable Return to "
2026-03-09,"Antetokounmpo, Alex",Out,G,"Antetokounmpo, Alex Out G "
2026-03-09,"Porter Jr., Kevin",Out,Injury/Illness -,"Porter Jr., Kevin Out Injury/Illness - "
2026-03-09,"Prince, Taurean",Questionable,Injury/Illness -,"Prince, Taurean Questionable Injury/Illness - "
2026-03-09,"Ryan, Cormac",Out,G,"Ryan, Cormac Out G "
2026-03-09,"Hepburn, Chucky",Out,G,"Hepburn, Chucky Out G "
2026-03-09,"Davis, Trayce",Out,Injury/Illness -,"Davis, Trayce Out Injury/Illness - "
2026-03-09,"Boyles, Collin",Out,Injury/Illness -,"Boyles, Collin Out Injury/Illness - "
2026-03-09,"Poeltl, Jakob",Questionable,Injury/Illness -,"Poeltl, Jakob Questionable Injury/Illness - "
2026-03-09,"Adams, Steven",Out,Injury/Illness -,"Adams, Steven Out Injury/Illness - "
2026-03-09,"Newton, Tristen",Out,G,"Newton, Tristen Out G "
2026-03-09,"Tate, Jae'Sean",Out,Injury/Illness -,"Tate, Jae'Sean Out Injury/Illness - "
2026-03-09,"VanVleet, Fred",Out,Injury/Illness -,"VanVleet, Fred Out Injury/Illness - "
2026-03-10,"Aldama, Santi",Out,Injury/Illness -,"Aldama, Santi Out Injury/Illness - "
2026-03-10,"Pope, Kentavious",Out,Injury/Illness -,"Pope, Kentavious Out Injury/Illness - "
2026-03-10,"Clarke, Brandon",Out,Injury/Illness -,"Clarke, Brandon Out Injury/Illness - "
2026-03-10,"Clayton Jr., Walter",Questionable,Injury/Illness -,"Clayton Jr., Walter Questionable Injury/Illness - "
2026-03-10,"Edey, Zach",Out,Injury/Illness -,"Edey, Zach Out Injury/Illness - "
2026-03-10,"Gibson, Taj",Out,Return to,"Gibson, Taj Out Return to "
2026-03-10,"Morant, Ja",Out,Injury/Illness -,"Morant, Ja Out Injury/Illness - "
2026-03-10,"Pippen Jr., Scotty",Out,Injury/Illness -,"Pippen Jr., Scotty Out Injury/Illness - "
2026-03-10,"Broome, Johni",Out,Injury/Illness -,"Broome, Johni Out Injury/Illness - "
2026-03-10,"Edgecombe, VJ",Available,Injury/Illness -,"Edgecombe, VJ Available Injury/Illness - "
2026-03-10,"Embiid, Joel",Out,Injury/Illness -,"Embiid, Joel Out Injury/Illness - "
2026-03-10,"George, Paul",Out,League,"George, Paul Out League "
2026-03-10,"Maxey, Tyrese",Out,Injury/Illness -,"Maxey, Tyrese Out Injury/Illness - "
2026-03-10,"Oubre Jr., Kelly",Available,Injury/Illness -,"Oubre Jr., Kelly Available Injury/Illness - "
2026-03-10,"Cisse, Moussa",Doubtful,G,"Cisse, Moussa Doubtful G "
2026-03-10,"Irving, Kyrie",Out,Injury/Illness -,"Irving, Kyrie Out Injury/Illness - "
2026-03-10,"Lively II, Dereck",Out,Injury/Illness -,"Lively II, Dereck Out Injury/Illness - "
2026-03-10,"Poulakidas, John",Doubtful,G,"Poulakidas, John Doubtful G "
2026-03-10,"Smith, Tyler",Doubtful,G,"Smith, Tyler Doubtful G "
2026-03-10,"Dennis, RayJ",Doubtful,G,"Dennis, RayJ Doubtful G "
2026-03-10,"Gilbert, Keshon",Doubtful,G,"Gilbert, Keshon Doubtful G "
2026-03-10,"Kuminga, Jonathan",Questionable,Injury/Illness -,"Kuminga, Jonathan Questionable Injury/Illness - "
2026-03-10,"Newell, Asa",Doubtful,G,"Newell, Asa Doubtful G "
2026-03-10,"Jones, Isaac",Out,G,"Jones, Isaac Out G "
2026-03-10,"Klintman, Bobi",Out,G,"Klintman, Bobi Out G "
2026-03-10,"LeVert, Caris",Out,Injury/Illness -,"LeVert, Caris Out Injury/Illness - "
2026-03-10,"Moore Jr., Wendell",Out,G,"Moore Jr., Wendell Out G "
2026-03-10,"Smith, Tolu",Out,G,"Smith, Tolu Out G "
2026-03-10,"Thompson, Ausar",Out,Injury/Illness -,"Thompson, Ausar Out Injury/Illness - "
2026-03-10,"Demin, Egor",Out,Injury/Illness -,"Demin, Egor Out Injury/Illness - "
2026-03-10,"Sharpe, Day'Ron",Out,Injury/Illness -,"Sharpe, Day'Ron Out Injury/Illness - "
2026-03-10,"Williams, Ziaire",Out,Injury/Illness -,"Williams, Ziaire Out Injury/Illness - "
2026-03-10,"Davis, Anthony",Out,Injury/Illness -,"Davis, Anthony Out Injury/Illness - "
2026-03-10,"George, Kyshawn",Out,Injury/Illness -,"George, Kyshawn Out Injury/Illness - "
2026-03-10,"Russell, D'Angelo",Out,Not,"Russell, D'Angelo Out Not "
2026-03-10,"Watkins, Jamir",Out,Injury/Illness -,"Watkins, Jamir Out Injury/Illness - "
2026-03-10,"Whitmore, Cam",Out,Injury/Illness -,"Whitmore, Cam Out Injury/Illness - "
2026-03-10,"Young, Trae",Out,Injury/Illness -,"Young, Trae Out Injury/Illness - "
2026-03-10,"Fontecchio, Simone",Available,Injury/Illness -,"Fontecchio, Simone Available Injury/Illness - "
2026-03-10,"Herro, Tyler",Questionable,Injury/Illness -,"Herro, Tyler Questionable Injury/Illness - "
2026-03-10,"Johnson, Keshad",Available,G,"Johnson, Keshad Available G "
2026-03-10,"Jovic, Nikola",Out,Injury/Illness -,"Jovic, Nikola Out Injury/Illness - "
2026-03-10,"Mitchell, Davion",Available,Injury/Illness -,"Mitchell, Davion Available Injury/Illness - "
2026-03-10,"Powell, Norman",Out,Injury/Illness -,"Powell, Norman Out Injury/Illness - "
2026-03-10,"Rozier, Terry",Out,Not,"Rozier, Terry Out Not "
2026-03-10,"Ware, Kel'el",Out,Injury/Illness -,"Ware, Kel'el Out Injury/Illness - "
2026-03-10,"Wiggins, Andrew",Out,Injury/Illness -,"Wiggins, Andrew Out Injury/Illness - "
2026-03-10,"Young, Jahmir",Out,G,"Young, Jahmir Out G "
2026-03-10,"Pritchard, Payton",Out,Injury/Illness -,"Pritchard, Payton Out Injury/Illness - "
2026-03-10,"Scheierman, Baylor",Available,Injury/Illness -,"Scheierman, Baylor Available Injury/Illness - "
2026-03-10,"Tonje, John",Out,G,"Tonje, John Out G "
2026-03-10,"Vucevic, Nikola",Out,Injury/Illness -,"Vucevic, Nikola Out Injury/Illness - "
2026-03-10,"Barnes, Harrison",Out,Injury/Illness -,"Barnes, Harrison Out Injury/Illness - "
2026-03-10,"Ingram, Harrison",Out,G,"Ingram, Harrison Out G "
2026-03-10,"Garcia, David",Out,G,"Garcia, David Out G "
2026-03-10,"Miller, Emanuel",Out,G,"Miller, Emanuel Out G "
2026-03-10,"Waters III, Lindy",Questionable,Injury/Illness - “” ,"Waters III, Lindy Questionable Injury/Illness - “” ; "
2026-03-10,"Allen, Grayson",Questionable,Injury/Illness -,"Allen, Grayson Questionable Injury/Illness - "
2026-03-10,"Brooks, Dillon",Out,Injury/Illness -,"Brooks, Dillon Out Injury/Illness - "
2026-03-10,"Goodwin, Jordan",Available,Injury/Illness -,"Goodwin, Jordan Available Injury/Illness - "
2026-03-10,"Williams, Mark",Out,Injury/Illness -,"Williams, Mark Out Injury/Illness - "
2026-03-10,"Antetokounmpo, Alex",Out,G,"Antetokounmpo, Alex Out G "
2026-03-10,"Porter Jr., Kevin",Out,Injury/Illness -,"Porter Jr., Kevin Out Injury/Illness - "
2026-03-10,"Portis, Bobby",Questionable,Injury/Illness -,"Portis, Bobby Questionable Injury/Illness - "
2026-03-10,"Prince, Taurean",Questionable,Injury/Illness -,"Prince, Taurean Questionable Injury/Illness - "
2026-03-10,"Ryan, Cormac",Out,G,"Ryan, Cormac Out G "
2026-03-10,"Sims, Jericho",Questionable,Injury/Illness -,"Sims, Jericho Questionable Injury/Illness - "
2026-03-10,"Hepburn, Chucky",Out,G,"Hepburn, Chucky Out G "
2026-03-10,"Davis, Trayce",Out,Injury/Illness -,"Davis, Trayce Out Injury/Illness - "
2026-03-10,"Boyles, Collin",Out,Injury/Illness -,"Boyles, Collin Out Injury/Illness - "
2026-03-10,"Poeltl, Jakob",Questionable,Injury/Illness -,"Poeltl, Jakob Questionable Injury/Illness - "
2026-03-10,"Adams, Steven",Out,Injury/Illness -,"Adams, Steven Out Injury/Illness - "
2026-03-10,"Newton, Tristen",Out,G,"Newton, Tristen Out G "
2026-03-10,"Tate, Jae'Sean",Out,Injury/Illness -,"Tate, Jae'Sean Out Injury/Illness - "
2026-03-10,"VanVleet, Fred",Out,Injury/Illness -,"VanVleet, Fred Out Injury/Illness - "
2026-03-10,"Hall, PJ",Out,G,"Hall, PJ Out G "
2026-03-10,"McNeeley, Liam",Out,Injury/Illness -,"McNeeley, Liam Out Injury/Illness - "
2026-03-10,"Reeves, Antonio",Out,G,"Reeves, Antonio Out G "
2026-03-10,"Salaun, Tidjane",Out,Injury/Illness -,"Salaun, Tidjane Out Injury/Illness - "
2026-03-10,"White, Coby",Out,Injury/Illness -,"White, Coby Out Injury/Illness - "
2026-03-10,"Kent, Jayson",Out,G,"Kent, Jayson Out G "
2026-03-10,"Lillard, Damian",Out,Injury/Illness -,"Lillard, Damian Out Injury/Illness - "
2026-03-10,"Love, Caleb",Questionable,G,"Love, Caleb Questionable G "
2026-03-10,"Sharpe, Shaedon",Out,Injury/Illness -,"Sharpe, Shaedon Out Injury/Illness - "
2026-03-10,"Yang, Hansen",Out,G,"Yang, Hansen Out G "
2026-03-10,"Youngblood, Chris",Out,G,"Youngblood, Chris Out G "
2026-03-10,"Buzelis, Matas",Probable,Injury/Illness -,"Buzelis, Matas Probable Injury/Illness - "
2026-03-10,"Collins, Zach",Out,Injury/Illness -,"Collins, Zach Out Injury/Illness - "
2026-03-10,"Essengue, Noa",Out,Injury/Illness -,"Essengue, Noa Out Injury/Illness - "
2026-03-10,"Giddey, Josh",Probable,Injury/Illness -,"Giddey, Josh Probable Injury/Illness - "
2026-03-10,"Ivey, Jaden",Out,Injury/Illness -,"Ivey, Jaden Out Injury/Illness - "
2026-03-10,"McClung, Mac",Out,G,"McClung, Mac Out G "
2026-03-10,"Olbrich, Lachlan",Out,G,"Olbrich, Lachlan Out G "
2026-03-10,"Sexton, Collin",Questionable,Injury/Illness -,"Sexton, Collin Questionable Injury/Illness - "
2026-03-10,"Simons, Anfernee",Out,Injury/Illness -,"Simons, Anfernee Out Injury/Illness - "
2026-03-10,"Smith, Jalen",Probable,Injury/Illness -,"Smith, Jalen Probable Injury/Illness - "
2026-03-10,"Williams, Patrick",Questionable,Injury/Illness -,"Williams, Patrick Questionable Injury/Illness - "
2026-03-10,"Butler III, Jimmy",Out,Injury/Illness -,"Butler III, Jimmy Out Injury/Illness - "
2026-03-10,"Curry, Seth",Out,Injury/Illness -,"Curry, Seth Out Injury/Illness - "
2026-03-10,"Curry, Stephen",Out,Injury/Illness -,"Curry, Stephen Out Injury/Illness - "
2026-03-10,"Green, Draymond",Questionable,Injury/Illness -,"Green, Draymond Questionable Injury/Illness - "
2026-03-10,"Melton, De'Anthony",Questionable,Injury/Illness -,"Melton, De'Anthony Questionable Injury/Illness - "
2026-03-10,"Moody, Moses",Out,Injury/Illness -,"Moody, Moses Out Injury/Illness - "
2026-03-10,"Payton II, Gary",Probable,Injury/Illness -,"Payton II, Gary Probable Injury/Illness - "
2026-03-10,"Post, Quinten",Questionable,Injury/Illness -,"Post, Quinten Questionable Injury/Illness - "
2026-03-10,"Furphy, Johnny",Out,Injury/Illness -,"Furphy, Johnny Out Injury/Illness - "
2026-03-10,"Haliburton, Tyrese",Out,Injury/Illness -,"Haliburton, Tyrese Out Injury/Illness - "
2026-03-10,"Nembhard, Andrew",Doubtful,Injury/Illness -,"Nembhard, Andrew Doubtful Injury/Illness - "
2026-03-10,"Peter, Taelon",Questionable,G,"Peter, Taelon Questionable G "
2026-03-10,"Siakam, Pascal",Out,Injury/Illness -,"Siakam, Pascal Out Injury/Illness - "
2026-03-10,"Slawson, Jalen",Questionable,G,"Slawson, Jalen Questionable G "
2026-03-10,"Thompson, Ethan",Questionable,G,"Thompson, Ethan Questionable G "
2026-03-10,"Walker, Jarace",Probable,Injury/Illness -,"Walker, Jarace Probable Injury/Illness - "
2026-03-10,"Zubac, Ivica",Out,Injury/Illness -,"Zubac, Ivica Out Injury/Illness - "
2026-03-10,"Cardwell, Dylan",Out,Injury/Illness -,"Cardwell, Dylan Out Injury/Illness - "
2026-03-10,"Hunter, De'Andre",Out,Injury/Illness -,"Hunter, De'Andre Out Injury/Illness - "
2026-03-10,"LaVine, Zach",Out,Injury/Illness -,"LaVine, Zach Out Injury/Illness - "
2026-03-10,"Murray, Keegan",Out,Injury/Illness -,"Murray, Keegan Out Injury/Illness - "
2026-03-10,"Sabonis, Domantas",Out,Injury/Illness -,"Sabonis, Domantas Out Injury/Illness - "
2026-03-10,"Stevens, Isaiah",Out,G,"Stevens, Isaiah Out G "
2026-03-10,"Anderson, Kyle",Available,Injury/Illness -,"Anderson, Kyle Available Injury/Illness - "
2026-03-10,"Beringer, Joan",Available,G,"Beringer, Joan Available G "
2026-03-10,"Freeman, Enrique",Available,G,"Freeman, Enrique Available G "
2026-03-10,"Pullin, Zyon",Available,G,"Pullin, Zyon Available G "
2026-03-10,"James, LeBron",Questionable,Injury/Illness -,"James, LeBron Questionable Injury/Illness - "
2026-03-10,"Allen, Jarrett",Out,Injury/Illness -,"Allen, Jarrett Out Injury/Illness - "
2026-03-10,"Ellis, Keon",Available,Injury/Illness -,"Ellis, Keon Available Injury/Illness - "
2026-03-10,"Harden, James",Available,Injury/Illness -,"Harden, James Available Injury/Illness - "
2026-03-10,"Proctor, Tyrese",Out,Injury/Illness -,"Proctor, Tyrese Out Injury/Illness - "
2026-03-10,"Sarr, Olivier",Out,G,"Sarr, Olivier Out G "
2026-03-10,"Strus, Max",Out,Injury/Illness -,"Strus, Max Out Injury/Illness - "
2026-03-10,"Black, Anthony",Out,Injury/Illness -,"Black, Anthony Out Injury/Illness - "
2026-03-10,"Isaac, Jonathan",Questionable,Injury/Illness -,"Isaac, Jonathan Questionable Injury/Illness - "
2026-03-10,"Richardson, Jase",Questionable,Injury/Illness -,"Richardson, Jase Questionable Injury/Illness - "
2026-03-10,"Wagner, Franz",Out,Injury/Illness -,"Wagner, Franz Out Injury/Illness - "
2026-03-10,"Hart, Josh",Questionable,Injury/Illness -,"Hart, Josh Questionable Injury/Illness - "
2026-03-10,"Jones, Dillon",Out,G,"Jones, Dillon Out G "
2026-03-10,"McBride, Miles",Out,Injury/Illness -,"McBride, Miles Out Injury/Illness - "
2026-03-11,"Allen, Jarrett",Out,Injury/Illness -,"Allen, Jarrett Out Injury/Illness - "
2026-03-11,"Ellis, Keon",Available,Injury/Illness -,"Ellis, Keon Available Injury/Illness - "
2026-03-11,"Harden, James",Available,Injury/Illness -,"Harden, James Available Injury/Illness - "
2026-03-11,"Proctor, Tyrese",Out,Injury/Illness -,"Proctor, Tyrese Out Injury/Illness - "
2026-03-11,"Sarr, Olivier",Out,G,"Sarr, Olivier Out G "
2026-03-11,"Strus, Max",Out,Injury/Illness -,"Strus, Max Out Injury/Illness - "
2026-03-11,"Black, Anthony",Out,Injury/Illness -,"Black, Anthony Out Injury/Illness - "
2026-03-11,"Isaac, Jonathan",Available,Injury/Illness -,"Isaac, Jonathan Available Injury/Illness - "
2026-03-11,"Richardson, Jase",Available,Injury/Illness -,"Richardson, Jase Available Injury/Illness - "
2026-03-11,"Wagner, Franz",Out,Injury/Illness -,"Wagner, Franz Out Injury/Illness - "
2026-03-11,"Hepburn, Chucky",Out,G,"Hepburn, Chucky Out G "
2026-03-11,"Davis, Trayce",Questionable,Injury/Illness -,"Davis, Trayce Questionable Injury/Illness - "
2026-03-11,"Boyles, Collin",Out,Injury/Illness -,"Boyles, Collin Out Injury/Illness - "
2026-03-11,"Poeltl, Jakob",Questionable,Injury/Illness -,"Poeltl, Jakob Questionable Injury/Illness - "
2026-03-11,"Alexander, Trey",Out,G,"Alexander, Trey Out G "
2026-03-11,"Dickinson, Hunter",Out,G,"Dickinson, Hunter Out G "
2026-03-11,"McGowens, Bryce",Out,Injury/Illness -,"McGowens, Bryce Out Injury/Illness - "
2026-03-11,"Oduro, Josh",Out,G,"Oduro, Josh Out G "
2026-03-11,"Hart, Josh",Doubtful,Injury/Illness -,"Hart, Josh Doubtful Injury/Illness - "
2026-03-11,"Jones, Dillon",Out,G,"Jones, Dillon Out G "
2026-03-11,"McBride, Miles",Out,Injury/Illness -,"McBride, Miles Out Injury/Illness - "
2026-03-11,"George, Keyonte",Questionable,Injury/Illness -,"George, Keyonte Questionable Injury/Illness - "
2026-03-11,"Hinson, Blake",Out,G,"Hinson, Blake Out G "
2026-03-11,"Jackson Jr., Jaren",Out,Injury/Illness -,"Jackson Jr., Jaren Out Injury/Illness - "
2026-03-11,"Kessler, Walker",Out,Injury/Illness -,"Kessler, Walker Out Injury/Illness - "
2026-03-11,"Konchar, John",Out,Injury/Illness -,"Konchar, John Out Injury/Illness - "
2026-03-11,"Markkanen, Lauri",Out,Injury/Illness -,"Markkanen, Lauri Out Injury/Illness - "
2026-03-11,"Nurkic, Jusuf",Out,Injury/Illness -,"Nurkic, Jusuf Out Injury/Illness - "
2026-03-11,"Hall, PJ",Out,G,"Hall, PJ Out G "
2026-03-11,"McNeeley, Liam",Out,Injury/Illness -,"McNeeley, Liam Out Injury/Illness - "
2026-03-11,"Reeves, Antonio",Out,G,"Reeves, Antonio Out G "
2026-03-11,"Salaun, Tidjane",Out,Injury/Illness -,"Salaun, Tidjane Out Injury/Illness - "
2026-03-11,"Williams, Grant",Out,Injury/Illness -,"Williams, Grant Out Injury/Illness - "
2026-03-11,"Cardwell, Dylan",Out,Injury/Illness -,"Cardwell, Dylan Out Injury/Illness - "
2026-03-11,"Carter, Devin",Out,Injury/Illness -,"Carter, Devin Out Injury/Illness - "
2026-03-11,"Hunter, De'Andre",Out,Injury/Illness -,"Hunter, De'Andre Out Injury/Illness - "
2026-03-11,"LaVine, Zach",Out,Injury/Illness -,"LaVine, Zach Out Injury/Illness - "
2026-03-11,"Monk, Malik",Out,Injury/Illness -,"Monk, Malik Out Injury/Illness - "
2026-03-11,"Murray, Keegan",Out,Injury/Illness -,"Murray, Keegan Out Injury/Illness - "
2026-03-11,"Sabonis, Domantas",Out,Injury/Illness -,"Sabonis, Domantas Out Injury/Illness - "
2026-03-11,"Stevens, Isaiah",Out,G,"Stevens, Isaiah Out G "
2026-03-11,"Westbrook, Russell",Out,Injury/Illness -,"Westbrook, Russell Out Injury/Illness - "
2026-03-11,"Adams, Steven",Out,Injury/Illness -,"Adams, Steven Out Injury/Illness - "
2026-03-11,"Smith, Dorian",Out,Injury/Illness -,"Smith, Dorian Out Injury/Illness - "
2026-03-11,"Newton, Tristen",Out,G,"Newton, Tristen Out G "
2026-03-11,"Tate, Jae'Sean",Out,Injury/Illness -,"Tate, Jae'Sean Out Injury/Illness - "
2026-03-11,"VanVleet, Fred",Out,Injury/Illness -,"VanVleet, Fred Out Injury/Illness - "
2026-03-11,"Holmes II, DaRon",Out,G,"Holmes II, DaRon Out G "
2026-03-11,"Johnson, Cameron",Probable,Injury/Illness -,"Johnson, Cameron Probable Injury/Illness - "
2026-03-11,"Jones, Curtis",Out,G,"Jones, Curtis Out G "
2026-03-11,"Murray, Jamal",Probable,Injury/Illness -,"Murray, Jamal Probable Injury/Illness - "
2026-03-11,"Simpson, KJ",Out,G,"Simpson, KJ Out G "
2026-03-11,"Watson, Peyton",Out,Injury/Illness -,"Watson, Peyton Out Injury/Illness - "
2026-03-11,"Beringer, Joan",Out,G,"Beringer, Joan Out G "
2026-03-11,"Dosunmu, Ayo",Questionable,Injury/Illness -,"Dosunmu, Ayo Questionable Injury/Illness - "
2026-03-11,"Freeman, Enrique",Out,G,"Freeman, Enrique Out G "
2026-03-11,"Pullin, Zyon",Out,G,"Pullin, Zyon Out G "
2026-03-11,"Beal, Bradley",Out,Injury/Illness -,"Beal, Bradley Out Injury/Illness - "
2026-03-11,"Collins, John",Out,Injury/Illness -,"Collins, John Out Injury/Illness - "
2026-03-11,"Niederhauser, Yanic Konan",Out,Injury/Illness -,"Niederhauser, Yanic Konan Out Injury/Illness - "
2026-03-11,"Bona, Adem",Questionable,Injury/Illness -,"Bona, Adem Questionable Injury/Illness - "
2026-03-11,"Broome, Johni",Out,Injury/Illness -,"Broome, Johni Out Injury/Illness - "
2026-03-11,"Embiid, Joel",Out,Injury/Illness -,"Embiid, Joel Out Injury/Illness - "
2026-03-11,"George, Paul",Out,League,"George, Paul Out League "
2026-03-11,"Maxey, Tyrese",Out,Injury/Illness -,"Maxey, Tyrese Out Injury/Illness - "
2026-03-11,"Oubre Jr., Kelly",Out,Injury/Illness -,"Oubre Jr., Kelly Out Injury/Illness - "
2026-03-11,"Jones, Isaac",Out,G,"Jones, Isaac Out G "
2026-03-11,"Klintman, Bobi",Out,G,"Klintman, Bobi Out G "
2026-03-11,"Lanier, Chaz",Questionable,G,"Lanier, Chaz Questionable G "
2026-03-11,"LeVert, Caris",Doubtful,Injury/Illness -,"LeVert, Caris Doubtful Injury/Illness - "
2026-03-11,"Moore Jr., Wendell",Out,G,"Moore Jr., Wendell Out G "
2026-03-11,"Smith, Tolu",Out,G,"Smith, Tolu Out G "
2026-03-11,"Thompson, Ausar",Out,Injury/Illness -,"Thompson, Ausar Out Injury/Illness - "
2026-03-11,"Allen, Grayson",Questionable,Injury/Illness -,"Allen, Grayson Questionable Injury/Illness - "
2026-03-11,"Brooks, Dillon",Out,Injury/Illness -,"Brooks, Dillon Out Injury/Illness - "
2026-03-11,"Goodwin, Jordan",Questionable,Injury/Illness -,"Goodwin, Jordan Questionable Injury/Illness - "
2026-03-11,"Highsmith, Haywood",Questionable,Injury/Illness -,"Highsmith, Haywood Questionable Injury/Illness - "
2026-03-11,"Williams, Mark",Out,Injury/Illness -,"Williams, Mark Out Injury/Illness - "
2026-03-11,"Furphy, Johnny",Out,Injury/Illness -,"Furphy, Johnny Out Injury/Illness - "
2026-03-11,"Haliburton, Tyrese",Out,Injury/Illness -,"Haliburton, Tyrese Out Injury/Illness - "
2026-03-11,"Jackson, Quenton",Doubtful,Injury/Illness -,"Jackson, Quenton Doubtful Injury/Illness - "
2026-03-11,"Nembhard, Andrew",Questionable,Injury/Illness -,"Nembhard, Andrew Questionable Injury/Illness - "
2026-03-11,"Nesmith, Aaron",Questionable,Injury/Illness -,"Nesmith, Aaron Questionable Injury/Illness - "
2026-03-11,"Peter, Taelon",Questionable,G,"Peter, Taelon Questionable G "
2026-03-11,"Siakam, Pascal",Doubtful,Injury/Illness -,"Siakam, Pascal Doubtful Injury/Illness - "
2026-03-11,"Slawson, Jalen",Questionable,G,"Slawson, Jalen Questionable G "
2026-03-11,"Thompson, Ethan",Questionable,G,"Thompson, Ethan Questionable G "
2026-03-11,"Zubac, Ivica",Questionable,Injury/Illness -,"Zubac, Ivica Questionable Injury/Illness - "
2026-03-11,"Carrington, Bub",Questionable,Injury/Illness -,"Carrington, Bub Questionable Injury/Illness - "
2026-03-11,"Davis, Anthony",Out,Injury/Illness -,"Davis, Anthony Out Injury/Illness - "
2026-03-11,"George, Kyshawn",Out,Injury/Illness -,"George, Kyshawn Out Injury/Illness - "
2026-03-11,"Russell, D'Angelo",Out,Not,"Russell, D'Angelo Out Not "
2026-03-11,"Whitmore, Cam",Out,Injury/Illness -,"Whitmore, Cam Out Injury/Illness - "
2026-03-11,"Demin, Egor",Out,Injury/Illness -,"Demin, Egor Out Injury/Illness - "
2026-03-11,"Porter Jr., Michael",Out,Injury/Illness -,"Porter Jr., Michael Out Injury/Illness - "
2026-03-11,"Sharpe, Day'Ron",Out,Injury/Illness -,"Sharpe, Day'Ron Out Injury/Illness - "
2026-03-11,"Traore, Nolan",Out,Rest,"Traore, Nolan Out Rest "
2026-03-11,"Williams, Ziaire",Questionable,Injury/Illness -,"Williams, Ziaire Questionable Injury/Illness - "
2026-03-11,"Daniels, Dyson",Questionable,Injury/Illness -,"Daniels, Dyson Questionable Injury/Illness - "
2026-03-11,"Dennis, RayJ",Questionable,G,"Dennis, RayJ Questionable G "
2026-03-11,"Gilbert, Keshon",Questionable,G,"Gilbert, Keshon Questionable G "
2026-03-11,"Kuminga, Jonathan",Questionable,Injury/Illness -,"Kuminga, Jonathan Questionable Injury/Illness - "
2026-03-11,"Newell, Asa",Questionable,G,"Newell, Asa Questionable G "
2026-03-11,"Antetokounmpo, Alex",Out,G,"Antetokounmpo, Alex Out G "
2026-03-11,"Porter Jr., Kevin",Questionable,Injury/Illness -,"Porter Jr., Kevin Questionable Injury/Illness - "
2026-03-11,"Portis, Bobby",Questionable,Injury/Illness -,"Portis, Bobby Questionable Injury/Illness - "
2026-03-11,"Ryan, Cormac",Out,G,"Ryan, Cormac Out G "
2026-03-11,"Sims, Jericho",Questionable,Injury/Illness -,"Sims, Jericho Questionable Injury/Illness - "
2026-03-11,"Herro, Tyler",Questionable,Injury/Illness -,"Herro, Tyler Questionable Injury/Illness - "
2026-03-11,"Jovic, Nikola",Out,Injury/Illness -,"Jovic, Nikola Out Injury/Illness - "
2026-03-11,"Larsson, Pelle",Available,Injury/Illness -,"Larsson, Pelle Available Injury/Illness - "
2026-03-11,"Powell, Norman",Out,Injury/Illness -,"Powell, Norman Out Injury/Illness - "
2026-03-11,"Rozier, Terry",Out,Not,"Rozier, Terry Out Not "
2026-03-11,"Ware, Kel'el",Questionable,Injury/Illness -,"Ware, Kel'el Questionable Injury/Illness - "
2026-03-11,"Wiggins, Andrew",Out,Injury/Illness -,"Wiggins, Andrew Out Injury/Illness - "
2026-03-11,"Young, Jahmir",Out,G,"Young, Jahmir Out G "
2026-03-11,"Cisse, Moussa",Doubtful,G,"Cisse, Moussa Doubtful G "
2026-03-11,"Irving, Kyrie",Out,Injury/Illness -,"Irving, Kyrie Out Injury/Illness - "
2026-03-11,"Lively II, Dereck",Out,Injury/Illness -,"Lively II, Dereck Out Injury/Illness - "
2026-03-11,"Poulakidas, John",Doubtful,G,"Poulakidas, John Doubtful G "
2026-03-11,"Smith, Tyler",Doubtful,G,"Smith, Tyler Doubtful G "
2026-03-11,"Thompson, Klay",Doubtful,Rest,"Thompson, Klay Doubtful Rest "
2026-03-11,"Pritchard, Payton",Probable,Injury/Illness -,"Pritchard, Payton Probable Injury/Illness - "
2026-03-11,"Scheierman, Baylor",Available,Injury/Illness -,"Scheierman, Baylor Available Injury/Illness - "
2026-03-11,"Tatum, Jayson",Questionable,Injury/Illness -,"Tatum, Jayson Questionable Injury/Illness - "
2026-03-11,"Tonje, John",Out,G,"Tonje, John Out G "
2026-03-11,"Vucevic, Nikola",Out,Injury/Illness -,"Vucevic, Nikola Out Injury/Illness - "
2026-03-11,"White, Derrick",Questionable,Injury/Illness -,"White, Derrick Questionable Injury/Illness - "
2026-03-12,"Bona, Adem",Out,Injury/Illness -,"Bona, Adem Out Injury/Illness - "
2026-03-12,"Broome, Johni",Out,Injury/Illness -,"Broome, Johni Out Injury/Illness - "
2026-03-12,"Drummond, Andre",Questionable,Injury/Illness -,"Drummond, Andre Questionable Injury/Illness - "
2026-03-12,"Embiid, Joel",Out,Injury/Illness -,"Embiid, Joel Out Injury/Illness - "
2026-03-12,"George, Paul",Out,League,"George, Paul Out League "
2026-03-12,"Maxey, Tyrese",Out,Injury/Illness -,"Maxey, Tyrese Out Injury/Illness - "
2026-03-12,"Oubre Jr., Kelly",Out,Injury/Illness -,"Oubre Jr., Kelly Out Injury/Illness - "
2026-03-12,"Jones, Isaac",Out,G,"Jones, Isaac Out G "
2026-03-12,"Klintman, Bobi",Out,Coach's,"Klintman, Bobi Out Coach's "
2026-03-12,"LeVert, Caris",Out,Injury/Illness -,"LeVert, Caris Out Injury/Illness - "
2026-03-12,"Moore Jr., Wendell",Out,G,"Moore Jr., Wendell Out G "
2026-03-12,"Smith, Tolu",Out,G,"Smith, Tolu Out G "
2026-03-12,"Thompson, Ausar",Out,Injury/Illness -,"Thompson, Ausar Out Injury/Illness - "
2026-03-12,"Allen, Grayson",Questionable,Injury/Illness -,"Allen, Grayson Questionable Injury/Illness - "
2026-03-12,"Brooks, Dillon",Out,Injury/Illness -,"Brooks, Dillon Out Injury/Illness - "
2026-03-12,"Goodwin, Jordan",Available,Injury/Illness -,"Goodwin, Jordan Available Injury/Illness - "
2026-03-12,"Highsmith, Haywood",Questionable,Injury/Illness -,"Highsmith, Haywood Questionable Injury/Illness - "
2026-03-12,"Williams, Mark",Out,Injury/Illness -,"Williams, Mark Out Injury/Illness - "
2026-03-12,"Furphy, Johnny",Out,Injury/Illness -,"Furphy, Johnny Out Injury/Illness - "
2026-03-12,"Haliburton, Tyrese",Out,Injury/Illness -,"Haliburton, Tyrese Out Injury/Illness - "
2026-03-12,"Jackson, Quenton",Out,Injury/Illness -,"Jackson, Quenton Out Injury/Illness - "
2026-03-12,"Nembhard, Andrew",Available,Injury/Illness -,"Nembhard, Andrew Available Injury/Illness - "
2026-03-12,"Nesmith, Aaron",Out,Injury/Illness -,"Nesmith, Aaron Out Injury/Illness - "
2026-03-12,"Peter, Taelon",Available,G,"Peter, Taelon Available G "
2026-03-12,"Siakam, Pascal",Out,Injury/Illness -,"Siakam, Pascal Out Injury/Illness - "
2026-03-12,"Slawson, Jalen",Available,G,"Slawson, Jalen Available G "
2026-03-12,"Thompson, Ethan",Available,G,"Thompson, Ethan Available G "
2026-03-12,"Toppin, Obi",Out,Injury/Illness -,"Toppin, Obi Out Injury/Illness - "
2026-03-12,"Zubac, Ivica",Available,Injury/Illness -,"Zubac, Ivica Available Injury/Illness - "
2026-03-12,"Carrington, Bub",Available,Injury/Illness -,"Carrington, Bub Available Injury/Illness - "
2026-03-12,"Davis, Anthony",Out,Injury/Illness -,"Davis, Anthony Out Injury/Illness - "
2026-03-12,"George, Kyshawn",Out,Injury/Illness -,"George, Kyshawn Out Injury/Illness - "
2026-03-12,"Russell, D'Angelo",Out,Not,"Russell, D'Angelo Out Not "
2026-03-12,"Whitmore, Cam",Out,Injury/Illness -,"Whitmore, Cam Out Injury/Illness - "
2026-03-12,"Black, Anthony",Out,Injury/Illness -,"Black, Anthony Out Injury/Illness - "
2026-03-12,"Wagner, Franz",Out,Injury/Illness -,"Wagner, Franz Out Injury/Illness - "
2026-03-12,"Demin, Egor",Out,Injury/Illness -,"Demin, Egor Out Injury/Illness - "
2026-03-12,"Porter Jr., Michael",Out,Injury/Illness -,"Porter Jr., Michael Out Injury/Illness - "
2026-03-12,"Sharpe, Day'Ron",Out,Injury/Illness -,"Sharpe, Day'Ron Out Injury/Illness - "
2026-03-12,"Traore, Nolan",Out,Rest,"Traore, Nolan Out Rest "
2026-03-12,"Williams, Ziaire",Out,Injury/Illness -,"Williams, Ziaire Out Injury/Illness - "
2026-03-12,"Daniels, Dyson",Questionable,Injury/Illness -,"Daniels, Dyson Questionable Injury/Illness - "
2026-03-12,"Dennis, RayJ",Available,G,"Dennis, RayJ Available G "
2026-03-12,"Gilbert, Keshon",Out,G,"Gilbert, Keshon Out G "
2026-03-12,"Kuminga, Jonathan",Questionable,Injury/Illness -,"Kuminga, Jonathan Questionable Injury/Illness - "
2026-03-12,"Newell, Asa",Available,G,"Newell, Asa Available G "
2026-03-12,"Antetokounmpo, Alex",Out,G,"Antetokounmpo, Alex Out G "
2026-03-12,"Porter Jr., Kevin",Questionable,Injury/Illness -,"Porter Jr., Kevin Questionable Injury/Illness - "
2026-03-12,"Portis, Bobby",Questionable,Injury/Illness -,"Portis, Bobby Questionable Injury/Illness - "
2026-03-12,"Ryan, Cormac",Out,G,"Ryan, Cormac Out G "
2026-03-12,"Sims, Jericho",Questionable,Injury/Illness -,"Sims, Jericho Questionable Injury/Illness - "
2026-03-12,"Herro, Tyler",Questionable,Injury/Illness -,"Herro, Tyler Questionable Injury/Illness - "
2026-03-12,"Jovic, Nikola",Out,Injury/Illness -,"Jovic, Nikola Out Injury/Illness - "
2026-03-12,"Larsson, Pelle",Available,Injury/Illness -,"Larsson, Pelle Available Injury/Illness - "
2026-03-12,"Powell, Norman",Out,Injury/Illness -,"Powell, Norman Out Injury/Illness - "
2026-03-12,"Rozier, Terry",Out,Not,"Rozier, Terry Out Not "
2026-03-12,"Ware, Kel'el",Available,Injury/Illness -,"Ware, Kel'el Available Injury/Illness - "
2026-03-12,"Wiggins, Andrew",Out,Injury/Illness -,"Wiggins, Andrew Out Injury/Illness - "
2026-03-12,"Young, Jahmir",Out,G,"Young, Jahmir Out G "
2026-03-12,"Cisse, Moussa",Doubtful,G,"Cisse, Moussa Doubtful G "
2026-03-12,"Irving, Kyrie",Out,Injury/Illness -,"Irving, Kyrie Out Injury/Illness - "
2026-03-12,"Lively II, Dereck",Out,Injury/Illness -,"Lively II, Dereck Out Injury/Illness - "
2026-03-12,"Poulakidas, John",Doubtful,G,"Poulakidas, John Doubtful G "
2026-03-12,"Smith, Tyler",Doubtful,G,"Smith, Tyler Doubtful G "
2026-03-12,"Thompson, Klay",Doubtful,Rest,"Thompson, Klay Doubtful Rest "
2026-03-12,"Aldama, Santi",Out,Injury/Illness -,"Aldama, Santi Out Injury/Illness - "
2026-03-12,"Pope, Kentavious",Out,Injury/Illness -,"Pope, Kentavious Out Injury/Illness - "
2026-03-12,"Clarke, Brandon",Out,Injury/Illness -,"Clarke, Brandon Out Injury/Illness - "
2026-03-12,"Clayton Jr., Walter",Doubtful,Injury/Illness -,"Clayton Jr., Walter Doubtful Injury/Illness - "
2026-03-12,"Coward, Cedric",Doubtful,Injury/Illness -,"Coward, Cedric Doubtful Injury/Illness - "
2026-03-12,"Edey, Zach",Out,Injury/Illness -,"Edey, Zach Out Injury/Illness - "
2026-03-12,"Gibson, Taj",Doubtful,Return to,"Gibson, Taj Doubtful Return to "
2026-03-12,"Jerome, Ty",Doubtful,Injury/Illness -,"Jerome, Ty Doubtful Injury/Illness - "
2026-03-12,"Morant, Ja",Out,Injury/Illness -,"Morant, Ja Out Injury/Illness - "
2026-03-12,"Pippen Jr., Scotty",Out,Injury/Illness -,"Pippen Jr., Scotty Out Injury/Illness - "
2026-03-12,"Spencer, Cam",Questionable,Injury/Illness -,"Spencer, Cam Questionable Injury/Illness - "
2026-03-12,"Gordon, Aaron",Questionable,Injury/Illness -,"Gordon, Aaron Questionable Injury/Illness - "
2026-03-12,"Holmes II, DaRon",Out,G,"Holmes II, DaRon Out G "
2026-03-12,"Jones, Curtis",Out,G,"Jones, Curtis Out G "
2026-03-12,"Murray, Jamal",Probable,Injury/Illness -,"Murray, Jamal Probable Injury/Illness - "
2026-03-12,"Simpson, KJ",Out,G,"Simpson, KJ Out G "
2026-03-12,"Watson, Peyton",Out,Injury/Illness -,"Watson, Peyton Out Injury/Illness - "
2026-03-12,"Barnes, Harrison",Questionable,Injury/Illness -,"Barnes, Harrison Questionable Injury/Illness - "
2026-03-12,"Ingram, Harrison",Out,G,"Ingram, Harrison Out G "
2026-03-12,"Garcia, David",Out,G,"Garcia, David Out G "
2026-03-12,"Miller, Emanuel",Out,G,"Miller, Emanuel Out G "
2026-03-12,"Waters III, Lindy",Questionable,Injury/Illness - “” ,"Waters III, Lindy Questionable Injury/Illness - “” ; "
2026-03-12,"Wembanyama, Victor",Questionable,Injury/Illness -,"Wembanyama, Victor Questionable Injury/Illness - "
2026-03-12,"Pritchard, Payton",Available,Injury/Illness -,"Pritchard, Payton Available Injury/Illness - "
2026-03-12,"Scheierman, Baylor",Available,Injury/Illness -,"Scheierman, Baylor Available Injury/Illness - "
2026-03-12,"Tatum, Jayson",Out,Injury/Illness -,"Tatum, Jayson Out Injury/Illness - "
2026-03-12,"Tonje, John",Out,G,"Tonje, John Out G "
2026-03-12,"Vucevic, Nikola",Out,Injury/Illness -,"Vucevic, Nikola Out Injury/Illness - "
2026-03-12,"White, Derrick",Questionable,Injury/Illness -,"White, Derrick Questionable Injury/Illness - "
2026-03-12,"Carlson, Branden",Out,Injury/Illness -,"Carlson, Branden Out Injury/Illness - "
2026-03-12,"Hartenstein, Isaiah",Out,Injury/Illness -,"Hartenstein, Isaiah Out Injury/Illness - "
2026-03-12,"Sorber, Thomas",Out,Injury/Illness -,"Sorber, Thomas Out Injury/Illness - "
2026-03-12,"Topic, Nikola",Out,G,"Topic, Nikola Out G "
2026-03-12,"Williams, Jalen",Out,Injury/Illness -,"Williams, Jalen Out Injury/Illness - "
2026-03-12,"Buzelis, Matas",Probable,Injury/Illness -,"Buzelis, Matas Probable Injury/Illness - "
2026-03-12,"Collins, Zach",Out,Injury/Illness -,"Collins, Zach Out Injury/Illness - "
2026-03-12,"Essengue, Noa",Out,Injury/Illness -,"Essengue, Noa Out Injury/Illness - "
2026-03-12,"Giddey, Josh",Probable,Injury/Illness -,"Giddey, Josh Probable Injury/Illness - "
2026-03-12,"Ivey, Jaden",Out,Injury/Illness -,"Ivey, Jaden Out Injury/Illness - "
2026-03-12,"McClung, Mac",Out,G,"McClung, Mac Out G "
2026-03-12,"Okoro, Isaac",Questionable,Injury/Illness -,"Okoro, Isaac Questionable Injury/Illness - "
2026-03-12,"Sexton, Collin",Questionable,Injury/Illness -,"Sexton, Collin Questionable Injury/Illness - "
2026-03-12,"Simons, Anfernee",Out,Injury/Illness -,"Simons, Anfernee Out Injury/Illness - "
2026-03-12,"Smith, Jalen",Questionable,Injury/Illness -,"Smith, Jalen Questionable Injury/Illness - "
2026-03-12,"Williams, Patrick",Doubtful,Injury/Illness -,"Williams, Patrick Doubtful Injury/Illness - "
2026-03-12,"Yabusele, Guerschon",Doubtful,Injury/Illness -,"Yabusele, Guerschon Doubtful Injury/Illness - "
2026-03-12,"Hayes, Jaxson",Out,Injury/Illness -,"Hayes, Jaxson Out Injury/Illness - "
2026-03-12,"James, LeBron",Questionable,Injury/Illness -,"James, LeBron Questionable Injury/Illness - "
2026-03-12,"Kleber, Maxi",Out,Injury/Illness -,"Kleber, Maxi Out Injury/Illness - "
2026-03-12,"Smart, Marcus",Out,Injury/Illness -,"Smart, Marcus Out Injury/Illness - "
2026-03-12,"Hart, Josh",Questionable,Injury/Illness -,"Hart, Josh Questionable Injury/Illness - "
2026-03-12,"Jones, Dillon",Out,G,"Jones, Dillon Out G "
2026-03-12,"McBride, Miles",Out,Injury/Illness -,"McBride, Miles Out Injury/Illness - "
2026-03-12,"Towns, Karl- Anthony",Questionable,Injury/Illness -,"Towns, Karl- Anthony Questionable Injury/Illness - "
2026-03-12,"Barnes, Scottie",Questionable,Injury/Illness -,"Barnes, Scottie Questionable Injury/Illness - "
2026-03-12,"Hepburn, Chucky",Out,G,"Hepburn, Chucky Out G "
2026-03-12,"Boyles, Collin",Questionable,Injury/Illness -,"Boyles, Collin Questionable Injury/Illness - "
2026-03-13,"Allen, Jarrett",Out,Injury/Illness -,"Allen, Jarrett Out Injury/Illness - "
2026-03-13,"Ellis, Keon",Available,Injury/Illness -,"Ellis, Keon Available Injury/Illness - "
2026-03-13,"Harden, James",Available,Injury/Illness -,"Harden, James Available Injury/Illness - "
2026-03-13,"Merrill, Sam",Questionable,Injury/Illness -,"Merrill, Sam Questionable Injury/Illness - "
2026-03-13,"Proctor, Tyrese",Out,Injury/Illness -,"Proctor, Tyrese Out Injury/Illness - "
2026-03-13,"Sarr, Olivier",Out,G,"Sarr, Olivier Out G "
2026-03-13,"Strus, Max",Out,Injury/Illness -,"Strus, Max Out Injury/Illness - "
2026-03-13,"Cisse, Moussa",Doubtful,G,"Cisse, Moussa Doubtful G "
2026-03-13,"Gafford, Daniel",Doubtful,Rest,"Gafford, Daniel Doubtful Rest "
2026-03-13,"Irving, Kyrie",Out,Injury/Illness -,"Irving, Kyrie Out Injury/Illness - "
2026-03-13,"Lively II, Dereck",Out,Injury/Illness -,"Lively II, Dereck Out Injury/Illness - "
2026-03-13,"Marshall, Naji",Questionable,Injury/Illness -,"Marshall, Naji Questionable Injury/Illness - "
2026-03-13,"Martin, Caleb",Probable,Injury/Illness -,"Martin, Caleb Probable Injury/Illness - "
2026-03-13,"Poulakidas, John",Doubtful,G,"Poulakidas, John Doubtful G "
2026-03-13,"Smith, Tyler",Doubtful,G,"Smith, Tyler Doubtful G "
2026-03-13,"Aldama, Santi",Out,Injury/Illness -,"Aldama, Santi Out Injury/Illness - "
2026-03-13,"Pope, Kentavious",Out,Injury/Illness -,"Pope, Kentavious Out Injury/Illness - "
2026-03-13,"Clarke, Brandon",Out,Injury/Illness -,"Clarke, Brandon Out Injury/Illness - "
2026-03-13,"Clayton Jr., Walter",Doubtful,Injury/Illness -,"Clayton Jr., Walter Doubtful Injury/Illness - "
2026-03-13,"Edey, Zach",Out,Injury/Illness -,"Edey, Zach Out Injury/Illness - "
2026-03-13,"Gibson, Taj",Questionable,Return to,"Gibson, Taj Questionable Return to "
2026-03-13,"Jackson, GG",Questionable,Injury/Illness -,"Jackson, GG Questionable Injury/Illness - "
2026-03-13,"Mashack, Jahmai",Available,Injury/Illness -,"Mashack, Jahmai Available Injury/Illness - "
2026-03-13,"Morant, Ja",Out,Injury/Illness -,"Morant, Ja Out Injury/Illness - "
2026-03-13,"Pippen Jr., Scotty",Out,Injury/Illness -,"Pippen Jr., Scotty Out Injury/Illness - "
2026-03-13,"Wells, Jaylen",Questionable,Injury/Illness -,"Wells, Jaylen Questionable Injury/Illness - "
2026-03-13,"Duren, Jalen",Questionable,Injury/Illness -,"Duren, Jalen Questionable Injury/Illness - "
2026-03-13,"Harris, Tobias",Questionable,Injury/Illness -,"Harris, Tobias Questionable Injury/Illness - "
2026-03-13,"Jones, Isaac",Questionable,G,"Jones, Isaac Questionable G "
2026-03-13,"Lanier, Chaz",Questionable,G,"Lanier, Chaz Questionable G "
2026-03-13,"LeVert, Caris",Probable,Injury/Illness -,"LeVert, Caris Probable Injury/Illness - "
2026-03-13,"Moore Jr., Wendell",Out,G,"Moore Jr., Wendell Out G "
2026-03-13,"Smith, Tolu",Questionable,G,"Smith, Tolu Questionable G "
2026-03-13,"Thompson, Ausar",Doubtful,Injury/Illness -,"Thompson, Ausar Doubtful Injury/Illness - "
2026-03-13,"Hart, Josh",Doubtful,Injury/Illness -,"Hart, Josh Doubtful Injury/Illness - "
2026-03-13,"Jones, Dillon",Questionable,G,"Jones, Dillon Questionable G "
2026-03-13,"McBride, Miles",Out,Injury/Illness -,"McBride, Miles Out Injury/Illness - "
2026-03-13,"Sochan, Jeremy",Doubtful,Injury/Illness -,"Sochan, Jeremy Doubtful Injury/Illness - "
2026-03-13,"Towns, Karl- Anthony",Doubtful,Injury/Illness -,"Towns, Karl- Anthony Doubtful Injury/Illness - "
2026-03-13,"Furphy, Johnny",Out,Injury/Illness -,"Furphy, Johnny Out Injury/Illness - "
2026-03-13,"Haliburton, Tyrese",Out,Injury/Illness -,"Haliburton, Tyrese Out Injury/Illness - "
2026-03-13,"Jackson, Quenton",Doubtful,Injury/Illness -,"Jackson, Quenton Doubtful Injury/Illness - "
2026-03-13,"Nembhard, Andrew",Questionable,Injury/Illness -,"Nembhard, Andrew Questionable Injury/Illness - "
2026-03-13,"Nesmith, Aaron",Probable,Injury/Illness -,"Nesmith, Aaron Probable Injury/Illness - "
2026-03-13,"Peter, Taelon",Doubtful,G,"Peter, Taelon Doubtful G "
2026-03-13,"Siakam, Pascal",Doubtful,Injury/Illness -,"Siakam, Pascal Doubtful Injury/Illness - "
2026-03-13,"Slawson, Jalen",Doubtful,G,"Slawson, Jalen Doubtful G "
2026-03-13,"Thompson, Ethan",Doubtful,G,"Thompson, Ethan Doubtful G "
2026-03-13,"Toppin, Obi",Probable,Injury/Illness -,"Toppin, Obi Probable Injury/Illness - "
2026-03-13,"Zubac, Ivica",Questionable,Injury/Illness -,"Zubac, Ivica Questionable Injury/Illness - "
2026-03-13,"Brooks, Dillon",Out,Injury/Illness -,"Brooks, Dillon Out Injury/Illness - "
2026-03-13,"Goodwin, Jordan",Questionable,Injury/Illness -,"Goodwin, Jordan Questionable Injury/Illness - "
2026-03-13,"Williams, Mark",Out,Injury/Illness -,"Williams, Mark Out Injury/Illness - "
2026-03-13,"Barnes, Scottie",Questionable,Injury/Illness -,"Barnes, Scottie Questionable Injury/Illness - "
2026-03-13,"Hepburn, Chucky",Out,G,"Hepburn, Chucky Out G "
2026-03-13,"Boyles, Collin",Doubtful,Injury/Illness -,"Boyles, Collin Doubtful Injury/Illness - "
2026-03-13,"Alexander, Trey",Out,G,"Alexander, Trey Out G "
2026-03-13,"Dickinson, Hunter",Out,G,"Dickinson, Hunter Out G "
2026-03-13,"McGowens, Bryce",Out,Injury/Illness -,"McGowens, Bryce Out Injury/Illness - "
2026-03-13,"Oduro, Josh",Out,G,"Oduro, Josh Out G "
2026-03-13,"Adams, Steven",Out,Injury/Illness -,"Adams, Steven Out Injury/Illness - "
2026-03-13,"Crawford, Isaiah",Out,G,"Crawford, Isaiah Out G "
2026-03-13,"Davison, JD",Out,G,"Davison, JD Out G "
2026-03-13,"Sengun, Alperen",Questionable,Injury/Illness -,"Sengun, Alperen Questionable Injury/Illness - "
2026-03-13,"Tate, Jae'Sean",Out,Injury/Illness -,"Tate, Jae'Sean Out Injury/Illness - "
2026-03-13,"VanVleet, Fred",Out,Injury/Illness -,"VanVleet, Fred Out Injury/Illness - "
2026-03-13,"Beringer, Joan",Out,G,"Beringer, Joan Out G "
2026-03-13,"Dosunmu, Ayo",Questionable,Injury/Illness -,"Dosunmu, Ayo Questionable Injury/Illness - "
2026-03-13,"Edwards, Anthony",Questionable,Injury/Illness -,"Edwards, Anthony Questionable Injury/Illness - "
2026-03-13,"Freeman, Enrique",Out,G,"Freeman, Enrique Out G "
2026-03-13,"Pullin, Zyon",Out,G,"Pullin, Zyon Out G "
2026-03-13,"Butler III, Jimmy",Out,Injury/Illness -,"Butler III, Jimmy Out Injury/Illness - "
2026-03-13,"Curry, Stephen",Out,Injury/Illness -,"Curry, Stephen Out Injury/Illness - "
2026-03-13,"Melton, De'Anthony",Questionable,Injury/Illness -,"Melton, De'Anthony Questionable Injury/Illness - "
2026-03-13,"Moody, Moses",Out,Injury/Illness -,"Moody, Moses Out Injury/Illness - "
2026-03-13,"Post, Quinten",Questionable,Injury/Illness -,"Post, Quinten Questionable Injury/Illness - "
2026-03-13,"George, Keyonte",Out,Injury/Illness -,"George, Keyonte Out Injury/Illness - "
2026-03-13,"Hinson, Blake",Out,G,"Hinson, Blake Out G "
2026-03-13,"Jackson Jr., Jaren",Out,Injury/Illness -,"Jackson Jr., Jaren Out Injury/Illness - "
2026-03-13,"Kessler, Walker",Out,Injury/Illness -,"Kessler, Walker Out Injury/Illness - "
2026-03-13,"Konchar, John",Out,Injury/Illness -,"Konchar, John Out Injury/Illness - "
2026-03-13,"Markkanen, Lauri",Out,Injury/Illness -,"Markkanen, Lauri Out Injury/Illness - "
2026-03-13,"Nurkic, Jusuf",Out,Injury/Illness -,"Nurkic, Jusuf Out Injury/Illness - "
2026-03-13,"Kent, Jayson",Questionable,G,"Kent, Jayson Questionable G "
2026-03-13,"Lillard, Damian",Out,Injury/Illness -,"Lillard, Damian Out Injury/Illness - "
2026-03-13,"Sharpe, Shaedon",Out,Injury/Illness -,"Sharpe, Shaedon Out Injury/Illness - "
2026-03-13,"Williams III, Robert",Questionable,Injury/Illness -,"Williams III, Robert Questionable Injury/Illness - "
2026-03-13,"Yang, Hansen",Available,G,"Yang, Hansen Available G "
2026-03-13,"Youngblood, Chris",Questionable,G,"Youngblood, Chris Questionable G "
2026-03-13,"Collins, Zach",Out,Injury/Illness -,"Collins, Zach Out Injury/Illness - "
2026-03-13,"Essengue, Noa",Out,Injury/Illness -,"Essengue, Noa Out Injury/Illness - "
2026-03-13,"Ivey, Jaden",Out,Injury/Illness -,"Ivey, Jaden Out Injury/Illness - "
2026-03-13,"McClung, Mac",Out,G,"McClung, Mac Out G "
2026-03-13,"Okoro, Isaac",Doubtful,Injury/Illness -,"Okoro, Isaac Doubtful Injury/Illness - "
2026-03-13,"Sexton, Collin",Doubtful,Injury/Illness -,"Sexton, Collin Doubtful Injury/Illness - "
2026-03-13,"Simons, Anfernee",Out,Injury/Illness -,"Simons, Anfernee Out Injury/Illness - "
2026-03-13,"Smith, Jalen",Doubtful,Injury/Illness -,"Smith, Jalen Doubtful Injury/Illness - "
2026-03-13,"Williams, Patrick",Questionable,Injury/Illness -,"Williams, Patrick Questionable Injury/Illness - "
2026-03-13,"Yabusele, Guerschon",Questionable,Injury/Illness -,"Yabusele, Guerschon Questionable Injury/Illness - "
2026-03-13,"Beal, Bradley",Out,Injury/Illness -,"Beal, Bradley Out Injury/Illness - "
2026-03-13,"Collins, John",Out,Injury/Illness -,"Collins, John Out Injury/Illness - "
2026-03-13,"Garland, Darius",Out,Injury/Illness -,"Garland, Darius Out Injury/Illness - "
2026-03-13,"Niederhauser, Yanic Konan",Out,Injury/Illness -,"Niederhauser, Yanic Konan Out Injury/Illness - "
2026-03-13,"Agbaji, Ochai",Probable,Injury/Illness -,"Agbaji, Ochai Probable Injury/Illness - "
2026-03-13,"Claxton, Nic",Out,Rest,"Claxton, Nic Out Rest "
2026-03-13,"Demin, Egor",Out,Injury/Illness -,"Demin, Egor Out Injury/Illness - "
2026-03-13,"Porter Jr., Michael",Doubtful,Injury/Illness -,"Porter Jr., Michael Doubtful Injury/Illness - "
2026-03-13,"Powell, Drake",Out,Injury/Illness -,"Powell, Drake Out Injury/Illness - "
2026-03-13,"Sharpe, Day'Ron",Out,Injury/Illness -,"Sharpe, Day'Ron Out Injury/Illness - "
2026-03-13,"Bona, Adem",Questionable,Injury/Illness -,"Bona, Adem Questionable Injury/Illness - "
2026-03-13,"Broome, Johni",Out,Injury/Illness -,"Broome, Johni Out Injury/Illness - "
2026-03-13,"Drummond, Andre",Questionable,Injury/Illness -,"Drummond, Andre Questionable Injury/Illness - "
2026-03-13,"Embiid, Joel",Out,Injury/Illness -,"Embiid, Joel Out Injury/Illness - "
2026-03-13,"George, Paul",Out,League,"George, Paul Out League "
2026-03-13,"Maxey, Tyrese",Out,Injury/Illness -,"Maxey, Tyrese Out Injury/Illness - "
2026-03-13,"Oubre Jr., Kelly",Out,Injury/Illness -,"Oubre Jr., Kelly Out Injury/Illness - "
2026-03-13,"Antetokounmpo, Alex",Out,G,"Antetokounmpo, Alex Out G "
2026-03-13,"Antetokounmpo, Giannis",Questionable,Injury/Illness -,"Antetokounmpo, Giannis Questionable Injury/Illness - "
2026-03-13,"Dieng, Ousmane",Questionable,Injury/Illness -,"Dieng, Ousmane Questionable Injury/Illness - "
2026-03-13,"Porter Jr., Kevin",Questionable,Injury/Illness -,"Porter Jr., Kevin Questionable Injury/Illness - "
2026-03-13,"Ryan, Cormac",Out,G,"Ryan, Cormac Out G "
2026-03-13,"Dennis, RayJ",Questionable,G,"Dennis, RayJ Questionable G "
2026-03-13,"Gilbert, Keshon",Questionable,G,"Gilbert, Keshon Questionable G "
2026-03-13,"Kuminga, Jonathan",Out,Injury/Illness -,"Kuminga, Jonathan Out Injury/Illness - "
2026-03-13,"Newell, Asa",Questionable,G,"Newell, Asa Questionable G "
2026-03-13,"Cooper, Sharife",Questionable,Injury/Illness -,"Cooper, Sharife Questionable Injury/Illness - "
2026-03-13,"Davis, Anthony",Out,Injury/Illness -,"Davis, Anthony Out Injury/Illness - "
2026-03-13,"George, Kyshawn",Out,Injury/Illness -,"George, Kyshawn Out Injury/Illness - "
2026-03-13,"Russell, D'Angelo",Out,Not,"Russell, D'Angelo Out Not "
2026-03-13,"Whitmore, Cam",Out,Injury/Illness -,"Whitmore, Cam Out Injury/Illness - "
2026-03-13,"Scheierman, Baylor",Probable,Injury/Illness -,"Scheierman, Baylor Probable Injury/Illness - "
2026-03-13,"Tonje, John",Questionable,G,"Tonje, John Questionable G "
2026-03-13,"Vucevic, Nikola",Out,Injury/Illness -,"Vucevic, Nikola Out Injury/Illness - "
2026-03-13,"White, Derrick",Probable,Injury/Illness -,"White, Derrick Probable Injury/Illness - "
2026-03-13,"Black, Anthony",Out,Injury/Illness -,"Black, Anthony Out Injury/Illness - "
2026-03-13,"Castleton, Colin",Out,G,"Castleton, Colin Out G "
2026-03-13,"Isaac, Jonathan",Out,Injury/Illness -,"Isaac, Jonathan Out Injury/Illness - "
2026-03-13,"Morales, Alex",Out,G,"Morales, Alex Out G "
2026-03-13,"Wagner, Franz",Out,Injury/Illness -,"Wagner, Franz Out Injury/Illness - "
2026-03-13,"Herro, Tyler",Questionable,Injury/Illness -,"Herro, Tyler Questionable Injury/Illness - "
2026-03-13,"Jakucionis, Kasparas",Available,Injury/Illness -,"Jakucionis, Kasparas Available Injury/Illness - "
2026-03-13,"Jovic, Nikola",Out,Injury/Illness -,"Jovic, Nikola Out Injury/Illness - "
2026-03-13,"Powell, Norman",Questionable,Injury/Illness -,"Powell, Norman Questionable Injury/Illness - "
2026-03-13,"Rozier, Terry",Out,Not,"Rozier, Terry Out Not "
2026-03-13,"Smith, Dru",Probable,Injury/Illness -,"Smith, Dru Probable Injury/Illness - "
2026-03-13,"Ware, Kel'el",Available,Injury/Illness -,"Ware, Kel'el Available Injury/Illness - "
2026-03-13,"Wiggins, Andrew",Out,Injury/Illness -,"Wiggins, Andrew Out Injury/Illness - "
2026-03-13,"Young, Jahmir",Doubtful,G,"Young, Jahmir Doubtful G "
2026-03-14,"Agbaji, Ochai",Available,Injury/Illness -,"Agbaji, Ochai Available Injury/Illness - "
2026-03-14,"Claxton, Nic",Out,Rest,"Claxton, Nic Out Rest "
2026-03-14,"Demin, Egor",Out,Injury/Illness -,"Demin, Egor Out Injury/Illness - "
2026-03-14,"Porter Jr., Michael",Out,Injury/Illness -,"Porter Jr., Michael Out Injury/Illness - "
2026-03-14,"Powell, Drake",Out,Injury/Illness -,"Powell, Drake Out Injury/Illness - "
2026-03-14,"Sharpe, Day'Ron",Out,Injury/Illness -,"Sharpe, Day'Ron Out Injury/Illness - "
2026-03-14,"Bona, Adem",Available,Injury/Illness -,"Bona, Adem Available Injury/Illness - "
2026-03-14,"Broome, Johni",Out,Injury/Illness -,"Broome, Johni Out Injury/Illness - "
2026-03-14,"Drummond, Andre",Out,Injury/Illness -,"Drummond, Andre Out Injury/Illness - "
2026-03-14,"Embiid, Joel",Out,Injury/Illness -,"Embiid, Joel Out Injury/Illness - "
2026-03-14,"George, Paul",Out,League,"George, Paul Out League "
2026-03-14,"Maxey, Tyrese",Out,Injury/Illness -,"Maxey, Tyrese Out Injury/Illness - "
2026-03-14,"Oubre Jr., Kelly",Out,Injury/Illness -,"Oubre Jr., Kelly Out Injury/Illness - "
2026-03-14,"Walker, Jabari",Out,Injury/Illness -,"Walker, Jabari Out Injury/Illness - "
2026-03-14,"Antetokounmpo, Alex",Out,G,"Antetokounmpo, Alex Out G "
2026-03-14,"Antetokounmpo, Giannis",Out,Injury/Illness -,"Antetokounmpo, Giannis Out Injury/Illness - "
2026-03-14,"Dieng, Ousmane",Out,Injury/Illness -,"Dieng, Ousmane Out Injury/Illness - "
2026-03-14,"Porter Jr., Kevin",Available,Injury/Illness -,"Porter Jr., Kevin Available Injury/Illness - "
2026-03-14,"Ryan, Cormac",Out,G,"Ryan, Cormac Out G "
2026-03-14,"Dennis, RayJ",Available,G,"Dennis, RayJ Available G "
2026-03-14,"Gilbert, Keshon",Out,G,"Gilbert, Keshon Out G "
2026-03-14,"Kuminga, Jonathan",Out,Injury/Illness -,"Kuminga, Jonathan Out Injury/Illness - "
2026-03-14,"Newell, Asa",Out,G,"Newell, Asa Out G "
2026-03-14,"Hall, PJ",Out,G,"Hall, PJ Out G "
2026-03-14,"Kalkbrenner, Ryan",Available,Injury/Illness -,"Kalkbrenner, Ryan Available Injury/Illness - "
2026-03-14,"McNeeley, Liam",Out,Injury/Illness -,"McNeeley, Liam Out Injury/Illness - "
2026-03-14,"Reeves, Antonio",Out,G,"Reeves, Antonio Out G "
2026-03-14,"Salaun, Tidjane",Out,Injury/Illness -,"Salaun, Tidjane Out Injury/Illness - "
2026-03-14,"White, Coby",Available,Injury/Illness -,"White, Coby Available Injury/Illness - "
2026-03-14,"Harper, Dylan",Out,Injury/Illness -,"Harper, Dylan Out Injury/Illness - "
2026-03-14,"Garcia, David",Out,G,"Garcia, David Out G "
2026-03-14,"Miller, Emanuel",Out,G,"Miller, Emanuel Out G "
2026-03-14,"Black, Leaky",Out,G,"Black, Leaky Out G "
2026-03-14,"Cooper, Sharife",Available,Injury/Illness -,"Cooper, Sharife Available Injury/Illness - "
2026-03-14,"Davis, Anthony",Out,Injury/Illness -,"Davis, Anthony Out Injury/Illness - "
2026-03-14,"George, Kyshawn",Out,Injury/Illness -,"George, Kyshawn Out Injury/Illness - "
2026-03-14,"Reese, Julian",Out,G,"Reese, Julian Out G "
2026-03-14,"Russell, D'Angelo",Out,Not,"Russell, D'Angelo Out Not "
2026-03-14,"Whitmore, Cam",Out,Injury/Illness -,"Whitmore, Cam Out Injury/Illness - "
2026-03-14,"Scheierman, Baylor",Available,Injury/Illness -,"Scheierman, Baylor Available Injury/Illness - "
2026-03-14,"Tonje, John",Available,G,"Tonje, John Available G "
2026-03-14,"Vucevic, Nikola",Out,Injury/Illness -,"Vucevic, Nikola Out Injury/Illness - "
2026-03-14,"White, Derrick",Available,Injury/Illness -,"White, Derrick Available Injury/Illness - "
2026-03-14,"Black, Anthony",Out,Injury/Illness -,"Black, Anthony Out Injury/Illness - "
2026-03-14,"Castleton, Colin",Out,G,"Castleton, Colin Out G "
2026-03-14,"Isaac, Jonathan",Out,Injury/Illness -,"Isaac, Jonathan Out Injury/Illness - "
2026-03-14,"Morales, Alex",Out,G,"Morales, Alex Out G "
2026-03-14,"Wagner, Franz",Out,Injury/Illness -,"Wagner, Franz Out Injury/Illness - "
2026-03-14,"Herro, Tyler",Available,Injury/Illness -,"Herro, Tyler Available Injury/Illness - "
2026-03-14,"Jakucionis, Kasparas",Available,Injury/Illness -,"Jakucionis, Kasparas Available Injury/Illness - "
2026-03-14,"Jovic, Nikola",Out,Injury/Illness -,"Jovic, Nikola Out Injury/Illness - "
2026-03-14,"Powell, Norman",Available,Injury/Illness -,"Powell, Norman Available Injury/Illness - "
2026-03-14,"Rozier, Terry",Out,Not,"Rozier, Terry Out Not "
2026-03-14,"Smith, Dru",Probable,Injury/Illness -,"Smith, Dru Probable Injury/Illness - "
2026-03-14,"Ware, Kel'el",Available,Injury/Illness -,"Ware, Kel'el Available Injury/Illness - "
2026-03-14,"Wiggins, Andrew",Out,Injury/Illness -,"Wiggins, Andrew Out Injury/Illness - "
2026-03-14,"Young, Jahmir",Available,G,"Young, Jahmir Available G "
2026-03-14,"Gordon, Aaron",Probable,Injury/Illness -,"Gordon, Aaron Probable Injury/Illness - "
2026-03-14,"Holmes II, DaRon",Out,G,"Holmes II, DaRon Out G "
2026-03-14,"Jones, Curtis",Out,G,"Jones, Curtis Out G "
2026-03-14,"Murray, Jamal",Probable,Injury/Illness -,"Murray, Jamal Probable Injury/Illness - "
2026-03-14,"Simpson, KJ",Out,G,"Simpson, KJ Out G "
2026-03-14,"Watson, Peyton",Out,Injury/Illness -,"Watson, Peyton Out Injury/Illness - "
2026-03-14,"Hayes, Jaxson",Available,Injury/Illness -,"Hayes, Jaxson Available Injury/Illness - "
2026-03-14,"Kleber, Maxi",Out,Injury/Illness -,"Kleber, Maxi Out Injury/Illness - "
2026-03-14,"Baldwin Jr., Patrick",Out,G,"Baldwin Jr., Patrick Out G "
2026-03-14,"Carter, Devin",Out,Injury/Illness -,"Carter, Devin Out Injury/Illness - "
2026-03-14,"Eubanks, Drew",Out,Injury/Illness -,"Eubanks, Drew Out Injury/Illness - "
2026-03-14,"Hunter, De'Andre",Out,Injury/Illness -,"Hunter, De'Andre Out Injury/Illness - "
2026-03-14,"LaVine, Zach",Out,Injury/Illness -,"LaVine, Zach Out Injury/Illness - "
2026-03-14,"Monk, Malik",Out,Injury/Illness -,"Monk, Malik Out Injury/Illness - "
2026-03-14,"Murray, Keegan",Out,Injury/Illness -,"Murray, Keegan Out Injury/Illness - "
2026-03-14,"Sabonis, Domantas",Out,Injury/Illness -,"Sabonis, Domantas Out Injury/Illness - "
2026-03-14,"Stevens, Isaiah",Out,G,"Stevens, Isaiah Out G "
2026-03-14,"Batum, Nicolas",Out,Rest,"Batum, Nicolas Out Rest "
2026-03-14,"Beal, Bradley",Out,Injury/Illness -,"Beal, Bradley Out Injury/Illness - "
2026-03-14,"Niederhauser, Yanic Konan",Out,Injury/Illness -,"Niederhauser, Yanic Konan Out Injury/Illness - "
2026-03-14,"Cisse, Moussa",Doubtful,G,"Cisse, Moussa Doubtful G "
2026-03-14,"Gafford, Daniel",Doubtful,Injury/Illness -,"Gafford, Daniel Doubtful Injury/Illness - "
2026-03-14,"Irving, Kyrie",Out,Injury/Illness -,"Irving, Kyrie Out Injury/Illness - "
2026-03-14,"Lively II, Dereck",Out,Injury/Illness -,"Lively II, Dereck Out Injury/Illness - "
2026-03-14,"Martin, Caleb",Probable,Injury/Illness -,"Martin, Caleb Probable Injury/Illness - "
2026-03-14,"Poulakidas, John",Questionable,G,"Poulakidas, John Questionable G "
2026-03-14,"Smith, Tyler",Questionable,G,"Smith, Tyler Questionable G "
2026-03-14,"Thompson, Klay",Doubtful,Rest -,"Thompson, Klay Doubtful Rest - "
2026-03-14,"Allen, Jarrett",Out,Injury/Illness -,"Allen, Jarrett Out Injury/Illness - "
2026-03-14,"Ellis, Keon",Available,Injury/Illness -,"Ellis, Keon Available Injury/Illness - "
2026-03-14,"Harden, James",Available,Injury/Illness -,"Harden, James Available Injury/Illness - "
2026-03-14,"Merrill, Sam",Out,Injury/Illness -,"Merrill, Sam Out Injury/Illness - "
2026-03-14,"Porter Jr., Craig",Out,Injury/Illness -,"Porter Jr., Craig Out Injury/Illness - "
2026-03-14,"Proctor, Tyrese",Out,Injury/Illness -,"Proctor, Tyrese Out Injury/Illness - "
2026-03-14,"Sarr, Olivier",Out,G,"Sarr, Olivier Out G "
2026-03-14,"Strus, Max",Probable,Injury/Illness -,"Strus, Max Probable Injury/Illness - "
2026-03-14,"Tyson, Jaylon",Questionable,Injury/Illness -,"Tyson, Jaylon Questionable Injury/Illness - "
2026-03-14,"Jones, Isaac",Out,G,"Jones, Isaac Out G "
2026-03-14,"Klintman, Bobi",Out,G,"Klintman, Bobi Out G "
2026-03-14,"Lanier, Chaz",Out,G,"Lanier, Chaz Out G "
2026-03-14,"Moore Jr., Wendell",Out,G,"Moore Jr., Wendell Out G "
2026-03-14,"Stewart, Isaiah",Out,Injury/Illness -,"Stewart, Isaiah Out Injury/Illness - "
2026-03-14,"Thompson, Ausar",Probable,Injury/Illness -,"Thompson, Ausar Probable Injury/Illness - "
2026-03-14,"Hepburn, Chucky",Out,G,"Hepburn, Chucky Out G "
2026-03-14,"Boyles, Collin",Out,Injury/Illness -,"Boyles, Collin Out Injury/Illness - "
2026-03-14,"Kent, Jayson",Out,G,"Kent, Jayson Out G "
2026-03-14,"Lillard, Damian",Out,Injury/Illness -,"Lillard, Damian Out Injury/Illness - "
2026-03-14,"Love, Caleb",Out,G,"Love, Caleb Out G "
2026-03-14,"Sharpe, Shaedon",Out,Injury/Illness -,"Sharpe, Shaedon Out Injury/Illness - "
2026-03-14,"Williams III, Robert",Questionable,Injury/Illness -,"Williams III, Robert Questionable Injury/Illness - "
2026-03-14,"Yang, Hansen",Out,G,"Yang, Hansen Out G "
2026-03-14,"Youngblood, Chris",Out,G,"Youngblood, Chris Out G "
2026-03-14,"Butler III, Jimmy",Out,Injury/Illness -,"Butler III, Jimmy Out Injury/Illness - "
2026-03-14,"Curry, Seth",Out,Injury/Illness -,"Curry, Seth Out Injury/Illness - "
2026-03-14,"Curry, Stephen",Out,Injury/Illness -,"Curry, Stephen Out Injury/Illness - "
2026-03-14,"Green, Draymond",Out,Injury/Illness -,"Green, Draymond Out Injury/Illness - "
2026-03-14,"Horford, Al",Out,Injury/Illness -,"Horford, Al Out Injury/Illness - "
2026-03-14,"Melton, De'Anthony",Out,Injury/Illness -,"Melton, De'Anthony Out Injury/Illness - "
2026-03-14,"Moody, Moses",Out,Injury/Illness -,"Moody, Moses Out Injury/Illness - "
2026-03-14,"Porzingis, Kristaps",Out,Injury/Illness -,"Porzingis, Kristaps Out Injury/Illness - "
2026-03-14,"Post, Quinten",Questionable,Injury/Illness -,"Post, Quinten Questionable Injury/Illness - "
2026-03-14,"Dadiet, Pacome",Questionable,G,"Dadiet, Pacome Questionable G "
2026-03-14,"Hart, Josh",Questionable,Injury/Illness -,"Hart, Josh Questionable Injury/Illness - "
2026-03-14,"Hukporti, Ariel",Questionable,G,"Hukporti, Ariel Questionable G "
2026-03-14,"Jemison III, Trey",Questionable,G,"Jemison III, Trey Questionable G "
2026-03-14,"Jones, Dillon",Questionable,G,"Jones, Dillon Questionable G "
2026-03-14,"Kolek, Tyler",Questionable,G,"Kolek, Tyler Questionable G "
2026-03-14,"McBride, Miles",Out,Injury/Illness -,"McBride, Miles Out Injury/Illness - "
2026-03-14,"McCullar Jr., Kevin",Questionable,G,"McCullar Jr., Kevin Questionable G "
2026-03-14,"Sochan, Jeremy",Questionable,Injury/Illness -,"Sochan, Jeremy Questionable Injury/Illness - "
